ply
format ascii 1.0
comment Created in Blender version 4.3.2
element vertex 3342
property float x
property float y
property float z
property float nx
property float ny
property float nz
element face 4470
property list uchar uint vertex_indices
end_header
0.013547467 -0.0152950855 -0.048608378 0.12657557 0.357293 -0.9253758
0.02048716 -0.013301042 -0.046313904 0.25767782 0.39439565 -0.8820739
0.011211982 -0.0119913705 -0.045765586 -0.0039027343 0.7180705 -0.6959595
0.0038054492 -0.016569126 -0.04971002 -0.017453898 0.3219551 -0.94659406
0.014108986 -0.018381687 -0.048675 0.19784841 0.0556049 -0.97865427
0.014108986 -0.018381687 -0.048675 0.21411861 -0.96091855 -0.17546691
0.0039172247 -0.019526124 -0.049771644 -0.0061725643 0.02119301 -0.9997564
0.0039172247 -0.019526124 -0.049771644 0.030945905 -0.9239723 -0.38120547
0.021682749 -0.016266733 -0.046217866 0.42758688 -0.87335753 -0.23327269
0.021682749 -0.016266733 -0.046217866 0.3757301 0.12014096 -0.9189086
0.014096832 -0.018429 -0.0484292 0.22780491 -0.95795095 -0.17445621
0.014096832 -0.018429 -0.0484292 0.01920494 -0.7849091 0.6193132
0.013874922 -0.018025583 -0.047911525 0.019137228 -0.78445333 0.61989266
0.0038844603 -0.019615699 -0.04955814 0.0054665855 -0.9222462 -0.38656428
0.0038844603 -0.019615699 -0.04955814 0.022412501 -0.775979 0.6303605
0.02162411 -0.016352827 -0.046002317 0.015636351 -0.7953249 0.60598177
0.02162411 -0.016352827 -0.046002317 0.43017954 -0.87283087 -0.23046003
0.021231402 -0.01598575 -0.0455093 0.01641272 -0.7954149 0.60584307
0.027120372 -0.013752571 -0.04262052 -0.013496247 -0.7881098 0.6153868
0.027120372 -0.013752571 -0.04262052 0.58998644 -0.7844601 -0.19114986
0.026647191 -0.013423876 -0.042208232 -0.011769337 -0.7890933 0.6141606
0.03081045 -0.011262809 -0.03925973 0.6333341 -0.77005535 -0.07682712
0.03081045 -0.011262809 -0.03925973 -0.07930783 -0.8060346 0.58653086
0.02722363 -0.013610377 -0.042884573 0.5873653 -0.7861597 -0.19223665
0.02722363 -0.013610377 -0.042884573 0.5088039 0.21739073 -0.83298254
0.025451032 -0.010936816 -0.043258663 0.34882584 0.45946988 -0.8168281
0.030968044 -0.011113165 -0.039464988 0.6378785 -0.766228 -0.07749641
0.030968044 -0.011113165 -0.039464988 0.61502594 0.29288384 -0.7320944
0.029296713 -0.0084418245 -0.039807044 0.4418815 0.5223366 -0.72931826
0.034065686 -0.008587459 -0.0350817 0.8418207 -0.49637187 -0.21202104
0.034065686 -0.008587459 -0.0350817 0.7150591 0.37047085 -0.5928252
0.032344077 -0.0059778285 -0.035532326 0.5332366 0.5831217 -0.61288476
0.036057327 -0.006324813 -0.030379016 0.8713066 -0.48711187 -0.05955583
0.036057327 -0.006324813 -0.030379016 0.7798024 0.42220607 -0.4622232
0.033990275 -0.008804619 -0.034874953 0.847171 -0.4921747 -0.2001631
0.033990275 -0.008804619 -0.034874953 -0.12945668 -0.85057706 0.50966626
0.03328519 -0.008494734 -0.03454112 -0.13541324 -0.8521075 0.5055454
0.035915855 -0.0065940646 -0.030226327 0.8691158 -0.49060133 -0.06283319
0.035915855 -0.0065940646 -0.030226327 -0.09999083 -0.8871912 0.45043725
0.035173308 -0.006469966 -0.030155413 -0.10744457 -0.88510996 0.45280915
0.037143126 -0.0043331156 -0.025552742 0.96402013 -0.26510015 -0.01967585
0.037143126 -0.0043331156 -0.025552742 -0.0033827797 -0.8949651 0.44612324
0.036347635 -0.0043334886 -0.025557622 -0.006919154 -0.89564246 0.44472107
0.037428398 -0.0020543048 -0.021050349 0.8835741 -0.41026065 0.22579391
0.037428398 -0.0020543048 -0.021050349 -0.028471468 -0.8822054 0.4700031
0.03720719 -0.004086571 -0.02567577 0.9643303 -0.26413724 -0.017280243
0.03720719 -0.004086571 -0.02567577 0.80662805 0.4711908 -0.35683385
0.035276327 -0.0016582672 -0.02684856 0.6194061 0.657307 -0.42928255
0.03755432 -0.0018320669 -0.021133985 0.8811344 -0.40889752 0.23749724
0.03755432 -0.0018320669 -0.021133985 0.8154186 0.517905 -0.2585859
0.03555842 0.0007092594 -0.022350201 0.6210655 0.69804525 -0.3563854
0.036928695 0.0010829823 -0.015891531 0.8894316 -0.2856955 0.35677657
0.036928695 0.0010829823 -0.015891531 0.7999349 0.57936 -0.15635255
0.03493759 0.0033490884 -0.017638953 0.6054907 0.7406239 -0.29130283
0.035403278 0.0039154044 -0.011104002 0.7621674 0.6446782 -0.059082005
0.035403278 0.0039154044 -0.011104002 0.6444263 -0.48249587 0.59322214
0.036817405 0.00089341507 -0.015761837 -0.023830067 -0.86853933 0.49504694
0.036817405 0.00089341507 -0.015761837 0.88921475 -0.27089936 0.36866054
0.036096387 0.00087637024 -0.01582751 -0.02499102 -0.86792296 0.49606973
0.035214696 0.00371776 -0.0110607175 -0.011346147 -0.8475534 0.5305889
0.035214696 0.00371776 -0.0110607175 0.64618677 -0.47945815 0.5937698
0.03464602 0.0036314703 -0.011211203 -0.013071602 -0.8467852 0.53177446
0.031910535 0.0074364822 -0.0055264104 -0.016527887 -0.8198926 0.5722788
0.031910535 0.0074364822 -0.0055264104 0.6551517 -0.2644944 0.70768553
0.031355828 0.007250085 -0.0058108084 -0.017998481 -0.8201738 0.5718314
0.026983298 0.011198504 -0.0006477758 -0.024590151 -0.77648747 0.62965274
0.026983298 0.011198504 -0.0006477758 0.5762195 -0.054903455 0.8154488
0.032040622 0.0076421057 -0.005570637 0.68554515 0.72746724 0.028622663
0.032040622 0.0076421057 -0.005570637 0.65655875 -0.26188084 0.7073534
0.030279834 0.009382711 -0.008203613 0.51968455 0.83681893 -0.17222677
0.027088935 0.011399435 -0.0007092189 0.5744009 0.8141306 0.08517571
0.027088935 0.011399435 -0.0007092189 0.58343273 -0.058831945 0.81002784
0.025604842 0.012748091 -0.0038669892 0.44384536 0.88547033 -0.13763542
0.021388989 0.01449052 0.0025869478 0.40586787 0.054732405 0.91229147
0.021388989 0.01449052 0.0025869478 0.46535167 0.8767246 0.12166236
0.020291144 0.015525857 -0.00079541653 0.3718744 0.9219083 -0.10860234
0.014940776 0.01718511 0.0044269897 0.29458526 0.41095883 0.86274695
0.014940776 0.01718511 0.0044269897 0.33861262 0.93486357 0.106637694
0.021349818 0.014308254 0.0026144423 -0.06760894 -0.7469775 0.6614028
0.021349818 0.014308254 0.0026144423 0.42425945 0.045042537 0.9044198
0.020938145 0.01390903 0.0021198522 -0.06866882 -0.74778026 0.6603858
0.0149038825 0.016940054 0.0045577027 0.30510393 0.4094898 0.85978466
0.0149038825 0.016940054 0.0045577027 -0.11647087 -0.70184505 0.70274335
0.014742123 0.016432371 0.00402488 -0.11055046 -0.70350564 0.7020388
0.008671975 0.018757388 0.0050695464 -0.1789082 -0.7061977 0.68503773
0.008671975 0.018757388 0.0050695464 0.048120644 0.13438539 0.98976004
0.00862506 0.018223915 0.004509533 -0.17535268 -0.70487505 0.68731564
0.003307452 0.019819815 0.0046047755 -0.21016014 -0.7269255 0.6537677
0.003307452 0.019819815 0.0046047755 -0.11877016 0.042532004 0.9920104
0.008688893 0.01901829 0.005034482 0.22961365 0.9717096 0.05529896
0.008688893 0.01901829 0.005034482 0.02569102 0.12996423 0.99118584
0.008752909 0.0191785 0.0012611318 0.21067335 0.9656346 -0.15220506
0.0032827198 0.020114714 0.0045895763 0.15349717 0.9881185 0.0077775214
0.0032827198 0.020114714 0.0045895763 -0.13662556 0.040490687 0.9897949
0.0036066761 0.020061573 0.0010441989 0.15483196 0.97223675 -0.17544965
-0.0011304116 0.020671789 0.0037375968 0.0940053 0.9949856 -0.034157526
-0.0011304116 0.020671789 0.0037375968 -0.22720675 0.11105789 0.96749324
-0.0007125272 0.020483986 0.0002511572 0.10202194 0.9702805 -0.21942471
-0.006164785 0.0209517 0.002073342 0.017998803 0.9928176 -0.118277125
-0.006164785 0.0209517 0.002073342 -0.29799986 0.594785 0.7466102
-0.0011849671 0.020449929 0.0037487168 -0.23224917 -0.6870572 0.6884859
-0.0011849671 0.020449929 0.0037487168 -0.23644333 0.10538617 0.9659132
-0.0011959233 0.019910116 0.0031973273 -0.22955841 -0.69477564 0.6816082
-0.0061311745 0.020789223 0.0022175256 -0.2682775 -0.56521803 0.7800999
-0.0061311745 0.020789223 0.0022175256 -0.26782063 0.6026769 0.7516998
-0.0059209587 0.020122584 0.0018065292 -0.2671137 -0.5715421 0.7758801
-0.011118356 0.020320505 0.00023100339 -0.42478138 0.29417697 0.8561663
-0.011118356 0.020320505 0.00023100339 -0.23353633 -0.5560502 0.7976647
-0.010872051 0.01972136 -0.00011391379 -0.23292491 -0.5555766 0.79817337
-0.014408749 0.019265054 -0.0013146251 -0.5521056 0.34165165 0.7605613
-0.014408749 0.019265054 -0.0013146251 -0.19422297 -0.55814844 0.8066894
-0.011123801 0.020553133 0.0001494363 -0.09764359 0.9628145 -0.25190073
-0.011123801 0.020553133 0.0001494363 -0.42360947 0.2928496 0.8572013
-0.010141751 0.019821275 -0.0027614627 -0.0697397 0.9290706 -0.36326873
-0.014422581 0.019496616 -0.0014293045 -0.21403308 0.92223734 -0.32197547
-0.014422581 0.019496616 -0.0014293045 -0.5457836 0.3395861 0.7660297
-0.013447827 0.018704876 -0.004290879 -0.17839001 0.90500474 -0.3861911
-0.01763302 0.01781659 -0.0032288786 -0.29618096 0.9000762 -0.31959304
-0.01763302 0.01781659 -0.0032288786 -0.54752153 0.004144363 0.83678126
-0.01656405 0.017223323 -0.005979957 -0.24791245 0.89390105 -0.37347063
-0.020614304 0.015875954 -0.005560696 -0.35169634 0.87689584 -0.3276636
-0.020614304 0.015875954 -0.005560696 -0.73899126 0.3126237 0.59679
-0.017528713 0.01761362 -0.003161857 -0.5418339 0.0069669336 0.84045666
-0.017528713 0.01761362 -0.003161857 -0.18372318 -0.5844158 0.7903822
-0.017117832 0.017153578 -0.0034066103 -0.18529138 -0.58356726 0.79064316
-0.020603191 0.015658084 -0.0054336954 -0.742121 0.3024752 0.5981347
-0.020603191 0.015658084 -0.0054336954 -0.21462917 -0.5996802 0.7709202
-0.020117316 0.015199661 -0.0056560375 -0.21412382 -0.6007041 0.7702633
-0.023268577 0.013488731 -0.007988323 -0.25691906 -0.60872644 0.75062954
-0.023268577 0.013488731 -0.007988323 -0.82107705 0.34928417 0.45147866
-0.02274419 0.013026386 -0.008182758 -0.2587105 -0.6099984 0.74897987
-0.025501883 0.011101072 -0.010804576 -0.8661851 0.10857903 0.48778474
-0.025501883 0.011101072 -0.010804576 -0.26390648 -0.6479684 0.7144861
-0.023281796 0.013656613 -0.00814342 -0.4065243 0.84983593 -0.33543542
-0.023281796 0.013656613 -0.00814342 -0.82390934 0.3449358 0.44965833
-0.02181069 0.013519329 -0.01031048 -0.35317796 0.8527155 -0.38489175
-0.025536729 0.011326275 -0.0109146945 -0.4606305 0.814245 -0.35330543
-0.025536729 0.011326275 -0.0109146945 -0.8572076 0.10809698 0.50349784
-0.023912711 0.011387362 -0.012914875 -0.39436287 0.824438 -0.40593085
-0.02763646 0.008292604 -0.014514035 -0.52443004 0.76123226 -0.3814428
-0.02763646 0.008292604 -0.014514035 -0.8012767 -0.21655111 0.5577286
-0.025605539 0.008938609 -0.016055848 -0.42872727 0.7919225 -0.43480068
-0.028926324 0.005249947 -0.018227719 -0.5733191 0.6990869 -0.42729697
-0.028926324 0.005249947 -0.018227719 -0.9174176 -0.1755174 0.35712564
-0.02751885 0.008100489 -0.014420989 -0.80320203 -0.21673533 0.5548804
-0.02751885 0.008100489 -0.014420989 -0.23699014 -0.6956135 0.67820156
-0.026892113 0.007857706 -0.014448933 -0.24031815 -0.6932585 0.6794408
-0.028832102 0.0051102964 -0.018054275 -0.91421854 -0.15918763 0.37264413
-0.028832102 0.0051102964 -0.018054275 -0.20133735 -0.73281634 0.6499565
-0.028185982 0.004928564 -0.018056367 -0.20570986 -0.7317106 0.64983314
-0.029414786 0.001925633 -0.021920025 -0.9222975 -0.28005913 0.2663348
-0.029414786 0.001925633 -0.021920025 -0.14446793 -0.76580393 0.62663656
-0.028779728 0.0018217404 -0.02189646 -0.15101758 -0.7663991 0.62436056
-0.028984899 -0.0023470805 -0.027156666 -0.88320327 -0.43307054 0.18000536
-0.028984899 -0.0023470805 -0.027156666 -0.03273142 -0.78324413 0.6208522
-0.029500755 0.0020744852 -0.022061164 -0.62880224 0.6180147 -0.47187456
-0.029500755 0.0020744852 -0.022061164 -0.9220306 -0.2860167 0.26087132
-0.027319547 0.0033933483 -0.023306055 -0.4667381 0.7042282 -0.5349937
-0.029076353 -0.0022216253 -0.027302895 -0.6925886 0.49373192 -0.5258799
-0.029076353 -0.0022216253 -0.027302895 -0.8802701 -0.4412673 0.1743777
-0.027285991 -0.00044927874 -0.028063301 -0.5246202 0.62841517 -0.5743413
-0.027660454 -0.0057940995 -0.031717584 -0.70717275 0.38130334 -0.59541124
-0.027660454 -0.0057940995 -0.031717584 -0.7800666 -0.6076985 0.14899205
-0.026053164 -0.00395245 -0.032484345 -0.53623 0.5467111 -0.64308965
-0.025874902 -0.00833471 -0.034975685 -0.68597436 0.29321122 -0.66593266
-0.025874902 -0.00833471 -0.034975685 -0.8054195 -0.5900776 -0.055747714
-0.027538009 -0.005909985 -0.031554252 -0.7808621 -0.6054906 0.15373811
-0.027538009 -0.005909985 -0.031554252 0.07255008 -0.7631723 0.64210945
-0.026802937 -0.0057109534 -0.03139885 0.0670971 -0.7651033 0.64040226
-0.025778515 -0.008484209 -0.034785002 0.08775666 -0.74949604 0.65616655
-0.025778515 -0.008484209 -0.034785002 -0.8052082 -0.5906832 -0.052277368
-0.02513366 -0.008153497 -0.034496296 0.08904387 -0.7496669 0.6557978
-0.023731869 -0.010659697 -0.03753843 0.05161901 -0.7616371 0.64594465
-0.023731869 -0.010659697 -0.03753843 -0.7508695 -0.6429301 -0.1511157
-0.023095153 -0.0104017425 -0.037286807 0.054193277 -0.75957465 0.64815867
-0.02081744 -0.012971832 -0.04049403 -0.6342835 -0.75847477 -0.14966737
-0.02081744 -0.012971832 -0.04049403 0.02721474 -0.7720458 0.634984
-0.023840392 -0.010496835 -0.037691787 -0.63589907 0.23540601 -0.7349942
-0.023840392 -0.010496835 -0.037691787 -0.75737023 -0.6380566 -0.13883093
-0.022409072 -0.008362264 -0.038244747 -0.48436502 0.44020373 -0.7560497
-0.020906692 -0.012862723 -0.040671505 -0.56615824 0.1848788 -0.8032961
-0.020906692 -0.012862723 -0.040671505 -0.6354141 -0.7582714 -0.14585371
-0.01947215 -0.01048986 -0.041131534 -0.42686 0.40482447 -0.8086456
-0.016400363 -0.01538683 -0.043951616 -0.47154307 0.12419293 -0.87305397
-0.016400363 -0.01538683 -0.043951616 -0.5094306 -0.8381872 -0.19473685
-0.015343787 -0.012769259 -0.044153176 -0.36253577 0.35175952 -0.8630371
-0.01081311 -0.017509764 -0.04673595 -0.3500176 0.059590116 -0.9348458
-0.01081311 -0.017509764 -0.04673595 -0.33205366 -0.91925764 -0.21143703
-0.016305752 -0.015491604 -0.043748878 -0.50460625 -0.8400326 -0.19929314
-0.016305752 -0.015491604 -0.043748878 0.011424569 -0.78379923 0.6209092
-0.0159257 -0.015151805 -0.043327317 0.012087595 -0.7831195 0.6217539
-0.010801634 -0.017569456 -0.04649216 -0.358555 -0.9103643 -0.20657979
-0.010801634 -0.017569456 -0.04649216 0.010579658 -0.7905054 0.61236376
-0.010545446 -0.017189836 -0.046006545 0.010520814 -0.7902702 0.61266834
-0.0031499935 -0.019141397 -0.048693955 -0.19603395 -0.88943493 -0.41288742
-0.0031499935 -0.019141397 -0.048693955 0.019459015 -0.791013 0.6114899
-0.0030982282 -0.018711986 -0.048139066 0.01827804 -0.7915343 0.61085135
-0.0032012668 -0.019024905 -0.048919465 -0.19171947 0.028267708 -0.9810426
-0.0032012668 -0.019024905 -0.048919465 -0.20500405 -0.88799703 -0.4116243
-0.0028834674 -0.016193949 -0.048897743 -0.14301987 0.31540895 -0.93811655
-0.002928433 -0.013025476 -0.046560593 -0.05464091 0.67905766 -0.73204863
-0.010001622 -0.0148765845 -0.046879396 -0.2639763 0.30699307 -0.9143696
-0.008969946 -0.012316282 -0.04531093 -0.10127318 0.6572623 -0.7468265
-0.008010032 -0.009857315 -0.042476673 -0.030124253 0.7755127 -0.63061297
-0.01387742 -0.010825241 -0.043139234 -0.14801759 0.6603733 -0.73620504
-0.012405923 -0.009109237 -0.041337278 -0.045041867 0.76671404 -0.6404068
-0.01726376 -0.008688579 -0.040362522 -0.16141427 0.6878389 -0.7076886
-0.0159304 -0.007770569 -0.039465435 -0.056858208 0.76510215 -0.6413938
-0.02019075 -0.00685021 -0.037823632 -0.1989546 0.69067746 -0.6952566
-0.018527003 -0.0060839443 -0.037191525 -0.07108039 0.765528 -0.6394641
-0.022104701 -0.0048505096 -0.035210673 -0.21640304 0.7102294 -0.66988355
-0.020255493 -0.0041583367 -0.034672976 -0.07179155 0.7717023 -0.631919
-0.02329969 -0.0024842415 -0.032215357 -0.203505 0.73741525 -0.6440533
-0.02449196 -0.006379581 -0.035559095 -0.5285311 0.48127556 -0.69930583
-0.021276949 -0.001949544 -0.031827692 -0.062382933 0.78027254 -0.6223208
-0.024041941 0.0004982258 -0.028447524 -0.18512325 0.76452506 -0.617439
-0.021367885 0.0008031664 -0.02832434 -0.045883507 0.7867816 -0.6155237
-0.02359502 0.00391314 -0.024157943 -0.1444956 0.7814806 -0.6069673
-0.020306304 0.0042378823 -0.023963967 -0.034337606 0.7887546 -0.61374855
-0.023601193 0.006771555 -0.020395502 -0.17094243 0.79173046 -0.5864655
-0.021397471 0.007064706 -0.02027591 -0.054024957 0.7886364 -0.6124817
-0.023286851 0.00915978 -0.017110623 -0.22498384 0.81179947 -0.53885436
-0.026652511 0.0063174875 -0.019568672 -0.44014102 0.7546595 -0.48658502
-0.021638889 0.009182535 -0.017467938 -0.09823865 0.80188626 -0.5893451
-0.02218813 0.011192331 -0.0143942395 -0.24147755 0.82853705 -0.50518817
-0.020933267 0.010973661 -0.015112814 -0.12804893 0.81410515 -0.5664241
-0.020416431 0.013044249 -0.012134913 -0.22552761 0.8413817 -0.49113536
-0.019468494 0.01257271 -0.013137591 -0.12029877 0.81813604 -0.5623003
-0.018116364 0.014724079 -0.010250673 -0.18631965 0.8483354 -0.49559265
-0.017451921 0.013949599 -0.0115379775 -0.08761599 0.81327605 -0.57524395
-0.015481781 0.016047847 -0.008852411 -0.13279906 0.852149 -0.50616837
-0.019312901 0.015496009 -0.007979442 -0.3100738 0.8729497 -0.37658074
-0.012498308 0.017059391 -0.0077800034 -0.073780626 0.8488933 -0.52338976
-0.015003245 0.014899994 -0.010500057 -0.05426768 0.7996996 -0.5979428
-0.012151061 0.015345711 -0.010043387 -0.015547267 0.79064655 -0.61207557
-0.014719212 0.013519359 -0.012287379 -0.026811315 0.77618253 -0.629938
-0.016907912 0.013012496 -0.012841381 -0.03305492 0.78814673 -0.6145992
-0.012344889 0.013245108 -0.012695265 -0.020521147 0.7797414 -0.62576544
-0.014508272 0.012512473 -0.013445782 0.07456238 -0.5937577 -0.8011818
-0.014508272 0.012512473 -0.013445782 -0.027339388 0.75534207 -0.65476024
-0.016444193 0.012125016 -0.013924716 0.47222775 -0.5098059 -0.7190958
-0.016444193 0.012125016 -0.013924716 -0.00436407 0.77570987 -0.63107467
-0.01442704 0.0110882195 -0.012382701 0.06810877 -0.59427035 -0.80137634
-0.012673549 0.012381218 -0.013729286 -0.031251438 0.7679875 -0.6397019
-0.012673549 0.012381218 -0.013729286 -0.3410198 -0.5747127 -0.74391586
-0.012592321 0.01095696 -0.012666211 -0.34619552 -0.5737666 -0.7422537
-0.011060253 0.011812402 -0.014503077 -0.037494488 0.7701024 -0.63681746
-0.011060253 0.011812402 -0.014503077 -0.65886694 -0.47373915 -0.5843505
-0.010025367 0.010991487 -0.015557427 -0.0593033 0.77325255 -0.631319
-0.010025367 0.010991487 -0.015557427 -0.8864362 -0.30826142 -0.34526175
-0.010979032 0.010388148 -0.013439997 -0.66606414 -0.4701853 -0.5790373
-0.010102987 0.012482994 -0.013750668 -0.02357268 0.78278995 -0.6218394
-0.008695483 0.011377894 -0.015217474 -0.035465866 0.78620887 -0.6169423
-0.008801495 0.015657056 -0.009684988 0.009554847 0.7989077 -0.60137784
-0.0048585394 0.015015249 -0.010463698 0.027896183 0.81306046 -0.58151066
-0.00904043 0.017783185 -0.0068454836 0.0062446278 0.85174835 -0.5239139
-0.0049230866 0.018133689 -0.005922785 0.05940373 0.8666203 -0.4954195
-0.00048436236 0.0184947 -0.0044555124 0.108192004 0.8875809 -0.4477664
-0.0055342345 0.020496747 -0.0011883639 0.041169338 0.95382524 -0.29752755
0.0036773449 0.018292965 -0.0035336204 0.15435196 0.891931 -0.42501137
-0.00032306078 0.015819466 -0.0088189915 0.09288074 0.8384867 -0.5369481
0.0034586107 0.015802108 -0.00801179 0.12918133 0.85541135 -0.5015813
0.00041264202 0.013379106 -0.012435926 0.048688095 0.8331658 -0.550876
0.0031845435 0.013443756 -0.011938394 0.09359407 0.8474821 -0.5225077
-0.0020002322 0.012052699 -0.014463483 0.014898256 0.8065554 -0.5909708
0.00075999147 0.011900479 -0.014548536 0.26449305 -0.5270359 -0.8076364
0.00075999147 0.011900479 -0.014548536 0.037328452 0.81836945 -0.57347894
-0.0010793267 0.011387077 -0.015308272 0.6075277 -0.4219632 -0.6729466
-0.0010793267 0.011387077 -0.015308272 0.018995432 0.79410017 -0.60749006
0.0008247623 0.010440813 -0.013574796 0.24993011 -0.52963734 -0.8105672
0.0028699916 0.011883256 -0.0143908905 0.06864673 0.8335182 -0.5482109
0.0028699916 0.011883256 -0.0143908905 -0.12504008 -0.55442625 -0.8227857
0.0029347576 0.010423594 -0.013417154 -0.14801778 -0.5533714 -0.81967723
0.0047235833 0.011423861 -0.014849974 0.09251501 0.8428127 -0.5301961
0.0047235833 0.011423861 -0.014849974 -0.49041307 -0.49858472 -0.7147784
0.004788349 0.009964191 -0.013876237 -0.5096118 -0.49301168 -0.7051492
0.0061599337 0.010650924 -0.015831754 0.11561825 0.8432998 -0.5248601
0.0061599337 0.010650924 -0.015831754 -0.7839751 -0.3682029 -0.4998096
0.005815067 0.012952136 -0.012194531 0.11932499 0.85352224 -0.5072094
0.008319946 0.012204319 -0.012836844 0.13375078 0.855608 -0.5000457
0.007140105 0.015221877 -0.0079168435 0.15203647 0.8606999 -0.48588124
0.008213494 0.017617889 -0.0031349882 0.1804594 0.895226 -0.4074371
0.010656608 0.014114863 -0.008713902 0.16556816 0.8631238 -0.47707936
0.01310564 0.016426437 -0.00343409 0.20483945 0.89473134 -0.39685863
0.013956271 0.012625713 -0.010252168 0.17211406 0.8651967 -0.47096875
0.017743409 0.014544637 -0.005092278 0.2222062 0.88681453 -0.40519655
0.016807586 0.010644535 -0.012853415 0.17169686 0.86463314 -0.47215444
0.0104241185 0.011005775 -0.014310528 0.1370523 0.85330564 -0.5030767
0.011773514 0.009122444 -0.017130323 0.11977965 0.8504024 -0.51231676
0.0071085575 0.009562268 -0.017356813 0.13469644 0.8313765 -0.5391383
0.0071085575 0.009562268 -0.017356813 -0.9640073 -0.17581952 -0.19944268
0.0071733235 0.008102601 -0.01638308 -0.9658243 -0.1721299 -0.19379044
0.007233379 0.008378531 -0.019109013 0.12234741 0.81211734 -0.57052314
0.007233379 0.008378531 -0.019109013 -0.9900149 0.04515152 0.13353594
0.007298144 0.006918863 -0.018135302 -0.99003327 0.045077104 0.1334248
0.006579494 0.0073206318 -0.020684559 0.054154795 0.807721 -0.5870723
0.006579494 0.0073206318 -0.020684559 -0.8636843 0.25262722 0.4361525
0.0052767694 0.006454227 -0.021887578 -0.0054884553 0.8058498 -0.59209454
0.0052767694 0.006454227 -0.021887578 -0.6083112 0.4215993 0.67246664
0.0066442597 0.0058609643 -0.01971084 -0.86409575 0.2522218 0.43557173
0.00865425 0.007209163 -0.020697845 0.051118407 0.83856916 -0.54239154
0.010469181 0.0063342033 -0.02179311 0.07000754 0.83119607 -0.5515544
0.0063642384 0.006049785 -0.022464396 0.007086578 0.81318295 -0.581965
0.004078033 0.0052637514 -0.023476843 -0.019348513 0.8050175 -0.59293556
0.007675895 0.005349905 -0.023389012 0.02164676 0.8092142 -0.587115
0.0052372646 0.004513522 -0.024494896 -0.011077459 0.7947871 -0.6067873
0.008653283 0.004368247 -0.024694694 0.017186038 0.7998048 -0.6000142
0.010988684 0.005051192 -0.023631854 0.048364427 0.8258196 -0.56185675
0.0065804897 0.003494999 -0.025842063 -0.0004792162 0.78519404 -0.6192496
0.0094448235 0.003751901 -0.025456518 0.6175266 -0.46133852 -0.637046
0.0094448235 0.003751901 -0.025456518 0.018460976 0.7858672 -0.61811966
0.008152552 0.002828598 -0.02663967 0.86504203 -0.2972873 -0.40413192
0.008152552 0.002828598 -0.02663967 0.0080299545 0.78102547 -0.6244476
0.009430852 0.0023215218 -0.024434201 0.62160385 -0.45949388 -0.63440835
0.011267748 0.0042961417 -0.024688087 0.2723224 -0.56125313 -0.7815596
0.011267748 0.0042961417 -0.024688087 0.036652282 0.8138654 -0.5798963
0.01125378 0.0028657624 -0.02366577 0.26749843 -0.56200755 -0.78268254
0.013376603 0.0042939167 -0.024505358 0.07457218 0.84454006 -0.5302745
0.013376603 0.0042939167 -0.024505358 -0.11778499 -0.5766592 -0.8084496
0.013362631 0.0028635343 -0.023483047 -0.12900068 -0.57577574 -0.8073668
0.015235368 0.0038513453 -0.024939358 0.09471087 0.84757805 -0.5221507
0.015235368 0.0038513453 -0.024939358 -0.4831587 -0.50596726 -0.71453106
0.016026316 0.0055884207 -0.022005526 0.11623623 0.85098153 -0.5121716
0.014802817 0.0075375317 -0.019026889 0.13103385 0.85496205 -0.50186664
0.022011088 0.0063814633 -0.018802935 0.16682604 0.86444575 -0.47423908
0.019156879 0.0042782854 -0.023449786 0.1314638 0.85828096 -0.49605566
0.02420194 0.004441323 -0.021574538 0.16704647 0.8644518 -0.47415048
0.020544197 0.0029729237 -0.025304709 0.12996854 0.85244924 -0.50639766
0.025448317 0.0026278496 -0.02442948 0.1638716 0.86131173 -0.48092443
0.021110823 0.0015970235 -0.027449816 0.117646165 0.84568346 -0.52055645
0.016701702 0.003087018 -0.025911734 0.10554599 0.8476756 -0.51990986
0.016701702 0.003087018 -0.025911734 -0.7792723 -0.35934502 -0.5134255
0.016687738 0.0016566357 -0.024889423 -0.78063935 -0.3583454 -0.5120456
0.01767329 0.0020101005 -0.027426919 0.1014338 0.83853954 -0.53531545
0.01767329 0.0020101005 -0.027426919 -0.9624005 -0.15166536 -0.22535066
0.017659323 0.00057971955 -0.026404602 -0.96116376 -0.15419927 -0.22888161
0.017827073 0.00083621463 -0.029169898 0.07977283 0.825669 -0.55848646
0.017827073 0.00083621463 -0.029169898 -0.99210453 0.07919552 0.0972455
0.0178131 -0.0005941362 -0.028147584 -0.99287456 0.07555889 0.0921465
0.017199697 -0.00023459678 -0.030752413 0.046270553 0.8130638 -0.58033293
0.017199697 -0.00023459678 -0.030752413 -0.87042177 0.2918628 0.39646176
0.020963142 0.00017878192 -0.029730901 0.09039961 0.83823556 -0.5377631
0.020108258 -0.0012198657 -0.03193838 0.05161984 0.8228291 -0.56593955
0.025058316 -0.0007608234 -0.030402917 0.12955838 0.845282 -0.5183754
0.025690166 0.0008968661 -0.027416885 0.15139721 0.8553551 -0.49542588
0.03038887 -0.002104571 -0.03114582 0.2462589 0.8212553 -0.5146807
0.023599721 -0.0023886855 -0.03324767 0.08931802 0.82568634 -0.557014
0.028629418 -0.004046835 -0.034875948 0.2019727 0.7982606 -0.567439
0.021299113 -0.0040163584 -0.035800967 0.035510227 0.80565816 -0.5913155
0.025822116 -0.0061612814 -0.038447246 0.13482334 0.7674047 -0.62682754
0.018211413 -0.005662959 -0.03800382 -0.0034730013 0.7916425 -0.61097467
0.018427374 -0.0024573463 -0.033774078 0.015995003 0.80555207 -0.5923092
0.015932353 -0.0035615051 -0.03523113 -0.010765612 0.79444546 -0.6072401
0.015906269 -0.0011002884 -0.031987805 0.010713801 0.8004048 -0.59936416
0.015906269 -0.0011002884 -0.031987805 -0.61997455 0.46023673 0.6354634
0.014036043 -0.0016903615 -0.032740105 -0.021628117 0.7903458 -0.61227924
0.014036043 -0.0016903615 -0.032740105 -0.2679861 0.5619393 0.78256476
0.0158923 -0.0025306419 -0.030965496 -0.61745423 0.46137553 0.63708925
0.014022069 -0.0031207092 -0.031717792 -0.25865406 0.56336063 0.78468
0.017185727 -0.0016649523 -0.0297301 -0.8718905 0.29035625 0.39433512
0.011924373 -0.0032587792 -0.03177557 0.14002293 0.5748419 0.80619496
0.011938347 -0.0018284217 -0.032797884 0.13195163 0.5755384 0.8070591
0.011938347 -0.0018284217 -0.032797884 -0.024696967 0.794168 -0.60719615
0.010051344 -0.0028996803 -0.03123502 0.500853 0.5000432 0.7064722
0.010065315 -0.0014693317 -0.032257333 0.49904814 0.5006609 0.70731145
0.010065315 -0.0014693317 -0.032257333 -0.019015035 0.79559004 -0.60553706
0.008547474 -0.002129768 -0.030184392 0.78941274 0.3518225 0.50303906
0.008561449 -0.0006994145 -0.031206703 0.79132444 0.35037673 0.5010406
0.008561449 -0.0006994145 -0.031206703 -0.008103459 0.7946155 -0.6070589
0.0076230434 -0.0010041861 -0.028703578 0.96552926 0.1450453 0.21613675
0.007637015 0.00042618287 -0.02972589 0.96758336 0.1405279 0.20984381
0.007637015 0.00042618287 -0.02972589 -0.0009440963 0.7920833 -0.6104123
0.007506359 0.00026186788 -0.027071273 0.9913304 -0.08267238 -0.102123976
0.0075203325 0.0016922491 -0.028093591 0.98994356 -0.08852944 -0.110336855
0.0075203325 0.0016922491 -0.028093591 0.00046178934 0.7891249 -0.6142328
0.008138586 0.001398217 -0.025617352 0.8699347 -0.29235694 -0.39716637
0.004172466 0.002264359 -0.027361287 -0.012627314 0.7880092 -0.61553395
0.0026415489 0.003933412 -0.02516625 -0.019714754 0.7910172 -0.6114762
0.004562221 0.00011894887 -0.030126303 -0.011195498 0.78987 -0.61317205
-0.00050802634 0.0021071 -0.027399234 -0.022261625 0.7879488 -0.61533827
-0.0027115752 0.0010354341 -0.028687427 -0.022568623 0.78718734 -0.616301
-0.0027115752 0.0010354341 -0.028687427 -0.37632045 0.53939545 -0.75328314
-0.0044519003 0.0035708733 -0.025382284 -0.0222055 0.78789955 -0.6154035
0.0010679981 -0.00027088553 -0.030503828 -0.023597792 0.78790426 -0.6153455
-0.0005294788 0.004109015 -0.024831071 -0.020818532 0.789738 -0.6130911
-0.0035396435 0.0050341003 -0.023537984 -0.02104213 0.7892297 -0.6137375
-0.0006545279 0.0054317582 -0.023112122 -0.0051036496 0.8047342 -0.59361345
0.0017459609 0.005068381 -0.023653848 -0.018761769 0.80281246 -0.59593636
-0.002788797 0.006328116 -0.021894136 -0.013171763 0.79277843 -0.6093676
-0.0005774394 0.006129643 -0.022095941 0.52067184 0.48965198 0.69938666
-0.0005774394 0.006129643 -0.022095941 0.038369868 0.8210911 -0.56950605
-0.0020509765 0.0069649597 -0.021058016 0.8072129 0.3519284 0.47387105
-0.0020509765 0.0069649597 -0.021058016 0.006660609 0.7979119 -0.6027373
-0.00051266875 0.0046699797 -0.021122226 0.5084349 0.49335778 0.7057563
0.0012969386 0.005766107 -0.022668332 0.15170531 0.55316514 0.81914204
0.0012969386 0.005766107 -0.022668332 -0.02136656 0.81214046 -0.5830706
0.0013617044 0.004306443 -0.021694617 0.14614783 0.55346036 0.81995267
0.0033894177 0.0058561387 -0.022607636 -0.021122258 0.81620276 -0.57737947
0.0033894177 0.0058561387 -0.022607636 -0.24976322 0.5296561 0.81060636
0.0034541837 0.004396471 -0.021633925 -0.25023478 0.5295741 0.81051457
0.005341535 0.0049945633 -0.020913864 -0.6067042 0.42233145 0.67345834
-0.0019862058 0.0055052927 -0.020084303 0.79482895 0.36076897 0.48794737
-0.0028836005 0.0066476036 -0.018602593 0.966962 0.16976623 0.1901679
-0.0029483761 0.00810727 -0.019576306 0.97146124 0.15995082 0.17515352
-0.0029483761 0.00810727 -0.019576306 -0.010263443 0.7936041 -0.608348
-0.0029837294 0.007903062 -0.016959488 0.98899424 -0.04920016 -0.1395339
-0.0030484954 0.009362731 -0.017933223 0.98671407 -0.057566684 -0.15192597
-0.0030484954 0.009362731 -0.017933223 -5.5345913e-06 0.79051787 -0.61243916
-0.0023197057 0.009029322 -0.015502449 0.8605685 -0.2556787 -0.44051117
-0.0023844717 0.010488985 -0.01647618 0.85565656 -0.26039976 -0.4472624
-0.0023844717 0.010488985 -0.01647618 0.012375126 0.78478014 -0.6196507
-0.0010145656 0.009927411 -0.014334538 0.6070774 -0.422169 -0.67322385
-0.003540813 0.010849285 -0.016048059 -0.0014382529 0.79111356 -0.6116677
-0.004659291 0.009429468 -0.017854407 -0.008811037 0.7890293 -0.61429244
-0.0048685037 0.007662127 -0.020118676 -0.016289774 0.78983104 -0.6131082
-0.007881785 0.009816206 -0.017251037 -0.037202682 0.78874445 -0.61359453
-0.007952213 0.008385097 -0.019083962 -0.027625913 0.79022235 -0.6121973
-0.009487856 0.009903632 -0.01696941 -0.06431594 0.7880514 -0.6122406
-0.009487856 0.009903632 -0.01696941 -0.9954898 -0.08625662 -0.03949525
-0.009711705 0.00886254 -0.018346453 -0.042510152 0.79701126 -0.6024665
-0.009711705 0.00886254 -0.018346453 -0.9476624 0.15449898 0.27940294
-0.0094066225 0.008479371 -0.015906332 -0.9958002 -0.08399079 -0.036435444
-0.009630473 0.0074382783 -0.017283373 -0.9478971 0.15406878 0.27884406
-0.009944141 0.009567233 -0.014494347 -0.8903043 -0.30389982 -0.33912116
-0.010556571 0.0064320443 -0.01858063 -0.76216376 0.35875985 0.5388856
-0.010637799 0.007856302 -0.019643702 -0.026503768 0.7956602 -0.60516316
-0.010637799 0.007856302 -0.019643702 -0.7607126 0.35983524 0.5402174
-0.011992997 0.0057071643 -0.0194794 -0.46861407 0.51109517 0.7205432
-0.012074221 0.007131415 -0.020542476 -0.021288978 0.7909636 -0.6114929
-0.012074221 0.007131415 -0.020542476 -0.46525434 0.51228154 0.7218767
-0.013811206 0.005337698 -0.019896034 -0.06620256 0.59441555 0.80142826
-0.013892433 0.006761952 -0.020959107 -0.028229728 0.7871367 -0.6161324
-0.013892433 0.006761952 -0.020959107 -0.06116577 0.59479356 0.80154806
-0.01573512 0.0054860194 -0.01959803 0.3387472 0.57512075 0.7446384
-0.015816348 0.006910284 -0.020661104 0.34629273 0.5737478 0.7422228
-0.015816348 0.006910284 -0.020661104 -0.008272547 0.7933794 -0.6086713
-0.017163817 0.006007394 -0.018940944 0.6528347 0.47666234 0.58872724
-0.017245041 0.007431655 -0.020004025 0.66053146 0.4729235 0.5831307
-0.017245041 0.007431655 -0.020004025 -0.022871485 0.784603 -0.6195766
-0.018314445 0.0068835095 -0.0177763 0.8864813 0.30821 0.34519193
-0.018395672 0.008307765 -0.018839372 0.88867396 0.30574846 0.34172574
-0.018395672 0.008307765 -0.018839372 -0.03667497 0.78991467 -0.6121191
-0.01885522 0.0079763355 -0.01629569 0.99757844 0.06795354 0.014819266
-0.018936446 0.009400594 -0.017358769 0.9977791 0.065587215 0.011633438
-0.018936446 0.009400594 -0.017358769 -0.019166293 0.7900711 -0.61271554
-0.018484063 0.009215254 -0.014726843 0.93065673 -0.18329129 -0.31667405
-0.018565292 0.010639519 -0.015789919 0.929813 -0.18461205 -0.31838045
-0.018565292 0.010639519 -0.015789919 -0.027101738 0.7928524 -0.60881084
-0.017608149 0.010082169 -0.013634421 0.7435559 -0.3722211 -0.55549616
-0.017689379 0.011506428 -0.014697497 0.74457127 -0.37150484 -0.55461496
-0.017689379 0.011506428 -0.014697497 -0.016740087 0.78794813 -0.61551416
-0.016362965 0.010700758 -0.012861641 0.46743834 -0.51151 -0.7210124
-0.018569205 0.011998572 -0.014049097 -0.04924572 0.7963306 -0.60285366
-0.019755915 0.010790513 -0.015535439 -0.058047306 0.79902875 -0.59848446
-0.020198382 0.009371991 -0.017365135 -0.03981004 0.79294825 -0.60798717
-0.019678732 0.007948271 -0.019225614 -0.030632986 0.7893525 -0.61317563
-0.018357106 0.0068600187 -0.020671157 -0.025799226 0.78607595 -0.6175914
-0.016341796 0.0061349687 -0.02167254 -0.018148221 0.7903348 -0.6124064
-0.013723901 0.0059208088 -0.022039955 -0.02307934 0.7887306 -0.6143057
-0.01586214 0.0026852945 -0.026113793 -0.021301614 0.78807944 -0.615205
-0.012542915 0.0039282194 -0.024637327 -0.021519514 0.7879627 -0.6153467
-0.014451396 0.0016937713 -0.027428994 0.25923368 0.5159233 -0.8164687
-0.014451396 0.0016937713 -0.027428994 -0.020542882 0.7876027 -0.6158408
-0.018109959 0.00074396643 -0.02852393 -0.021707183 0.7881816 -0.6150599
-0.01617541 0.00036989676 -0.029065933 0.3577629 0.59333986 -0.7210779
-0.01617541 0.00036989676 -0.029065933 -0.02007613 0.78787816 -0.6155039
-0.018889626 -0.0016381374 -0.03155048 -0.025093295 0.78757614 -0.61570626
-0.017160993 -0.0016681763 -0.031644575 0.4108582 0.69296587 -0.5924474
-0.017160993 -0.0016681763 -0.031644575 -0.019747913 0.7882934 -0.61498255
-0.018416105 -0.0036230125 -0.0341122 -0.02929436 0.78604 -0.6174811
-0.016932746 -0.003207324 -0.033626124 0.40836078 0.780175 -0.47388652
-0.016932746 -0.003207324 -0.033626124 -0.019672792 0.78874534 -0.6144053
-0.017031902 -0.005372883 -0.03640564 -0.031265892 0.7837237 -0.6203222
-0.015803114 -0.004756598 -0.035653114 0.34945056 0.8674218 -0.35420856
-0.015803114 -0.004756598 -0.035653114 -0.01980502 0.7892759 -0.6137194
-0.014698155 -0.006849344 -0.038382813 -0.028177327 0.7851119 -0.6187128
-0.013534572 -0.006058259 -0.037400313 0.23379676 0.94086725 -0.24516912
-0.013534572 -0.006058259 -0.037400313 -0.019586043 0.79011106 -0.6126508
-0.011429584 -0.0077568414 -0.03966199 -0.022690421 0.78804916 -0.6151941
-0.010693906 -0.0067054518 -0.038326193 0.07930021 0.9799939 -0.1825474
-0.010693906 -0.0067054518 -0.038326193 -0.020264173 0.79102236 -0.61145157
-0.0076392074 -0.008014704 -0.040126465 -0.021868344 0.78966683 -0.613146
-0.0076700384 -0.006724417 -0.038455054 -0.022033632 0.791277 -0.6110608
-0.0076700384 -0.006724417 -0.038455054 -0.10675703 0.97138673 -0.21215728
-0.0035254357 -0.0073164646 -0.03937667 -0.02265452 0.78980124 -0.6129445
-0.0047595394 -0.005884991 -0.037474692 -0.02352616 0.79132164 -0.61094743
-0.0047595394 -0.005884991 -0.037474692 -0.26983497 0.9299467 -0.24977635
0.0012209585 -0.005727945 -0.037508857 -0.023030246 0.788901 -0.61408883
-0.0029547121 -0.009759507 -0.042531557 -0.02265876 0.7831645 -0.6214017
0.0026596405 -0.008936953 -0.0416757 -0.020987434 0.7860687 -0.6177828
0.0036681956 -0.01288942 -0.04669756 -0.02041454 0.70589495 -0.7080224
0.008775305 -0.008014408 -0.040709198 -0.023663688 0.78634876 -0.61732954
0.014112443 -0.007081803 -0.039702184 -0.019458039 0.79307866 -0.6088084
0.0077880467 -0.004442028 -0.036092244 -0.019823192 0.790815 -0.61173415
0.005554121 -0.0017662592 -0.032578398 -0.0129237315 0.79111975 -0.61152476
0.0126846 -0.0044203377 -0.036237463 -0.021203373 0.7920278 -0.61011684
0.0016028653 -0.0025901464 -0.033496596 -0.024212092 0.7884743 -0.614591
-0.0014105162 -0.002662409 -0.033454508 -0.027165527 0.7886942 -0.6141853
-0.0014105162 -0.002662409 -0.033454508 -0.46390375 0.7500454 -0.47140747
-0.0026359647 -0.0030636126 -0.032875996 -0.46518216 0.75196266 -0.46707347
-0.0026359647 -0.0030636126 -0.032875996 -0.9701758 -0.015932549 0.24187846
-0.0013470914 -0.0007200035 -0.030977488 -0.02494577 0.78707945 -0.61634713
-0.0013470914 -0.0007200035 -0.030977488 -0.4415815 0.6417061 -0.6270717
-0.0025411497 -0.004471314 -0.035734322 -0.025452372 0.7899686 -0.6126189
-0.0025411497 -0.004471314 -0.035734322 -0.39628428 0.8453646 -0.35821414
-0.0036879005 -0.0046620364 -0.034915537 -0.3912611 0.8538086 -0.343403
-0.0036879005 -0.0046620364 -0.034915537 -0.8284075 0.20065226 0.52295285
-0.0053481287 -0.0057308115 -0.03625435 -0.27741298 0.92741305 -0.2508928
-0.0053481287 -0.0057308115 -0.03625435 -0.55748147 0.37993547 0.7381486
-0.003624559 -0.0051239533 -0.034638636 -0.6200349 -0.26237634 0.73940206
-0.003624559 -0.0051239533 -0.034638636 -0.82243085 0.20491548 0.53067607
-0.0052826507 -0.006189159 -0.035969056 -0.432225 -0.09915462 0.8962979
-0.0052826507 -0.006189159 -0.035969056 -0.5627868 0.3767623 0.7357453
-0.0025501824 -0.0035000853 -0.032561474 -0.7195337 -0.45451927 0.5250557
-0.0025501824 -0.0035000853 -0.032561474 -0.9698985 -0.015923059 0.24298844
-0.003153137 -0.0057549113 -0.03447046 -0.62216717 -0.2707286 0.73458415
-0.004990014 -0.006930602 -0.035911784 -0.42891368 -0.10341363 0.8974067
-0.0020149532 -0.004022389 -0.032281943 -0.7155191 -0.45710373 0.5282884
-0.002029115 -0.0023544482 -0.030139402 -0.6856911 -0.6516034 0.32440802
-0.0025865783 -0.0020012888 -0.030598601 -0.6875354 -0.6466322 0.3303964
-0.0025865783 -0.0020012888 -0.030598601 -0.96834975 -0.24249634 -0.059113555
-0.0032127353 -0.0006784814 -0.02794801 -0.58041596 -0.8092464 0.09076119
-0.0036565205 -0.0004249263 -0.028561082 -0.5831328 -0.8070374 0.0929869
-0.0036565205 -0.0004249263 -0.028561082 -0.81066763 -0.45283702 -0.37115598
-0.0054630055 0.00057854445 -0.026256127 -0.34798136 -0.93689585 -0.03369137
-0.005745447 0.00070217147 -0.027007367 -0.35452983 -0.9347258 -0.024420436
-0.005745447 0.00070217147 -0.027007367 -0.5111516 -0.6360532 -0.578066
-0.008571501 0.0011406706 -0.025425069 -0.054434404 -0.9775486 -0.20355739
-0.008612134 0.0013073385 -0.026222846 -0.060402647 -0.9793663 -0.19285528
-0.008612134 0.0013073385 -0.026222846 -0.09950135 -0.7039355 -0.7032597
-0.0116763655 0.00083376863 -0.02570867 0.27567232 -0.94361746 -0.18327802
-0.014020557 -6.6855224e-05 -0.026780669 0.49341613 -0.86944914 -0.02446953
-0.0115153715 0.0010412775 -0.026498685 0.33922684 -0.66228074 -0.6680639
-0.0115153715 0.0010412775 -0.026498685 0.2800935 -0.94133115 -0.18826406
-0.011505563 0.001429563 -0.026878878 0.33917475 -0.6626909 -0.66768354
-0.011505563 0.001429563 -0.026878878 0.123857655 0.46553296 -0.87632096
-0.013661619 0.00015429792 -0.027522331 0.6640263 -0.53567743 -0.5216499
-0.013661619 0.00015429792 -0.027522331 0.49726135 -0.8672082 -0.026099436
-0.013623498 0.00055627525 -0.027887069 0.6607094 -0.5380163 -0.5234517
-0.013623498 0.00055627525 -0.027887069 0.2627198 0.5213296 -0.8119075
-0.015135871 -0.0009840749 -0.028955761 0.8792395 -0.36688974 -0.30385813
-0.015135871 -0.0009840749 -0.028955761 0.67835593 -0.7250128 0.119120345
-0.015079193 -0.0005656575 -0.029297097 0.87538177 -0.37151074 -0.3093324
-0.015079193 -0.0005656575 -0.029297097 0.36320245 0.6012081 -0.7117814
-0.015942754 -0.0025689271 -0.030983455 0.9880926 -0.15158983 -0.026337678
-0.015942754 -0.0025689271 -0.030983455 0.78733647 -0.5341669 0.30784222
-0.015606416 -0.0013271134 -0.028340792 0.68189603 -0.72266746 0.1130022
-0.016449308 -0.003068565 -0.03054435 0.7916914 -0.5272285 0.30863398
-0.01623011 -0.0045890743 -0.032502204 0.78412175 -0.33995393 0.51921505
-0.015760701 -0.0039902916 -0.03281333 0.96275556 0.06616166 0.2621535
-0.015760701 -0.0039902916 -0.03281333 0.78104925 -0.3451034 0.5204476
-0.015145814 -0.0060168747 -0.034371793 0.6779723 -0.15296371 0.71899617
-0.0147745535 -0.0053198775 -0.03457036 0.8109998 0.25367206 0.5271903
-0.0147745535 -0.0053198775 -0.03457036 0.67576027 -0.15889765 0.71979123
-0.013078563 -0.0071773864 -0.035941962 0.4564592 0.0041219327 0.8897348
-0.012837563 -0.006432389 -0.03607301 0.5287332 0.40247035 0.7473009
-0.012837563 -0.006432389 -0.03607301 0.44995856 0.008653641 0.8930075
-0.010459565 -0.0077567557 -0.03678499 0.15761285 0.030676762 0.98702437
-0.010388739 -0.006974483 -0.03682291 0.17197868 0.48207211 0.8590867
-0.010388739 -0.006974483 -0.03682291 0.155686 0.03795311 0.9870772
-0.007763604 -0.0076990044 -0.036808833 -0.14927015 -0.0025705718 0.9887931
-0.0078605935 -0.006909158 -0.03682322 -0.15520124 0.0015850067 0.9878816
-0.0078605935 -0.006909158 -0.03682322 -0.20695132 0.48466507 0.84986514
-0.007889459 -0.006443057 -0.037096124 -0.111452274 0.9697853 -0.21701384
-0.007889459 -0.006443057 -0.037096124 -0.20505041 0.48377475 0.8508327
-0.010394832 -0.006498215 -0.037088003 0.17722481 0.47986042 0.85925865
-0.010394832 -0.006498215 -0.037088003 0.070545636 0.979723 -0.18752682
-0.012817118 -0.005960336 -0.036341265 0.53534263 0.39963984 0.74410766
-0.012817118 -0.005960336 -0.036341265 0.22512369 0.94417685 -0.24051885
-0.014734855 -0.0048581846 -0.034853555 0.8157306 0.24980628 0.52170914
-0.014734855 -0.0048581846 -0.034853555 0.34194168 0.8736569 -0.34612054
-0.015707841 -0.003543485 -0.03312011 0.96421564 0.06313511 0.25749174
-0.015707841 -0.003543485 -0.03312011 0.40702268 0.7845428 -0.4677876
-0.015888471 -0.0021537142 -0.03132964 0.98872524 -0.14805207 -0.022425734
-0.015888471 -0.0021537142 -0.03132964 0.41172633 0.6879823 -0.5976301
-0.011950934 0.00264444 -0.02629831 0.12393581 0.46377087 -0.87724364
-0.011950934 0.00264444 -0.02629831 -0.021172423 0.78737867 -0.616106
-0.008622829 0.0016915518 -0.026606116 -0.051725414 0.44699916 -0.8930376
-0.008622829 0.0016915518 -0.026606116 -0.09972244 -0.7044831 -0.7026799
-0.008488057 0.0030062986 -0.025956968 -0.021891827 0.7873785 -0.6160811
-0.008488057 0.0030062986 -0.025956968 -0.05490726 0.44556376 -0.8935648
-0.0058161924 0.0010945584 -0.027377065 -0.25637588 0.46655554 -0.84652084
-0.0058161924 0.0010945584 -0.027377065 -0.5000779 -0.63827014 -0.58526343
-0.005327487 0.002453419 -0.026777847 -0.022691876 0.78732395 -0.6161219
-0.005327487 0.002453419 -0.026777847 -0.23604679 0.46442768 -0.8535742
-0.0037231303 -8.109375e-06 -0.028920505 -0.38754734 0.5387746 -0.74801666
-0.0037231303 -8.109375e-06 -0.028920505 -0.80816406 -0.45394495 -0.37523964
-0.0026741065 -0.0015752573 -0.030921154 -0.44908962 0.6491716 -0.6139175
-0.0026741065 -0.0015752573 -0.030921154 -0.9664186 -0.24829313 -0.066223346
-0.008426355 0.0044507966 -0.024112955 -0.02182687 0.7879864 -0.61530566
-0.011018382 0.0063947584 -0.021527965 -0.021785319 0.7886945 -0.61439925
-0.006483313 0.0061129574 -0.022050044 -0.021280346 0.7885361 -0.61462027
-0.00914369 0.007232623 -0.020519814 -0.0235355 0.7898372 -0.612865
0.017505199 -0.01020689 -0.043987323 0.037736107 0.72775376 -0.6847996
0.021976093 -0.008344508 -0.041484594 0.07759881 0.7421863 -0.66568613
0.031321544 -0.00014014507 -0.027298436 0.26966694 0.8379077 -0.47454226
0.034212597 -0.0038332855 -0.03124167 0.593777 0.62005293 -0.51279944
0.031328186 0.0019901018 -0.023371354 0.27261776 0.8505896 -0.44964096
0.030483637 0.004272766 -0.019411385 0.2645447 0.86082107 -0.43474513
0.028752537 0.006673037 -0.015545851 0.25101423 0.87076324 -0.4228042
0.025902994 0.0094112875 -0.011476593 0.24008767 0.87669843 -0.41684267
0.033444405 0.0060316906 -0.013190317 0.5761774 0.7856459 -0.22534432
0.01971931 0.008529738 -0.015683234 0.17045335 0.8660949 -0.46992055
0.022037946 0.012138564 -0.007880139 0.22994804 0.88073903 -0.41403225
0.015221398 0.0024209663 -0.023917044 -0.4907915 -0.50344396 -0.71110326
0.006224695 0.009191259 -0.0148580205 -0.7934986 -0.36169693 -0.4894234
0.014594857 0.01767728 0.0009039398 0.2870028 0.9509809 -0.11517326
0.0038697612 -0.019147307 -0.048981376 0.022353817 -0.77626395 0.63001156
-0.020284409 -0.012647854 -0.040124 0.028715791 -0.77089965 0.63630915
-0.028261513 -0.002252364 -0.026992928 -0.041006 -0.7836231 0.61988163
-0.024905737 0.010786265 -0.010867946 -0.2656994 -0.6450166 0.71648973
-0.014034243 0.01871733 -0.0016018581 -0.19589272 -0.55650806 0.80741864
0.0033082906 0.019328846 0.0040562693 -0.20963937 -0.72746575 0.6533338
0.026601797 0.010897665 -0.0010339953 -0.021664778 -0.77910435 0.62651986
0.036713086 -0.0021151467 -0.02120844 -0.026657121 -0.8844177 0.46593434
0.03021055 -0.010966758 -0.038934357 -0.07792213 -0.8060251 0.58672976
0.0021504012 0.018214066 0.007492788 0.30369937 0.7643438 0.5688104
0.0028044647 0.019959046 0.005453067 0.05087346 0.7507727 0.6585987
0.0028044647 0.019959046 0.005453067 0.12242506 0.93233484 0.3402411
0.0068546883 0.016167816 0.0069746412 0.3142581 0.33705863 0.8874871
-0.002284392 0.02003397 0.0075603593 0.26164296 0.95107985 0.16428643
0.0014151405 0.016851006 0.009981604 0.5819994 0.68446904 0.43906572
0.005522399 0.014010704 0.0084630195 0.54494786 0.35846484 0.75798064
-0.0026437503 0.019654231 0.010745538 0.4100161 0.9027901 0.12983365
0.0011655185 0.015659906 0.012911269 0.7488198 0.60416716 0.2724902
0.0024544718 0.01318415 0.013985166 0.8713206 0.36587802 0.327007
0.0046384167 0.012290926 0.010288579 0.73370504 0.34879676 0.5831104
-0.0028566548 0.01944065 0.014189178 0.5332346 0.8427241 0.07400646
-0.00014094403 0.016482152 0.01715306 0.76986504 0.6326724 0.083865345
-0.0003621452 0.016379505 0.020746006 0.78170365 0.62020004 0.06550843
0.0015345837 0.013909393 0.016864283 0.93796474 0.31726342 0.13987853
-0.0033790737 0.019594476 0.018043345 0.55454963 0.83133006 0.036945112
-0.003628919 0.019575227 0.021907834 0.56976 0.8207959 0.040835533
-0.007981369 0.02155086 0.018738763 0.175053 0.98435766 -0.019908372
-0.013174716 0.021276416 0.019213924 -0.053853203 0.9969943 -0.055697106
-0.013174716 0.021276416 0.019213924 -0.9867461 -0.1313779 -0.09524724
-0.008237809 0.021650571 0.022747742 0.20293334 0.97916377 -0.0075151846
-0.007695478 0.021419674 0.014669647 0.17109416 0.98508507 -0.01828129
-0.0073958975 0.021283697 0.010755276 0.14841768 0.9887554 -0.018298188
-0.012723673 0.021229342 0.014818052 -0.04259404 0.99862635 -0.030514305
-0.012723673 0.021229342 0.014818052 -0.99103993 -0.08711075 -0.10125049
-0.012284547 0.020987809 0.010244729 -0.05912484 0.99660516 -0.05729238
-0.012284547 0.020987809 0.010244729 -0.9745306 -0.20421267 -0.09266782
-0.0126799755 0.020761643 0.01477482 -0.54452026 0.832648 -0.10097023
-0.0126799755 0.020761643 0.01477482 -0.9912195 -0.08416054 -0.10198468
-0.012198154 0.020527283 0.010333708 -0.502076 0.8589448 -0.10066586
-0.012198154 0.020527283 0.010333708 -0.9760236 -0.19699384 -0.092582226
-0.012834094 0.02065844 0.014756085 -0.5464533 0.83137566 -0.10101178
-0.013138814 0.02100097 0.019226694 -0.63828886 0.763988 -0.094391145
-0.013138814 0.02100097 0.019226694 -0.9864145 -0.13412008 -0.09485885
-0.013294773 0.02087121 0.01923438 -0.6377858 0.7645169 -0.09350464
-0.01355066 0.021132108 0.023458717 -0.48829702 0.8691483 -0.078403786
-0.01355066 0.021132108 0.023458717 -0.98155797 -0.16895859 -0.08942608
-0.0136895515 0.02105382 0.023450112 -0.48551047 0.8707184 -0.07828778
-0.013628846 0.021592531 0.02346318 -0.026402296 0.99856734 -0.046542365
-0.013628846 0.021592531 0.02346318 -0.98214173 -0.16521147 -0.090015374
-0.013894998 0.021273624 0.027414905 -0.46054465 0.88532907 -0.06396176
-0.013894998 0.021273624 0.027414905 -0.96532404 -0.24892177 -0.07866083
-0.014032982 0.021201413 0.027407942 -0.45956957 0.8858522 -0.063731655
-0.01401381 0.021738965 0.027418433 0.001374425 0.9997932 -0.02029385
-0.01401381 0.021738965 0.027418433 -0.9666998 -0.24309553 -0.07997507
-0.014207859 0.021348763 0.031258136 -0.41475588 0.9087561 -0.04625966
-0.014207859 0.021348763 0.031258136 -0.94580686 -0.31756094 -0.06785582
-0.014363883 0.021817876 0.03124469 0.01623258 0.99981916 -0.0099136755
-0.014363883 0.021817876 0.03124469 -0.9469966 -0.31386358 -0.068461455
-0.014502851 0.021387767 0.035560787 -0.42722353 0.9038765 -0.02207802
-0.014502851 0.021387767 0.035560787 -0.93803126 -0.34165394 -0.058049995
-0.01436834 0.021277007 0.031284876 -0.41401675 0.90920943 -0.043911364
-0.014665104 0.021309612 0.035501704 -0.42645904 0.90412545 -0.026264956
-0.014928715 0.021240188 0.040475078 -0.4645317 0.8854907 0.010789796
-0.014769021 0.02132397 0.040484555 -0.4646667 0.88542026 0.010755195
-0.014769021 0.02132397 0.040484555 -0.93805355 -0.3431147 -0.0482471
-0.01511283 0.020931344 0.046344317 -0.41483083 0.90745336 0.066661455
-0.014960147 0.02099823 0.046377093 -0.4138752 0.90739423 0.073095985
-0.014960147 0.02099823 0.046377093 -0.9668783 -0.25303054 -0.033495266
-0.015095172 0.020254806 0.051803485 -0.63026726 0.7605328 0.15605412
-0.014953487 0.020373596 0.05179879 -0.630516 0.7618706 0.14833345
-0.014953487 0.020373596 0.05179879 -0.9834896 -0.18093723 0.0031610962
-0.01471284 0.018888075 0.05809252 -0.44336784 0.84640104 0.29500875
-0.014580235 0.018936567 0.05815229 -0.4566848 0.8213862 0.34170693
-0.014580235 0.018936567 0.05815229 -0.99319255 -0.084947236 0.07970272
-0.013850315 0.016570296 0.063369565 -0.55392915 0.6713412 0.4924058
-0.013706224 0.016643785 0.06343192 -0.5552661 0.64529145 0.5246699
-0.013706224 0.016643785 0.06343192 -0.9691234 -0.22791027 0.0941097
-0.012423454 0.013252652 0.06792651 -0.4372013 0.57098335 0.6948618
-0.012268638 0.013300269 0.06798444 -0.4362442 0.52258086 0.73252994
-0.012268638 0.013300269 0.06798444 -0.94040996 -0.32654488 0.09485497
-0.010729747 0.009697224 0.07070483 -0.5407527 0.34269986 0.76820785
-0.010729747 0.009697224 0.07070483 -0.5226676 0.11315766 0.8449935
-0.010729747 0.009697224 0.07070483 -0.8922633 -0.45026433 -0.033588823
-0.010586847 0.009748588 0.070782505 -0.5378446 0.34503525 0.7692034
-0.010586847 0.009748588 0.070782505 -0.50800365 0.12450073 0.8523097
-0.010586847 0.009748588 0.070782505 -0.9031394 -0.42670566 0.047555573
-0.009187695 0.0065471334 0.07196899 -0.75246567 -0.20267285 0.626673
-0.009187695 0.0065471334 0.07196899 -0.8877044 -0.45839214 -0.043100618
-0.010352196 0.009080625 0.06894111 -0.8907554 -0.45301718 -0.036471933
-0.008934235 0.0062236926 0.07023661 -0.8866423 -0.46038008 -0.043767843
-0.007794655 0.0039908355 0.07066241 0.03541002 0.018347854 -0.9992044
-0.007794655 0.0039908355 0.07066241 -0.88701636 -0.45933688 -0.04702735
-0.007794655 0.0039908355 0.07066241 -0.88602066 -0.46106204 -0.048879676
-0.007882615 0.0039721904 0.07243793 -0.49272418 -0.21780698 0.8424862
-0.007882615 0.0039721904 0.07243793 -0.8860574 -0.46100652 -0.048736256
-0.007882615 0.0039721904 0.07243793 -0.8873027 -0.45860124 -0.048773434
-0.0063448045 0.0012058608 0.07066265 -0.03105082 0.14493608 -0.9889537
-0.0063448045 0.0012058608 0.07066265 -0.8831723 -0.46582228 -0.054920908
-0.006392067 0.0046864403 0.07072489 0.039713137 0.018404694 -0.9990417
-0.005014434 0.0020300513 0.07074469 -0.013764863 0.13642526 -0.99055475
-0.0035297405 -0.0005548195 0.06998097 -0.115732476 0.36205968 -0.9249426
-0.004735155 -0.0015998416 0.06973621 -0.16470958 0.39076343 -0.9056349
-0.004735155 -0.0015998416 0.06973621 -0.8821227 -0.46299967 -0.08655028
-0.0018355716 -0.0034035342 0.068012215 -0.16661672 0.49161345 -0.8547251
-0.0031412218 -0.0043203617 0.06773941 -0.18634643 0.488287 -0.8525554
-0.0031412218 -0.0043203617 0.06773941 -0.8878169 -0.4502227 -0.09529204
-0.0028585857 -0.0051780427 0.069158405 0.06815326 -0.54246044 0.8373122
-0.0028585857 -0.0051780427 0.069158405 0.1845295 -0.74836934 0.6370967
-0.0028585857 -0.0051780427 0.069158405 -0.88789535 -0.45096517 -0.090951845
-0.0027355645 -0.00512942 0.06917989 0.05796484 -0.54720455 0.83498937
-0.0027355645 -0.00512942 0.06917989 0.17994335 -0.7500198 0.63646746
-0.0027355645 -0.00512942 0.06917989 -0.90325594 -0.40939513 -0.12854645
-0.0045057093 -0.0022961507 0.071159616 -0.32833487 -0.58055454 0.7450856
-0.0045057093 -0.0022961507 0.071159616 -0.8832205 -0.46234488 -0.07847765
-0.0013114476 -0.00775401 0.06568444 0.017607188 -0.8622812 0.5061237
-0.0011758801 -0.0077150958 0.06574587 0.0066868113 -0.8513255 0.52459526
-0.0011758801 -0.0077150958 0.06574587 -0.87282246 -0.48744458 -0.024057766
-0.0003646824 -0.009212111 0.062466994 -0.09183767 -0.93780696 0.33478954
-0.00019205082 -0.009214924 0.06250798 -0.09194611 -0.9384864 0.33285007
-0.00019205082 -0.009214924 0.06250798 -0.91554224 -0.39033428 -0.0970641
0.00047901366 -0.010365215 0.058910698 0.16910987 -0.9435381 0.28484666
0.0006173779 -0.010337704 0.05892031 0.16496156 -0.94610745 0.27869022
0.0006173779 -0.010337704 0.05892031 -0.88817173 -0.45590717 -0.05744182
0.0012252999 -0.011301507 0.054412648 0.29684052 -0.9312835 0.2111794
0.0013744882 -0.011245326 0.054450125 0.2948422 -0.9307158 0.21641663
0.0013744882 -0.011245326 0.054450125 -0.8860166 -0.45966604 -0.060676217
0.0017990093 -0.012004082 0.049907744 0.24022476 -0.9610552 0.1366196
0.0019314708 -0.011968023 0.04992923 0.23962438 -0.96067667 0.1402871
0.0019314708 -0.011968023 0.04992923 -0.7415255 -0.67087775 -0.007937716
0.0023432989 -0.012394828 0.044816807 0.31481975 -0.9450336 0.08831723
0.0025106326 -0.012334834 0.044859946 0.314527 -0.9448207 0.09157869
0.0025106326 -0.012334834 0.044859946 -0.7468733 -0.66373825 -0.040395353
0.002878536 -0.012676789 0.038635045 0.25001714 -0.9666368 0.055722557
0.0031608888 -0.012600073 0.038702138 0.24974258 -0.96660906 0.05740777
0.0031608888 -0.012600073 0.038702138 -0.7786928 -0.6246384 -0.05885875
0.0034406558 -0.012859813 0.032190844 0.2884679 -0.95614463 0.050731968
0.0037343702 -0.0127699105 0.032215483 0.2878991 -0.9563194 0.05067018
0.0037343702 -0.0127699105 0.032215483 -0.71100485 -0.700498 -0.06143718
0.003971739 -0.013052489 0.025342708 0.28802976 -0.9575776 0.009162407
0.004362739 -0.012935734 0.02530337 0.2860266 -0.9582214 -0.000808754
0.004362739 -0.012935734 0.02530337 -0.32821584 -0.943346 -0.048710253
0.0043809107 -0.012684105 0.019012233 0.34562406 -0.937364 -0.0435059
0.0047067706 -0.012566773 0.019064931 0.34334117 -0.9382251 -0.04301892
0.0047067706 -0.012566773 0.019064931 -0.18404736 -0.9768206 -0.1093073
0.004420329 -0.012637346 0.018425843 0.3525226 -0.9344224 -0.050819896
0.004420329 -0.012637346 0.018425843 -0.29811928 0.4107184 -0.8616468
0.0030242512 -0.012549029 0.018917127 -0.26618475 0.47089267 -0.8410742
0.0047108117 -0.012525093 0.018376818 0.47413883 0.2621176 -0.8405277
0.0047108117 -0.012525093 0.018376818 -0.013347536 -0.9980768 -0.060535435
0.0047108117 -0.012525093 0.018376818 0.35023448 -0.93520635 -0.05220051
0.0047108117 -0.012525093 0.018376818 -0.29577506 0.42016643 -0.8578912
0.0056121843 -0.008168974 0.020243196 0.47324076 0.29722396 -0.82927746
0.0056121843 -0.008168974 0.020243196 -0.26506972 0.38552707 -0.88380253
0.005072206 -0.01254197 0.01857538 0.7030291 0.15057704 -0.6950371
0.005072206 -0.01254197 0.01857538 -0.10707128 -0.9857328 -0.12987146
0.0032950547 -0.012238309 0.019005386 -0.2771819 0.44687405 -0.8505726
0.004199226 -0.008136504 0.020673571 -0.2611763 0.3820691 -0.88645923
0.0041504255 -0.0043028416 0.022195315 -0.26090223 0.33581942 -0.90507203
0.0055148425 -0.004139892 0.021856954 0.49775898 0.3507738 -0.79321736
0.0055148425 -0.004139892 0.021856954 -0.2643973 0.3372023 -0.9035422
0.0035299715 -0.00016754202 0.023774615 -0.22429425 0.28039214 -0.9333126
0.0049686576 3.0701165e-05 0.023483833 0.517625 0.36512095 -0.77379006
0.0049686576 3.0701165e-05 0.023483833 -0.23102058 0.28580472 -0.93002427
0.0027670322 0.003260999 0.024824908 -0.18135358 0.1394384 -0.97348225
0.004106041 0.003542534 0.024616016 0.42646265 0.28113177 -0.85970604
0.004106041 0.003542534 0.024616016 -0.18612741 0.14946897 -0.9710899
0.0021113108 0.0058424184 0.025033949 -0.14065947 -0.108863674 -0.9840546
0.003310714 0.0060915546 0.024845274 0.32442412 0.05030365 -0.94457316
0.003310714 0.0060915546 0.024845274 -0.13473949 -0.0972207 -0.9861001
0.0012832368 0.008488427 0.024524389 -0.1288907 -0.36732936 -0.9211168
0.00058189896 0.010408056 0.023535436 -0.13188036 -0.6384455 -0.75828415
0.0025053967 0.00872611 0.02425859 0.43777964 -0.23494956 -0.86784077
0.0025053967 0.00872611 0.02425859 -0.13333444 -0.36969173 -0.91953796
0.0018288749 0.010552739 0.023202548 0.5214711 -0.398976 -0.7542453
0.0018288749 0.010552739 0.023202548 -0.12557809 -0.64735824 -0.7517695
0.002948957 0.008714813 0.024485396 0.7223416 -0.0026897811 -0.6915312
0.0022491403 0.010854536 0.02333201 0.81919575 -0.14443308 -0.5550292
0.003073058 0.00900427 0.024820236 0.95640385 0.24546173 -0.1582409
0.0037190313 0.006242714 0.024990885 0.63784516 0.14728405 -0.7559503
0.0045507336 0.003639293 0.024874521 0.761902 0.30140176 -0.5732908
0.0039166384 0.0062702885 0.025337217 0.93923295 0.27758715 -0.2019573
0.0032500667 0.007666274 0.029551463 0.9443153 0.3242705 0.05583239
0.004652372 0.003690078 0.025331354 0.9643646 0.25431642 -0.072966196
0.0042009237 0.0044412753 0.02946256 0.9671568 0.24600005 0.063966736
0.0054433336 0.00020246871 0.024319502 0.97831404 0.19837345 -0.0595796
0.005119247 0.00028598227 0.028925812 0.984471 0.16215715 0.06724586
0.0060721603 -0.004180561 0.022582037 0.98751986 0.118723065 -0.10348576
0.0053472244 0.00017584034 0.023808992 0.8009791 0.3165826 -0.50814164
0.00592607 -0.0041109854 0.022127142 0.7754297 0.28446126 -0.5637291
0.006003803 -0.008198836 0.020455318 0.7529624 0.18991996 -0.6300619
0.0061707953 -0.00828497 0.020846242 0.98658586 -0.027528808 -0.16090527
0.005777567 -0.008525853 0.026762126 0.9913165 -0.112766445 0.067641735
0.005264197 -0.012690108 0.019011954 0.969933 -0.10658448 -0.21879165
0.005264197 -0.012690108 0.019011954 -0.22972305 -0.9632204 -0.13940464
0.0048509347 -0.013112827 0.025411097 0.9746652 -0.2150291 0.06156372
0.0048509347 -0.013112827 0.025411097 -0.3470299 -0.93678266 -0.044815946
0.004259631 -0.013313725 0.032205224 0.96952385 -0.23061118 0.08271632
0.004259631 -0.013313725 0.032205224 -0.7207868 -0.6900335 -0.06572715
0.0053133434 -0.00869598 0.032907948 0.988909 -0.124585345 0.08085479
0.0036419178 -0.013205078 0.038714044 0.9643646 -0.24264677 0.10546761
0.0036419178 -0.013205078 0.038714044 -0.77956945 -0.62348765 -0.059451975
0.0047731404 -0.008637474 0.03897056 0.9856787 -0.13696781 0.098373294
0.002958653 -0.012839365 0.04490325 0.9583324 -0.252502 0.13357352
0.002958653 -0.012839365 0.04490325 -0.7452401 -0.6655918 -0.04006157
0.004145489 -0.008410688 0.04483968 0.9807265 -0.15231965 0.122369386
0.0022836276 -0.012357344 0.04995939 0.9516352 -0.26444146 0.15640068
0.0022836276 -0.012357344 0.04995939 -0.748133 -0.6633845 -0.014764746
0.0035056546 -0.008004275 0.049986407 0.9755637 -0.16457862 0.14556548
0.0016342835 -0.011770264 0.05454187 0.94442934 -0.26881835 0.18918195
0.0016342835 -0.011770264 0.05454187 -0.889842 -0.45179158 -0.06376251
0.0028159427 -0.0075411396 0.05466847 0.9681482 -0.17407309 0.17996572
0.0008763056 -0.010851377 0.058995955 0.9286305 -0.27111918 0.25325823
0.0008763056 -0.010851377 0.058995955 -0.8894896 -0.45311645 -0.05910827
0.0020169276 -0.0069951797 0.058974177 0.95363855 -0.18706581 0.23575345
1.2091943e-05 -0.009718732 0.062589034 0.8964262 -0.29146028 0.33387268
1.2091943e-05 -0.009718732 0.062589034 -0.91518223 -0.39158452 -0.09541031
0.0011244505 -0.0064341063 0.06259304 0.9272427 -0.21086271 0.3094476
-0.0009782166 -0.0080754915 0.06598316 0.8421518 -0.28166956 0.4598287
-0.0009782166 -0.0080754915 0.06598316 -0.8729476 -0.48715776 -0.025294853
-0.0026289024 -0.00553161 0.06969029 0.77975625 -0.12596133 0.61328137
-0.0026289024 -0.00553161 0.06969029 -0.90331125 -0.41149738 -0.12123833
0.00029033166 -0.0054381276 0.06534766 0.8801428 -0.19537088 0.4326418
-0.00055282004 -0.003408485 0.067486726 0.84498465 -0.07973365 0.52881336
-0.0016538305 -0.00052556104 0.06918946 0.7859958 0.045486234 0.61655617
0.0011204532 -0.003332124 0.063723534 0.9479383 -0.01796829 0.31794643
0.0022308808 -0.0033458592 0.059518665 0.97552073 -0.011618375 0.21960042
0.0005733995 -4.1414867e-05 0.06482569 0.9256972 0.1034544 0.36384314
-0.00037889264 0.003512974 0.0656132 0.8833248 0.23414664 0.40609434
0.0018749554 0.00036407926 0.06014467 0.9673085 0.11762707 0.22467335
0.002698636 0.00064460107 0.05533377 0.979446 0.13545221 0.1494599
0.0010717993 0.0040722815 0.060637034 0.94093 0.2444912 0.23425356
0.0019079167 0.00440888 0.055595875 0.9557185 0.25574046 0.14559837
-0.00016158668 0.0075520417 0.06092742 0.8944433 0.37100598 0.24965134
0.0006447085 0.008052818 0.05582168 0.91542 0.3743751 0.14781606
-0.0017065333 0.0069054617 0.065882966 0.81866944 0.37041548 0.43883112
-0.0017556171 0.010671969 0.061038226 0.8275516 0.49186814 0.2705994
-0.0036882425 0.013408947 0.061086267 0.73499227 0.60920215 0.29775685
-0.0009992317 0.011384807 0.056016013 0.8590742 0.4861558 0.16013813
-0.0032096696 0.009742579 0.06575815 0.7403954 0.490875 0.45919105
-0.004833901 0.012199949 0.06529385 0.64188224 0.6010627 0.47614145
-0.0058207223 0.008394896 0.07001571 0.53520733 0.4714221 0.70093817
-0.007547788 0.011150985 0.06904848 0.40890846 0.6072058 0.6812451
-0.00906425 0.0068662306 0.07243048 0.39569873 0.42830473 0.81238997
-0.00906425 0.0068662306 0.07243048 -0.88903457 -0.35249263 0.29217556
-0.0045443196 0.005721367 0.07051583 0.61528546 0.33601883 0.7131024
-0.00770382 0.004091277 0.07290645 0.48550734 0.2862074 0.8260556
-0.00770382 0.004091277 0.07290645 -0.8841855 -0.43714237 0.16468942
-0.0030731899 0.0026562875 0.07032278 0.70190793 0.18285874 0.6883951
-0.006076591 0.0009569853 0.07274017 0.58271545 0.1501263 0.7986894
-0.006076591 0.0009569853 0.07274017 -0.8664868 -0.48730105 0.10834323
-0.004236444 -0.0023441399 0.07165629 0.6909599 0.02617149 0.7224192
-0.004236444 -0.0023441399 0.07165629 -0.84524506 -0.51464003 0.14389707
-0.0061190394 0.0009487077 0.072355755 -0.34837484 -0.33952823 0.8737022
-0.0061190394 0.0009487077 0.072355755 -0.86438125 -0.49123985 0.10737118
-0.0077568335 0.0040576 0.07253243 -0.49277523 -0.20893113 0.84470135
-0.0077568335 0.0040576 0.07253243 -0.88415205 -0.43576342 0.16847935
-0.004360581 -0.002252617 0.07125847 -0.3339664 -0.574048 0.74761975
-0.004360581 -0.002252617 0.07125847 -0.8494315 -0.51090455 0.13207069
-0.006248019 0.0008487209 0.072265655 -0.32835698 -0.36553663 0.8709562
-0.006248019 0.0008487209 0.072265655 -0.8834846 -0.46574718 -0.050343852
-0.009099433 0.0066788225 0.07211755 -0.7540539 -0.18534958 0.6301176
-0.009099433 0.0066788225 0.07211755 -0.8812203 -0.3552559 0.31183973
-0.010699436 0.010013468 0.07108774 0.28377467 0.5811326 0.7627299
-0.010699436 0.010013468 0.07108774 -0.905357 -0.42293155 0.038177904
-0.012365526 0.013654987 0.06823084 0.18673712 0.7418225 0.6440719
-0.012365526 0.013654987 0.06823084 -0.94323903 -0.31900266 0.09239805
-0.008750302 0.014160155 0.06658785 0.3237433 0.7413315 0.5878927
-0.013774 0.017024651 0.063647255 0.115989596 0.8736982 0.47243828
-0.013774 0.017024651 0.063647255 -0.9701849 -0.2229154 0.095131196
-0.009341624 0.017005656 0.06260331 0.28967667 0.84884816 0.4422038
-0.014606303 0.019330358 0.058232196 0.056909494 0.9478467 0.3136045
-0.014606303 0.019330358 0.058232196 -0.9936969 -0.083611935 0.07466902
-0.010005912 0.019339917 0.057475604 0.25153908 0.9229142 0.29147452
-0.015036365 0.020819422 0.051838562 0.019721232 0.98443997 0.17461061
-0.015036365 0.020819422 0.051838562 -0.98274505 -0.18496452 0.00038685315
-0.010267524 0.020771671 0.051667288 0.23822519 0.95617115 0.17025118
-0.015081901 0.021455474 0.0464094 0.021770226 0.99638313 0.08213803
-0.015081901 0.021455474 0.0464094 -0.96574885 -0.25729108 -0.03362172
-0.009828098 0.021341499 0.046227507 0.2565618 0.96188915 0.09457901
-0.014928626 0.021761186 0.040455244 0.023773015 0.9990626 0.036177296
-0.014928626 0.021761186 0.040455244 -0.9372415 -0.34524173 -0.04885117
-0.014664024 0.021848043 0.035457477 0.021406468 0.99974716 0.0068907556
-0.014664024 0.021848043 0.035457477 -0.938329 -0.3406907 -0.058893863
-0.009338744 0.021615703 0.040571764 0.2594425 0.96418494 0.05510876
-0.008956304 0.021725716 0.035474814 0.25524312 0.9664358 0.029204415
-0.0048973826 0.0191895 0.04050421 0.61559147 0.7841661 0.07829926
-0.0043342775 0.019231588 0.035167843 0.6240935 0.77895397 0.06113903
-0.0016896586 0.015715314 0.040187374 0.7947939 0.6011266 0.0833624
-0.005370811 0.01893738 0.045989007 0.60813797 0.7870936 0.103208356
-0.0022826202 0.015658354 0.0456947 0.78671575 0.60923254 0.0995687
-0.0057373676 0.018411864 0.05142866 0.5979751 0.78796375 0.14676099
-0.002699676 0.01522852 0.051074944 0.7808694 0.6116509 0.12698863
-0.0058982414 0.017329704 0.056754127 0.5899049 0.7745251 0.22830468
-0.003076218 0.014468524 0.056274734 0.76964056 0.61144304 0.18382275
-0.006063176 0.0156756 0.061380997 0.5683563 0.74482375 0.34958363
-0.0061916686 0.014017644 0.064549 0.5326809 0.7063062 0.46624288
-0.0005516382 0.011933961 0.050814793 0.8688618 0.4820512 0.11271941
-0.00011546619 0.01225773 0.045461327 0.8749477 0.47498998 0.09407987
0.0011591462 0.008402164 0.050617196 0.92090666 0.3756237 0.104104824
0.0024639172 0.004612799 0.05046288 0.95934755 0.26313403 0.10204325
0.0016012746 0.00861548 0.04529974 0.9246166 0.37085894 0.08687812
0.0029459167 0.0046523465 0.045157358 0.96080625 0.26395422 0.08473219
0.0021004956 0.008561571 0.03991572 0.9296208 0.35900006 0.08321125
0.0034015542 0.0046078702 0.03976372 0.96254206 0.25956282 0.078357495
0.0026691265 0.00819297 0.034621805 0.93705434 0.3408444 0.07585715
0.00043837796 0.01223698 0.04002109 0.88232905 0.462632 0.08641242
0.001159722 0.011784424 0.03460674 0.89349675 0.4421301 0.0786427
0.0020296886 0.010864359 0.02928034 0.9119425 0.40476933 0.06725069
-0.00094867125 0.015456532 0.034581475 0.80561936 0.5883108 0.06977044
0.00016933854 0.014596813 0.028414814 0.8357079 0.54395163 0.07555789
0.0023471578 0.011110063 0.023729196 0.9493522 0.2990015 -0.09658354
-0.00017506641 0.015679345 0.024386553 0.8114578 0.57901233 0.07925214
-0.003787189 0.019167127 0.030107325 0.62925124 0.7749958 0.058518376
-0.00863076 0.021734625 0.0309236 0.25066426 0.9680019 0.011817018
-0.0037093586 0.0194063 0.025823163 0.5957443 0.8012578 0.055450056
-0.008483883 0.021722555 0.026777653 0.22759737 0.9737121 0.00917679
0.001700859 0.012803837 0.02193849 0.95290846 0.30151507 -0.03247043
0.0013832266 0.01369252 0.019920753 0.92100036 0.3861474 0.051463656
0.0016787772 0.012343618 0.02169702 0.9046619 -0.23794368 -0.35351023
0.0013543079 0.012011261 0.021615991 0.6647977 -0.5493036 -0.5062701
0.0013543079 0.012011261 0.021615991 -0.1466551 -0.82026577 -0.55286187
0.0014980172 0.013179559 0.019850748 0.95193547 -0.2871837 -0.10650986
0.0010899545 0.012855333 0.019896364 0.57817906 -0.764591 -0.28479746
0.0010899545 0.012855333 0.019896364 -0.1547543 -0.9483946 -0.27676472
0.0015257732 0.013478276 0.016929174 0.9057997 -0.38530084 0.17626737
0.0011778632 0.013181243 0.01692527 0.63844615 -0.7540434 0.15428905
0.0011778632 0.013181243 0.01692527 -0.19696027 -0.9794848 0.04261735
0.002431003 0.01275987 0.014214842 0.8012818 -0.2392606 0.5483628
0.0020399021 0.01245183 0.014191547 0.4847994 -0.6491489 0.58615285
0.0020399021 0.01245183 0.014191547 -0.24054559 -0.90314454 0.35562316
0.004220515 0.01073678 0.011983259 0.67710745 -0.052921295 0.7339787
0.0039056959 0.010432997 0.01201917 0.4078293 -0.32483593 0.8533211
0.0039056959 0.010432997 0.01201917 -0.27091882 -0.68458235 0.6767201
0.0062467125 0.007330931 0.0102991965 0.4813181 -0.1373247 0.8657221
0.004328912 0.011066535 0.011699615 0.8143202 0.2593859 0.51923174
0.006389626 0.007511114 0.010170611 0.6890302 0.069029726 0.7214377
0.007646303 0.0089048315 0.008532593 0.62468225 0.12358917 0.7710368
0.007791337 0.0038705915 0.008895958 0.652734 -0.055621643 0.7555425
0.010351088 0.005118004 0.006760182 0.54391074 -0.06945373 0.8362639
0.008990744 -0.0011308946 0.0069997516 0.5911698 -0.21609041 0.7770606
0.0076564574 0.0037366208 0.009006282 0.40586612 -0.20919195 0.88966924
0.0074556754 0.0036299415 0.008983066 0.07175638 -0.3353763 0.93934757
0.0074556754 0.0036299415 0.008983066 -0.24620089 -0.4065582 0.879827
0.008828251 -0.0012158452 0.0070972983 0.42817974 -0.28424996 0.85782516
0.008626502 -0.0012799696 0.0071271956 0.2428401 -0.33209863 0.9114489
0.008626502 -0.0012799696 0.0071271956 -0.2574161 -0.3899839 0.8841095
0.009042168 -0.0056220777 0.005244974 0.506082 -0.35508233 0.78600097
0.0088722315 -0.0056629824 0.005312344 0.41778237 -0.37147748 0.82913345
0.0088722315 -0.0056629824 0.005312344 -0.2536888 -0.37164652 0.89304024
0.008431934 -0.010394317 0.0031472705 0.43936864 -0.40840748 0.80009913
0.008431934 -0.010394317 0.0031472705 -0.029053705 -0.9726481 -0.23045938
0.009191537 -0.0055692215 0.0051504523 0.5693373 -0.33382544 0.7512759
0.008585915 -0.010373597 0.0030626338 0.5004263 -0.39931655 0.7681926
0.008585915 -0.010373597 0.0030626338 0.008904383 -0.9470452 -0.32097661
0.012726428 -0.004577269 0.0029454436 0.48221496 -0.31862956 0.8160538
0.012604741 -0.009468708 0.00079339 0.45866904 -0.3791818 0.80364406
0.012604741 -0.009468708 0.00079339 0.13305436 -0.9701422 -0.20278303
0.018032426 -0.00270784 0.0012485404 0.39251238 -0.30349955 0.8682292
0.012254484 0.0002750737 0.0047983024 0.50346875 -0.21655215 0.83643544
0.018400624 0.0021372763 0.002546383 0.40358946 -0.21821924 0.88853586
0.024274109 -0.00028838206 -0.0009201709 0.4953119 -0.24787374 0.83260113
0.023082653 0.006463457 0.0014840905 0.44266635 -0.17505106 0.87943363
0.014033547 0.0071238093 0.005162509 0.39514378 -0.0842076 0.91475147
0.01760634 0.010286258 0.0041856337 0.34683806 -0.07713554 0.93474776
0.00974323 0.010921049 0.006972801 0.43886992 0.095947176 0.8934133
0.012015527 0.013590929 0.005972471 0.29864398 0.06265152 0.952306
0.0143730305 0.016849877 0.005266277 0.37211272 0.760045 0.53278846
0.0143730305 0.016849877 0.005266277 0.25583327 0.05754376 0.96500677
0.021188375 0.013936755 0.003219178 0.5255713 0.43823817 0.7291928
0.021188375 0.013936755 0.003219178 0.36556563 -0.11010293 0.92425054
0.00827169 0.018746525 0.00581198 0.23140821 0.9159618 0.32781717
0.00827169 0.018746525 0.00581198 0.19034638 0.37607485 0.9068274
0.014374906 0.017085224 0.004923636 0.3678741 0.76818347 0.5239874
0.014374906 0.017085224 0.004923636 0.09998694 0.6875593 -0.7192113
0.008405691 0.018854732 0.005408887 0.24769776 0.91145843 0.3284651
0.008405691 0.018854732 0.005408887 0.14914055 0.6242309 -0.76687217
0.021222303 0.014319158 0.002964709 0.5177925 0.44699308 0.72944367
0.021222303 0.014319158 0.002964709 0.067128874 0.74276656 -0.66617686
0.013562297 0.01635503 0.0041170362 0.33479756 0.93393344 0.12521566
0.013562297 0.01635503 0.0041170362 0.10891294 0.67734635 -0.72755754
0.020364543 0.013681627 0.0021709986 0.48163185 0.83938146 0.25193164
0.020364543 0.013681627 0.0021709986 0.06972847 0.7377348 -0.67147994
0.0134339295 0.016557008 0.0028786212 0.33047846 0.93745965 0.10933171
0.008029142 0.018015424 0.004657481 0.23312166 0.9722906 0.017474366
0.008029142 0.018015424 0.004657481 0.15225942 0.6181008 -0.77121234
0.007960424 0.018045124 0.0032108836 0.22793512 0.9736518 0.0069105914
0.0027465813 0.019077325 0.004289929 0.21129842 0.5641351 -0.7981884
0.0027465813 0.019077325 0.004289929 0.15419856 0.98793846 -0.014157261
0.0028115264 0.019041676 0.0027548391 0.14933272 0.98870665 -0.012606204
0.0030160183 0.020071074 0.0050717928 0.2060012 0.5723284 -0.79372776
0.0030160183 0.020071074 0.0050717928 0.14308497 0.9284216 0.34287018
-0.0016347648 0.019549588 0.0033604335 0.26781338 0.5012657 -0.82280546
-0.0016347648 0.019549588 0.0033604335 0.073777094 0.9972465 0.0075043123
-0.001500934 0.020663287 0.004091384 0.2621625 0.51170087 -0.81818885
-0.001500934 0.020663287 0.004091384 0.092126906 0.9957401 0.0037582784
-0.0013287012 0.019544331 0.0018893704 0.07140514 0.9974003 0.009699441
-0.0063497326 0.01969066 0.0018262174 0.2950221 0.44083232 -0.8477198
-0.0063497326 0.01969066 0.0018262174 -0.032572795 0.99900085 -0.030598454
-0.006450542 0.020872347 0.0024052672 0.29511383 0.4456939 -0.8451418
-0.006450542 0.020872347 0.0024052672 0.075628094 0.96191025 -0.2626958
-0.010577967 0.019167053 5.2437186e-05 0.29970136 0.44270858 -0.8450966
-0.010577967 0.019167053 5.2437186e-05 -0.10181615 0.9936872 -0.047109768
-0.010577967 0.019167053 5.2437186e-05 -0.9035504 -0.37703216 -0.20357665
-0.005958743 0.019658117 0.00042716414 -0.039324306 0.99865824 -0.03369469
-0.010213075 0.019140108 -0.0013340376 -0.101899534 0.99372464 -0.046130918
-0.0111993775 0.020420648 0.00048876554 0.29969892 0.44225207 -0.8453364
-0.0111993775 0.020420648 0.00048876554 -0.028783722 0.9865028 -0.1611946
-0.0111993775 0.020420648 0.00048876554 -0.90782857 -0.38144603 -0.17420195
-0.0111993775 0.020420648 0.00048876554 -0.92592174 -0.3645422 -0.09888318
-0.010647034 0.019156061 0.000379337 -0.1603336 0.25070798 -0.954693
-0.010647034 0.019156061 0.000379337 -0.90431875 -0.37779015 -0.19870153
-0.011071518 0.02003593 0.0006816797 -0.40113223 0.6673393 -0.62749606
-0.011071518 0.02003593 0.0006816797 -0.9094162 -0.38323763 -0.16152786
-0.011071518 0.02003593 0.0006816797 -0.93032575 -0.355115 -0.0915829
-0.010806009 0.019084018 0.00038711354 -0.1582695 0.25133908 -0.9548714
-0.011232067 0.019937374 0.00067911856 -0.39327806 0.6587535 -0.6413862
-0.011264775 0.019955156 0.0009888206 -0.5151394 0.8509056 -0.10291311
-0.011110807 0.020052087 0.001018146 -0.5164032 0.8501795 -0.102579504
-0.011110807 0.020052087 0.001018146 -0.92707956 -0.36210006 -0.09698919
-0.011110807 0.020052087 0.001018146 -0.9285321 -0.3612727 -0.085499436
-0.011850869 0.020209389 0.0059270933 -0.45812607 0.8832649 -0.099817626
-0.011690116 0.020294406 0.0059427936 -0.45823395 0.88320774 -0.099828154
-0.011690116 0.020294406 0.0059427936 -0.95057607 -0.29725817 -0.08968135
-0.012351267 0.020435635 0.010316556 -0.5032206 0.85826683 -0.100732885
-0.011814201 0.020726167 0.0058088377 -0.07425756 0.9954755 -0.059282847
-0.011814201 0.020726167 0.0058088377 -0.94872713 -0.3028788 -0.09045069
-0.011262102 0.020477217 0.0008461531 -0.02700411 0.9856756 -0.16647619
-0.011262102 0.020477217 0.0008461531 -0.08114221 0.99495834 -0.058938336
-0.011262102 0.020477217 0.0008461531 -0.9231187 -0.37035224 -0.1033973
-0.011262102 0.020477217 0.0008461531 -0.9273735 -0.36437827 -0.08489233
-0.007102206 0.021143775 0.007145237 0.093923315 0.9954035 -0.018715212
-0.0066285306 0.020964066 0.002685666 0.06254194 0.9615005 -0.2675913
-0.0066285306 0.020964066 0.002685666 0.013135296 0.9999073 -0.003590088
-0.001580436 0.020667175 0.00449113 0.11397628 0.9457843 0.30414054
-0.001580436 0.020667175 0.00449113 0.093077265 0.9954842 0.018652765
0.02012705 0.01407107 0.0012892634 0.471768 0.84900707 0.2379536
0.025794404 0.011164919 -0.00165263 0.66659486 0.6550396 0.35577303
0.025976086 0.010625402 -0.001024738 0.672619 0.6471756 0.3588139
0.025976086 0.010625402 -0.001024738 0.036314428 0.7828549 -0.62114376
0.03057564 0.007698453 -0.006149607 0.7719235 0.6022764 0.2034629
0.030900154 0.007096391 -0.005590873 0.7766711 0.60130876 0.18764222
0.030900154 0.007096391 -0.005590873 0.030101223 0.8187985 -0.57329136
0.033764344 0.0040475423 -0.011455455 0.7693111 0.63733035 0.04439154
0.03423764 0.0034516384 -0.010893013 0.7643654 0.64362043 0.038706012
0.03423764 0.0034516384 -0.010893013 0.1390035 -0.2384111 -0.961165
0.03423764 0.0034516384 -0.010893013 0.21904758 -0.6401922 -0.7363233
0.03423764 0.0034516384 -0.010893013 -0.013538238 0.823692 -0.5668759
0.035531387 0.0036341473 -0.010666825 0.88045675 0.3302521 0.34019032
0.035531387 0.0036341473 -0.010666825 0.21904758 -0.64019215 -0.73632336
0.035531387 0.0036341473 -0.010666825 0.22174352 -0.64483154 -0.73145205
0.035531387 0.0036341473 -0.010666825 -0.016850883 0.8230483 -0.5677215
0.03424052 0.0032044193 -0.010800289 0.10519266 -0.34816018 -0.93151426
0.035115916 0.0034400364 -0.010621652 0.85393023 -0.35100058 0.38418967
0.035115916 0.0034400364 -0.010621652 0.27800232 0.3766099 -0.883674
0.035115916 0.0034400364 -0.010621652 0.21904758 -0.6401922 -0.7363233
0.035115916 0.0034400364 -0.010621652 0.20264892 -0.67775273 -0.706813
0.03507747 0.003239904 -0.010719039 0.8757731 -0.29518396 0.38195273
0.03507747 0.003239904 -0.010719039 0.26041806 0.27168593 -0.92648214
0.034994464 0.0032812674 -0.010496738 0.8698578 -0.31122944 0.38273165
0.034994464 0.0032812674 -0.010496738 0.8125478 -0.3578129 0.4601476
0.034994464 0.0032812674 -0.010496738 0.19256173 -0.7072276 -0.68025666
0.034994464 0.0032812674 -0.010496738 0.19298111 -0.6936333 -0.6939964
0.03502672 0.0031566564 -0.010650225 0.8958438 -0.23364234 0.37798816
0.03502672 0.0031566564 -0.010650225 0.81242865 -0.35723934 0.4608032
0.035541996 0.0033493908 -0.010412572 0.8799635 0.3342228 0.3375788
0.035541996 0.0033493908 -0.010412572 0.72313285 -0.20082937 0.6608679
0.035541996 0.0033493908 -0.010412572 0.20027205 -0.7106676 -0.6744202
0.035541996 0.0033493908 -0.010412572 0.2137164 -0.658929 -0.7212059
0.03176181 -0.00037309888 -0.007612549 0.7614374 -0.4590135 0.45773304
0.03176181 -0.00037309888 -0.007612549 0.27542618 -0.76124763 -0.58706266
0.032079704 -0.0004757339 -0.0073279366 0.68806076 -0.17563882 0.70407635
0.032079704 -0.0004757339 -0.0073279366 0.27887037 -0.762254 -0.5841234
0.027995965 -0.003396511 -0.005237708 0.6217067 -0.3898813 0.67931825
0.027995965 -0.003396511 -0.005237708 0.2665734 -0.8078881 -0.5256002
0.031812757 -0.00046864047 -0.0077943057 0.7799947 -0.43636408 0.44854736
0.028030647 -0.0035423795 -0.005353391 0.6221999 -0.39285055 0.67715263
0.023155274 -0.0062270244 -0.0031736884 0.47814018 -0.39591655 0.7839847
0.023127252 -0.006068304 -0.0030766428 0.48166522 -0.39758837 0.7809751
0.023127252 -0.006068304 -0.0030766428 0.25704575 -0.8823651 -0.39415652
0.017971737 -0.008218589 -0.0015197601 0.41128668 -0.6897208 0.59592646
0.017985933 -0.008061642 -0.0013464782 0.41310778 -0.6904233 0.59384996
0.017985933 -0.008061642 -0.0013464782 0.22462995 -0.94743246 -0.22784437
0.012391824 -0.009564492 0.00028811954 0.43652084 -0.5560017 0.70732707
0.012390338 -0.009418497 0.00040317513 0.4452757 -0.55103123 0.7057579
0.012390338 -0.009418497 0.00040317513 0.13238285 -0.97126585 -0.1977811
0.008089617 -0.01046826 0.002832448 0.5833911 -0.45250925 0.67445546
0.008089617 -0.01046826 0.002832448 -0.07351993 -0.97185373 -0.22381955
0.008125646 -0.010324462 0.0029048957 0.5510678 -0.48145947 0.6815577
0.008125646 -0.010324462 0.0029048957 -0.014307214 -0.9636983 -0.26660994
0.007987278 -0.01048484 0.0029380415 0.6936224 -0.3536122 0.6275718
0.007987278 -0.01048484 0.0029380415 -0.072009854 -0.97339803 -0.21751031
0.0065434417 -0.010223166 0.0022760984 -0.049574085 -0.9610814 -0.271781
0.0063829604 -0.01027065 0.0024708845 -0.045863055 -0.9618728 -0.26962417
0.0062187407 -0.010319238 0.0026702173 -0.042997263 -0.96192765 -0.26990086
0.0062187407 -0.010319238 0.0026702173 -0.24336933 -0.40091434 0.8831982
0.007881202 -0.010498752 0.0030451734 0.65437216 -0.31696638 0.68653435
0.007881202 -0.010498752 0.0030451734 -0.0705368 -0.97646356 -0.20382223
0.007881202 -0.010498752 0.0030451734 -0.24257745 -0.40998662 0.8792425
0.0062630055 -0.010142329 0.0027625728 -0.24776612 -0.38554633 0.88880026
0.0066043446 -0.008423851 0.0035473686 -0.2568277 -0.36295605 0.8957133
0.0078710485 -0.010364465 0.0031049885 0.62111074 -0.27924997 0.7322847
0.0078710485 -0.010364465 0.0031049885 -0.011606764 -0.9770965 -0.21248002
0.0078710485 -0.010364465 0.0031049885 -0.24022953 -0.6906173 0.68215656
0.007999696 -0.010343966 0.0030036941 0.650201 -0.36758363 0.66492176
0.007999696 -0.010343966 0.0030036941 -0.025348417 -0.9767655 -0.2128063
0.008267831 -0.010395375 0.0032254476 0.393952 -0.41251773 0.82135934
0.008267831 -0.010395375 0.0032254476 -0.056209467 -0.98543435 -0.16049817
0.008267831 -0.010395375 0.0032254476 -0.25491172 -0.38606578 0.88655126
0.006900172 -0.0055185407 0.004815137 -0.25313902 -0.37067175 0.89360124
0.0067920624 -0.0015762307 0.0064600836 -0.2575906 -0.38846165 0.88472855
0.0058023226 0.0032371571 0.0083443 -0.24545251 -0.40441364 0.8810237
0.004581711 0.006528708 0.009567587 -0.2322702 -0.45759547 0.85828716
0.006028677 0.0071626324 0.010302717 0.23020904 -0.28324014 0.9310096
0.006028677 0.0071626324 0.010302717 -0.24425021 -0.47713193 0.844208
0.002713033 0.00995712 0.011122799 -0.2505422 -0.6501376 0.7173212
0.00074636866 0.012435563 0.013317769 -0.22659478 -0.88681144 0.40276575
-0.00044236775 0.01351006 0.016806675 -0.19190003 -0.9810667 0.026128737
-0.0004851251 0.013094649 0.019982493 -0.16460489 -0.948826 -0.2695078
-0.00010117027 0.012084465 0.021932079 -0.16491231 -0.82051 -0.5473273
0.018044353 -0.008136298 -0.0009720847 0.39458412 -0.35515857 0.8474467
0.018044353 -0.008136298 -0.0009720847 0.21177073 -0.9516005 -0.22273262
0.023239516 -0.0062023066 -0.002700122 0.4654616 -0.32615218 0.822782
0.023239516 -0.0062023066 -0.002700122 0.2507772 -0.88749397 -0.38660747
0.021455413 -0.0029636575 -0.000361396 0.41761813 -0.32436296 0.8487542
0.028149014 -0.0035841502 -0.004870532 0.5839135 -0.23389906 0.77739066
0.028149014 -0.0035841502 -0.004870532 0.2555478 -0.8154566 -0.5193513
0.028312042 0.003181843 -0.0025523473 0.5973518 -0.23969316 0.76532215
0.03194645 0.007086479 -0.004740102 0.83483654 0.27713373 0.47565207
0.03194645 0.007086479 -0.004740102 0.6750139 -0.23677298 0.69878095
0.026913011 0.010792746 1.992844e-05 0.69393206 0.35103518 0.6286753
0.026913011 0.010792746 1.992844e-05 0.50392056 -0.14064288 0.85222274
0.031937473 0.0074961674 -0.0049612243 0.8257157 0.28168032 0.4887227
0.031937473 0.0074961674 -0.0049612243 0.030162808 0.81854004 -0.5736571
0.02692259 0.011213154 -0.00022525899 0.682265 0.3569216 0.63806057
0.02692259 0.011213154 -0.00022525899 0.039347336 0.78396136 -0.6195615
0.0038351961 0.0044718934 0.034468397 0.96526134 0.25104928 0.07242004
0.0047548083 0.0003124039 0.034108922 0.984161 0.16178016 0.072486565
0.005312058 -0.0041101566 0.033559375 0.9957723 0.051165584 0.076286495
0.0043348465 0.00036593818 0.039532207 0.98393357 0.16011496 0.07898071
0.0048516826 -0.0040656896 0.03924734 0.9954033 0.04329904 0.085425235
0.0038633333 0.00043326907 0.044965923 0.9838259 0.15499792 0.08978935
0.004319863 -0.00393889 0.044845924 0.99424344 0.0308334 0.102612846
0.0033330014 0.0005542255 0.050263047 0.98325694 0.14650938 0.108355016
0.0037240535 -0.0036862986 0.05012709 0.99219865 0.01715378 0.123481
0.003062815 -0.0034725787 0.05495459 0.9873133 0.0029976412 0.15875638
0.0057048365 -0.0041111493 0.027951283 0.99600434 0.05643822 0.06920917
-0.017511832 0.017881913 -0.0022721812 -0.3642975 0.9110733 -0.19295806
-0.017511832 0.017881913 -0.0022721812 -0.51861995 0.854822 0.017684786
-0.014422797 0.019383557 -0.0005405694 -0.24306856 0.92972493 -0.27663907
-0.014422797 0.019383557 -0.0005405694 -0.3864007 0.92079985 -0.053123515
-0.01740776 0.01781807 -0.0027690828 0.24239095 0.5145648 -0.8224779
-0.01740776 0.01781807 -0.0027690828 -0.37588143 0.90498626 -0.19928116
-0.017828533 0.017493986 0.0022208933 -0.61793226 0.785974 0.020112688
-0.020631282 0.015974006 -0.004520433 -0.43671417 0.8794324 -0.18941894
-0.020631282 0.015974006 -0.004520433 -0.67139906 0.73032707 0.12587975
-0.023146894 0.013992055 -0.0068641584 -0.5211788 0.8286419 -0.20426765
-0.023146894 0.013992055 -0.0068641584 -0.80442107 0.55189663 0.21981058
-0.020466574 0.015197329 2.3650005e-05 -0.74210626 0.6626897 0.10060113
-0.02056228 0.015910184 -0.00497582 0.25896743 0.5512972 -0.7930999
-0.02056228 0.015910184 -0.00497582 -0.46311185 0.8652879 -0.1918442
-0.023019267 0.013985339 -0.007217042 0.28406596 0.5795193 -0.763848
-0.023019267 0.013985339 -0.007217042 -0.544111 0.81257874 -0.20894794
-0.019874819 0.015224962 -0.005229652 0.25824037 0.55262035 -0.79241574
-0.019874819 0.015224962 -0.005229652 -0.28241637 0.87214166 -0.39951223
-0.022282995 0.013337184 -0.0074349744 0.28389716 0.5815084 -0.76239777
-0.022282995 0.013337184 -0.0074349744 -0.31399536 0.8552819 -0.4121891
-0.019411419 0.014769231 -0.0065097585 -0.28449634 0.8659729 -0.41128206
-0.016829673 0.016999576 -0.0031107888 0.24291712 0.51590335 -0.82148343
-0.016829673 0.016999576 -0.0031107888 -0.28591454 0.9092655 -0.30247182
-0.0164013 0.016696854 -0.004373092 -0.28618568 0.9014326 -0.32483396
-0.013749879 0.018351464 -0.0014130846 0.24165861 0.5041463 -0.82911855
-0.013749879 0.018351464 -0.0014130846 -0.2178836 0.9538475 -0.20664379
-0.010824133 0.01912128 -7.385202e-05 0.88908964 0.45605356 0.039174706
-0.010824133 0.01912128 -7.385202e-05 0.25057122 0.45834306 -0.8527225
-0.010824133 0.01912128 -7.385202e-05 -0.22567083 0.96449685 -0.13718042
-0.013349235 0.018143116 -0.0027972274 -0.24241489 0.94678664 -0.21173123
-0.014310477 0.019264176 -0.0010215044 0.24191841 0.49664313 -0.8335594
-0.014310477 0.019264176 -0.0010215044 -0.24719869 0.92535216 -0.2874306
-0.01146898 0.0203568 0.00037760846 0.89346564 0.44550383 0.056968547
-0.01146898 0.0203568 0.00037760846 0.25180218 0.44537744 -0.8592059
-0.01146898 0.0203568 0.00037760846 -0.25867867 0.9500142 -0.17480975
-0.011534659 0.020425076 0.0008737799 0.8921417 0.44283327 0.0893409
-0.011534659 0.020425076 0.0008737799 0.89182097 0.4496067 0.050091315
-0.011534659 0.020425076 0.0008737799 -0.26183856 0.9508165 -0.1654949
-0.011534659 0.020425076 0.0008737799 -0.30247182 0.9496538 -0.081661426
-0.012113711 0.020658975 0.0057386197 0.8975268 0.43320456 0.08233713
-0.012113711 0.020658975 0.0057386197 -0.3761161 0.9239488 -0.069681145
-0.010935297 0.01929132 0.00055330805 0.8907745 0.44537905 0.09032331
-0.010935297 0.01929132 0.00055330805 0.88737243 0.4598997 0.032596163
-0.011208706 0.018856874 0.0053919293 0.89632124 0.43536526 0.08405572
-0.011693951 0.019037647 0.009806385 0.9005192 0.42784804 0.07753126
-0.012594759 0.020885572 0.010110607 0.90118176 0.42656034 0.076926745
-0.012594759 0.020885572 0.010110607 -0.40236956 0.911208 -0.088310435
-0.012231756 0.019298192 0.014664462 0.90145785 0.42640775 0.07449862
-0.013097562 0.021117166 0.014731472 0.90122074 0.4269388 0.074326165
-0.013097562 0.021117166 0.014731472 -0.40708354 0.9091338 -0.08808462
-0.012688687 0.01952364 0.019060371 0.89996696 0.43009683 0.07124707
-0.013559045 0.021325458 0.019159215 0.89970076 0.43067768 0.071100526
-0.013559045 0.021325458 0.019159215 -0.4058143 0.910327 -0.08136102
-0.013115684 0.019710762 0.023455167 0.8998847 0.4308848 0.067422226
-0.013983466 0.021507699 0.023553954 0.89981145 0.43106768 0.06723083
-0.013983466 0.021507699 0.023553954 -0.4060501 0.91104776 -0.07152238
-0.013460012 0.019833904 0.027374616 0.8996039 0.4319946 0.06398019
-0.014324883 0.021636188 0.027360165 0.9007401 0.42981094 0.06268866
-0.014324883 0.021636188 0.027360165 -0.40921202 0.91059583 -0.057970814
-0.013758663 0.019907022 0.031203771 0.905897 0.4194974 0.058073703
-0.01458966 0.02172604 0.031115176 0.9056612 0.41999057 0.058186084
-0.01458966 0.02172604 0.031115176 -0.40844744 0.9116465 -0.045511212
-0.014054393 0.01994133 0.035456732 0.89841884 0.43482378 0.061414465
-0.014943361 0.021756047 0.035509095 0.89773357 0.43620324 0.06165301
-0.014943361 0.021756047 0.035509095 -0.4352811 0.9001214 -0.017657205
-0.014352147 0.019921558 0.04040122 0.9024101 0.42769024 0.052317347
-0.015192835 0.021685433 0.0405439 0.9021929 0.4281185 0.052559078
-0.015192835 0.021685433 0.0405439 -0.50365 0.8635609 0.024474027
-0.014539834 0.01958861 0.046305366 0.89525163 0.44222468 0.054421622
-0.015419627 0.021358125 0.046326637 0.8946635 0.4433193 0.05518315
-0.015419627 0.021358125 0.046326637 -0.52085084 0.8511598 0.0651255
-0.0145231895 0.01893879 0.051723428 0.89733917 0.43888834 0.046470486
-0.015399177 0.02071355 0.05190801 0.898121 0.4373708 0.04566695
-0.015399177 0.02071355 0.05190801 -0.5233687 0.8363419 0.16314825
-0.0141635295 0.017591793 0.057661757 0.90227735 0.42903906 0.04267427
-0.01497093 0.019231895 0.058291048 0.9027018 0.4281994 0.042127986
-0.01497093 0.019231895 0.058291048 -0.5046552 0.8031399 0.31668487
-0.013400216 0.015463571 0.062527694 0.89941645 0.43582562 0.033258434
-0.0141217485 0.016857054 0.06378093 0.89637697 0.441619 0.03848199
-0.0141217485 0.016857054 0.06378093 -0.44672006 0.7332617 0.51260936
-0.01204478 0.012556753 0.06686596 0.87509745 0.47744602 0.079054326
-0.012739463 0.0135654425 0.068274245 0.8732238 0.4803879 0.08190064
-0.012739463 0.0135654425 0.068274245 -0.35339272 0.5952223 0.72168136
-0.010504518 0.0093165925 0.06929035 0.8797831 0.470916 0.06495993
-0.010960691 0.009917761 0.071211934 0.8807059 0.4697754 0.060565084
-0.010960691 0.009917761 0.071211934 -0.2142368 0.44599172 0.8690189
-0.009020213 0.006309415 0.070604324 0.87426883 0.48351178 0.043246698
-0.009020213 0.006309415 0.070604324 0.88042885 0.4709307 0.05540084
-0.009314805 0.0066318763 0.07259524 0.8812135 0.46903184 0.058921598
-0.009314805 0.0066318763 0.07259524 -0.07176267 0.25976524 0.9630016
-0.007894703 0.0041914945 0.0710432 0.87800395 0.47633663 0.047036815
-0.007894703 0.0041914945 0.0710432 0.8800382 0.47033998 0.06567397
-0.007894703 0.0041914945 0.0710432 0.41466606 -0.9090315 0.041397747
-0.007894703 0.0041914945 0.0710432 0.42604432 -0.9042879 0.02738144
-0.0082662795 0.0053636124 0.06418349 0.8539623 0.5197946 0.023704678
-0.0074378746 0.003981891 0.064638466 0.8592483 0.5107568 0.028632885
-0.0074378746 0.003981891 0.064638466 0.38010624 -0.9231647 0.057323992
-0.010121439 0.0029035835 0.06506729 0.41010296 -0.91100913 0.043335766
-0.010775153 0.0028455472 0.07141115 0.41761455 -0.90782475 0.038109936
-0.010775153 0.0028455472 0.07141115 0.4158935 -0.9090078 0.027155764
-0.01235212 0.0018071934 0.06393303 0.41702121 -0.90809566 0.038150556
-0.014318794 0.0012281082 0.07013681 0.40227115 -0.9145494 0.042157482
-0.014318794 0.0012281082 0.07013681 0.39359796 -0.9183424 0.04156628
-0.01502249 0.0010177261 0.07204233 0.3937846 -0.91820836 0.042744298
-0.01502249 0.0010177261 0.07204233 -0.5451844 0.018612595 0.8381095
-0.017491972 -0.0002778665 0.06677085 0.39805752 -0.91671866 0.034310877
-0.018818637 -0.00080662675 0.06810199 0.39810356 -0.9166985 0.03431309
-0.018818637 -0.00080662675 0.06810199 -0.77436125 -0.14039603 0.6169713
-0.01975796 -0.0014045358 0.06242878 0.3868032 -0.9215936 0.032379877
-0.02136829 -0.0020555826 0.06306812 0.38118413 -0.9239305 0.03242249
-0.02136829 -0.0020555826 0.06306812 -0.8896371 -0.23141675 0.39369026
-0.02116208 -0.0021633701 0.057459623 0.3502778 -0.93602514 0.03409241
-0.022879109 -0.0027844617 0.0578126 0.3494675 -0.93630826 0.034630895
-0.022879109 -0.0027844617 0.0578126 -0.938268 -0.25453663 0.23423125
-0.022140706 -0.0027462663 0.051934965 0.37753475 -0.9253446 0.03471222
-0.023746883 -0.003410329 0.051880687 0.3793342 -0.9246627 0.033232234
-0.023746883 -0.003410329 0.051880687 -0.9569335 -0.26183614 0.12538023
-0.02258814 -0.003121131 0.045389146 0.3649098 -0.9307029 0.0251611
-0.024235485 -0.0037637698 0.045397475 0.36554235 -0.9304458 0.025483362
-0.024235485 -0.0037637698 0.045397475 -0.9630125 -0.26140285 0.06538743
-0.022810219 -0.0034001814 0.038622454 0.38627863 -0.9219532 0.02812649
-0.02445661 -0.0040916083 0.038707957 0.38680324 -0.9217312 0.028193515
-0.02445661 -0.0040916083 0.038707957 -0.96533114 -0.25907525 0.03187238
-0.022904666 -0.0035953773 0.032886066 0.3736457 -0.9272973 0.022555161
-0.024546029 -0.0042567803 0.032754093 0.37100482 -0.9283704 0.02199566
-0.024546029 -0.0042567803 0.032754093 -0.96879387 -0.24776252 0.0072153173
-0.022849914 -0.0037414832 0.026464054 0.36053744 -0.93248403 0.022051545
-0.024522962 -0.004385245 0.026501117 0.3587413 -0.9331907 0.021447074
-0.024522962 -0.004385245 0.026501117 -0.9716825 -0.23610969 -0.009243048
-0.022638826 -0.0038185501 0.020011818 0.35202518 -0.9357328 0.021963082
-0.024374714 -0.0044742236 0.019836204 0.34836546 -0.93712723 0.020834278
-0.024374714 -0.0044742236 0.019836204 -0.97574496 -0.21699327 -0.028908221
-0.022522712 -0.0039245477 0.014007473 0.3217797 -0.94664574 0.017881395
-0.024179598 -0.004483604 0.013893409 0.32206243 -0.9465444 0.01815098
-0.024179598 -0.004483604 0.013893409 -0.9809734 -0.19108789 -0.03430332
-0.022312311 -0.0040018465 0.0075950306 0.3544275 -0.9346371 0.028890118
-0.023966229 -0.0046331 0.007685365 0.3582053 -0.9331472 0.030420082
-0.023966229 -0.0046331 0.007685365 -0.9836924 -0.17958292 -0.0099632675
-0.022355488 -0.0042152023 0.00041119568 0.3618823 -0.9318365 0.026871873
-0.023986831 -0.0048530614 0.00028650276 0.36317983 -0.93132246 0.027183117
-0.023986831 -0.0048530614 0.00028650276 -0.98119885 -0.18777663 0.04459484
-0.022691218 -0.004562007 -0.0069789086 0.37323448 -0.9272515 0.030009005
-0.024409655 -0.0052548973 -0.0069531817 0.3729081 -0.9273782 0.030155111
-0.024409655 -0.0052548973 -0.0069531817 -0.95510143 -0.26242244 0.13753475
-0.02375418 -0.0052159294 -0.013725781 0.35984257 -0.93248594 0.03135727
-0.025442917 -0.005866752 -0.013784357 0.36064395 -0.9321548 0.031989213
-0.025442917 -0.005866752 -0.013784357 -0.92904544 -0.321544 0.18298627
-0.024836835 -0.0058878465 -0.020815227 0.38077286 -0.9239832 0.035595898
-0.024836835 -0.0058878465 -0.020815227 0.09364531 0.011376114 -0.9955406
-0.026590155 -0.0066250814 -0.020988578 0.3843399 -0.92249346 0.03589894
-0.026590155 -0.0066250814 -0.020988578 0.098068625 0.011621705 -0.99511176
-0.026590155 -0.0066250814 -0.020988578 -0.8964054 -0.38844603 0.21346457
-0.026855865 -0.0018891875 -0.020959456 0.10394479 0.022821428 -0.9943212
-0.02841828 -0.0027524983 -0.021146499 0.10600674 0.021676904 -0.9941291
-0.02841828 -0.0027524983 -0.021146499 -0.9086408 -0.3389158 0.24394268
-0.028496383 0.0019490197 -0.020999992 0.09509013 0.0049713133 -0.9954562
-0.029932262 0.0019226219 -0.021131838 0.091566876 -0.007189064 -0.995773
-0.029932262 0.0019226219 -0.021131838 -0.9576311 0.28044844 -0.065507725
-0.029932262 0.0019226219 -0.021131838 -0.92650044 -0.24853598 0.28253624
-0.028529406 0.0022906947 -0.02101227 0.14644791 0.75750446 -0.6361919
-0.028529406 0.0022906947 -0.02101227 0.09980011 -0.026103668 -0.99466497
-0.028529406 0.0022906947 -0.02101227 -0.680648 0.61341304 -0.40055293
-0.029787293 0.0024153255 -0.021141753 0.14067031 0.7576865 -0.63727796
-0.029787293 0.0024153255 -0.021141753 0.09326695 -0.044190638 -0.99465996
-0.029787293 0.0024153255 -0.021141753 -0.9554385 0.28673565 -0.070142016
-0.028054157 0.0051640784 -0.017419504 0.1827497 0.7412512 -0.6458709
-0.028054157 0.0051640784 -0.017419504 -0.56493783 0.716059 -0.41000575
-0.027805222 0.0031642145 -0.02090513 -0.6670146 0.624677 -0.4060421
-0.027121572 0.005792378 -0.017597761 -0.5658466 0.7325059 -0.37848738
-0.025936568 0.008015883 -0.014679412 -0.45933983 0.77963 -0.42565703
-0.026732001 0.007904445 -0.014026191 0.21162829 0.69715 -0.6849784
-0.026732001 0.007904445 -0.014026191 -0.45944396 0.7790749 -0.42656
-0.02427169 0.010342642 -0.011769638 -0.32945335 0.8281941 -0.45338193
-0.025141073 0.010456833 -0.010929301 0.28232312 0.6393782 -0.7151847
-0.025141073 0.010456833 -0.010929301 -0.3373094 0.8291013 -0.44588482
-0.021740919 0.012982223 -0.008584451 -0.3220423 0.8496549 -0.41758272
-0.025963869 0.010901331 -0.01085672 0.27772084 0.64230704 -0.7143618
-0.025963869 0.010901331 -0.01085672 -0.6873011 0.7128849 -0.13932776
-0.026099063 0.010872249 -0.010338608 -0.66766256 0.73322535 -0.128869
-0.026099063 0.010872249 -0.010338608 -0.90738845 0.28552514 0.30841798
-0.027948007 0.008156529 -0.014137621 0.20804834 0.70293206 -0.6801489
-0.027948007 0.008156529 -0.014137621 -0.88636494 0.46294847 0.0059889024
-0.02803816 0.007966654 -0.013777009 -0.8818172 0.47079247 0.027434785
-0.02803816 0.007966654 -0.013777009 -0.9409119 0.05600408 0.3339887
-0.029090697 0.005335856 -0.017515648 0.18135352 0.74308985 -0.6441493
-0.029090697 0.005335856 -0.017515648 -0.8633339 0.47228098 -0.17777891
-0.029243572 0.005221154 -0.017077977 -0.85648644 0.4909567 -0.15934983
-0.029243572 0.005221154 -0.017077977 -0.93804723 -0.1401417 0.31690338
-0.0265388 0.0049662516 -0.009136066 -0.9619905 0.016958654 0.2725561
-0.025588213 0.0076898965 -0.00687477 -0.9475172 0.16965418 0.27097735
-0.0248843 0.0049660206 -0.0020858496 -0.98322225 0.09831428 0.15364991
-0.027004037 0.0017307113 -0.011467439 -0.95907956 -0.13263339 0.25014952
-0.02646725 -0.0023560137 -0.012703952 -0.9417164 -0.26421827 0.20822853
-0.025290411 0.0017689188 -0.0039223637 -0.9870477 -0.04323326 0.15449187
-0.025137402 -0.0019358144 -0.0055522546 -0.9724682 -0.1873607 0.1385701
-0.024656978 0.0019788984 0.0030137394 -0.99910194 0.005256728 0.04204408
-0.024711555 0.001960612 0.009344524 -0.9993902 0.011762531 -0.032876015
-0.02449519 -0.0019172103 0.0014046468 -0.9907536 -0.12794138 0.045148786
-0.024351258 0.0051208613 0.004538281 -0.9894471 0.14351262 0.019960232
-0.024517177 0.0051024454 0.010458535 -0.98991203 0.1322143 -0.05092683
-0.023837646 0.0076768408 0.0059075076 -0.97108793 0.23870382 0.002981815
-0.024067938 0.007823688 0.011586344 -0.9697908 0.23415656 -0.068384424
-0.024173759 0.0075816987 -0.00036022812 -0.96714646 0.21442913 0.13655661
-0.023064828 0.010183188 0.007247545 -0.9300681 0.3660438 -0.031389654
-0.02340884 0.010379554 0.0127414 -0.9348535 0.34435436 -0.08642329
-0.021953402 0.012834626 0.008745877 -0.8804495 0.47120816 -0.05264491
-0.023201803 0.010149025 0.0014406051 -0.9324698 0.34752315 0.098629884
-0.021881485 0.012733484 0.0033642817 -0.8787514 0.4742142 0.054007027
-0.024211138 0.010316712 -0.0044894014 -0.91524494 0.32276535 0.24114165
-0.022387573 0.012977012 -0.0019592512 -0.84815735 0.501641 0.17025095
-0.02025724 0.015126987 0.00516844 -0.76159394 0.6478302 -0.017049788
-0.020424994 0.015382421 0.01031019 -0.77459395 0.62714195 -0.08183503
-0.018005515 0.017536294 0.007031681 -0.6509791 0.7572477 -0.052934192
-0.015334291 0.019539641 0.008644203 -0.47938827 0.8739443 -0.08005177
-0.018332446 0.01778665 0.011995474 -0.6519906 0.7526458 -0.09182826
-0.015751034 0.019798849 0.013420446 -0.4936237 0.8648781 -0.09122178
-0.018803991 0.018055325 0.016930109 -0.6494289 0.75367767 -0.1010545
-0.016195599 0.02005029 0.018077238 -0.49474928 0.8643941 -0.08970027
-0.019231489 0.01827539 0.021363353 -0.65063626 0.75368917 -0.09287106
-0.020849599 0.01568601 0.015326684 -0.778803 0.618526 -0.10436131
-0.022365477 0.013059776 0.013976255 -0.87747693 0.46915674 -0.0996303
-0.021308322 0.015928265 0.020122929 -0.7817893 0.61580276 -0.09794034
-0.022850515 0.013334409 0.01901806 -0.877207 0.46928343 -0.10139455
-0.021625776 0.016209682 0.024754966 -0.7826538 0.6170441 -0.0819115
-0.023259867 0.013582307 0.023933819 -0.87846476 0.470105 -0.08544438
-0.02175114 0.016567511 0.02915606 -0.77859414 0.6241892 -0.064645186
-0.01955224 0.018495569 0.0256473 -0.65090156 0.75504065 -0.07899933
-0.016977817 0.020394634 0.026584921 -0.4946659 0.8665333 -0.06652581
-0.01980408 0.018663205 0.029707504 -0.65113735 0.75625205 -0.06405468
-0.01727077 0.020506166 0.03068355 -0.49065664 0.86979705 -0.052049063
-0.020000244 0.0187103 0.032878682 -0.65871125 0.75111485 -0.043884616
-0.018176515 0.020153217 0.034560278 -0.5262469 0.85017675 -0.016235849
-0.021583352 0.01713742 0.033601545 -0.7761358 0.6303281 -0.017306821
-0.023700537 0.014062292 0.033346258 -0.87723523 0.479295 -0.027105175
-0.020280182 0.018669497 0.03902161 -0.6692578 0.74285156 0.016293142
-0.023816694 0.014104626 0.038890317 -0.8805674 0.47388795 0.0055959313
-0.020379687 0.018333027 0.046062186 -0.6736422 0.73597664 0.067413904
-0.023750054 0.013881118 0.045534812 -0.8853463 0.46097934 0.060497638
-0.02001568 0.017814785 0.05188144 -0.66973007 0.72437567 0.16352823
-0.023327367 0.013408816 0.051635563 -0.8789688 0.4535357 0.1473743
-0.019194784 0.016727414 0.057947956 -0.6409322 0.70730805 0.29819658
-0.022292905 0.012901909 0.05743345 -0.84888273 0.4586471 0.26275632
-0.017965076 0.014915186 0.063290134 -0.57698923 0.66409314 0.47546157
-0.020773513 0.011965211 0.062502906 -0.788352 0.45703554 0.41184878
-0.016459381 0.01220373 0.06764588 -0.49020687 0.55320674 0.6735425
-0.014428331 0.008720859 0.07096429 -0.3855147 0.38051003 0.84058934
-0.019284548 0.009990505 0.066434234 -0.7081832 0.385497 0.5914968
-0.017777035 0.0068895025 0.06940122 -0.64267373 0.21213841 0.7361846
-0.021027833 0.008350818 0.06483413 -0.8326792 0.28799018 0.47297677
-0.020719215 0.0051882444 0.06628425 -0.8266553 0.06654835 0.5587595
-0.022476202 0.008345819 0.06181939 -0.9035768 0.23663472 0.35714576
-0.022792496 0.004354137 0.06226684 -0.92901033 0.005316524 0.37001544
-0.02393936 0.008413161 0.057101235 -0.9503927 0.20734835 0.23186293
-0.024295578 0.0040208315 0.057188213 -0.97504973 -0.018975522 0.22117418
-0.024876058 0.008785798 0.051370963 -0.97194356 0.19712757 0.12832206
-0.02522987 0.004057723 0.051440448 -0.9924463 -0.024401035 0.12022898
-0.02539513 0.008989214 0.04488562 -0.9792959 0.19604526 0.050456017
-0.025743498 0.0040960303 0.045108333 -0.99818134 -0.023891198 0.05534631
-0.025563221 0.008898298 0.037389807 -0.9813209 0.19225559 0.00686262
-0.025936496 0.0038266769 0.038586073 -0.9996639 -0.021745358 0.014118974
-0.025021257 0.01069115 0.032309003 -0.9562992 0.29084516 -0.03001613
-0.025787443 0.0066584526 0.032011725 -0.99531686 0.0958911 -0.012216433
-0.025432253 0.008633611 0.030510737 -0.98033047 0.19437693 -0.03420167
-0.02567595 0.0057912106 0.026873214 -0.99523795 0.08372672 -0.049914144
-0.025895935 0.0030543776 0.032708928 -0.99895203 -0.045457613 -0.0053320485
-0.025374865 -0.00101173 0.03292293 -0.9822687 -0.18746187 0.002479915
-0.025745519 0.0026175072 0.027044905 -0.998249 -0.049165588 -0.03288832
-0.025244901 -0.0014241886 0.026756441 -0.98351926 -0.18006589 -0.01631671
-0.025438549 0.0021299003 0.021105448 -0.99772656 -0.036435366 -0.056694277
-0.025058234 0.001962089 0.015286678 -0.9980718 -0.009867722 -0.061280847
-0.025048852 -0.0014923372 0.0204728 -0.98725367 -0.15400465 -0.040158156
-0.025373634 0.005335464 0.02154178 -0.99323106 0.092196904 -0.07065261
-0.02496632 0.008230119 0.022123208 -0.9744315 0.20943612 -0.08136138
-0.024948794 0.0051223775 0.016069332 -0.9908293 0.10918479 -0.07959923
-0.024530787 0.008024863 0.016993256 -0.9704158 0.2233017 -0.09181268
-0.023874365 0.010688161 0.01795456 -0.9373995 0.3336904 -0.09966467
-0.024307221 0.010914781 0.022981128 -0.940596 0.32849166 -0.08586298
-0.024661018 0.011016577 0.027760928 -0.9446161 0.32180652 -0.06435128
-0.023509566 0.013882886 0.028566709 -0.87778527 0.4745582 -0.06547988
-0.025270924 0.008458068 0.026860958 -0.9773175 0.2020592 -0.06342268
-0.024760306 -0.0015592863 0.014523594 -0.9906965 -0.12957618 -0.041598387
-0.02449531 -0.0017381067 0.0083292965 -0.99324787 -0.1140248 -0.021377802
-0.02536936 -0.0006461934 0.03903032 -0.9812044 -0.19098699 0.027603228
-0.02515871 -0.00037290982 0.04535617 -0.9789232 -0.19442178 0.06252686
-0.024679145 -0.00012621738 0.05161777 -0.9734812 -0.19392847 0.1213511
-0.023755018 0.00022708916 0.057576567 -0.95557684 -0.18579465 0.22880843
-0.022232719 0.0007881663 0.062799744 -0.9075188 -0.16261743 0.38725325
-0.019900057 0.0019268236 0.06738086 -0.79829705 -0.08063415 0.5968416
-0.01611382 0.0036703972 0.07122903 -0.57689023 0.0838034 0.8125113
-0.012394205 0.005466408 0.072680146 -0.2578227 0.22580074 0.9394368
-0.010734266 0.002926643 0.073509626 0.41560787 -0.9090674 0.029439816
-0.010734266 0.002926643 0.073509626 -0.16254799 0.20872127 0.9643721
-0.008061071 0.004175815 0.073114455 0.88175064 0.46581984 0.07434892
-0.008061071 0.004175815 0.073114455 0.4261852 -0.90422964 0.027108233
-0.008061071 0.004175815 0.073114455 -0.023945676 0.24570765 0.9690482
-0.016619923 0.020248389 0.022492783 -0.49444252 0.86550474 -0.080175415
-0.014964521 0.019363146 0.004075827 -0.44908303 0.89210397 -0.049748998
-0.010434447 0.019053899 -0.0014646407 -0.2475519 0.9619099 -0.11596351
-0.017844986 -0.013763999 0.007632861 -0.6353143 -0.77007836 -0.057923704
-0.018547183 -0.013604737 0.013908243 -0.68637604 -0.7254413 -0.051212877
-0.013133874 -0.016470814 0.00828485 -0.33049905 -0.939246 -0.09266831
-0.016891304 -0.0140721975 0.00077969395 -0.55734986 -0.8301607 -0.013937682
-0.02149451 -0.009781963 0.007561641 -0.82007366 -0.5718725 -0.020997446
-0.023851348 -0.004945631 0.0077410433 -0.47752792 0.87829405 -0.023805544
-0.023851348 -0.004945631 0.0077410433 -0.8989979 -0.4379288 -0.004590949
-0.021087546 -0.010229592 0.00030180998 -0.78332883 -0.6214368 0.014568842
-0.02181428 -0.009625662 0.013838762 -0.8425451 -0.5376006 -0.03321634
-0.024051834 -0.0048400173 0.013934618 -0.427581 0.903512 -0.028990176
-0.024051834 -0.0048400173 0.013934618 -0.9046502 -0.4252047 -0.028440736
-0.022064839 -0.009507458 0.01991574 -0.85367775 -0.5203066 -0.022701604
-0.024254894 -0.004769721 0.019931694 -0.4695172 0.882551 -0.025637742
-0.024254894 -0.004769721 0.019931694 -0.9075295 -0.4194403 -0.021448934
-0.022217419 -0.009357794 0.026292166 -0.85889655 -0.5121486 -0.0006534576
-0.018971661 -0.013521323 0.02004332 -0.7101149 -0.7035807 -0.026663968
-0.014765682 -0.01682663 0.020108359 -0.49073803 -0.87013894 -0.045104906
-0.019240435 -0.013373409 0.026285602 -0.7269985 -0.68659884 -0.0074256887
-0.019393243 -0.013122619 0.032558806 -0.7411661 -0.67099553 0.020921193
-0.015231084 -0.016759798 0.026265403 -0.5322145 -0.84637165 -0.020068703
-0.01038133 -0.018988308 0.02621129 -0.2591448 -0.9652879 -0.03260655
-0.0155185275 -0.016563678 0.032497384 -0.5537337 -0.8325029 0.017828826
-0.010743365 -0.018930001 0.032419354 -0.28248635 -0.95909816 0.018226512
-0.015675442 -0.016193237 0.03872527 -0.5669352 -0.8220046 0.053785976
-0.011068653 -0.018573878 0.038624413 -0.295713 -0.9533481 0.060673494
-0.015659735 -0.015650293 0.044860356 -0.5678494 -0.8174283 0.09673664
-0.019408787 -0.012792445 0.038830593 -0.74546814 -0.6647919 0.04825832
-0.0192989 -0.012329736 0.045105167 -0.7432072 -0.66373503 0.08425526
-0.022216758 -0.0088737225 0.03887383 -0.86210865 -0.5050034 0.04171596
-0.024350086 -0.0043100463 0.038814917 -0.44188264 0.89675057 -0.024048582
-0.024350086 -0.0043100463 0.038814917 -0.90522724 -0.4232838 0.037343096
-0.022262665 -0.009164239 0.03259644 -0.86131287 -0.5077127 0.019180505
-0.022031061 -0.008473846 0.045421258 -0.8592413 -0.50591797 0.07583814
-0.02411866 -0.0040553333 0.045504637 -0.48670593 0.87343377 -0.015191614
-0.02411866 -0.0040553333 0.045504637 -0.90182877 -0.42619342 0.071162604
-0.021593446 -0.008048062 0.051524997 -0.8492687 -0.5103354 0.13527873
-0.018925691 -0.011764065 0.051137313 -0.7298876 -0.66787314 0.14563546
-0.020750841 -0.0074500935 0.057397798 -0.8216527 -0.5144667 0.24537858
-0.023659088 -0.0036724256 0.05181831 -0.4416072 0.89698064 -0.020222094
-0.023659088 -0.0036724256 0.05181831 -0.89321184 -0.42970917 0.13237287
-0.022790374 -0.0031458596 0.057765856 -0.4795938 0.877488 -0.002153244
-0.022790374 -0.0031458596 0.057765856 -0.86798525 -0.43136156 0.24602568
-0.023253486 -0.0034752572 0.051733077 -0.44177476 0.8968935 -0.020423014
-0.023253486 -0.0034752572 0.051733077 -0.91988546 0.3857334 0.07085517
-0.023678258 -0.0038094642 0.045490287 -0.48671424 0.8734313 -0.015064317
-0.023678258 -0.0038094642 0.045490287 -0.9325537 0.35977894 0.030047242
-0.022409562 -0.0029390985 0.057560578 -0.47781676 0.8784499 -0.0041056825
-0.022409562 -0.0029390985 0.057560578 -0.88841194 0.43931586 0.1331381
-0.023153825 -0.003232018 0.051705867 -0.92029387 0.38468403 0.07125472
-0.022290658 -0.002685939 0.057517312 -0.88798594 0.43941852 0.1356178
-0.023590324 -0.0035822624 0.045501873 -0.9326644 0.35931277 0.032116696
-0.023824777 -0.0038728556 0.03876338 -0.9336323 0.35812056 0.008965434
-0.023910174 -0.0040954286 0.038760982 -0.4421954 0.89659363 -0.02414982
-0.023910174 -0.0040954286 0.038760982 -0.9336258 0.35815093 0.0084075155
-0.023899691 -0.004062549 0.03269078 -0.93371004 0.35797352 -0.006369323
-0.023978006 -0.004266585 0.03271076 -0.49310905 0.86968946 -0.021990128
-0.023978006 -0.004266585 0.03271076 -0.9337772 0.3578075 -0.0058327666
-0.023872292 -0.004223858 0.026410716 -0.9261084 0.37673053 -0.019929426
-0.023954272 -0.0044257613 0.026408719 -0.5027184 0.8641416 -0.023097117
-0.023954272 -0.0044257613 0.026408719 -0.92636263 0.376097 -0.02008436
-0.023720063 -0.0043212427 0.020005153 -0.9100283 0.4133928 -0.030900627
-0.023816409 -0.0045356518 0.019979032 -0.4676063 0.8835625 -0.02571796
-0.023816409 -0.0045356518 0.019979032 -0.91043884 0.41245645 -0.031316068
-0.023507899 -0.0043903226 0.013906544 -0.89103955 0.45259658 -0.034711603
-0.023320612 -0.004477472 0.0078307 -0.88443625 0.46614704 -0.021898134
-0.023637585 -0.004645315 0.013912452 -0.4277078 0.9034517 -0.029002346
-0.023637585 -0.004645315 0.013912452 -0.89137304 0.4519387 -0.03472015
-0.023451023 -0.004724291 0.0078513175 -0.4782377 0.87789166 -0.02439175
-0.023451023 -0.004724291 0.0078513175 -0.88482386 0.46536928 -0.022760008
-0.023470093 -0.0049318923 0.00036792457 -0.46496472 0.88487256 -0.028431818
-0.023470093 -0.0049318923 0.00036792457 -0.86112285 0.50825775 0.011888293
-0.02386997 -0.00514224 0.00028190203 -0.4603401 0.88718647 -0.0314185
-0.02386997 -0.00514224 0.00028190203 -0.8815827 -0.47113177 0.029099308
-0.023753518 -0.0051724985 -0.0035353862 -0.6202223 0.78442556 -0.0009318925
-0.023753518 -0.0051724985 -0.0035353862 -0.76275176 0.6464204 0.018718299
-0.023335038 -0.0047044167 0.00041164644 -0.8580102 0.51361006 0.004829063
-0.023546476 -0.0049318564 -0.003495803 -0.75913644 0.65077215 0.014402847
-0.02395728 -0.0052044163 -0.008108949 -0.8020355 0.5959216 0.04020572
-0.024163177 -0.0054780855 -0.00814799 -0.55984867 0.8285839 0.004278374
-0.024163177 -0.0054780855 -0.00814799 -0.80127877 0.59677404 0.04258018
-0.024720209 -0.0056644436 -0.013726364 -0.8912706 0.44435057 0.09049477
-0.024863217 -0.0059391083 -0.013788239 -0.46762645 0.88382477 -0.013390657
-0.024863217 -0.0059391083 -0.013788239 -0.8901949 0.4459086 0.09337273
-0.025819872 -0.0063432558 -0.020674156 -0.09622118 -0.09376145 -0.9909341
-0.025819872 -0.0063432558 -0.020674156 -0.87163734 0.48164758 0.090906456
-0.025965368 -0.006614606 -0.020631485 -0.09720683 -0.10353729 -0.98986405
-0.025965368 -0.006614606 -0.020631485 -0.343038 0.9383854 -0.041923635
-0.025965368 -0.006614606 -0.020631485 -0.8722 0.48058093 0.091154546
-0.024593933 -0.0058357716 -0.020816196 -0.09226857 -0.05536976 -0.9941935
-0.024262248 -0.0065150773 -0.020809146 -0.071207225 0.993529 -0.08848458
-0.024262248 -0.0065150773 -0.020809146 -0.09298768 -0.062261693 -0.9937186
-0.025000772 -0.0070932684 -0.027100824 -0.10472047 0.99280477 -0.058070377
-0.026058761 -0.007206206 -0.02712357 -0.13349038 0.98936146 -0.057831284
-0.024804449 -0.007256544 -0.032253727 -0.10513561 0.9938241 -0.03549614
-0.024804449 -0.007256544 -0.032253727 -0.10753336 0.9941519 -0.009943507
-0.024633946 -0.0072445404 -0.03289749 -0.110919036 0.99377906 -0.010009271
-0.025813052 -0.0073665697 -0.032346837 -0.1099749 0.9938174 -0.015247003
-0.025813052 -0.0073665697 -0.032346837 -0.1297652 0.9908712 -0.036540836
-0.025813052 -0.0073665697 -0.032346837 -0.1531247 0.9877858 -0.028844457
-0.02563251 -0.007359704 -0.033070147 -0.041912924 0.7791258 -0.62546504
-0.02563251 -0.007359704 -0.033070147 -0.11221028 0.99358916 -0.013763888
-0.02563251 -0.007359704 -0.033070147 -0.14628434 0.98924136 -0.0015562441
-0.02563251 -0.007359704 -0.033070147 -0.7661158 0.20435533 -0.6093483
-0.02726256 -0.007600085 -0.03264873 -0.13381894 0.9898892 0.047028545
-0.02726256 -0.007600085 -0.03264873 -0.15249361 0.9876048 -0.03717915
-0.02726256 -0.007600085 -0.03264873 -0.7686781 -0.6377428 0.0491715
-0.02726256 -0.007600085 -0.03264873 -0.9030753 -0.18658149 -0.38683632
-0.025991974 -0.009297121 -0.034796398 -0.74915916 -0.6623874 0.0018646239
-0.025991974 -0.009297121 -0.034796398 -0.862517 -0.104403086 -0.4951408
-0.027089283 -0.0073642014 -0.026880533 -0.17306337 0.9829355 -0.062344942
-0.027089283 -0.0073642014 -0.026880533 -0.80441654 -0.58628863 0.09580954
-0.027041372 -0.007525403 -0.033201113 -0.033448134 0.7791425 -0.6259539
-0.027041372 -0.007525403 -0.033201113 -0.12409036 0.9887102 0.08398564
-0.027041372 -0.007525403 -0.033201113 -0.9013654 -0.17869146 -0.3944741
-0.025754482 -0.009109673 -0.035241865 -0.050491247 0.7692358 -0.636967
-0.025754482 -0.009109673 -0.035241865 -0.84920126 -0.13649635 -0.51012355
-0.024007395 -0.010931285 -0.03750299 -0.045923043 0.7630417 -0.64471596
-0.024007395 -0.010931285 -0.03750299 -0.80645686 -0.22209035 -0.5479992
-0.02463774 -0.008614633 -0.0347417 -0.056123935 0.7699866 -0.635587
-0.02463774 -0.008614633 -0.0347417 -0.649239 0.29276845 -0.7019795
-0.022973217 -0.010373007 -0.036914952 -0.04150104 0.76400304 -0.6438766
-0.022973217 -0.010373007 -0.036914952 -0.55513597 0.33669493 -0.76056594
-0.02410251 -0.008109798 -0.03500218 -0.62599224 0.3071687 -0.7167852
-0.022393886 -0.009702377 -0.037032425 -0.54729706 0.34138268 -0.764149
-0.025035197 -0.00729631 -0.033799864 -0.1123633 0.9936422 -0.0070416266
-0.025035197 -0.00729631 -0.033799864 -0.7451439 0.2240936 -0.62812626
-0.024428925 -0.0072279433 -0.033730548 -0.11119963 0.9937693 -0.0075660716
-0.01952224 -0.012021978 -0.039963305 -0.4843735 0.32324335 -0.81295514
-0.02007852 -0.012814069 -0.03994853 -0.0038586748 0.78330684 -0.6216234
-0.02007852 -0.012814069 -0.03994853 -0.48529574 0.32352594 -0.81229246
-0.015522648 -0.014409431 -0.042981528 -0.41572917 0.24417938 -0.87609684
-0.01599304 -0.0151749 -0.042972207 0.0027183183 0.795898 -0.6054247
-0.01599304 -0.0151749 -0.042972207 -0.42091888 0.2500071 -0.87196547
-0.010015463 -0.01645212 -0.045713294 -0.30343306 0.1720895 -0.9371838
-0.010393672 -0.017273642 -0.045742247 0.0006087661 0.80440474 -0.5940812
-0.010393672 -0.017273642 -0.045742247 -0.31419337 0.17814063 -0.9324959
-0.0027067992 -0.017938733 -0.047797732 -0.17255493 0.11334344 -0.978457
-0.0028949839 -0.01880015 -0.047865346 -0.007480718 0.8091927 -0.58749574
-0.0028949839 -0.01880015 -0.047865346 -0.17826603 0.1162921 -0.9770862
0.003918616 -0.01839773 -0.04855095 -0.00806013 0.08236498 -0.9965697
0.0040177237 -0.019245613 -0.04862185 0.0046344963 0.08512139 -0.9963599
0.0040177237 -0.019245613 -0.04862185 -0.02044761 0.8117148 -0.58369595
0.013954164 -0.017241606 -0.04739134 0.29202297 0.12445073 -0.9482798
0.013954164 -0.017241606 -0.04739134 0.10360361 0.093846254 -0.9901813
0.014101563 -0.018092833 -0.047456592 0.2922472 0.12330635 -0.9483602
0.014101563 -0.018092833 -0.047456592 0.10360135 0.093904 -0.99017614
0.014101563 -0.018092833 -0.047456592 -0.049707763 0.82360923 -0.5649753
0.014101563 -0.018092833 -0.047456592 -0.028996414 0.82465196 -0.56489694
0.020891467 -0.01517015 -0.044968173 0.3574251 0.17506623 -0.9173871
0.021262562 -0.015979247 -0.04497505 0.36335722 0.17373791 -0.9153069
0.021262562 -0.015979247 -0.04497505 -0.059551902 0.8288852 -0.55624
0.026177194 -0.012557927 -0.041701037 0.47127444 0.3044702 -0.8277671
0.026602566 -0.013398993 -0.041765474 0.4677315 0.29686376 -0.8325257
0.026602566 -0.013398993 -0.041765474 -0.055950455 0.8375602 -0.5434727
0.029954433 -0.010103633 -0.038051322 0.56881565 0.39758492 -0.7199827
0.03048871 -0.010951978 -0.03810239 0.563841 0.39594638 -0.7247825
0.03048871 -0.010951978 -0.03810239 -0.069017604 0.87751156 -0.474563
0.03263313 -0.008078514 -0.034339197 0.6803914 0.4066836 -0.6096522
0.03316454 -0.008910679 -0.034301475 0.67624736 0.40819195 -0.61324453
0.03316454 -0.008910679 -0.034301475 -0.103576906 0.9117731 -0.397419
0.034744553 -0.006045545 -0.03001758 0.7487154 0.46228525 -0.47509742
0.035315003 -0.0068264194 -0.029884847 0.74547386 0.46332958 -0.47916007
0.035315003 -0.0068264194 -0.029884847 -0.102805324 0.91134936 -0.39858943
0.035735447 -0.003769816 -0.025414012 0.81029075 0.4735796 -0.34518284
0.036303807 -0.004543798 -0.025142515 0.807989 0.4754362 -0.3480145
0.036303807 -0.004543798 -0.025142515 -0.09592435 0.89593285 -0.43370834
0.035943087 -0.0015121017 -0.021096166 0.8197951 0.5168431 -0.24659567
0.03651947 -0.0022600628 -0.020744363 0.8200738 0.5145626 -0.25040835
0.03651947 -0.0022600628 -0.020744363 -0.07713093 0.8780112 -0.47238463
0.035317432 0.0012282684 -0.016208176 0.8020312 0.5787407 -0.14766535
0.035897493 0.0005465314 -0.015737234 0.80250126 0.57721615 -0.15104035
0.035897493 0.0005465314 -0.015737234 -0.03363896 0.86103684 -0.5074288
0.033834506 0.0038939975 -0.01171429 0.801756 0.5913964 -0.08624118
0.034314424 0.003341957 -0.011038234 0.8002385 0.59329194 -0.08731018
0.034314424 0.003341957 -0.011038234 -0.05479103 0.8499106 -0.5240704
0.034314424 0.003341957 -0.011038234 -0.18364483 0.69464046 0.6955207
0.034329515 0.0031173131 -0.01080989 -0.18075584 0.6870378 0.70378
0.034329515 0.0031173131 -0.01080989 -0.17135976 0.70376974 0.68945193
0.03559514 0.003522098 -0.010879988 0.94359225 0.30787724 0.121840954
0.03559514 0.003522098 -0.010879988 -0.0511537 0.8501767 -0.5240066
0.03559514 0.003522098 -0.010879988 -0.1683864 0.6541772 0.737359
0.035649564 0.0032603983 -0.010640237 0.9455772 0.2997278 0.12667659
0.035649564 0.0032603983 -0.010640237 0.8131575 -0.3355096 0.47561336
0.035649564 0.0032603983 -0.010640237 -0.1657818 0.647197 0.7440782
0.035649564 0.0032603983 -0.010640237 -0.16511291 0.70265615 0.6921069
0.03710281 0.0007301158 -0.015501016 0.98324734 0.12854698 0.12922949
0.03710281 0.0007301158 -0.015501016 -0.03427854 0.8605977 -0.50813043
0.037120916 0.0003124025 -0.01523541 0.98263574 0.13072215 0.13167676
0.037120916 0.0003124025 -0.01523541 0.8614369 -0.31276575 0.40013012
0.037682872 -0.0021777619 -0.020788077 0.9849696 0.16433518 -0.053187065
0.037682872 -0.0021777619 -0.020788077 -0.081388704 0.8783537 -0.47103143
0.03777253 -0.0026178868 -0.020520695 0.98402095 0.17071846 -0.050575648
0.03777253 -0.0026178868 -0.020520695 0.8866611 -0.40273443 0.22723767
0.037476137 -0.00450781 -0.025331395 0.97298914 0.12433043 -0.19450977
0.037476137 -0.00450781 -0.025331395 -0.09822873 0.89620054 -0.43263805
0.037557878 -0.0048645246 -0.02515265 0.9735692 0.12497594 -0.1911649
0.037557878 -0.0048645246 -0.02515265 0.8734992 -0.4751267 0.10608363
0.036335602 -0.0069027273 -0.030325342 0.9494228 -0.026112229 -0.31291303
0.036335602 -0.0069027273 -0.030325342 -0.10294291 0.9121334 -0.39675617
0.036365725 -0.0072704526 -0.030200616 0.9456731 -0.023433013 -0.32427353
0.036365725 -0.0072704526 -0.030200616 0.8385134 -0.54419386 -0.027355954
0.034205776 -0.009038036 -0.034864794 0.79071325 0.23179695 -0.56660634
0.034205776 -0.009038036 -0.034864794 -0.09913593 0.9102799 -0.40194857
0.034379646 -0.009393291 -0.034773268 0.7912249 0.23381332 -0.56506145
0.034379646 -0.009393291 -0.034773268 0.80594903 -0.5731283 -0.14822303
0.031388607 -0.011279228 -0.03882385 0.7793549 -0.107358366 -0.6173169
0.031388607 -0.011279228 -0.03882385 -0.063702665 0.8732483 -0.48309368
0.031439736 -0.0116311135 -0.038693555 0.775833 -0.11802115 -0.6198016
0.031439736 -0.0116311135 -0.038693555 0.75202096 -0.59120965 -0.29143712
0.027369166 -0.013937765 -0.042665347 0.6693581 -0.2228367 -0.7087338
0.027369166 -0.013937765 -0.042665347 -0.055463668 0.8348783 -0.5476331
0.027410198 -0.0143209575 -0.04250548 0.6601817 -0.22808853 -0.71563655
0.027410198 -0.0143209575 -0.04250548 0.6509688 -0.6582216 -0.37813228
0.021847589 -0.016598275 -0.04595937 0.48927546 -0.30262765 -0.81794006
0.021847589 -0.016598275 -0.04595937 -0.05869911 0.82850534 -0.5568963
0.021891283 -0.016971849 -0.04579491 0.49945757 -0.7165625 -0.4869089
0.021891283 -0.016971849 -0.04579491 0.48317096 -0.30582196 -0.8203772
0.014214955 -0.018789234 -0.048479035 0.38495457 -0.3918166 -0.83563733
0.014214955 -0.018789234 -0.048479035 0.14301251 -0.4316686 -0.89062315
0.014214955 -0.018789234 -0.048479035 -0.04938157 0.8229332 -0.5659881
0.014214955 -0.018789234 -0.048479035 -0.02893894 0.82377076 -0.5661841
0.014234375 -0.01917028 -0.048290428 0.38506344 -0.39356422 -0.83476543
0.014234375 -0.01917028 -0.048290428 0.14316678 -0.43316814 -0.88987005
0.014234375 -0.01917028 -0.048290428 0.39568076 -0.73549134 -0.5499901
0.014234375 -0.01917028 -0.048290428 0.15275313 -0.791369 -0.5919473
0.003925066 -0.019919166 -0.04955367 -0.01945929 0.81115615 -0.584506
0.003925066 -0.019919166 -0.04955367 -0.0062014502 -0.39913478 -0.91687125
0.0039926576 -0.020298107 -0.04938917 0.017121805 -0.39749587 -0.9174441
0.0039926576 -0.020298107 -0.04938917 0.004338519 -0.8104575 -0.5857812
-0.003263278 -0.019453205 -0.048759993 -0.007030132 0.8089323 -0.58785975
-0.003263278 -0.019453205 -0.048759993 -0.23839778 -0.46429878 -0.8529906
-0.0032267408 -0.019854788 -0.04855106 -0.22490798 -0.4638304 -0.8569001
-0.0032267408 -0.019854788 -0.04855106 -0.21727557 -0.83956 -0.49792603
-0.010964036 -0.017870316 -0.046550386 0.00057973363 0.80392456 -0.59473103
-0.010964036 -0.017870316 -0.046550386 -0.42061985 -0.31826758 -0.84957904
-0.011023102 -0.018268347 -0.04637317 -0.42344725 -0.31376338 -0.8498499
-0.011023102 -0.018268347 -0.04637317 -0.39712065 -0.8406941 -0.3681422
-0.016828895 -0.015607447 -0.04354365 0.0023698704 0.79450643 -0.6072511
-0.016828895 -0.015607447 -0.04354365 -0.5726958 -0.18247692 -0.79920065
-0.016916445 -0.016004747 -0.043391056 -0.55011857 -0.8052026 -0.22140035
-0.016916445 -0.016004747 -0.043391056 -0.5724595 -0.18465689 -0.7988691
-0.021118995 -0.013197331 -0.04042297 -0.008150233 0.7807956 -0.6247335
-0.021118995 -0.013197331 -0.04042297 -0.71674955 -0.2505374 -0.6507696
-0.021235153 -0.0134914145 -0.04017943 -0.6277086 -0.76890373 -0.121527255
-0.021235153 -0.0134914145 -0.04017943 -0.73120683 -0.2420771 -0.637758
-0.019291403 -0.016205216 -0.0335328 -0.62830144 -0.7766223 -0.045770984
-0.024150258 -0.011178294 -0.03719116 -0.69497156 -0.7171261 -0.052390244
-0.024150258 -0.011178294 -0.03719116 -0.8204703 -0.20098081 -0.5351965
-0.022739138 -0.013105488 -0.030438852 -0.70384514 -0.7100857 0.019498784
-0.020649932 -0.014238621 -0.023593158 -0.67127556 -0.7318499 0.11740867
-0.025075337 -0.010392499 -0.028413361 -0.7740321 -0.6300738 0.06229957
-0.023643585 -0.010849847 -0.021768916 -0.75199616 -0.6423758 0.14783466
-0.026354944 -0.006822641 -0.020562485 -0.4730599 0.88089025 -0.01570755
-0.026354944 -0.006822641 -0.020562485 -0.79276544 -0.58500695 0.1711429
-0.02206054 -0.010831808 -0.014645636 -0.75397515 -0.6392311 0.15134431
-0.025226695 -0.006131863 -0.013820798 -0.46922526 0.8829872 -0.012696801
-0.025226695 -0.006131863 -0.013820798 -0.8010271 -0.57370114 0.17094597
-0.021155758 -0.010757589 -0.008895511 -0.75244933 -0.649914 0.106919274
-0.01842399 -0.014684475 -0.016085332 -0.6620375 -0.7338563 0.15218784
-0.014938356 -0.018306531 -0.018717444 -0.63339543 -0.76295316 0.12927772
-0.016044267 -0.015246629 -0.009233965 -0.6048395 -0.7808521 0.15633073
-0.012638409 -0.018805945 -0.012495197 -0.6196416 -0.75666785 0.20856161
-0.010044105 -0.017965686 -0.0041384418 -0.43923357 -0.84481734 0.3055448
-0.01635908 -0.014436378 -0.0038702507 -0.54055643 -0.83957845 0.05391392
-0.010833366 -0.016806576 -0.0010932889 -0.31604844 -0.93771094 0.14426187
-0.02097797 -0.010539956 -0.004263295 -0.7654223 -0.6423026 0.039700236
-0.024028052 -0.005389695 -0.0036457125 -0.6141527 0.7891871 -0.00047428135
-0.024028052 -0.005389695 -0.0036457125 -0.8565572 -0.51209515 0.0637836
-0.024433775 -0.005661187 -0.008142402 -0.56033266 0.82825005 0.0053988653
-0.024433775 -0.005661187 -0.008142402 -0.8225926 -0.55437905 0.12651192
-0.005891975 -0.017288843 0.00085304864 -0.07053447 -0.97196305 0.22430514
-0.011890231 -0.016296392 0.002481699 -0.26977915 -0.96272635 -0.019421045
-0.0069505037 -0.017022725 0.0039605275 -0.04626968 -0.9985416 -0.027819298
-0.008073857 -0.017617851 0.009021884 -0.096038185 -0.98530436 -0.14125168
-0.0018551853 -0.016570559 0.0049403813 0.24590792 -0.96889806 -0.027672121
0.0030306643 -0.014606501 0.0055921916 0.52234 -0.8526141 0.014493257
-0.0028450033 -0.017428644 0.009588221 0.20996952 -0.9669009 -0.14496727
-0.00094987685 -0.016475206 0.0025002174 0.23346826 -0.94317514 0.23645975
0.004321437 -0.014160265 0.0029652864 0.4447019 -0.8144197 0.3727747
0.00020554801 -0.017634613 -0.00041346066 0.10074449 -0.7853063 0.6108556
-0.00499786 -0.018447677 -0.0016979612 -0.15737127 -0.85525525 0.49373344
0.0014524453 -0.020313907 -0.0026609413 -0.07753204 -0.5789753 0.81165045
0.0062344177 -0.01533397 0.00019301102 0.3013196 -0.61601895 0.7278236
0.0072636767 -0.018991675 -0.002108112 0.12393791 -0.4332045 0.89273363
0.012829585 -0.013270894 -0.0009820368 0.29279086 -0.36788958 0.8825705
0.012639627 -0.009670983 0.0006523002 0.3699728 -0.43873355 0.8189218
0.012639627 -0.009670983 0.0006523002 -0.09054774 0.94643956 0.30992457
0.008234415 -0.010739743 0.0032824297 0.7227284 -0.50244653 0.47456416
0.008234415 -0.010739743 0.0032824297 0.2618481 0.40629596 -0.8754194
0.008234415 -0.010739743 0.0032824297 0.1700373 0.8421389 0.5117513
0.0076573933 -0.010526487 0.003154071 0.32656902 0.57308036 -0.7516192
0.0076573933 -0.010526487 0.003154071 0.08182357 0.9095102 0.4075489
0.0082521215 -0.010412541 0.0034142286 0.8569893 0.12630804 0.49961534
0.0082521215 -0.010412541 0.0034142286 0.2291324 0.36818308 -0.901077
0.007459331 -0.010951447 0.0046831314 0.79928297 -0.47521797 0.36785126
0.0067279353 -0.011263728 0.0063146204 0.85426265 -0.48656797 0.18299411
0.00749688 -0.01066764 0.0047627334 0.86185324 0.18770082 0.47114486
0.006774721 -0.010921653 0.0063372143 0.91499335 0.23340692 0.32910228
0.007291571 -0.010442265 0.00479077 0.43990865 0.8178213 0.37101024
0.0065951855 -0.010673853 0.0063194055 0.44351223 0.8550551 0.2686593
0.0068938048 -0.010360647 0.004692545 -0.05186279 0.9856966 0.16035055
0.007960312 -0.010134959 0.003464466 0.40819448 0.83025587 0.37954223
0.007960312 -0.010134959 0.003464466 0.24681798 0.37474436 -0.89367086
0.007471262 -0.010106537 0.0033038054 0.27201337 0.20393726 -0.9404352
0.007471262 -0.010106537 0.0033038054 -0.118365295 0.9850528 0.12514265
0.0075320224 -0.010287882 0.0032820534 0.27230433 0.3866097 -0.88112617
0.0069117243 -0.010246 0.0031357985 0.00655957 0.90415347 -0.42715755
0.0064799218 -0.010296795 0.0029740427 0.058188654 0.8981727 -0.43577513
0.006373629 -0.010468529 0.004561033 -0.22154146 0.9721856 0.07599007
0.0057765967 -0.010736909 0.0061531905 -0.2590463 0.96218747 0.0842035
0.0059475773 -0.010551852 0.0044210646 -0.21782108 0.9708454 0.10006574
0.0053546396 -0.0108480565 0.006037941 -0.27989095 0.9564978 0.082298666
0.005429878 -0.010653217 0.0042598415 -0.2273862 0.9660341 0.12277487
0.0048385207 -0.010988451 0.0058852676 -0.27896896 0.9564593 0.085802786
0.005954899 -0.0103347385 0.0028084945 0.034222856 0.93586814 0.35068452
0.005954899 -0.0103347385 0.0028084945 -0.103388324 0.99434793 0.0241449
0.0121472385 -0.009466439 -0.000113015994 -0.07149662 0.94463414 0.3202414
0.017768646 -0.008115463 -0.0019399785 -0.17746983 0.9255736 0.33439204
0.018270148 -0.008336666 -0.0010584425 0.37041923 -0.34074718 0.864107
0.018270148 -0.008336666 -0.0010584425 -0.18370312 0.921418 0.34240627
0.022940077 -0.0060947775 -0.00363929 -0.2201131 0.86286354 0.45499095
0.023549236 -0.0063749487 -0.002825668 0.49071458 -0.33570236 0.80405414
0.023549236 -0.0063749487 -0.002825668 -0.21661517 0.8555227 0.4702753
0.027603505 -0.0034440504 -0.005727077 -0.17126246 0.76603043 0.61956966
0.028299276 -0.003807298 -0.0051020104 0.65159523 -0.3288363 0.68358636
0.028299276 -0.003807298 -0.0051020104 -0.16824882 0.7599514 0.6278266
0.031651974 -0.00015910936 -0.008227066 -0.22256342 0.72570294 0.65101516
0.03232434 -0.0005046729 -0.0076110642 0.75910026 -0.34115666 0.5544176
0.03232434 -0.0005046729 -0.0076110642 -0.2162945 0.7265986 0.6521281
0.034030862 -0.0038141576 -0.01179331 0.81720287 -0.30998603 0.4858889
0.029802935 -0.0073778806 -0.008206965 0.6889323 -0.35031754 0.63454694
0.03469234 -0.0070402753 -0.01633989 0.85887074 -0.42278326 0.28912842
0.034376178 -0.009875924 -0.021283066 0.8455969 -0.5151775 0.13985008
0.03063434 -0.011280513 -0.01179206 0.7610842 -0.4597285 0.45760304
0.02975784 -0.015472912 -0.016081154 0.8036936 -0.55603504 0.21189994
0.025418868 -0.014227196 -0.0075055705 0.6514151 -0.34324634 0.67663896
0.025344992 -0.01856732 -0.009910872 0.75749886 -0.38543415 0.5269117
0.019728584 -0.016238157 -0.004669631 0.42856115 -0.3021748 0.85148436
0.024675822 -0.010111396 -0.005149871 0.5461817 -0.35560417 0.75844
0.019036423 -0.011993257 -0.0028028768 0.3965319 -0.33443862 0.8549347
0.020175658 -0.020653186 -0.00649265 0.48500204 -0.3134051 0.8164252
0.013670156 -0.017700326 -0.0028969403 0.25540695 -0.33401716 0.90730363
0.014394507 -0.022214746 -0.0046526305 0.25064677 -0.32206476 0.9129351
0.008290721 -0.023472216 -0.0041257683 0.06300848 -0.397501 0.91543597
0.014766265 -0.026010145 -0.0060469173 0.25184983 -0.36548322 0.89609915
0.014877414 -0.02753453 -0.006782828 0.3276087 -0.7089485 0.6245516
0.019899355 -0.02401441 -0.0075780395 0.5402421 -0.37667942 0.75249654
0.0089455135 -0.027368873 -0.0058158617 0.023645991 -0.46466807 0.88516915
0.009215299 -0.028887654 -0.00675082 0.04715399 -0.80106384 0.5967188
0.0036668973 -0.027562212 -0.006604746 -0.2473909 -0.5519693 0.79632133
0.004182319 -0.028860204 -0.0074286256 -0.20248376 -0.8249545 0.52768403
-0.0014191444 -0.026694693 -0.008548809 -0.48880482 -0.62315154 0.6105342
0.0025107015 -0.024275063 -0.0049108937 -0.20789903 -0.51847905 0.82943213
-0.002465282 -0.02422107 -0.0068775397 -0.40962914 -0.64429486 0.64582354
-0.0038236168 -0.020755937 -0.004213631 -0.2712975 -0.7147706 0.64459336
-0.0065410286 -0.023284534 -0.0099954475 -0.6159504 -0.696303 0.3684659
-0.008396056 -0.020287707 -0.007211429 -0.5291397 -0.76222503 0.37285963
-0.010012029 -0.021932818 -0.0152396755 -0.6766797 -0.71582335 0.17234132
-0.0052264 -0.025456566 -0.011602433 -0.6396672 -0.6849219 0.34886625
-0.0046091033 -0.02629317 -0.0123103885 -0.51596797 -0.84632576 0.13232476
-0.008140189 -0.02404926 -0.016357586 -0.66116637 -0.74458385 0.0919455
-0.00945065 -0.022963047 -0.022369415 -0.5709653 -0.82046133 -0.029013406
-0.007279967 -0.02467924 -0.016890433 -0.4721176 -0.8797273 -0.05643452
-0.00848588 -0.0235626 -0.0225093 -0.4306593 -0.8984723 -0.085322715
-0.0063590775 -0.024928704 -0.017321624 -0.23665246 -0.95745194 -0.16517076
-0.007474514 -0.023786578 -0.02326553 -0.2332943 -0.96696675 -0.10270825
-0.0038283698 -0.026524596 -0.013034491 -0.27895698 -0.9455199 -0.16785432
-0.0047068466 -0.025069635 -0.017653286 0.90104 -0.15600276 -0.40470976
-0.0047068466 -0.025069635 -0.017653286 -0.13014947 -0.9668616 -0.21963516
-0.005838179 -0.024070997 -0.023281327 0.9481839 -0.3136732 -0.050562013
-0.005838179 -0.024070997 -0.023281327 -0.16662626 -0.9794584 -0.11356488
-0.0023406374 -0.026464932 -0.014176348 0.660466 -0.17579998 -0.7299856
-0.0023406374 -0.026464932 -0.014176348 -0.17322063 -0.94454217 -0.278989
-0.0046001617 -0.024687123 -0.017561216 0.9309171 0.17855074 -0.31861117
-0.0046001617 -0.024687123 -0.017561216 0.89383465 -0.15408829 -0.4210896
-0.0056689363 -0.02356409 -0.023204055 0.9866811 0.16247334 -0.0079311505
-0.0056689363 -0.02356409 -0.023204055 0.9500184 -0.30643165 -0.05970455
-0.0021685963 -0.02598084 -0.014140456 0.7370948 0.239208 -0.632037
-0.0021685963 -0.02598084 -0.014140456 0.6578939 -0.18844202 -0.7291537
-0.0046059373 -0.02416316 -0.01728779 0.9128645 0.19289781 -0.35981792
-0.0021168324 -0.025471728 -0.01389112 0.72522026 0.23714189 -0.64638937
-0.0057600616 -0.023018628 -0.023201993 0.9865884 0.16267635 0.013409289
-0.0049757846 -0.022865765 -0.028216016 0.95395255 0.094886445 0.28455427
-0.0049305633 -0.023404367 -0.028192991 0.95552355 0.09156586 0.28034002
-0.0049305633 -0.023404367 -0.028192991 0.8527163 -0.46328712 0.24132957
-0.0025609704 -0.022979531 -0.03352123 0.8483692 0.067751646 0.52505165
-0.0025210679 -0.02350501 -0.033518586 0.84279907 0.06641824 0.53411454
-0.0025210679 -0.02350501 -0.033518586 0.78895354 -0.34759983 0.50668204
0.0010687597 -0.02316635 -0.037852705 0.6478349 0.033987008 0.76102215
0.0011263818 -0.023699395 -0.03787814 0.6284278 0.02568794 0.7774435
0.0011263818 -0.023699395 -0.03787814 0.52914804 -0.5808188 0.6185886
0.006558968 -0.022938134 -0.04092265 0.31115285 -0.21068242 0.92671293
0.0066488576 -0.023482226 -0.041079298 0.27692366 -0.2223781 0.9348055
0.0066488576 -0.023482226 -0.041079298 0.26067147 -0.79389495 0.5493462
0.013517534 -0.021778468 -0.041155297 -0.30718598 -0.32063925 0.8960063
0.013517534 -0.021778468 -0.041155297 0.06816647 -0.23152621 0.97043747
0.013662459 -0.022272399 -0.041282363 -0.074761555 -0.7905795 0.6077786
0.013662459 -0.022272399 -0.041282363 0.14578009 -0.7337325 0.663615
0.013662459 -0.022272399 -0.041282363 -0.30831498 -0.31808072 0.8965302
0.013662459 -0.022272399 -0.041282363 0.06776196 -0.22987676 0.9708579
0.018722843 -0.020522755 -0.038921356 -0.4820924 -0.33254412 0.81055623
0.018934174 -0.021013208 -0.038995992 -0.21656509 -0.78929585 0.57455343
0.018934174 -0.021013208 -0.038995992 -0.4904006 -0.33207375 0.8057507
0.02245646 -0.019324465 -0.03483129 -0.7502008 -0.35840374 0.55564857
0.022668105 -0.019851547 -0.034884 -0.34287804 -0.8443312 0.41175178
0.022668105 -0.019851547 -0.034884 -0.7463045 -0.35189274 0.5649787
0.02420853 -0.018535674 -0.030713385 -0.8969281 -0.32748553 0.29710814
0.02443678 -0.019065171 -0.030600322 -0.40639627 -0.8884506 0.2133016
0.02443678 -0.019065171 -0.030600322 -0.905949 -0.3295432 0.26581535
0.024969736 -0.018192535 -0.025105502 -0.96107364 -0.27422974 0.03369561
0.025126018 -0.018739183 -0.025029456 -0.45636725 -0.8897888 -0.0021937562
0.025126018 -0.018739183 -0.025029456 -0.96328855 -0.26818508 0.012329634
0.024689043 -0.018479299 -0.02115903 -0.9659904 -0.15079334 -0.21005696
0.024779517 -0.0189837 -0.021228023 -0.49170816 -0.838649 -0.23428822
0.024779517 -0.0189837 -0.021228023 -0.96589774 -0.14593408 -0.21388027
0.023254026 -0.020049933 -0.016370516 -0.87778074 -0.119841725 -0.4638307
0.023407038 -0.02051261 -0.016538259 -0.3850037 -0.76333344 -0.51874286
0.023407038 -0.02051261 -0.016538259 -0.8793078 -0.12958246 -0.4582861
0.020975124 -0.02211165 -0.012956129 -0.6846613 -0.08350057 -0.7240625
0.021201791 -0.022651978 -0.0131047815 -0.27755854 -0.61440456 -0.7385582
0.021201791 -0.022651978 -0.0131047815 -0.6751451 -0.081023 -0.7332219
0.017588412 -0.024587065 -0.0106849745 -0.44308314 0.050132446 -0.89507765
0.01772084 -0.025084702 -0.010778684 -0.18815544 -0.35268122 -0.9166315
0.01772084 -0.025084702 -0.010778684 -0.4122895 0.059629023 -0.9090995
0.013538895 -0.02643412 -0.009663288 -0.17398371 0.09885772 -0.9797738
0.013704458 -0.027005851 -0.009749502 -0.04565842 -0.25838104 -0.9649635
0.013704458 -0.027005851 -0.009749502 -0.16789338 0.0997506 -0.98074543
0.009705063 -0.027440583 -0.009551286 0.041982032 0.15257409 -0.9874
0.009771351 -0.027998472 -0.009634926 0.09336352 -0.23996107 -0.96628255
0.009771351 -0.027998472 -0.009634926 0.04555241 0.15502605 -0.98685956
0.0050527053 -0.027507005 -0.010283581 0.2521134 0.17742944 -0.95129263
0.004932828 -0.028075876 -0.010422356 0.27645156 0.17819318 -0.9443632
0.004932828 -0.028075876 -0.010422356 0.20516907 -0.35935262 -0.9103687
0.0010486753 -0.026681922 -0.011760432 0.49699482 0.2302546 -0.83664745
0.00096262037 -0.027200293 -0.011958039 0.5065247 0.2373831 -0.8289041
0.00096262037 -0.027200293 -0.011958039 0.3896581 -0.27508053 -0.87891823
0.0007342666 -0.027724445 -0.011898838 0.40103164 -0.26521438 -0.87683225
0.0007342666 -0.027724445 -0.011898838 -0.1388706 -0.949789 -0.28038532
-0.000508004 -0.027995609 -0.01033615 -0.26687214 -0.9607094 -0.07626802
0.0048451545 -0.028635196 -0.010218571 0.20447744 -0.35773024 -0.91116303
0.0048451545 -0.028635196 -0.010218571 -0.02979584 -0.95862293 -0.2831151
0.0044015474 -0.029112332 -0.008501249 -0.10415085 -0.99429786 -0.022898866
0.009787375 -0.028532958 -0.009500602 0.1473255 -0.93438447 -0.32437757
0.009787375 -0.028532958 -0.009500602 0.09917108 -0.24486698 -0.9644715
0.009668872 -0.029138355 -0.007833825 0.13530777 -0.990709 -0.01369339
0.013832232 -0.027583394 -0.0096017 0.2714967 -0.9147664 -0.29915208
0.013832232 -0.027583394 -0.0096017 -0.032699294 -0.25465688 -0.96647847
0.014620902 -0.027936636 -0.007843507 0.3261463 -0.94527763 -0.008869287
0.018067198 -0.025638685 -0.010642633 0.38508675 -0.87679166 -0.2880009
0.018067198 -0.025638685 -0.010642633 -0.18877175 -0.3425134 -0.92035306
0.019182464 -0.025678024 -0.009075036 0.47253984 -0.8737412 -0.11524863
0.021624414 -0.023111973 -0.012883682 0.467422 -0.84784377 -0.25035492
0.021624414 -0.023111973 -0.012883682 -0.26458532 -0.5945015 -0.7593171
0.022571897 -0.022968939 -0.01165946 0.52663654 -0.8277129 -0.19376612
0.023954263 -0.020874962 -0.016412558 0.5225865 -0.83938634 -0.14944483
0.023954263 -0.020874962 -0.016412558 -0.384138 -0.75734806 -0.5280736
0.025585795 -0.019976377 -0.015754398 0.5630826 -0.8152677 -0.1351909
0.025378525 -0.019401746 -0.021002892 0.5404983 -0.8378935 -0.076131135
0.025378525 -0.019401746 -0.021002892 -0.47767654 -0.83298516 -0.27921447
0.026678428 -0.01858323 -0.020657286 0.56919706 -0.8187858 -0.07486466
0.025665557 -0.019016085 -0.025092613 0.53057307 -0.8470686 -0.031096613
0.025665557 -0.019016085 -0.025092613 -0.4606269 -0.887566 0.0070299916
0.027051728 -0.01812396 -0.025678752 0.56276137 -0.8262008 -0.026304437
0.024977766 -0.01933819 -0.030709188 0.51588476 -0.8560298 -0.0328027
0.024977766 -0.01933819 -0.030709188 -0.40623543 -0.8886332 0.21284685
0.0262665 -0.01853628 -0.03133246 0.54795134 -0.8353198 -0.044610713
0.023129832 -0.020146877 -0.035106994 0.47190264 -0.87665457 -0.09372658
0.023129832 -0.020146877 -0.035106994 -0.3410998 -0.845473 0.41088474
0.024015965 -0.01958855 -0.035874695 0.49912244 -0.8586979 -0.116252355
0.019248148 -0.021411313 -0.0394226 0.3840666 -0.90101564 -0.2016527
0.019248148 -0.021411313 -0.0394226 -0.1992015 -0.7862169 0.584963
0.020092182 -0.020817582 -0.040476296 0.4121606 -0.8791052 -0.23936923
0.013907306 -0.022702433 -0.041811623 0.3378202 -0.90238553 -0.26754034
0.013907306 -0.022702433 -0.041811623 0.14984354 -0.937299 -0.3146702
0.013907306 -0.022702433 -0.041811623 -0.07675487 -0.7885722 0.6101333
0.013907306 -0.022702433 -0.041811623 0.14574705 -0.74020153 0.656399
0.014109127 -0.022299781 -0.042914882 0.34392968 -0.89061165 -0.29752854
0.014109127 -0.022299781 -0.042914882 0.14846744 -0.9274813 -0.34312665
0.006567852 -0.023917839 -0.041686304 0.25001904 -0.802135 0.5422822
0.006567852 -0.023917839 -0.041686304 0.05003102 -0.9616472 -0.26968744
0.0060219183 -0.023608195 -0.042882256 0.04474594 -0.9595859 -0.2778354
0.000811856 -0.024281217 -0.038164824 0.5326345 -0.59658766 0.6003196
0.000811856 -0.024281217 -0.038164824 -0.11132616 -0.98419815 -0.13769695
-0.00011915318 -0.024015462 -0.039274327 -0.12122828 -0.9805628 -0.15427355
-0.0026749205 -0.024035227 -0.033638895 0.78120816 -0.35526636 0.51332206
-0.0026749205 -0.024035227 -0.033638895 -0.15309526 -0.9871717 -0.045319635
-0.0041838097 -0.023766529 -0.034460545 -0.1991694 -0.97694546 -0.076870084
-0.0051502 -0.023833591 -0.028250687 0.85328645 -0.46390933 0.23809731
-0.0051502 -0.023833591 -0.028250687 -0.17228423 -0.9834107 -0.05675774
-0.0067856703 -0.023519296 -0.028741762 -0.23246309 -0.9699416 -0.0719315
-0.0081017865 -0.023103818 -0.029029049 -0.33117023 -0.93960625 -0.0864085
-0.009381015 -0.022564577 -0.029506901 -0.41531453 -0.90622246 -0.07921357
-0.0049208477 -0.023547988 -0.034838915 -0.254921 -0.96121293 -0.10528493
-0.0059740827 -0.023176434 -0.03549777 -0.29742736 -0.9483689 -0.11015206
-0.00064161007 -0.023848688 -0.039872706 -0.15017274 -0.97391886 -0.17008878
-0.0010176697 -0.023619777 -0.040769577 -0.16577254 -0.9634225 -0.21056274
0.0057018427 -0.023445578 -0.043483496 0.029438464 -0.95263946 -0.3026739
0.0054900744 -0.023226479 -0.04413761 0.029007558 -0.9357765 -0.3513985
0.014178844 -0.02205035 -0.043514684 0.35370362 -0.8733299 -0.3349456
0.014178844 -0.02205035 -0.043514684 0.14930949 -0.9161315 -0.3720347
0.014223594 -0.021839071 -0.04400421 0.36380687 -0.85586804 -0.36760646
0.014223594 -0.021839071 -0.04400421 0.15127283 -0.9026125 -0.40299773
0.020466076 -0.02047187 -0.04097901 0.43817785 -0.8538491 -0.280966
0.02441562 -0.019276775 -0.03627844 0.5293478 -0.83632916 -0.14263381
0.020707235 -0.020214632 -0.04136239 0.45829314 -0.833363 -0.30898798
0.024768025 -0.018975876 -0.036690474 0.5486796 -0.81910247 -0.16739723
0.021103943 -0.019567618 -0.042425998 0.47620636 -0.8000875 -0.36481172
0.021474635 -0.018655824 -0.04376952 0.4914305 -0.7485268 -0.44520065
0.014298882 -0.021273348 -0.045167603 0.3801221 -0.8170009 -0.43360874
0.014298882 -0.021273348 -0.045167603 0.15116072 -0.87276626 -0.46414387
0.025575826 -0.018198743 -0.037667207 0.5869393 -0.7803574 -0.21574199
0.026801236 -0.016565919 -0.039634123 0.63472795 -0.70700705 -0.31186754
0.028371647 -0.016714144 -0.033497468 0.6509068 -0.7510418 -0.110708766
0.029793952 -0.01584089 -0.028842814 0.68298095 -0.7297703 -0.031181108
0.029988324 -0.014775504 -0.03606004 0.71301734 -0.6678497 -0.21350187
0.027364004 -0.017691087 -0.032139327 0.6172288 -0.7835166 -0.07162621
0.028393604 -0.017072748 -0.027178729 0.63956153 -0.76851106 -0.018756408
0.026823165 -0.01812831 -0.031626243 0.58445585 -0.8095126 -0.055683747
0.027787536 -0.017563483 -0.02648238 0.6020574 -0.7980835 -0.02428173
0.027675213 -0.017808419 -0.021115202 0.6260368 -0.7781972 -0.0498677
0.02641639 -0.019351443 -0.015766907 0.6825703 -0.73018014 -0.0305743
0.02852815 -0.017038867 -0.02171341 0.6751341 -0.73738974 -0.021219365
0.027251951 -0.018414347 -0.015637409 0.75524986 -0.6529253 0.057324897
0.030456208 -0.015188548 -0.023522176 0.7381842 -0.6741974 0.023280906
0.033641413 -0.011645929 -0.026664384 0.8076238 -0.58949775 0.015370615
0.032273747 -0.013138765 -0.031621695 0.7721894 -0.6292514 -0.08812564
0.023883916 -0.02160949 -0.010454914 0.76034915 -0.53183645 0.3728527
0.023069903 -0.022747722 -0.010795089 0.6854778 -0.7221032 0.093204774
0.019655822 -0.025332022 -0.008209826 0.58723307 -0.69000614 0.42314163
0.0049817897 -0.022618799 -0.045672007 0.023328984 -0.9038956 -0.4271164
0.014278997 -0.020481879 -0.046519928 0.39294192 -0.76166683 -0.5152282
0.014278997 -0.020481879 -0.046519928 0.15182893 -0.8242806 -0.54544413
0.0043830527 -0.021615732 -0.047563277 0.014257123 -0.84700996 -0.5313858
-0.0027080034 -0.021769403 -0.045508042 -0.21598442 -0.88333917 -0.4160081
-0.0018938403 -0.02293854 -0.042881634 -0.19426763 -0.93754745 -0.2885564
-0.010274338 -0.020610448 -0.041644566 -0.3984708 -0.8794992 -0.26019657
-0.007930903 -0.022303324 -0.03761963 -0.34178206 -0.9295824 -0.13806367
-0.014917843 -0.019036327 -0.037101805 -0.53385293 -0.835734 -0.1286458
-0.0124588385 -0.020930102 -0.030751372 -0.5038864 -0.86295325 -0.03755154
-0.017040813 -0.017666526 -0.026358986 -0.6003451 -0.7970388 0.0656884
-0.011563273 -0.021426989 -0.021299142 -0.61516935 -0.7867454 0.050971672
-0.0009696622 -0.027712816 -0.009262969 -0.4426857 -0.8120234 0.38032535
0.003976792 -0.011675981 0.010338189 -0.29597592 0.9511591 0.087718815
0.004519397 -0.011515311 0.010436764 -0.29165927 0.9523792 0.08893086
0.003464682 -0.012211678 0.014721947 -0.25740474 0.96296567 0.080247924
0.003981287 -0.012075728 0.014762031 -0.26384273 0.961008 0.08276898
0.003150999 -0.012583308 0.018846365 0.1520875 0.90334266 0.40105045
0.003150999 -0.012583308 0.018846365 0.052464254 0.99740434 0.049315613
0.003150999 -0.012583308 0.018846365 -0.20253836 0.97658014 0.072590984
0.0045965733 -0.012626237 0.01817686 0.093585394 0.99304426 0.07144799
0.0045965733 -0.012626237 0.01817686 0.08036153 0.77529836 0.62646186
0.003596709 -0.012448314 0.01827384 0.06376588 0.9487148 0.3096352
0.003596709 -0.012448314 0.01827384 -0.20849292 0.97521013 0.07413503
0.003057199 -0.012643597 0.020165486 0.07015302 0.9955449 0.062996894
0.0038622515 -0.013053599 0.025400488 0.21666801 0.97419405 0.063253224
0.004751395 -0.013243916 0.025408102 0.7345427 -0.6781171 0.024578745
0.004751395 -0.013243916 0.025408102 0.20508195 0.97655666 0.06541116
0.0033747656 -0.012862076 0.032274723 0.61928034 0.78436965 0.035440292
0.004162363 -0.013469505 0.032189235 0.73196745 -0.6785641 0.061437115
0.004162363 -0.013469505 0.032189235 0.5977616 0.8009274 0.03458755
0.0028278413 -0.012612903 0.038719326 0.74454224 0.6662315 0.0423356
0.0035019396 -0.013355236 0.03878749 0.73210734 0.67982656 0.04306719
0.0035019396 -0.013355236 0.03878749 0.72941613 -0.6759505 0.105084844
0.002205161 -0.01207256 0.04469715 0.84805006 0.5279663 0.045416158
0.002790047 -0.013013686 0.04484327 0.84017426 0.54035115 0.046128955
0.002790047 -0.013013686 0.04484327 0.72395325 -0.6751748 0.14152983
0.0015544563 -0.011366584 0.049749605 0.88125956 0.46913362 0.05740432
0.0021479807 -0.012484842 0.049926035 0.87580115 0.4792174 0.057645008
0.0021479807 -0.012484842 0.049926035 0.7174515 -0.6724095 0.18201327
0.000848426 -0.010497847 0.05423577 0.90621287 0.41818094 0.0624723
0.0014712112 -0.011888851 0.054474637 0.9043763 0.4220785 0.06287345
0.0014712112 -0.011888851 0.054474637 0.7024352 -0.6750704 0.22553188
7.769186e-05 -0.009515491 0.05850468 0.9000209 0.43077832 0.06627423
0.0007201099 -0.010934048 0.05899559 0.90081024 0.4291502 0.0661136
0.0007201099 -0.010934048 0.05899559 0.666997 -0.6727946 0.32009742
-0.0007377784 -0.008365338 0.06192053 0.8989782 0.43219975 0.07100353
-8.874445e-05 -0.00982595 0.06262875 0.8984507 0.43332306 0.070834495
-8.874445e-05 -0.00982595 0.06262875 0.6138133 -0.66913307 0.4189202
-0.0017479054 -0.0067890706 0.06522055 0.9008257 0.42695913 0.078860864
-0.0011389328 -0.008231864 0.06606799 0.9004419 0.42787415 0.07828249
-0.0011389328 -0.008231864 0.06606799 0.55823714 -0.6125625 0.55958784
-0.0024985094 -0.0056040147 0.06717887 0.8925224 0.44279596 0.085647896
-0.0025982815 -0.0058216723 0.06939412 0.8929119 0.4423233 0.08401538
-0.0025982815 -0.0058216723 0.06939412 0.8872889 0.45543373 0.072790615
-0.0025982815 -0.0058216723 0.06939412 0.38902292 -0.36764902 0.8446866
-0.0026340808 -0.0052774595 0.0668838 0.8869124 0.45243675 0.09320591
-0.0031980681 -0.0043431865 0.067715436 0.88629866 0.45498317 0.08640103
-0.0031980681 -0.0043431865 0.067715436 0.8381197 0.52153367 0.15986885
-0.0031980681 -0.0043431865 0.067715436 -0.46550858 0.8759227 -0.12673347
-0.0032386924 -0.004335982 0.067904904 0.84744674 0.5106346 0.14521167
-0.0032386924 -0.004335982 0.067904904 -0.48869908 0.8607863 0.14219739
-0.0053162365 -0.0054894136 0.06740211 -0.28997183 0.9489274 -0.1243112
-0.005238483 -0.005432767 0.067679316 -0.33119842 0.9336439 0.13644357
-0.0056418236 -0.0055580707 0.067388885 0.09623535 0.9534764 -0.2856948
-0.0055348575 -0.005483472 0.06767387 0.12395174 0.98963565 -0.07250726
-0.0059319763 -0.0054083923 0.06750185 0.49789894 0.76669353 -0.40531188
-0.0058059427 -0.005345759 0.06778492 0.60911137 0.76170385 -0.22088596
-0.006453674 -0.00464172 0.06775518 0.64236397 0.5703206 -0.51195997
-0.006288987 -0.0045768404 0.06803574 0.75319844 0.5626006 -0.340841
-0.00814902 -0.0016573974 0.0687661 0.6083816 0.53818685 -0.5832895
-0.007911976 -0.0016683833 0.06900367 0.71696687 0.54560083 -0.43391025
-0.009604381 0.00096464076 0.06966153 0.5930241 0.52856916 -0.6074018
-0.009384738 0.0010179906 0.06992653 0.714055 0.5384988 -0.44737506
-0.010656431 0.0028204238 0.07029936 0.4858311 0.5175243 -0.7043697
-0.010656431 0.0028204238 0.07029936 -0.4704342 0.88197315 0.028548548
-0.010427851 0.0029345257 0.07054086 0.6879551 0.5406796 -0.48413166
-0.010427851 0.0029345257 0.07054086 -0.4699579 0.88219213 0.029608462
-0.0108903255 0.0026071956 0.07303257 -0.43507606 0.899148 0.0473452
-0.0108903255 0.0026071956 0.07303257 -0.44178584 0.89640725 0.03576664
-0.0108903255 0.0026071956 0.07303257 -0.4954148 0.61094093 0.61750734
-0.011010829 0.0027223593 0.07282196 -0.49597085 0.6144679 0.6135486
-0.014734102 0.00085531094 0.07168208 -0.41899994 0.9079677 -0.005806504
-0.014734102 0.00085531094 0.07168208 -0.6011671 0.65874153 0.452391
-0.010905858 0.0025718538 0.07350178 -0.05687778 -0.097059354 0.99365216
-0.010905858 0.0025718538 0.07350178 -0.44052902 0.89617765 0.052913517
-0.010542171 0.0027788607 0.07300069 -0.46173465 0.88634175 0.03463219
-0.010563239 0.0027501686 0.07345386 0.5273254 0.19390762 0.82724106
-0.010563239 0.0027501686 0.07345386 -0.45555747 0.8891837 0.042658504
-0.010384696 0.0028629815 0.073081054 0.8635093 0.41352808 0.28869775
-0.010384696 0.0028629815 0.073081054 -0.48380294 0.87456006 0.03285248
-0.0088240085 -5.9784274e-05 0.072611436 0.88018095 0.46425715 0.09872552
-0.010326274 0.0029767258 0.070893705 0.862627 0.49647388 -0.09689334
-0.010326274 0.0029767258 0.070893705 -0.47856092 0.8774396 0.032850422
-0.009263951 0.0009992189 0.07024024 0.85584784 0.5037798 -0.11717633
-0.0077687134 -0.0017422334 0.06928066 0.85459644 0.506693 -0.11369727
-0.007180077 -0.0030919546 0.07158582 0.8852331 0.46081594 0.06333283
-0.0062242667 -0.0045844177 0.068348624 0.8614786 0.5053939 -0.04931043
-0.0056663766 -0.005819206 0.07013221 0.8853894 0.45208135 0.10820333
-0.0057601524 -0.0053796144 0.06808615 0.74339265 0.66321725 0.086661234
-0.005449761 -0.0055549676 0.0679543 0.22531764 0.9147036 0.33548373
-0.0052628596 -0.0064908685 0.06981306 0.79512733 0.5287593 0.2969615
-0.005218622 -0.0068080025 0.07004682 0.7090615 0.0980531 0.69829607
-0.0049598487 -0.006674451 0.069631614 0.30109653 0.7083268 0.63844645
-0.004586412 -0.006537513 0.06955303 -0.2179144 0.64879304 0.72909594
-0.0048659327 -0.006977943 0.069826834 0.383632 0.10118759 0.9179257
-0.0044508586 -0.0067720646 0.0697273 0.09541857 0.1641361 0.981812
-0.0048823426 -0.007379913 0.06974231 0.35302657 -0.48055875 0.80276746
-0.0056045013 -0.010272988 0.06736894 0.23099421 -0.7307969 0.6423221
-0.004370766 -0.0071744667 0.069621645 0.39873412 -0.41766346 0.81643635
-0.0053886813 -0.0071895393 0.070078075 0.34205905 -0.4641055 0.81706893
-0.0059025316 -0.0064933943 0.07070194 0.34324276 -0.39730597 0.8510772
-0.007426797 -0.009842337 0.06822699 0.045019362 -0.7223439 0.690067
-0.009178264 -0.008714602 0.069277406 -0.1136555 -0.65828675 0.74413776
-0.00903747 -0.012320139 0.06495755 -0.12499757 -0.83810884 0.530989
-0.011851193 -0.010753949 0.065995775 -0.34215987 -0.75464237 0.55985856
-0.010174146 -0.014335436 0.06069652 -0.20903322 -0.8941924 0.39588514
-0.006000225 -0.012837139 0.06403921 0.15706104 -0.8482561 0.5057602
-0.0029992277 -0.012119417 0.063299894 0.47374457 -0.74718666 0.466131
-0.0061027654 -0.014897116 0.059981108 0.13012 -0.91488093 0.38218036
-0.0022446932 -0.013781072 0.059258014 0.505674 -0.7888633 0.34926844
-0.0060669864 -0.016541095 0.055296116 0.11879803 -0.95294946 0.27888066
-0.010722358 -0.015954986 0.05583804 -0.24658047 -0.92906296 0.27575356
-0.0017424563 -0.015189326 0.05460474 0.5240742 -0.81203794 0.2567892
-0.0059846127 -0.01779969 0.050069228 0.10612355 -0.97523373 0.19405457
-0.0013185287 -0.016226608 0.04988478 0.53249246 -0.8237107 0.19481388
-0.0060726497 -0.018697998 0.044682086 0.0808363 -0.987996 0.13164113
-0.011108661 -0.017147133 0.050427377 -0.2781605 -0.9430506 0.18243453
-0.011251051 -0.017979307 0.04466006 -0.3004272 -0.9470904 0.11297486
-0.01545433 -0.014895632 0.050781533 -0.55279106 -0.8173643 0.1622894
-0.0147819575 -0.013932132 0.056396186 -0.5104024 -0.81766087 0.2663084
-0.01813245 -0.01101393 0.05693336 -0.6936226 -0.67394376 0.2543373
-0.013736911 -0.012486518 0.061534077 -0.45156428 -0.7954102 0.40424293
-0.016714724 -0.009854686 0.062301762 -0.626916 -0.6628907 0.4093315
-0.014438545 -0.008330603 0.06705639 -0.50606334 -0.6287522 0.59039867
-0.019258857 -0.0064314725 0.06285348 -0.76201695 -0.5032376 0.4075316
-0.016827513 -0.0050320933 0.06780678 -0.6422616 -0.46250823 0.6112169
-0.021233222 -0.002336775 0.06309068 -0.51988405 0.8535492 0.034270253
-0.021233222 -0.002336775 0.06309068 -0.8131755 -0.4139941 0.4090898
-0.018634984 -0.0010006101 0.06817295 -0.45330676 0.89128953 0.010769922
-0.018634984 -0.0010006101 0.06817295 -0.68795264 -0.36538956 0.6270659
-0.020897798 -0.0021243328 0.06291255 -0.520075 0.85341537 0.034700315
-0.020897798 -0.0021243328 0.06291255 -0.8688249 0.42302603 0.25727847
-0.018308476 -0.0008315117 0.06796026 -0.45404965 0.8908552 0.014698335
-0.018308476 -0.0008315117 0.06796026 -0.7562286 0.5486905 0.35645068
-0.020801557 -0.0018753082 0.06282997 -0.8684784 0.422376 0.25950664
-0.018217597 -0.0005858474 0.067775846 -0.7628351 0.54344714 0.35035378
-0.014681635 0.0010727226 0.07143313 -0.60439545 0.6583245 0.44868132
-0.014901344 0.0007808461 0.0720466 -0.41851726 0.9081996 -0.0040999986
-0.014901344 0.0007808461 0.0720466 -0.43609217 -0.26345864 0.8604726
-0.013212368 -0.0031114155 0.071724646 -0.39000067 -0.36191547 0.84670925
-0.011193685 -0.006358971 0.07071647 -0.25284582 -0.53627855 0.805279
-0.009239366 -0.00060193695 0.07335094 0.087282024 -0.13072018 0.98756975
-0.0074677337 -0.0037826682 0.07237904 0.2623277 -0.26753047 0.9271524
-0.008809932 -0.00024628348 0.07316721 0.7155492 0.28077674 0.63965124
-0.0070847995 -0.0033672014 0.07212985 0.8181679 0.2236795 0.5296873
-0.005601238 -0.0061137425 0.07053108 0.8376451 0.13692714 0.52877355
-0.0055726576 -0.019277565 0.038562655 0.09902204 -0.992221 0.0754468
-0.0009865445 -0.017076394 0.04475048 0.5226811 -0.8404312 0.14310777
-0.00030330318 -0.01750478 0.038554132 0.5385791 -0.8371675 0.09530587
0.00025590137 -0.017677037 0.032212727 0.5425566 -0.83865744 0.047813114
-0.005212153 -0.019544406 0.032333754 0.11009265 -0.9935661 0.02656811
0.0007957381 -0.017529782 0.025576288 0.54765964 -0.83666617 0.007659302
-0.0047509912 -0.019462533 0.025803695 0.121037796 -0.9922238 -0.029013334
0.0013370337 -0.017078588 0.019365305 0.5535769 -0.83219045 -0.031807404
0.0017478322 -0.016491849 0.014538331 0.54968476 -0.831839 -0.07674981
0.0053091827 -0.01272905 0.018483402 0.82090294 -0.571011 0.008046779
0.0053091827 -0.01272905 0.018483402 0.10753057 0.9907871 0.08232895
0.0053091827 -0.01272905 0.018483402 -0.25794432 0.6787606 0.6875673
-0.004125288 -0.019057304 0.019653054 0.14875986 -0.9865018 -0.06844587
-0.0034499648 -0.018383075 0.014463494 0.18202786 -0.97470194 -0.12969963
-0.009711312 -0.018852692 0.020071922 -0.2150352 -0.9741347 -0.069437
-0.008903125 -0.018404735 0.014359498 -0.1627083 -0.9778598 -0.131591
-0.014087198 -0.016735561 0.014128866 -0.42173874 -0.90282273 -0.08395028
0.00552206 -0.0123699345 0.014795279 0.8907439 -0.45423436 0.015696866
0.0053289817 -0.012413367 0.018208602 0.97774494 0.1885344 0.09203049
0.0053289817 -0.012413367 0.018208602 -0.30598307 0.60388833 0.73599815
0.004615833 -0.012416183 0.017914427 -0.021109654 0.68852806 0.7249024
0.005112786 -0.0121199945 0.01792075 0.4588649 0.87859184 0.132361
0.005112786 -0.0121199945 0.01792075 -0.33233386 0.54112065 0.77249116
0.0055827955 -0.012058328 0.014798129 0.9565439 0.27028257 0.109412946
0.00598198 -0.011540837 0.010680923 0.9569733 0.23824826 0.1656496
0.0053458316 -0.011801575 0.0147932265 0.38982907 0.9104631 0.13816738
0.0057430696 -0.011274182 0.010643547 0.37237853 0.9105285 0.17964436
0.004918084 -0.011806257 0.014794072 -0.15526794 0.9824641 0.10322974
0.004611919 -0.012192995 0.017736768 -0.108325146 0.67000943 0.7344065
0.004611919 -0.012192995 0.017736768 -0.18988921 0.97662514 0.100724466
0.005401026 -0.011275433 0.010605125 -0.14769472 0.98252255 0.11329434
0.0044584833 -0.011943951 0.014784036 -0.2757143 0.9570986 0.08912804
0.0040567755 -0.012311582 0.017860794 -0.18143447 0.975935 0.120964885
0.0040567755 -0.012311582 0.017860794 -0.2103275 0.97404605 0.08364667
0.0049406546 -0.011398181 0.010537365 -0.27832994 0.956168 0.09096856
0.006246013 -0.01062597 0.006247923 -0.08622195 0.9877387 0.13014643
0.005912112 -0.011818674 0.010653099 0.8701052 -0.49007875 0.052341472
0.0021893266 -0.015636578 0.010053089 0.5331553 -0.8407839 -0.09395606
-0.0035936814 -0.009944622 0.06666564 0.4521595 -0.6648989 0.5945261
-0.0027585793 -0.0055178152 0.06948057 0.89202267 0.44748202 0.06368201
-0.0027585793 -0.0055178152 0.06948057 -0.02232808 0.214473 0.97647464
-0.0028922386 -0.0052136267 0.06927362 0.9033856 0.42661193 0.043550428
-0.0028922386 -0.0052136267 0.06927362 -0.35878718 0.60973334 0.7067509
-0.0032038782 -0.0044373954 0.06813496 0.89455074 0.44296172 0.05969796
-0.0032038782 -0.0044373954 0.06813496 -0.45848495 0.73339 0.501927
-0.0051190453 -0.0054967115 0.06793021 -0.3121521 0.81730026 0.484336
-0.02441568 -0.0046920693 0.026510617 -0.50328237 0.86381024 -0.02321137
-0.02441568 -0.0046920693 0.026510617 -0.9052592 -0.42485172 -0.0026128767
-0.024438743 -0.0045271525 0.032729097 -0.49148953 0.8706023 -0.022130968
-0.024438743 -0.0045271525 0.032729097 -0.904778 -0.42549837 0.018107565
-0.011603655 0.008945748 -0.017997291 -0.1009642 0.8017132 -0.5891198
-0.011555834 0.009729684 -0.016970964 -0.10067602 0.78001404 -0.6176104
-0.010125989 0.008987479 -0.01822984 0.3247342 0.67770934 -0.6597406
-0.012866193 0.008817968 -0.017995756 -0.062009 0.8071124 -0.5871326
-0.011816869 0.0084610395 -0.018638585 -0.09588586 0.8176174 -0.5677216
-0.012746252 0.008129507 -0.018995179 -0.06287313 0.8285067 -0.5564385
-0.011011746 0.008034851 -0.019415254 0.18148832 0.6630787 -0.7262152
-0.012289451 0.0073539903 -0.020238383 0.11024398 0.6105109 -0.78429765
-0.010854134 0.007855745 -0.019443978 0.65846 0.046876673 -0.7511544
-0.009974619 0.00881137 -0.018211976 0.8499376 0.16408578 -0.50068134
-0.012218306 0.0071673254 -0.020297538 0.3969551 -0.09162066 -0.9132536
-0.010683643 0.0063984143 -0.0183049 0.76961035 -0.33286554 -0.54488575
-0.0098244175 0.0073759826 -0.017074373 0.9490264 -0.1278707 -0.28809375
-0.012110671 0.005657218 -0.019211423 0.47141683 -0.49344125 -0.7309458
-0.013946036 0.005294935 -0.019628894 0.058068704 -0.57190454 -0.8182622
-0.013945064 0.006816445 -0.020693209 0.043479294 -0.11198715 -0.992758
-0.015727771 0.0054533323 -0.019371254 -0.3394841 -0.54150194 -0.76910734
-0.015772207 0.006957313 -0.020410202 -0.31174427 -0.118543625 -0.9427422
-0.017173173 0.005953824 -0.018685829 -0.65843606 -0.43321806 -0.6154544
-0.017129041 0.0074524563 -0.019786172 -0.55494124 0.029431034 -0.8313687
-0.018264476 0.006789339 -0.01757638 -0.8883745 -0.25579593 -0.3812599
-0.018221794 0.008284507 -0.018680101 -0.75972325 0.16934113 -0.6278089
-0.018792713 0.007884012 -0.016154112 -0.99833673 -0.006484594 -0.057286065
-0.018735364 0.009322369 -0.017273968 -0.90129995 0.31347722 -0.2989825
-0.018418144 0.009086144 -0.014599585 -0.9280238 0.25265893 0.27374324
-0.018382875 0.010498974 -0.01578403 -0.8655618 0.49773675 0.05532451
-0.017564263 0.009915218 -0.0135432575 -0.7418263 0.44086272 0.5053055
-0.017551031 0.011322279 -0.014746553 -0.68946594 0.68891746 0.22367257
-0.01639086 0.010500629 -0.012820493 -0.4713729 0.5746756 0.6689958
-0.01636847 0.0119097475 -0.014012646 -0.45065746 0.76826936 0.4546098
-0.014499249 0.010906462 -0.012369324 -0.07568126 0.65275365 0.7537804
-0.014529925 0.012277719 -0.013557797 -0.07579854 0.8316275 0.5501366
-0.012729846 0.0107702 -0.012626075 0.3375371 0.6261192 0.70288223
-0.012787495 0.012153066 -0.013827046 0.31382135 0.8077142 0.49911314
-0.011189468 0.0102304155 -0.01335422 0.6516846 0.5163878 0.5555634
-0.011255341 0.01161286 -0.014561914 0.6207863 0.7203128 0.30947322
-0.010202736 0.009490418 -0.014352442 0.88025075 0.3422684 0.3286501
-0.010272512 0.0108332345 -0.01556323 0.8040936 0.5909712 0.064703174
-0.009628639 0.008386268 -0.01578308 0.99276286 0.11656634 0.028883189
-0.009762028 0.009800096 -0.016904192 0.9243438 0.3418658 -0.16945888
-0.00992012 0.00994307 -0.01701148 0.4080152 0.7438017 -0.52941734
-0.0104606785 0.010925889 -0.015722431 0.28556663 0.8472981 -0.44781426
-0.0117763765 0.010533801 -0.015962832 -0.09267901 0.7592287 -0.6441914
-0.0113865975 0.011694376 -0.014711538 0.25502616 0.9167661 -0.30741096
-0.012072105 0.0111401705 -0.015228039 -0.078678 0.74290156 -0.664761
-0.01281268 0.012206525 -0.014005824 0.14683257 0.9677312 -0.20478447
-0.014521981 0.012339579 -0.013772044 -0.052027564 0.9830714 -0.17568116
-0.013062669 0.011224371 -0.015035938 -0.05378002 0.7383413 -0.67227954
-0.014419166 0.011221062 -0.014961824 -0.017016914 0.73759794 -0.67502576
-0.013021689 0.010397251 -0.015973084 -0.059676033 0.7590592 -0.6482808
-0.014332397 0.010316793 -0.015984502 -0.019187095 0.76012105 -0.6494982
-0.012922198 0.009585365 -0.016970314 -0.06433854 0.7843085 -0.6170257
-0.014249815 0.009480667 -0.0170019 -0.02171656 0.78813267 -0.6151222
-0.0155764185 0.0094296755 -0.017076146 0.020789767 0.78944373 -0.6134709
-0.01416932 0.008698777 -0.018059004 -0.023931084 0.8123724 -0.58264786
-0.015475385 0.008657712 -0.018110514 0.015306748 0.81281346 -0.582323
-0.01407744 0.007927459 -0.019181434 -0.026865443 0.83398503 -0.55113274
-0.013944648 0.0070420746 -0.020581659 -0.0033559133 0.638821 -0.7693482
-0.01542433 0.007947937 -0.01913861 0.010642164 0.8329528 -0.55324185
-0.015699696 0.0071914075 -0.02032802 -0.110831514 0.61820436 -0.7781643
-0.016417831 0.008081191 -0.018982224 0.042155586 0.82671523 -0.56103915
-0.016723765 0.0086326385 -0.018218841 0.051764052 0.8118713 -0.5815372
-0.01700362 0.0076429034 -0.01970243 -0.1399664 0.68703157 -0.71301967
-0.018046474 0.008439962 -0.018644363 -0.19055235 0.7174854 -0.6700034
-0.018549174 0.009418548 -0.017375812 -0.32064044 0.7324487 -0.6005901
-0.016937317 0.00941279 -0.0171853 0.05639585 0.7905129 -0.60984343
-0.01829898 0.010546593 -0.015919246 -0.4081047 0.7975044 -0.44433925
-0.016890291 0.0102593675 -0.016134707 0.048531532 0.76749605 -0.63921404
-0.017420445 0.011379143 -0.014898862 -0.2706659 0.8757586 -0.3997337
-0.016681345 0.0108783115 -0.015397103 0.040433913 0.7505329 -0.65959495
-0.016298085 0.011973574 -0.014181194 -0.21930648 0.9467421 -0.23576272
-0.015760042 0.011067007 -0.015140861 0.019121997 0.7424324 -0.66964805
-0.01564049 0.010250132 -0.016069144 0.021449132 0.7638001 -0.64509654
-0.0037636766 -0.0029565813 0.06588371 -0.45899662 0.6729763 0.58002156
-0.0037636766 -0.0029565813 0.06588371 -0.7682229 0.021909904 0.63980734
-0.0037636766 -0.0029565813 0.06588371 -0.8830279 -0.4647423 -0.06539241
-0.005115574 -0.00045377843 0.06647918 -0.74350685 -0.52851194 0.4097227
-0.005115574 -0.00045377843 0.06647918 -0.8836676 -0.46323255 -0.067433454
-0.003199848 -0.00428917 0.06784354 0.7252355 -0.16085595 0.6694466
-0.003199848 -0.00428917 0.06784354 0.33592722 -0.57040143 0.74952996
-0.003199848 -0.00428917 0.06784354 -0.45379314 0.6707653 0.5866394
-0.003199848 -0.00428917 0.06784354 -0.8817465 -0.46734786 -0.06410136
-0.007407246 -0.005146672 0.065473825 0.8765196 0.4716801 0.09607959
-0.007407246 -0.005146672 0.065473825 0.3331626 0.37164083 0.8665366
-0.007407246 -0.005146672 0.065473825 -0.47099257 0.67793286 0.5644227
-0.004034794 -0.002913476 0.06556307 -0.63719034 0.105734125 0.7634191
-0.004380908 -0.002867532 0.065405615 -0.27943218 -0.043932837 0.95915985
-0.0072387713 -0.0048788907 0.065295324 0.09923898 0.4246912 0.8998828
-0.005281903 -0.00051650486 0.06609605 -0.49806798 -0.47922266 0.7226853
-0.0055879327 -0.0007300124 0.065949254 -0.050140962 -0.30283192 0.9517241
-0.006647586 0.0019594906 0.0669585 -0.517026 -0.47511038 0.71200716
-0.007819727 0.004017885 0.06730353 -0.28105426 0.9580024 -0.056920093
-0.007819727 0.004017885 0.06730353 -0.48929092 -0.40325785 0.7732901
-0.0069679553 0.0018112242 0.06683089 -0.051698267 -0.2882769 0.9561504
-0.006457958 0.001976288 0.0673136 -0.74024624 -0.5217293 0.4240684
-0.006457958 0.001976288 0.0673136 -0.88503706 -0.46116367 -0.06354087
-0.006298606 0.0012394852 0.07050138 0.31272808 -0.006120148 0.9498229
-0.006298606 0.0012394852 0.07050138 -0.88468426 -0.46180072 -0.06382615
-0.007582166 0.0040881736 0.06774281 -0.22518875 0.97319466 -0.046714224
-0.007582166 0.0040881736 0.06774281 -0.73338056 -0.48682773 0.4745016
-0.007582166 0.0040881736 0.06774281 -0.8820343 -0.4630875 -0.08698025
-0.007771239 0.0040328046 0.07056919 0.0030438125 0.08133018 0.9966826
-0.007771239 0.0040328046 0.07056919 -0.88372564 -0.46295413 -0.06857503
-0.008946028 0.006767447 0.067322336 -0.8766942 -0.47081888 -0.09867487
-0.0068605966 0.0040874546 0.06304525 -0.40728235 0.9111478 -0.062696
-0.0068605966 0.0040874546 0.06304525 -0.8740968 -0.46684793 -0.13419329
-0.008423647 0.0070372177 0.06296447 -0.8675159 -0.47917527 -0.13344333
-0.007128703 0.003967571 0.06304458 -0.40255642 0.9128144 -0.068688706
-0.007375333 0.0038576378 0.06304395 -0.406972 0.91032267 -0.07540911
-0.008097785 0.0038869074 0.067218825 -0.05170499 -0.1978334 0.9788711
-0.008097785 0.0038869074 0.067218825 -0.40889224 0.9093172 -0.077132806
-0.010365013 0.0025241626 0.06302435 -0.4059677 0.9110952 -0.07138432
-0.010962648 0.002584382 0.067191705 0.23071443 -0.037361454 0.972304
-0.010962648 0.002584382 0.067191705 -0.37743384 0.92320937 -0.072305836
-0.01077822 0.0023388779 0.063009866 -0.3932734 0.91655433 -0.07255421
-0.011336936 0.0024557477 0.06735891 0.6218987 0.2023923 0.7564915
-0.011336936 0.0024557477 0.06735891 -0.243193 0.9672495 -0.07270181
-0.011231916 0.002149186 0.06299325 0.9121661 0.408235 0.036015827
-0.011231916 0.002149186 0.06299325 -0.37758037 0.9230234 -0.073897906
-0.011528222 0.0024371585 0.06760487 0.9111493 0.41076148 0.032893233
-0.011528222 0.0024371585 0.06760487 0.7889305 0.3384116 0.5128998
-0.011528222 0.0024371585 0.06760487 -0.19573717 0.19106062 0.96186423
-0.011528222 0.0024371585 0.06760487 -0.18940306 0.97915846 -0.07331506
-0.012844585 0.0057896106 0.06289515 0.9667706 0.25216606 0.04203526
-0.012921948 0.0066534234 0.06293219 0.9907104 -0.13131167 0.035358027
-0.013004739 0.005799121 0.06652148 0.9656179 0.2578853 0.032822184
-0.013004739 0.005799121 0.06652148 -0.39966244 0.23934607 0.8848635
-0.013454409 0.005651924 0.06636087 -0.38809693 0.25110772 0.88675
-0.012994349 0.0067233844 0.06616256 0.98557353 -0.16797082 0.02075197
-0.012994349 0.0067233844 0.06616256 -0.43526956 0.36094853 0.8247766
-0.013532395 0.0067933155 0.06584878 -0.42858425 0.36887634 0.8247701
-0.01273321 0.0073101884 0.06601598 0.7869258 -0.61700165 0.007535019
-0.01273321 0.0073101884 0.06601598 -0.40897238 0.41679397 0.8118031
-0.013153717 0.0076692468 0.06561959 -0.40561512 0.41972804 0.81197584
-0.011735195 0.008020005 0.06610539 0.50743806 -0.8615061 -0.017712327
-0.011735195 0.008020005 0.06610539 -0.36509472 0.44638976 0.8169712
-0.012698017 0.00727209 0.06293109 0.80761665 -0.5892751 0.022585485
-0.011478597 0.008237316 0.062886745 0.52386564 -0.85170376 -0.012860222
-0.009635393 0.00916079 0.062947005 0.44859317 -0.8929997 -0.036272395
-0.009635393 0.00916079 0.062947005 -0.86043143 -0.4920633 -0.13240671
-0.009979112 0.00885057 0.066333495 0.43685138 -0.8990302 -0.03009163
-0.009979112 0.00885057 0.066333495 -0.30535915 0.40951648 0.8596813
-0.009979112 0.00885057 0.066333495 -0.8732442 -0.48044592 -0.08134001
-0.010210931 0.009046088 0.06871393 -0.13136935 0.394938 0.9092668
-0.010210931 0.009046088 0.06871393 -0.8919888 -0.4492877 -0.04996551
-0.010257287 0.009380451 0.065982275 -0.3166104 0.42087117 0.85007375
-0.010257287 0.009380451 0.065982275 -0.5719649 0.8200479 0.019430961
-0.010257287 0.009380451 0.065982275 -0.87296385 -0.4859907 -0.041799158
-0.010332055 0.009287442 0.068625264 -0.041879017 0.3259704 0.944452
-0.010332055 0.009287442 0.068625264 -0.5559257 0.83112204 0.0135220345
-0.010332055 0.009287442 0.068625264 -0.88386905 -0.46532446 -0.047421012
-0.0120715 0.008497841 0.06568594 -0.37276387 0.45024547 0.8113729
-0.009503756 0.009910851 0.06602891 -0.5763381 0.81694007 0.021056024
-0.009606391 0.009775038 0.06848915 -0.16149747 0.41065535 0.8973744
-0.009606391 0.009775038 0.06848915 -0.5600578 0.828317 0.015036775
-0.009479741 0.009489036 0.06865743 -0.19021744 0.42677513 0.8841268
-0.008558437 0.0073746135 0.06985001 -0.07641271 0.3436665 0.93597776
-0.009297924 0.007047317 0.0699164 -0.072762005 0.34524325 0.9356884
-0.009297924 0.007047317 0.0699164 -0.8856477 -0.45966387 -0.0658575
-0.007108781 0.0042889332 0.07055768 -0.001219088 0.058995556 0.9982575
-0.0057502603 0.0015137746 0.0703319 0.29347372 -0.03733109 0.9552379
-0.004276599 -0.0012246267 0.06931822 0.5534462 -0.098228075 0.82707226
-0.004753246 -0.0015997001 0.06960303 0.5635162 -0.08183929 0.8220412
-0.004753246 -0.0015997001 0.06960303 -0.8836072 -0.4636517 -0.06530936
-0.0029162033 -0.0038979882 0.06763345 0.71832216 -0.1671308 0.6753373
-0.0024546422 -0.004613974 0.06676097 0.7752433 -0.20857681 0.5962327
-0.0026980327 -0.004952864 0.06696586 0.77833676 -0.19898084 0.59548175
-0.0026980327 -0.004952864 0.06696586 0.39373004 -0.61077076 0.68697584
-0.006337168 -0.0073503675 0.06692003 0.8736054 0.39972958 0.27754274
-0.006337168 -0.0073503675 0.06692003 0.08725127 -0.36861926 0.9254766
-0.00695247 -0.006322411 0.0672655 0.87930834 0.43936288 0.18378529
-0.00695247 -0.006322411 0.0672655 0.8636472 0.42681167 0.26822644
-0.00695247 -0.006322411 0.0672655 0.020155104 -0.3076413 0.951289
-0.00695247 -0.006322411 0.0672655 -0.46540055 0.67564714 0.5717546
-0.006310276 -0.007932303 0.06759493 0.8825535 0.3729318 0.286393
-0.006310276 -0.007932303 0.06759493 0.12365881 -0.6566642 0.74397624
-0.006978668 -0.007043359 0.06849708 0.879057 0.4076925 0.2470743
-0.006978668 -0.007043359 0.06849708 0.8717036 0.4051038 0.2757242
-0.006978668 -0.007043359 0.06849708 0.03408178 -0.5054739 0.86216855
-0.0069216643 -0.0082143145 0.067450166 0.12553291 -0.6547573 0.74534184
-0.007560913 -0.0072705494 0.06838689 0.029260766 -0.48704925 0.8728842
-0.009306289 -0.0039570006 0.06936753 -0.0024358965 -0.3058944 0.9520623
-0.008779049 -0.0036419528 0.06947011 0.8887556 0.4174661 0.18930271
-0.008779049 -0.0036419528 0.06947011 -0.0028090659 -0.30796775 0.95139265
-0.010860991 -0.0010687195 0.07037078 -0.110046074 -0.1607864 0.9808352
-0.010393506 -0.00068489544 0.07048546 0.8864252 0.42575338 0.18161596
-0.010393506 -0.00068489544 0.07048546 -0.15754704 -0.11319692 0.9810023
-0.011361709 -2.1573971e-05 0.070169106 -0.43894517 0.63856673 0.63210726
-0.010792209 0.00020269596 0.07034532 0.8837737 0.44774082 0.1359123
-0.010792209 0.00020269596 0.07034532 -0.4361088 0.5376055 0.7216574
-0.011180589 0.00035048195 0.067864306 -0.33566174 0.0017894744 0.9419809
-0.011180589 0.00035048195 0.067864306 -0.40324083 0.90756005 0.117182285
-0.010672068 0.00055427395 0.068045124 0.88251525 0.456494 0.11304892
-0.010672068 0.00055427395 0.068045124 0.87585086 0.43633887 0.20613973
-0.010672068 0.00055427395 0.068045124 -0.30690604 0.028793639 0.95130414
-0.010672068 0.00055427395 0.068045124 -0.40511698 0.9066927 0.11742381
-0.012063304 0.0022078967 0.06754624 -0.20423564 0.18517667 0.96124774
-0.009147624 -0.0020955177 0.06674245 0.8829184 0.4570306 0.10760125
-0.009147624 -0.0020955177 0.06674245 0.8632737 0.35840338 0.35539496
-0.010524552 0.0006095312 0.067266926 0.80559593 0.33575517 0.48814306
-0.010169698 0.00076734193 0.066933736 0.3903886 -0.012918243 0.9205595
-0.009019403 -0.0019158766 0.06622566 0.7415878 0.20552126 0.6385988
-0.00873395 -0.0017421179 0.06604487 0.33262104 -0.11614303 0.9358814
-0.007066473 -0.0045877146 0.06522468 0.03150935 0.1160521 0.9927432
-0.009008052 -0.0028484957 0.06879546 0.885302 0.43980265 0.15104306
-0.027214637 -0.0071199583 -0.026725331 0.083483405 -0.9952152 0.050767526
-0.027214637 -0.0071199583 -0.026725331 -0.880251 -0.4657522 0.090735614
-0.026557526 -0.006693065 -0.021182066 0.064544044 -0.99572605 0.06605908
-0.026557526 -0.006693065 -0.021182066 -0.06504038 0.011536293 0.9978159
-0.026557526 -0.006693065 -0.021182066 -0.8773504 -0.4483537 0.17098276
-0.028711801 -0.003853775 -0.024790898 -0.9015436 -0.40564474 0.15057021
-0.027454942 -0.0073843133 -0.032384112 0.09660739 -0.99461514 0.03752278
-0.027454942 -0.0073843133 -0.032384112 0.09586669 -0.99449134 0.042386178
-0.027454942 -0.0073843133 -0.032384112 -0.8868188 -0.45832613 0.0590714
-0.027454942 -0.0073843133 -0.032384112 -0.86184394 0.18057474 -0.47393858
-0.025992308 -0.00699912 -0.026347555 0.07996048 -0.995173 0.056896187
-0.025665028 -0.006633143 -0.021124583 0.06262043 -0.9958622 0.06585655
-0.025665028 -0.006633143 -0.021124583 -0.08653197 -0.0037963106 0.9962418
-0.026201624 -0.0072555263 -0.032197144 0.13014151 -0.9914814 -0.00528824
-0.026201624 -0.0072555263 -0.032197144 0.094619825 -0.99462044 0.042158596
-0.025932668 -0.0072037987 -0.032779615 0.14300627 -0.9894808 -0.021839906
-0.025932668 -0.0072037987 -0.032779615 -0.021737471 0.7661475 -0.6422971
-0.025932668 -0.0072037987 -0.032779615 -0.7820618 0.30840307 -0.5415411
-0.027142525 -0.0073750503 -0.032942943 0.10939128 -0.9937715 0.02125855
-0.027142525 -0.0073750503 -0.032942943 -0.022093259 0.76611483 -0.6423239
-0.027142525 -0.0073750503 -0.032942943 -0.8590571 0.1852246 -0.47719255
-0.028054142 -0.0023707505 -0.02694284 -0.02669661 0.77560043 -0.6306595
-0.028054142 -0.0023707505 -0.02694284 -0.81009454 0.36668897 -0.45747802
-0.025316434 -0.0070491936 -0.03358051 -0.7816849 0.3088396 -0.54183656
-0.02770821 -0.0018831798 -0.027185433 -0.82123625 0.36528075 -0.43833873
-0.027798386 0.0030194488 -0.021038897 -0.60946757 0.5984665 -0.51998764
-0.02858983 0.002161014 -0.021150233 0.11481721 0.771761 -0.62546146
-0.02858983 0.002161014 -0.021150233 -0.10685237 -0.064222485 0.9921985
-0.02858983 0.002161014 -0.021150233 -0.5871588 0.6103055 -0.5317629
-0.029821262 0.002268366 -0.02127872 0.13229805 0.7688982 -0.625534
-0.029821262 0.002268366 -0.02127872 -0.10862583 -0.058307614 0.99237126
-0.029821262 0.002268366 -0.02127872 -0.9219683 0.25258085 -0.2935599
-0.028452402 0.0016287321 -0.02117072 -0.10641997 -0.06566212 0.9921508
-0.028452402 0.0016287321 -0.02117072 -0.1024979 -0.017117882 0.99458593
-0.029952276 0.0017575477 -0.021323074 -0.108039975 -0.06026337 0.99231833
-0.029952276 0.0017575477 -0.021323074 -0.11941474 -0.027069628 0.99247533
-0.029952276 0.0017575477 -0.021323074 -0.9334725 -0.3137452 0.17376177
-0.029952276 0.0017575477 -0.021323074 -0.9169944 0.26136112 -0.3013495
-0.027553914 -0.0023567886 -0.021146718 -0.18517208 -0.07086681 0.9801474
-0.028499143 -0.0026368396 -0.021355525 -0.1866118 -0.070394516 0.9799084
-0.028499143 -0.0026368396 -0.021355525 -0.9169648 -0.3548074 0.18244758
-0.029466059 -0.002763445 -0.02672369 -0.9075395 -0.40271622 0.1191293
-0.029466059 -0.002763445 -0.02672369 -0.96834207 0.058771838 -0.24260962
-0.029374877 -0.0024838238 -0.027025638 -0.017897982 0.7760468 -0.63042134
-0.029374877 -0.0024838238 -0.027025638 -0.96527094 0.04382933 -0.2575477
0.031210594 -0.005044606 -0.03121539 0.006144908 0.8201883 -0.5720608
-0.014314173 -0.011119251 -0.04164762 0.019175695 0.7960614 -0.6049121
0.018209793 0.012130375 -0.007031573 0.07025102 0.7954061 -0.6019918
0.020863626 -0.012646024 -0.042714387 0.018320626 0.8209118 -0.5707611
0.027733369 0.0026644692 -0.021044945 -0.82545644 0.27673006 -0.49197772
0.024284393 0.008229603 -0.012127826 0.05268852 0.8287079 -0.5571959
-0.0017841614 -0.015336837 -0.046499796 0.014286567 0.772633 -0.63469225
-0.00026460248 0.017435094 -0.004624581 0.11418939 0.71203405 -0.6927975
-0.012492018 0.014885321 -0.0092605185 0.05114864 0.76873434 -0.6375198
-0.023477769 0.005468951 -0.01855334 -0.14489187 0.7754886 -0.614511
-0.003729502 -0.013340128 -0.0007106997 0.9590085 -0.26272228 0.106205806
-0.003729502 -0.013340128 -0.0007106997 -0.22911869 0.66438293 0.711407
-0.0055348612 -0.01547291 0.0042615663 0.8325493 -0.5499583 0.06638931
-0.0055348612 -0.01547291 0.0042615663 -0.3166715 0.93852013 0.13747439
-0.0065463213 -0.016289122 0.01942064 0.97388345 -0.20029357 0.10692724
-0.0065463213 -0.016289122 0.01942064 -0.21563767 0.89688903 -0.38612235
-0.0029563522 -0.008385488 0.000704132 0.9902293 -0.042736515 0.1327391
-0.0029563522 -0.008385488 0.000704132 0.037648346 -0.3371745 0.9406891
0.0101942215 -0.010043361 -0.0005733911 -0.058008455 -0.044420585 0.9973273
0.0041320985 -0.012177301 0.0047439914 -0.28031912 0.9518759 0.12390877
0.010246307 -0.007191357 0.0008904729 0.018507997 -0.42021576 0.9072355
0.0043063713 0.011992991 0.009194238 -0.005544541 -0.5083007 0.8611619
-3.0767173e-05 0.015706968 0.012736825 0.040810227 -0.8179031 0.5739069
-0.007280152 0.010916799 0.008484418 0.9456394 0.26912767 0.18258275
-0.007280152 0.010916799 0.008484418 0.008273472 -0.5623127 0.8268833
-0.007095722 -0.0007621561 0.026686026 0.9836594 0.16553311 0.070802756
-0.007095722 -0.0007621561 0.026686026 0.033904694 0.2697015 -0.96234685
-0.009962758 0.014784453 0.012128366 0.90816027 0.37496573 0.18613306
-0.009962758 0.014784453 0.012128366 0.05286849 -0.88023543 0.47158316
-0.00917591 0.007575267 0.028080335 0.9605067 0.27050722 0.065212175
-0.00917591 0.007575267 0.028080335 0.0763415 -0.17440994 -0.98170924
-0.0119368695 0.01655386 0.019251673 0.90818894 0.40011275 0.12289244
-0.0119368695 0.01655386 0.019251673 0.09775882 -0.9908054 -0.09353109
-0.0111848 0.014080494 0.024662377 0.9550696 0.29636884 0.0027263828
-0.0111848 0.014080494 0.024662377 0.09555214 -0.43971184 -0.8930416
-0.0111848 0.014080494 0.024662377 0.10950993 -0.89816797 -0.4257957
-0.0024032297 0.017439365 0.019835731 0.09736648 -0.9915223 -0.086042754
-0.0012528049 0.015003008 0.025270833 0.09555141 -0.4397117 -0.89304173
-0.0012528049 0.015003008 0.025270833 0.109509975 -0.8981681 -0.4257952
0.0013549929 0.008553409 0.02872548 0.069458954 -0.09268979 -0.99326944
0.0034351847 0.00021599152 0.027331172 0.033175215 0.2763303 -0.96049005
0.003897342 -0.009241403 0.023582852 -0.030595109 0.48077112 -0.87631214
-0.006018478 -0.01016241 0.02297539 0.9942798 0.01870904 0.10515576
-0.006018478 -0.01016241 0.02297539 0.014102595 0.44028687 -0.89774644
0.0029977136 -0.013366996 0.01991213 -0.2467603 0.87242454 -0.42188263
0.0031384057 -0.012967317 0.011613747 -0.30735362 0.9505365 0.04487862
-0.0063876086 -0.015935231 0.011125548 0.6634586 -0.7480622 -0.01501827
-0.0063876086 -0.015935231 0.011125548 -0.29748192 0.95417327 0.032525867
0.025474846 -0.018715858 -0.020896962 -0.9697937 -0.15003599 -0.19232626
0.024100697 -0.020232204 -0.015716637 -0.8879866 -0.113545574 -0.4456313
0.023719862 -0.006276676 -0.022956481 0.7154934 -0.62468743 0.31278557
0.023719862 -0.006276676 -0.022956481 -0.97670144 -0.16407211 -0.13832794
0.025717394 -0.01841326 -0.024838699 -0.99031514 -0.13865149 0.0071863644
0.024179349 -0.0079801325 -0.027409645 0.30581367 -0.88506067 0.35092133
0.024179349 -0.0079801325 -0.027409645 -0.9899731 -0.13936158 0.02305669
0.025085406 -0.018664747 -0.030882495 -0.97597057 -0.07637497 0.20407918
0.023889154 -0.011166297 -0.033857465 0.37234575 -0.8385997 0.39762953
0.023889154 -0.011166297 -0.033857465 -0.9771725 -0.06628942 0.20184071
0.023405083 -0.019447148 -0.03553296 -0.8834815 0.08608035 0.46048963
0.022491096 -0.013988059 -0.03849937 0.22235352 -0.86900026 0.4420379
0.022491096 -0.013988059 -0.03849937 -0.88429236 0.12318444 0.45039165
0.01867838 -0.020963997 -0.040514164 -0.41515338 0.5293456 0.7398925
0.01867838 -0.020963997 -0.040514164 -0.7794097 0.26156142 0.5693032
0.018165678 -0.017602842 -0.043206535 0.15880996 -0.8481503 0.5053914
0.018165678 -0.017602842 -0.043206535 -0.43724784 0.5496486 0.7118291
0.018165678 -0.017602842 -0.043206535 -0.8053017 0.2909446 0.516566
0.0132792555 -0.022181967 -0.042672236 -0.22125861 0.62652373 0.74733704
0.013075313 -0.019669047 -0.045074493 0.14636987 -0.89390093 0.42369458
0.013075313 -0.019669047 -0.045074493 -0.22779903 0.6631205 0.7130068
0.005455675 -0.02336506 -0.04205817 0.25842196 0.5102706 0.82026935
0.005502103 -0.020168995 -0.044060998 0.24805169 0.5058564 0.82618374
0.005502103 -0.020168995 -0.044060998 0.13066566 -0.80435824 0.5795985
0.00033671153 -0.023522764 -0.03895437 0.67953247 0.27749375 0.6791413
0.00043306872 -0.018670065 -0.040838033 0.6967003 0.23084016 0.67920655
0.00043306872 -0.018670065 -0.040838033 0.10050543 -0.8487788 0.5191083
-0.0034252512 -0.023232298 -0.03419351 0.86201704 0.13336132 0.48902082
-0.0033883057 -0.016039127 -0.03603125 0.8734633 0.10948738 0.47442007
-0.0033883057 -0.016039127 -0.03603125 -0.08688162 -0.90135515 0.42427656
-0.006091813 -0.022994157 -0.028357087 0.95639503 0.065006256 0.28475055
-0.0062310365 -0.012915433 -0.029977225 0.96007216 0.057279084 0.27382594
-0.0062310365 -0.012915433 -0.029977225 -0.14506495 -0.9433603 0.29837492
-0.0070708417 -0.023229707 -0.023054907 0.9992014 0.02845545 -0.028054157
-0.0074640587 -0.010467756 -0.02411554 0.99897176 0.04531479 -0.0014188914
-0.0074640587 -0.010467756 -0.02411554 -0.39134693 -0.8755548 0.2832869
-0.005834131 -0.024401544 -0.016877878 0.9204972 0.04330903 -0.38834164
-0.0066782036 -0.008396314 -0.016627708 0.9546106 0.07631851 -0.28791356
-0.0066782036 -0.008396314 -0.016627708 -0.37139252 -0.88454556 0.28221753
-0.0032307678 -0.0259238 -0.01294908 0.7029392 0.09563016 -0.70479167
-0.0044901753 -0.007745185 -0.011297547 0.8221692 0.12999506 -0.5542012
-0.0044901753 -0.007745185 -0.011297547 -0.27415383 -0.93458134 0.2267097
0.00035134004 -0.02733578 -0.010657386 0.4522192 0.14971584 -0.87925136
-0.0012678091 -0.00783011 -0.0077508995 0.6101883 0.1823405 -0.77098775
-0.0012678091 -0.00783011 -0.0077508995 0.015961196 -0.98329216 0.18133363
0.0046634874 -0.028217845 -0.00923612 0.24687013 0.19125935 -0.9499868
0.0027370376 -0.007925808 -0.0054384526 0.34446454 0.2041926 -0.9163239
0.0027370376 -0.007925808 -0.0054384526 0.12330794 -0.9595073 -0.2532607
0.009408049 -0.028135542 -0.008538369 0.056582686 0.19860978 -0.9784439
0.0072374153 -0.0075965384 -0.0044947807 0.12532471 -0.96009314 -0.25002965
0.0072374153 -0.0075965384 -0.0044947807 0.045647684 0.18635543 -0.9814214
0.013896808 -0.027211232 -0.008489232 -0.14769877 0.16779234 -0.9746952
0.0115711335 -0.0068932856 -0.004792189 0.14461902 -0.97122407 -0.18923317
0.0115711335 -0.0068932856 -0.004792189 -0.27172944 0.12228385 -0.95457304
0.018125106 -0.025267301 -0.0094789425 -0.43605274 0.09266026 -0.895138
0.015780305 -0.005859861 -0.00687935 0.179717 -0.97867364 0.099497266
0.015780305 -0.005859861 -0.00687935 -0.60754234 0.0044786828 -0.79427457
0.02210824 -0.022173978 -0.012471812 -0.7193151 -0.024754254 -0.6942427
0.01988246 -0.0048817517 -0.011838149 0.48860946 -0.83922535 0.23866639
0.01988246 -0.0048817517 -0.011838149 -0.82885253 -0.10320069 -0.5498664
0.022057842 -0.004932459 -0.016470017 0.59633535 -0.73791975 0.31600395
0.022057842 -0.004932459 -0.016470017 -0.9302184 -0.1516401 -0.33421418
0.0054269466 0.008890138 -0.021056738 0.2451238 0.6969286 -0.67394716
0.005842935 0.008624716 -0.02115757 0.27908352 0.6798766 -0.67814463
0.004434262 0.008539923 -0.021687228 0.14510712 0.67277455 -0.72547793
0.005532645 0.009683151 -0.02011237 0.26400116 0.7590491 -0.5951032
0.0041991705 0.009590094 -0.020671975 0.13923708 0.7428893 -0.6547736
0.0052900924 0.010672902 -0.018807529 0.2605551 0.8254326 -0.5007715
0.0062579787 0.009547749 -0.01990702 0.32076672 0.75065005 -0.5776099
0.006715819 0.009418899 -0.01980871 0.5492119 0.6444425 -0.53203386
0.0060695573 0.01057812 -0.018478217 0.32431442 0.82077926 -0.4702569
0.0065583144 0.010500473 -0.018248174 0.50767535 0.7755953 -0.37512347
0.0053453725 0.011471906 -0.01718741 0.28323716 0.88246375 -0.3755455
0.0042334064 0.012087289 -0.016345238 0.20179902 0.9268171 -0.31668136
0.0057394966 0.011458857 -0.0168968 0.45916674 0.86614287 -0.1973886
0.004682565 0.011506616 -0.017561553 0.22658058 0.88010246 -0.41723
0.0039925454 0.011996507 -0.016765874 0.18037109 0.9216093 -0.34366068
0.0032907533 0.011615928 -0.01790753 0.10638782 0.8827675 -0.45760593
0.0028034318 0.012181374 -0.016740706 0.078325644 0.9285197 -0.36292723
0.003849364 0.010728775 -0.019308388 0.13411593 0.82357174 -0.5511283
0.0015438984 0.011525972 -0.018236317 -0.032086547 0.87067825 -0.49080524
0.0011732564 0.01213526 -0.01693406 -0.045905095 0.9156511 -0.39934418
-0.0001400641 0.011094189 -0.018616546 -0.14437418 0.833016 -0.5340792
0.0020154966 0.010528478 -0.01977365 -0.010303856 0.79854923 -0.6018412
0.0024950113 0.009312756 -0.021173833 0.019071158 0.71750164 -0.6962956
0.00019361882 0.010096778 -0.020061811 -0.13485283 0.7653011 -0.6293878
-0.001262324 0.009636851 -0.020187251 -0.22887026 0.7365241 -0.6365146
0.0007557119 0.009005077 -0.021358468 -0.099442154 0.7028485 -0.70435447
-0.00064640236 0.008676778 -0.021385295 -0.192866 0.67960894 -0.70776725
0.0012422991 0.008008275 -0.022303551 -0.06590361 0.6352456 -0.76949316
4.7919224e-05 0.008008799 -0.022125546 -0.14653684 0.63186514 -0.76110005
0.0013311815 0.0074019614 -0.022777146 -0.06337402 0.5952734 -0.8010202
0.0028817141 0.008190044 -0.022188768 0.041163653 0.64955175 -0.7592023
0.0030928478 0.0075215213 -0.022706509 0.053177293 0.6065642 -0.7932541
0.0032225475 0.0070914757 -0.023015937 0.13198721 0.27538067 -0.9522315
0.0047288043 0.007957814 -0.022123655 0.17376976 0.6328826 -0.7544956
0.0049647824 0.007601854 -0.022360122 0.36093268 0.34825274 -0.8651287
0.006171172 0.008413473 -0.021232046 0.53355 0.46323422 -0.7076288
0.0051118005 0.0072979974 -0.022309937 0.5761653 -0.18267305 -0.796658
0.00330575 0.0067225937 -0.022994306 0.23215738 -0.30286857 -0.9243233
0.0063638836 0.008112085 -0.021138487 0.8193993 -0.015653916 -0.57300925
0.0052860626 0.004574026 -0.020379271 0.6063375 -0.4335483 -0.66662633
0.0034371172 0.0039757146 -0.021075334 0.25042877 -0.54616696 -0.7993666
0.006567491 0.00548962 -0.019245192 0.86265033 -0.25101605 -0.43911856
0.00719876 0.0066403933 -0.017789228 0.9873687 -0.03144738 -0.15528743
0.007103003 0.007900878 -0.01617084 0.9641263 0.21373741 0.1574067
0.0069823484 0.0091895 -0.019668782 0.91066587 0.25550196 -0.3246635
0.0068428176 0.010350223 -0.01801299 0.86581564 0.49739817 -0.054388974
0.0059523494 0.011329992 -0.016534882 0.722425 0.65171605 0.23101562
0.0045854147 0.012034298 -0.015589261 0.47114366 0.7763947 0.4186106
0.0061539216 0.009033079 -0.014683506 0.79091334 0.42448533 0.44075885
0.0047139013 0.009815895 -0.013678077 0.5019151 0.5789771 0.64254695
0.002876529 0.010173121 -0.013144236 0.13673623 0.65403414 0.7440044
0.0008212589 0.010054485 -0.013192862 -0.25529587 0.63321453 0.73065954
0.0028249114 0.012477925 -0.015157791 0.14573327 0.8560023 0.49600595
0.000802513 0.012480012 -0.01529764 -0.22146139 0.8297168 0.51237184
0.0027367945 0.01256472 -0.015602443 0.10327043 0.9936343 -0.045011133
0.0027285633 0.012424581 -0.01604928 0.08259386 0.94701815 -0.31037825
0.0044262744 0.012159238 -0.016009063 0.31424016 0.94602126 -0.07935302
0.0008575518 0.0125803165 -0.015689198 -0.11704971 0.9926954 -0.02924247
0.0009766868 0.012418067 -0.01617497 -0.050689835 0.93874234 -0.34087136
-0.0008533034 0.012128219 -0.016295249 -0.3940275 0.918626 -0.029470898
-0.0020724002 0.011315009 -0.01734149 -0.60841525 0.77987707 -0.14704645
-0.00063276803 0.012006529 -0.016704477 -0.17758766 0.905518 -0.38535663
-0.0009525536 0.011959489 -0.015982017 -0.5827825 0.6740875 0.45383966
-0.0021935955 0.01109479 -0.017072674 -0.83960396 0.47305188 0.26699662
-0.0009994784 0.0094731515 -0.013885336 -0.6101336 0.51837826 0.5991836
-0.002311764 0.008531546 -0.0150594795 -0.8647011 0.33589885 0.37344885
-0.0029414278 0.007404666 -0.016458424 -0.98959696 0.112292 0.08993451
-0.0028288937 0.006147499 -0.018067244 -0.9686688 -0.12683459 -0.21352686
-0.002836151 0.010008139 -0.018463079 -0.9621439 0.27134877 -0.0254718
-0.00275089 0.008803152 -0.020036614 -0.93607116 0.06447536 -0.34585223
-0.002668376 0.010268002 -0.018699324 -0.6759762 0.6369441 -0.37061885
-0.0022100997 0.010383671 -0.018794399 -0.2956508 0.78105956 -0.5500333
-0.00255418 0.009112436 -0.020211507 -0.6316014 0.5027819 -0.590161
-0.0020573724 0.009320856 -0.020206474 -0.28227332 0.71633667 -0.6381094
-0.001729405 0.008075492 -0.021577524 -0.51904386 0.37939727 -0.76593155
-0.00037884084 0.007356131 -0.022550957 -0.33508754 0.2919516 -0.8958128
-0.001331157 0.008328989 -0.021483868 -0.23932767 0.6539797 -0.7176578
-0.0018928763 0.0077222083 -0.021474963 -0.7703852 -0.12828587 -0.6245393
-0.00048121193 0.006981671 -0.022500575 -0.49518245 -0.26563424 -0.82718366
-0.0019556752 0.0050485553 -0.019530063 -0.8010349 -0.33966976 -0.49291724
-0.00050181197 0.0042846883 -0.020588562 -0.5132493 -0.49390256 -0.70187986
0.001364558 0.0038839614 -0.021131529 -0.14765987 -0.56720114 -0.8102341
0.0013018942 0.0066212807 -0.02303692 -0.14880298 -0.3293603 -0.9324052
0.0013271119 0.007012695 -0.023058215 -0.10705551 0.2557656 -0.960793
-0.00019102101 0.0076460144 -0.022365699 -0.1640172 0.608847 -0.77614677
-0.0014730525 0.010602147 -0.018855553 -0.24277823 0.7938259 -0.5575833
-0.0017531728 0.0113024805 -0.017570961 -0.27307716 0.84930325 -0.45178849
-0.0013478271 0.011271899 -0.017855462 -0.23732428 0.84524566 -0.4787869
-0.0003548591 0.011758117 -0.01736837 -0.14806686 0.8844298 -0.4425608
0.0096858805 0.009616567 0.022943376 0.30728915 0.70857245 0.63521516
0.009268212 0.01081921 0.021346407 0.34519845 0.8463296 0.40566492
0.010205545 0.007938074 0.024172654 0.31132346 0.42249915 0.851218
0.005848608 0.009645987 0.023187647 0.029498752 0.6250038 0.78006405
0.010142236 0.009428278 0.02269918 0.7049624 0.6033454 0.37283018
0.010375047 0.009148398 0.022420304 0.9122414 0.4002808 0.087125294
0.010670828 0.007858032 0.023813995 0.76153266 0.41695872 0.4961989
0.009700969 0.010577258 0.021114847 0.7114691 0.67364174 0.200046
0.009936014 0.010255799 0.020885238 0.9032189 0.4285931 0.022439975
0.009383399 0.011239065 0.019270925 0.7176456 0.69498557 0.044494472
0.009649616 0.010818131 0.019193264 0.90282923 0.42943212 -0.022077253
0.008904586 0.011584853 0.019352188 0.3665276 0.9200286 0.13858151
0.009271892 0.011278347 0.017353488 0.68674916 0.72188586 -0.08518441
0.009542605 0.0109043205 0.017417742 0.88363576 0.4661946 -0.043015953
0.008814421 0.01158609 0.017293284 0.3715529 0.91988426 -0.12554511
0.009401832 0.010792771 0.0154693145 0.64241195 0.73358464 -0.22172152
0.009669926 0.010467288 0.01564868 0.8578741 0.50645304 -0.086932056
0.008920151 0.011018018 0.015303927 0.32940564 0.87374604 -0.35785446
0.0100017525 0.009384301 0.013540333 0.75557506 0.57222915 -0.31884193
0.0102043785 0.009090885 0.013829915 0.9243511 0.37679005 -0.06003668
0.009586733 0.009601148 0.013266554 0.40302038 0.7010794 -0.58827055
0.010803484 0.0070532635 0.01207822 0.8233101 0.42956087 -0.37099597
0.010940136 0.00685726 0.012435177 0.9626595 0.26967153 -0.023748042
0.010437325 0.0071854815 0.011735538 0.45337787 0.50997853 -0.73100644
0.011670359 0.0036001687 0.010762701 0.934819 0.26066396 -0.2411799
0.011689953 0.0034942187 0.011167916 0.9880032 0.12334621 0.092926405
0.0114140045 0.0036571806 0.010350438 0.56626564 0.39282826 -0.72458905
0.0122139845 -0.000921095 0.008973854 0.9720332 0.099997506 -0.21248963
0.012183332 -0.0010487263 0.009439716 0.99080926 -0.042740826 0.12833627
0.011927713 -0.00081143924 0.008508211 0.5975422 0.31603587 -0.73692924
0.011825391 -0.005382468 0.0069559943 0.93430716 -0.044878125 -0.3536326
0.011479236 -0.0051925164 0.0065348353 0.552288 0.24393365 -0.79716647
0.011839874 -0.005529289 0.0074150115 0.9746166 -0.22351602 0.0127703175
0.011111318 -0.007266963 0.005993439 0.80297196 -0.31543708 -0.50570285
0.010844628 -0.006840744 0.0057069752 0.48484573 0.12853009 -0.86510384
0.011079031 -0.007528836 0.0064111296 0.8080124 -0.57787627 -0.11478118
0.009099036 -0.008883907 0.0049227607 0.50507253 -0.52183706 -0.68745023
0.008996938 -0.008144102 0.0048057903 0.3250375 0.10377521 -0.9399901
0.008909637 -0.009208549 0.0053977724 0.44263366 -0.8667554 -0.22980516
0.006310347 -0.009504011 0.004262125 0.33701086 -0.7868997 -0.51692605
0.00597838 -0.009773232 0.004704416 0.2423568 -0.94600844 -0.2152469
0.006578906 -0.008955313 0.0039879773 0.39186865 -0.2851738 -0.8747085
0.0069608726 -0.0059169177 0.0052627083 0.19075817 0.36738023 -0.91029835
0.0067709954 -0.0013842362 0.0070828293 0.20043121 0.38163275 -0.90232134
0.009365634 -0.0055237077 0.0059184674 0.19749346 0.37048414 -0.9076001
0.009566243 -0.0010707818 0.007839683 0.20592369 0.3846555 -0.8997975
0.008778833 0.0036134736 0.009703511 0.20227727 0.40034765 -0.8937593
0.007925811 0.00707425 0.011102701 0.20343877 0.48159775 -0.85245305
0.0057145646 0.0035472938 0.0090177115 0.20090772 0.3962221 -0.8959042
0.004350676 0.007060026 0.010194069 0.2131113 0.4859161 -0.8476257
0.0029027755 0.0100823995 0.011902304 0.1867103 0.7188513 -0.6696208
0.0016144128 0.011966405 0.014211504 0.15927656 0.90151477 -0.40237063
0.006455827 0.009834058 0.012619929 0.19656591 0.6971586 -0.689443
0.0055064894 0.011517532 0.014766661 0.18045616 0.88749075 -0.42402336
0.005060413 0.0122586405 0.016935492 0.1565079 0.97915184 -0.12948693
0.005072412 0.012167796 0.01936431 0.12112987 0.96751004 0.2219274
0.00077104894 0.012800999 0.01655726 0.12941511 0.98595154 -0.105600044
0.00070586323 0.012644462 0.019336617 0.09512489 0.9649767 0.24448149
0.0009696535 0.011441685 0.021645712 0.06650972 0.81242186 0.5792643
0.001495277 0.009606363 0.023373483 0.029300028 0.58934724 0.8073484
0.005383845 0.011167821 0.02152297 0.07159007 0.8339551 0.5471687
0.002278917 0.007066449 0.024413237 -0.019532701 0.21824618 0.97569835
0.0064899754 0.007535493 0.024304437 -0.0011279214 0.28168884 0.95950514
0.0030475254 0.0040849913 0.024362894 -0.044429056 -0.15985027 0.9861409
0.0071294084 0.0044103432 0.024571469 -0.027619595 -0.11387866 0.99311066
0.0039929347 0.00016157865 0.023035565 -0.047300633 -0.3484969 0.93611574
0.0079538105 0.00070625707 0.023441644 -0.05020026 -0.3393068 0.93933535
0.004564539 -0.0036808553 0.021555496 -0.04700692 -0.3756156 0.92558265
0.004857732 -0.00793878 0.019714857 -0.06639803 -0.39933223 0.9143987
0.008422103 -0.0035481139 0.021781 -0.046071995 -0.37201402 0.9270831
0.011822923 -0.0034153333 0.022011446 0.36034012 -0.35662213 0.8619603
0.008246454 -0.007917313 0.019982977 -0.05818608 -0.39574233 0.9165164
0.011237245 -0.007839112 0.020194398 0.3370625 -0.45845065 0.82232106
0.007858545 -0.010705974 0.018716132 0.01512735 -0.5884784 0.8083715
0.0043940847 -0.010979397 0.018380197 -0.035250403 -0.6359243 0.7709459
0.010506882 -0.009547115 0.019382661 0.3100241 -0.6193079 0.7213478
0.007877188 -0.011173396 0.018230798 0.19024721 -0.89898354 0.39450556
0.007825183 -0.011253174 0.017694103 0.27052104 -0.9624932 -0.020619508
0.0043275566 -0.011387822 0.017854473 0.019314263 -0.9253313 0.37866727
0.010748647 -0.009686351 0.018928463 0.6538322 -0.72474873 0.21735382
0.010791797 -0.0096091535 0.018405752 0.73968875 -0.66532767 -0.10099336
0.011697256 -0.0078070946 0.019755764 0.82834023 -0.4158598 0.37538406
0.011815593 -0.0076472014 0.01926572 0.9579925 -0.28678113 -0.0026011083
0.012250807 -0.0033026247 0.021629443 0.86689025 -0.21094854 0.4516658
0.012362776 -0.003141139 0.021167101 0.9977505 -0.046616912 0.048173893
0.0120028 0.0013237258 0.023498753 0.82018036 -0.09535439 0.5641025
0.012137638 0.0014514269 0.02301689 0.99237055 0.074972875 0.097875126
0.011505003 0.0012084821 0.02384607 0.2945877 -0.26579112 0.91791785
0.0114578465 0.004773997 0.024310598 0.8184011 0.13537458 0.5584741
0.011606826 0.0046789665 0.023831407 0.9759984 0.18570647 0.11375483
0.010997778 0.0048415214 0.024687136 0.3352819 0.03891301 0.9413139
0.010855436 0.0076812822 0.023384219 0.94471806 0.3086003 0.1107869
0.011314367 0.0050377827 0.021181898 0.9762262 0.20242372 -0.077504285
0.011777364 0.0019921192 0.020105163 0.9861034 0.13891879 -0.0911129
0.010895089 0.005697388 0.01758861 0.9799342 0.19456223 -0.043293934
0.010699784 0.0077498574 0.021414304 0.9659021 0.25005996 -0.06710523
0.010370444 0.008231133 0.01831627 0.967893 0.24733853 -0.044796605
0.010140797 0.008886786 0.015638338 0.96990675 0.2413193 0.03234196
0.0107746925 0.0063729975 0.014175406 0.9812871 0.17374554 0.08299471
0.011352415 0.0030778998 0.01302428 0.9896924 0.09764604 0.10475724
0.011792574 -0.0014711211 0.011204505 0.9937162 -0.032955565 0.10696781
0.011376063 0.0025154331 0.016520677 0.9906616 0.13049264 -0.03951102
0.011705277 -0.0021158124 0.014797693 0.99925774 0.017164793 -0.034487404
0.01146062 -0.0063863434 0.0132599715 0.9787462 -0.19936231 -0.048068013
0.012048488 -0.002662849 0.018369483 0.9950222 0.022779582 -0.09701474
0.011648974 -0.0070957784 0.016815508 0.96905535 -0.2246609 -0.10226985
0.010755575 -0.0091502415 0.016150573 0.77061844 -0.6226827 -0.13569626
0.01068752 -0.008423435 0.012517424 0.80517554 -0.5865716 -0.08732713
0.008073378 -0.010843954 0.015440257 0.35348412 -0.9251998 -0.13803768
0.0044666743 -0.011206629 0.014869979 0.13082549 -0.9840296 -0.12070741
0.008240615 -0.010222388 0.011695424 0.3940019 -0.9115661 -0.11751481
0.0048209587 -0.010726474 0.0109655615 0.17890276 -0.9768158 -0.11757716
0.008583218 -0.009553767 0.007636184 0.42667034 -0.8996383 -0.09275399
0.005401033 -0.010140381 0.0067389254 0.21124499 -0.9710826 -0.11123894
0.010812478 -0.007760279 0.008533882 0.80953723 -0.5868164 -0.017198427
0.01154436 -0.005820276 0.009325022 0.9716 -0.23069547 0.05266006
0.0042673144 -0.011495534 0.017299006 0.07938667 -0.99673545 0.014699708
-0.01696461 -0.0031768535 -0.026454544 -0.8158553 0.5775684 0.028194124
-0.013226316 -0.00066715945 -0.023458978 -0.4417977 0.8248855 0.35267392
-0.007906733 4.9150316e-05 -0.022798903 0.10766575 0.8942993 0.4343235
-0.0030377377 -0.0013015354 -0.024726458 0.61403954 0.7536834 0.23434351
-0.00047915126 -0.0042032967 -0.028505381 0.8722633 0.45981395 -0.16651636
-0.0012082309 -0.00754775 -0.03269224 0.7852338 0.13241738 -0.60487473
-0.004946527 -0.01005745 -0.035687815 0.14435834 -0.17451464 -0.974015
-0.004946527 -0.01005745 -0.035687815 0.6326407 -0.018220754 -0.77423114
-0.010266114 -0.010773763 -0.03634789 -0.13354842 -0.16026285 -0.97799826
-0.015135095 -0.0094230855 -0.03442034 -0.61683613 -0.025728 -0.786671
-0.017693695 -0.0065213284 -0.030641422 -0.87798125 0.25327405 -0.40620333
-0.01616459 -0.0019801997 -0.027818287 -0.7509287 0.6574169 -0.06252182
-0.012813321 0.00026968075 -0.025132831 -0.40288588 0.8869721 0.22575082
-0.0080444375 0.00091183913 -0.024541099 0.09716135 0.95113665 0.29308486
-0.0036795132 -0.00029901182 -0.026269106 0.55571574 0.8238288 0.11174178
-0.0013857975 -0.0029003718 -0.029656809 0.79441756 0.55452204 -0.24780273
-0.0020394058 -0.005898593 -0.03341022 0.72240216 0.24822292 -0.64538395
-0.0053906897 -0.008148478 -0.036095675 0.13001928 -0.053223934 -0.99008197
-0.0053906897 -0.008148478 -0.036095675 0.582711 0.09534538 -0.8070671
-0.010159564 -0.00879062 -0.03668741 -0.1243153 -0.038341615 -0.99150175
-0.014524484 -0.0075797755 -0.034959413 -0.5761483 0.08719832 -0.81268054
-0.016818203 -0.004978429 -0.031571716 -0.81569546 0.35208315 -0.45899707
-0.014665776 -0.0010616472 -0.02949921 -0.59307784 0.7644223 -0.2528188
-0.012048933 0.0006951784 -0.027402267 -0.32076046 0.94636583 -0.038785797
-0.008325156 0.0011966005 -0.026940214 0.06307809 0.9979796 0.0076097134
-0.004916805 0.00025110808 -0.028289532 0.4147252 0.90057474 -0.13026215
-0.003125751 -0.0017801649 -0.030934814 0.6022553 0.6899904 -0.40149963
-0.0036361234 -0.004121323 -0.033865668 0.55270135 0.4446855 -0.7048235
-0.0062529803 -0.0058781374 -0.035962615 0.09611124 0.1871041 -0.977627
-0.0062529803 -0.0058781374 -0.035962615 0.45340657 0.31832916 -0.83251965
-0.009976747 -0.00637957 -0.036424667 -0.10827728 0.20465289 -0.97282743
-0.013385113 -0.005434075 -0.035075363 -0.46485227 0.30496523 -0.8312092
-0.0151761575 -0.003402804 -0.03243008 -0.6494008 0.5195518 -0.55528796
-0.013070913 -0.00066224043 -0.030898558 -0.43169865 0.81168777 -0.3934452
-0.011229971 0.00057368004 -0.029423367 -0.23499337 0.9398307 -0.24798442
-0.008610299 0.0009264345 -0.02909831 0.03352326 0.9754377 -0.21770974
-0.00621254 0.0002612737 -0.030047547 0.28082353 0.90790725 -0.3111951
-0.0049525267 -0.0011677118 -0.0319085 0.41999698 0.75841707 -0.49840346
-0.005311579 -0.002814713 -0.03397036 0.39364955 0.57726353 -0.7154067
-0.007152525 -0.0040506376 -0.03544554 0.064399995 0.37422052 -0.92510086
-0.007152525 -0.0040506376 -0.03544554 0.32773417 0.48182756 -0.81266993
-0.009772203 -0.0044033783 -0.035770603 -0.08979394 0.3909682 -0.9160136
-0.012169966 -0.0037382413 -0.034821354 -0.3532261 0.46948418 -0.8092069
-0.013429975 -0.0023092402 -0.03296041 -0.48106292 0.6328351 -0.60671085
-0.012193985 -0.00068415795 -0.031563405 -0.33515954 0.8171252 -0.4690143
-0.012193985 -0.00068415795 -0.031563405 -0.90511334 0.25443086 0.34063882
-0.010777311 0.00026691286 -0.030428208 -0.18417831 0.91382265 -0.36194807
-0.010777311 0.00026691286 -0.030428208 -0.47809136 0.52336323 0.70535064
-0.00876142 0.0005383671 -0.030178064 0.13596821 0.59955215 0.7887015
-0.00876142 0.0005383671 -0.030178064 0.016765472 0.9401851 -0.34025124
-0.0069162715 2.6511494e-05 -0.030908538 0.6965738 0.45236766 0.55690986
-0.0069162715 2.6511494e-05 -0.030908538 0.20288135 0.8899339 -0.40848118
-0.005946671 -0.0010731316 -0.03234058 0.98480076 0.1404516 0.10218025
-0.005946671 -0.0010731316 -0.03234058 0.3120065 0.77611303 -0.5479968
-0.0062229773 -0.0023405445 -0.03392722 0.8929815 -0.21321467 -0.39638805
-0.0062229773 -0.0023405445 -0.03392722 0.29614508 0.6341907 -0.714213
-0.007639618 -0.0032916097 -0.03506243 0.17473887 -0.5374798 -0.8249738
-0.007639618 -0.0032916097 -0.03506243 0.7185393 -0.36003676 -0.59504175
-0.007639618 -0.0032916097 -0.03506243 0.045444928 0.47322464 -0.8797689
-0.007639618 -0.0032916097 -0.03506243 0.2546043 0.5609769 -0.7877065
-0.009655519 -0.0035630586 -0.03531256 -0.077323474 0.4854224 -0.8708537
-0.009655519 -0.0035630586 -0.03531256 -0.13633718 -0.5456946 -0.826819
-0.011500663 -0.0030512102 -0.034582097 -0.2814832 0.54843235 -0.78739387
-0.011500663 -0.0030512102 -0.034582097 -0.686443 -0.40462697 -0.60421276
-0.012470263 -0.0019515746 -0.03315006 -0.3773657 0.6782216 -0.63056374
-0.012470263 -0.0019515746 -0.03315006 -0.981918 -0.10053807 -0.16040343
-0.012175456 0.0016395082 -0.03324978 -0.895994 0.26548225 0.3559689
-0.01079935 0.0025633583 -0.03214708 -0.46722698 0.52692163 0.7099665
-0.0088411635 0.002827038 -0.031904113 0.13495097 0.5996124 0.7888303
-0.007048849 0.0023298282 -0.03261365 0.6864819 0.45775944 0.564977
-0.006107003 0.0012616729 -0.034004718 0.9810132 0.15264063 0.11964061
-0.0063753696 3.0532014e-05 -0.035545945 0.90214586 -0.20219888 -0.38111466
-0.007751489 -0.0008932948 -0.036648646 0.17474207 -0.5374772 -0.8249749
-0.007751489 -0.0008932948 -0.036648646 0.7185327 -0.36004716 -0.59504354
-0.009709676 -0.0011569844 -0.03689162 -0.13734117 -0.5456325 -0.8266938
-0.011501986 -0.0006597815 -0.036182076 -0.6964952 -0.3992794 -0.59621334
-0.012443845 0.0004083938 -0.034791008 -0.9857691 -0.08839043 -0.14299121
-0.006049557 0.0026254144 -0.03165455 0.038872305 -0.77652436 0.6288869
-0.007043666 0.0019463846 -0.032431554 0.038913753 -0.7765565 0.62884474
-0.0047875065 0.0011075926 -0.03362771 0.043362256 -0.7814518 0.6224569
-0.008630186 0.0033572444 -0.030612793 0.030496385 -0.77419204 0.6322156
-0.008826118 0.0024505625 -0.031713646 0.030503014 -0.7741962 0.6322102
-0.011438671 0.002979059 -0.030961297 0.02142769 -0.7753924 0.6311161
-0.010764734 0.0021883207 -0.03195569 0.021381503 -0.7754139 0.6310912
-0.013402091 0.0016491082 -0.032549538 0.014980042 -0.77969134 0.6259848
-0.012118887 0.0012693913 -0.033053212 0.014928623 -0.77977145 0.62588626
-0.013726287 -8.962909e-05 -0.034728732 0.013566478 -0.7854296 0.61880225
-0.012340887 6.890856e-05 -0.034557886 0.013599451 -0.78553516 0.6186675
-0.012388511 -0.0015781862 -0.03666842 0.017888546 -0.79047126 0.61223775
-0.011419855 -0.00095585594 -0.03589322 0.01795303 -0.790512 0.61218345
-0.009896687 -0.0022619888 -0.037645508 0.02636747 -0.7928978 0.60878396
-0.009700267 -0.0014288798 -0.036568943 0.026420679 -0.7929068 0.6087699
-0.007109996 -0.0018877005 -0.03730093 0.035752617 -0.7916369 0.6099448
-0.007776087 -0.0011715177 -0.03633236 0.03564794 -0.7916766 0.6098995
-0.005191299 -0.00061598606 -0.035784137 0.04219925 -0.7871974 0.61525565
-0.006450257 -0.00029423647 -0.03528612 0.04213999 -0.78727156 0.6151647
-0.0061707566 0.0008990434 -0.033793174 0.04338268 -0.78153974 0.6223454
-0.0109982705 0.0060544917 -0.032737315 0.11737848 0.45569608 -0.88236237
-0.0109982705 0.0060544917 -0.032737315 -0.059495904 0.8559102 -0.5136906
-0.0109982705 0.0060544917 -0.032737315 -0.095720746 0.8460043 -0.5245133
-0.012175578 0.0056259152 -0.033213727 0.22548085 0.49274954 -0.84045005
-0.012175578 0.0056259152 -0.033213727 -0.10755767 0.8369312 -0.5366353
-0.01120602 0.0063145165 -0.03228 -0.11781383 0.96465117 -0.2357289
-0.01120602 0.0063145165 -0.03228 -0.2246176 0.9350542 -0.2742636
-0.009741122 0.006244948 -0.03256558 0.0006965217 0.43603635 -0.89992875
-0.009741122 0.006244948 -0.03256558 -0.04223807 0.85946316 -0.50944984
-0.010817902 0.005567639 -0.03296476 0.06377609 0.5886912 -0.8058382
-0.009693879 0.0057379254 -0.03281121 -0.0123591395 0.577897 -0.81601614
-0.011870543 0.0051844427 -0.033390723 0.13331845 0.61436546 -0.77767676
-0.009860027 0.0034410367 -0.03522249 -0.007909135 0.75478786 -0.6559213
-0.009005142 0.0035040812 -0.035189517 -0.052654367 0.75193256 -0.65713394
-0.010284836 0.00317794 -0.035531156 0.011124933 0.7666459 -0.6419736
-0.009440889 0.0035329405 -0.0351294 -0.02913041 0.7499961 -0.6608004
-0.008525023 0.0033106888 -0.035459533 -0.07369745 0.76026917 -0.6454142
-0.010437067 0.0028218748 -0.03597191 0.017487833 0.78225076 -0.6227183
-0.012718611 0.0046608015 -0.034004934 0.18810946 0.64771956 -0.7382914
-0.013315262 0.004019429 -0.0347813 0.22755046 0.6901255 -0.6869844
-0.013621606 0.0033037798 -0.03566712 0.24728198 0.7363803 -0.62975836
-0.013791405 0.0043229223 -0.034768995 0.37087327 0.6102294 -0.70005214
-0.013791405 0.0043229223 -0.034768995 -0.16929054 0.8059519 -0.5672584
-0.014310414 0.0043754275 -0.034540292 -0.41069075 0.80022216 -0.4370097
-0.014134024 0.003522513 -0.035759732 0.40159515 0.68203276 -0.6111894
-0.014134024 0.003522513 -0.035759732 -0.18235701 0.7844043 -0.59283715
-0.013124089 0.0050402507 -0.03390069 0.3099774 0.54522085 -0.77887625
-0.013124089 0.0050402507 -0.03390069 -0.14226562 0.8254209 -0.54629743
-0.013573212 0.0051860465 -0.033564635 -0.35507703 0.8636258 -0.3578698
-0.012512739 0.005853473 -0.032794237 -0.27441686 0.9143359 -0.29780063
-0.014198765 0.00497102 -0.032737337 -0.6823843 0.7238857 0.10169102
-0.012970544 0.0057260115 -0.031841345 -0.5169487 0.8250022 0.22833204
-0.015059242 0.004045434 -0.033871762 -0.7992772 0.5982527 -0.05700565
-0.014378559 0.004196666 -0.031903453 -0.7800243 0.31416017 0.5411705
-0.013098796 0.004976295 -0.030971356 -0.5831037 0.43439218 0.68650824
-0.015269547 0.003229509 -0.03308425 -0.91718024 0.16756317 0.36152872
-0.014009482 0.003193208 -0.031445324 -0.5758365 -0.22973031 0.78462505
-0.014849881 0.0022894042 -0.032541215 -0.68124455 -0.34095764 0.6478068
-0.012817084 0.003924977 -0.030576581 -0.42490345 -0.13783355 0.8946838
-0.013180872 0.0023738157 -0.03162081 -0.22822449 -0.62140983 0.7495087
-0.013878685 0.0016323021 -0.03253303 -0.27271858 -0.6681824 0.6922115
-0.012191996 0.0029806292 -0.030897623 -0.15993886 -0.5821393 0.7972034
-0.012551951 0.0020035491 -0.0319384 -0.07854927 -0.7242235 0.68507683
-0.013139441 0.0013707341 -0.03270446 -0.10733632 -0.74242884 0.66127014
-0.011717641 0.0025208893 -0.031331416 -0.04518464 -0.7098641 0.70288783
-0.0107532 0.0029275704 -0.030889753 0.0034272575 -0.6929232 0.7210031
-0.0107532 0.0029275704 -0.030889753 -0.029729502 -0.7021251 0.7114328
-0.010999208 0.0034209304 -0.030413127 -0.039148536 -0.5419138 0.8395217
-0.010999208 0.0034209304 -0.030413127 -0.12602511 -0.5597655 0.8190117
-0.009575975 0.0030688248 -0.03075699 0.02279324 -0.68895924 0.7244417
-0.009655654 0.0036331564 -0.030216862 0.007760076 -0.53986245 0.8417174
-0.0084214285 0.0030611898 -0.030829411 0.061349727 -0.68586266 0.72514033
-0.008283364 0.0036238919 -0.030308746 0.09538301 -0.537981 0.8375432
-0.0073239445 0.0028554061 -0.031148676 0.10193251 -0.69166756 0.7149865
-0.0069846543 0.0033855848 -0.030682368 0.18236622 -0.5541723 0.8121796
-0.0063714543 0.0024719918 -0.031684045 0.13935821 -0.69916445 0.70124763
-0.005857821 0.0029358105 -0.031323157 0.25639293 -0.581224 0.77229613
-0.0056320657 0.0019395575 -0.032395743 0.16445541 -0.7167176 0.6776948
-0.0049831215 0.0023063421 -0.03216797 0.31053546 -0.6227474 0.71815974
-0.0051570833 0.001296266 -0.03323283 0.17218027 -0.7460634 0.64322895
-0.004419092 0.0015357747 -0.0331524 0.34831682 -0.6719729 0.6535501
-0.004989678 0.00059028016 -0.034132265 0.17732704 -0.7691666 0.61395276
-0.004212049 0.0007016929 -0.03421876 0.36560646 -0.72560906 0.5829436
-0.005132402 -0.00012297137 -0.035023984 0.16688891 -0.7947841 0.58349484
-0.004380432 -0.00015005888 -0.035274923 0.35113922 -0.7836054 0.51250726
-0.0055814274 -0.00079676695 -0.03584925 0.15571056 -0.8180444 0.5536763
-0.0049117273 -0.00094768684 -0.036258444 0.31580618 -0.83748245 0.44597027
-0.0062990957 -0.0013787663 -0.036544137 0.136995 -0.8395495 0.52572715
-0.0057608923 -0.0016375948 -0.03709598 0.26092008 -0.88336635 0.38933873
-0.0072352784 -0.0018265042 -0.037057817 0.10726981 -0.8564282 0.5049988
-0.0068716933 -0.0021662437 -0.03771195 0.19026823 -0.91873384 0.34601465
-0.008323548 -0.0021045813 -0.03734927 0.06782368 -0.86450195 0.49803242
-0.008165289 -0.0024953801 -0.03805145 0.1071381 -0.9399168 0.324157
-0.009476723 -0.0021929112 -0.03739791 0.026602402 -0.8637603 0.5032002
-0.009535256 -0.0026012976 -0.038097244 0.015071492 -0.9450716 0.3265155
-0.010614289 -0.0020832606 -0.037197717 -0.010227131 -0.8576542 0.5141251
-0.010883421 -0.0024737893 -0.037855595 -0.07394866 -0.93623805 0.3434967
-0.011641202 -0.0017880709 -0.03676957 -0.043041978 -0.8465302 0.53059787
-0.012109568 -0.0021246788 -0.037343606 -0.15728681 -0.9127586 0.37700468
-0.012499138 -0.0013272432 -0.03614171 -0.07300597 -0.83275366 0.54880905
-0.013125527 -0.0015780828 -0.03660459 -0.22640504 -0.87859756 0.4204842
-0.013103897 -0.000734827 -0.035361707 -0.096328475 -0.81418484 0.5725591
-0.0138488 -0.0008693547 -0.03567765 -0.27135333 -0.82922536 0.48862323
-0.0134308925 -5.2127987e-05 -0.034482986 -0.109879345 -0.7913203 0.60144705
-0.01422611 -5.8027916e-05 -0.034635324 -0.29784533 -0.7763449 0.5554969
-0.013440046 0.00066859834 -0.033573583 -0.113974795 -0.76566 0.63306755
-0.0142360665 0.00079515995 -0.033562746 -0.2972085 -0.7209401 0.6260292
-0.015285267 0.0012971982 -0.033792965 -0.7373426 -0.46443698 0.49053466
-0.0157338 0.0021577347 -0.034402296 -0.9876612 0.0022182749 0.15658996
-0.015266952 0.00027062278 -0.03508793 -0.7375391 -0.5908981 0.32691824
-0.015699044 0.0010480294 -0.03579206 -0.9841357 -0.1687889 -0.054656513
-0.014809958 -0.00071156584 -0.03634129 -0.6793261 -0.7135345 0.17141967
-0.015213692 8.857343e-06 -0.0371118 -0.9136482 -0.3229149 -0.24692695
-0.013963599 -0.0015415209 -0.03749867 -0.5673941 -0.82278204 0.03307164
-0.014323189 -0.0009514252 -0.038316518 -0.7657482 -0.47628352 -0.43218482
-0.012713539 -0.0022191997 -0.03835456 -0.40434846 -0.91119134 -0.07894832
-0.012976204 -0.0016266904 -0.03927072 -0.55130064 -0.5862171 -0.5936473
-0.011234539 -0.0026414841 -0.038949765 -0.22356899 -0.96225667 -0.15517415
-0.01140312 -0.0020651906 -0.039920345 -0.31677142 -0.65342987 -0.6875211
-0.0096170455 -0.0027966397 -0.039238706 -0.020659478 -0.980656 -0.19464579
-0.00967556 -0.0022280058 -0.040213242 -0.05358034 -0.67874134 -0.7324203
-0.007971216 -0.0026630335 -0.03918991 0.1851965 -0.9637388 -0.19211914
-0.007914711 -0.0020890264 -0.04014638 0.21824844 -0.6549163 -0.7235001
-0.0064096134 -0.00227059 -0.03878445 0.3839527 -0.91146564 -0.14768502
-0.0062675066 -0.0016598254 -0.039690994 0.47176632 -0.5857298 -0.65905774
-0.0050653415 -0.0016349158 -0.03804581 0.5523324 -0.831948 -0.052835483
-0.0048349476 -0.0009778244 -0.038932793 0.6859265 -0.47955298 -0.54729676
-0.0040354216 -0.00080196233 -0.037052754 0.67826897 -0.730768 0.077001974
-0.0037173626 -9.392435e-05 -0.037896127 0.8574236 -0.3380482 -0.38800532
-0.0033866738 0.00016092416 -0.035871834 0.7620927 -0.6058849 0.2282939
-0.0030342136 0.0009299191 -0.036628176 0.9638716 -0.18524817 -0.19140212
-0.0031821716 0.0011921725 -0.034592807 0.7817744 -0.48366997 0.39356333
-0.0027830065 0.0020272648 -0.035245314 0.9994808 -0.0145111345 0.028766219
-0.0034462654 0.0021827132 -0.03329172 0.7481488 -0.35754198 0.55896074
-0.0030799878 0.0031050076 -0.03386633 0.9566373 0.1546951 0.24680862
-0.0041231522 0.003097793 -0.032092676 0.66537166 -0.23936847 0.7070951
-0.0038073617 0.0040807677 -0.03260728 0.8487334 0.29831085 0.43664885
-0.00517976 0.0038691731 -0.031086084 0.5355753 -0.14483887 0.8319741
-0.0049299863 0.0049054394 -0.031504896 0.67506665 0.4182977 0.60771036
-0.0065444177 0.0043994463 -0.030317463 0.36335218 -0.0773432 0.928436
-0.006390987 0.0054700533 -0.0306934 0.44995537 0.5052587 0.73637897
-0.008101095 0.004690223 -0.029869352 0.16994028 -0.0428903 0.98452055
-0.008058537 0.0057897293 -0.030203067 0.19767548 0.5514816 0.81042737
-0.009751556 0.0047035217 -0.029755715 -0.03556041 -0.044574108 0.9983729
-0.009815721 0.0058001084 -0.030075472 -0.07514837 0.55613226 0.8276894
-0.011366638 0.004454826 -0.029999953 -0.14354128 -0.046505753 0.9885511
-0.011366638 0.004454826 -0.029999953 -0.33927238 -0.0942762 0.935952
-0.011544455 0.0055240123 -0.03034027 -0.21010831 0.54248405 0.8133669
-0.011544455 0.0055240123 -0.03034027 -0.46860197 0.478355 0.7426901
-0.01148048 0.00625836 -0.031234752 -0.19693825 0.9178313 0.34467548
-0.01148048 0.00625836 -0.031234752 -0.4208095 0.86291134 0.2798274
-0.0098332 0.0065197567 -0.030989658 -0.08574898 0.93398637 0.3468668
-0.009783979 0.0065401606 -0.032063387 -0.061541602 0.96984696 -0.2358162
-0.00814363 0.0065060183 -0.031086517 0.14788355 0.9298354 0.336952
-0.008321416 0.0065276455 -0.03214654 0.05317986 0.9698366 -0.23788396
-0.006540025 0.006207173 -0.031556357 0.3696181 0.8883239 0.2725127
-0.006935033 0.006263983 -0.03254305 0.16365997 0.94941515 -0.26800424
-0.0051359176 0.0056376224 -0.032328397 0.56079304 0.8115609 0.16395104
-0.0057259 0.005772505 -0.033220828 0.2592553 0.9116452 -0.3188885
-0.0040679043 0.0048673213 -0.03339789 0.70701355 0.7070258 0.015692445
-0.0047986633 0.0051027955 -0.034138285 0.32080612 0.86100316 -0.39466056
-0.003376862 0.0039278357 -0.034626313 0.80112433 0.5789584 -0.15168065
-0.004196477 0.0042916024 -0.035213202 0.36462992 0.79733306 -0.48094186
-0.0031219847 0.0028863684 -0.035935324 0.8316112 0.44319427 -0.3346663
-0.003981767 0.003397585 -0.03635464 0.3833583 0.7273499 -0.56920874
-0.00334483 0.0018565995 -0.037260704 0.80166525 0.29449153 -0.52019954
-0.004160773 0.0024951217 -0.037492126 0.3650282 0.6602931 -0.6563287
-0.0040129637 0.00087077916 -0.038458243 0.71096605 0.16229892 -0.6842415
-0.0047366554 0.0016452549 -0.03853602 0.32133442 0.5918151 -0.7392557
-0.0050657648 2.664188e-05 -0.03947311 0.567901 0.04237188 -0.82200557
-0.0056416546 0.0008933442 -0.039416775 0.2557201 0.52750754 -0.81014997
-0.006421306 -0.0006479542 -0.040215325 0.3854859 -0.057388287 -0.92092746
-0.006836863 0.0003104536 -0.040057838 0.16580608 0.47599122 -0.8636785
-0.008006878 -0.0010753502 -0.04064416 0.16966796 -0.11577759 -0.97867686
-0.008210504 -5.0979666e-05 -0.040424824 0.06300696 0.4467569 -0.89243394
-0.009695772 -0.0011971281 -0.04071489 -0.064748764 -0.13554604 -0.988653
-0.009672724 -0.00014817715 -0.04049184 -0.049298264 0.4459594 -0.89369446
-0.011359664 -0.0010308591 -0.04042923 -0.29350683 -0.11175442 -0.94940233
-0.011116155 -3.756024e-06 -0.040248647 -0.1631464 0.46110338 -0.87221956
-0.012877146 -0.0006070561 -0.03979671 -0.50368917 -0.051859565 -0.86232704
-0.0124335 0.0003679893 -0.039703697 -0.27231517 0.48718235 -0.8297577
-0.014140811 3.356114e-05 -0.03886631 -0.6756551 0.04330193 -0.73594505
-0.013512174 0.0009514638 -0.03890214 -0.3607555 0.5291599 -0.7680139
-0.015011899 0.0009524594 -0.03773539 -0.79932237 0.17198879 -0.5757635
-0.014282036 0.0017162082 -0.03791275 -0.413232 0.59495145 -0.6893997
-0.015484816 0.0019604522 -0.03645484 -0.8604289 0.311436 -0.40332344
-0.014666606 0.002589683 -0.036789753 -0.4386921 0.66929525 -0.5996608
-0.015496616 0.0030157357 -0.0351316 -0.8562482 0.46026698 -0.23450643
-0.014658805 0.0034843683 -0.035646483 -0.43536085 0.73576486 -0.5187591
-0.014122229 0.002704517 -0.036791928 0.3999899 0.75621456 -0.5178297
-0.014122229 0.002704517 -0.036791928 -0.1622722 0.7618185 -0.62713647
-0.0137525 0.0019333707 -0.037784547 0.36676797 0.82593906 -0.42814225
-0.0137525 0.0019333707 -0.037784547 -0.14699864 0.7403536 -0.65594804
-0.013611059 0.0025724042 -0.036590014 0.2467563 0.7844081 -0.5690477
-0.013280475 0.0018829159 -0.03747752 0.22450253 0.82966346 -0.5111331
-0.012666624 0.0012826589 -0.03826788 0.18414202 0.8690504 -0.45917675
-0.0103517715 0.0025538872 -0.036314506 0.013310952 0.79679745 -0.60409987
-0.008301122 0.0027115196 -0.03622733 -0.08384206 0.7886582 -0.60908854
-0.010085875 0.0023423368 -0.036595754 0.00081199384 0.8059989 -0.5919163
-0.008509006 0.002462965 -0.03652946 -0.07296895 0.8008293 -0.5944308
-0.009711213 0.0022071814 -0.0367866 -0.017549796 0.8129875 -0.58201665
-0.011800314 0.0008172253 -0.038902022 0.12695637 0.8998431 -0.41733018
-0.0107582975 0.00051774783 -0.03933639 0.05917662 0.9191691 -0.3893922
-0.01209703 0.00074146735 -0.039377756 0.21579824 0.93440837 -0.28339365
-0.01209703 0.00074146735 -0.039377756 -0.1080374 0.70746285 -0.6984441
-0.010931608 0.0004065195 -0.039863568 0.11125518 0.96436495 -0.24004665
-0.010931608 0.0004065195 -0.039863568 -0.07292814 0.6980419 -0.7123336
-0.0130659435 0.0012620236 -0.038668517 0.30351517 0.8869232 -0.34820333
-0.0130659435 0.0012620236 -0.038668517 -0.14148694 0.7180296 -0.6814799
-0.0096450765 0.00028105825 -0.040091798 -0.005201405 0.9754967 -0.21995224
-0.0096450765 0.00028105825 -0.040091798 -0.03820735 0.6805771 -0.7316795
-0.008339209 0.00038101524 -0.040036835 0.0009382224 0.6694794 -0.7428299
-0.008339209 0.00038101524 -0.040036835 -0.1236239 0.96653414 -0.22478609
-0.00960801 0.00040557142 -0.039540455 -0.01587005 0.9264321 -0.37612724
-0.0084404135 0.00049494253 -0.03949131 -0.09276475 0.9206203 -0.37927946
-0.009270813 0.0021900386 -0.03683219 -0.037144355 0.81332874 -0.5806174
-0.008842403 0.0022728099 -0.03675113 -0.058648825 0.809529 -0.5841431
-0.00733733 0.0007761619 -0.0391967 -0.16490418 0.9021326 -0.39870209
-0.006388689 0.001229621 -0.038676485 -0.22684164 0.872519 -0.43272784
-0.0071054776 0.0006955387 -0.039707348 0.035020314 0.68890536 -0.72400475
-0.0071054776 0.0006955387 -0.039707348 -0.23482415 0.93806803 -0.25472733
-0.0060444884 0.00120271 -0.039125502 0.051604968 0.72129494 -0.6907029
-0.0060444884 0.00120271 -0.039125502 -0.33098993 0.8922298 -0.3071998
-0.0052300566 0.0018632286 -0.038336836 0.06205477 0.74587655 -0.6631874
-0.0052300566 0.0018632286 -0.038336836 -0.40425155 0.83287454 -0.378022
-0.004721768 0.0026274892 -0.037400693 0.07703782 0.7636788 -0.6409836
-0.004721768 0.0026274892 -0.037400693 -0.44983554 0.7642462 -0.4621424
-0.0056604994 0.001820202 -0.037971325 -0.27451864 0.8340833 -0.47848144
-0.005206033 0.0025035297 -0.037134316 -0.30388877 0.7895896 -0.533104
-0.005059386 0.0032229307 -0.03623508 -0.31347978 0.74246556 -0.5920094
-0.0052297777 0.0039390735 -0.03532269 -0.3024119 0.6951525 -0.65215796
-0.0045577483 0.0034320848 -0.03639496 0.09036047 0.781318 -0.61755735
-0.0045577483 0.0034320848 -0.03639496 -0.4646075 0.69125444 -0.5534502
-0.008285509 0.0029851445 -0.035883106 -0.0844299 0.77485853 -0.6264708
-0.0047483207 0.0042330474 -0.035374507 0.08883362 0.8042004 -0.587682
-0.0047483207 0.0042330474 -0.035374507 -0.44726196 0.6186442 -0.6459381
-0.0052862763 0.004962946 -0.03442477 0.090258025 0.8281605 -0.5531759
-0.0052862763 0.004962946 -0.03442477 -0.3989926 0.55230397 -0.7319599
-0.0061292844 0.005569424 -0.033614054 0.07813172 0.850107 -0.5207816
-0.0061292844 0.005569424 -0.033614054 -0.32342082 0.49770164 -0.8047931
-0.0057107704 0.004591678 -0.03447352 -0.27108794 0.6524548 -0.70768213
-0.006464503 0.0051339376 -0.033748657 -0.22205529 0.61696255 -0.7550156
-0.0074268854 0.0055203037 -0.033209033 -0.15956657 0.5918921 -0.7900646
-0.008529302 0.0057282452 -0.032886773 -0.08692955 0.5777815 -0.81154895
-0.0072056428 0.0060015516 -0.03301052 0.038179055 0.86105585 -0.50707525
-0.0072056428 0.0060015516 -0.03301052 -0.22661091 0.45861822 -0.85925364
-0.008438624 0.0062341196 -0.0326501 -0.0037148655 0.863682 -0.5040234
-0.008438624 0.0062341196 -0.0326501 -0.11450323 0.43774468 -0.89177835
0.023720669 -0.02945281 -0.021361694 0.6302149 -0.6577513 -0.4125437
0.024893232 -0.026432829 -0.024260456 0.68855864 -0.62301177 -0.3711378
0.021735648 -0.03223058 -0.019712951 0.5232637 -0.6904797 -0.49943253
0.019916268 -0.029994806 -0.023256721 0.3831369 -0.711492 -0.5890546
0.024090318 -0.029142164 -0.020875357 0.8812832 -0.47075328 -0.04160833
0.024229102 -0.028615167 -0.02036074 0.9266487 -0.21689035 0.30705202
0.02205357 -0.03227853 -0.019057807 0.7282826 -0.67066807 -0.14074439
0.025201485 -0.0260263 -0.023928668 0.9468227 -0.30961293 -0.08755974
0.025286345 -0.025449222 -0.023554068 0.99072397 -0.042265687 0.12914956
0.025156392 -0.023976972 -0.027523585 0.9162471 -0.31428877 -0.24842261
0.02483176 -0.024388919 -0.027704416 0.64538467 -0.6599209 -0.3846857
0.025286052 -0.02342474 -0.027280906 0.99424464 0.012641713 -0.10638564
0.024310108 -0.022818046 -0.031122165 0.8570032 -0.34053496 -0.38675755
0.023994282 -0.023249755 -0.031137113 0.6011219 -0.69851464 -0.38823923
0.024435284 -0.022244403 -0.031070359 0.9432226 0.03125806 -0.33068734
0.022329243 -0.022320664 -0.03514365 0.77174896 -0.30255738 -0.55934125
0.022115981 -0.022716267 -0.035039786 0.56861025 -0.69903755 -0.433623
0.02240772 -0.021809833 -0.035134554 0.81396985 0.061534088 -0.5776388
0.018788278 -0.02273631 -0.038651027 0.53234714 -0.45188898 -0.7158231
0.018639203 -0.023095816 -0.03838243 0.4080237 -0.7811772 -0.47252402
0.01883436 -0.022253115 -0.03878346 0.5623284 -0.027126731 -0.82646894
0.013232423 -0.023712408 -0.040817186 0.20436805 -0.60921544 -0.7662181
0.013199724 -0.02406968 -0.040357865 0.19069886 -0.8662902 -0.46170917
0.013211228 -0.023191607 -0.04108069 0.17044464 -0.13047232 -0.9766912
0.006890004 -0.02455104 -0.040347185 -0.14998397 -0.6667461 -0.73003733
0.007030983 -0.024812816 -0.039987214 -0.04138143 -0.90194297 -0.4298681
0.0067485957 -0.024143733 -0.040558085 -0.26378095 -0.24103685 -0.93398124
0.0017386384 -0.024979942 -0.03728817 -0.39509457 -0.75627 -0.5214939
0.0014913315 -0.024581486 -0.03750287 -0.5878741 -0.3746324 -0.716976
0.0020628688 -0.02522216 -0.036971837 -0.19319993 -0.92842436 -0.31733596
-0.0016487513 -0.025198396 -0.033194248 -0.6064399 -0.6599576 -0.44349366
-0.001996331 -0.02467486 -0.033264093 -0.78998935 -0.33728412 -0.51201195
-0.0011783214 -0.02553741 -0.03307962 -0.34287047 -0.87965375 -0.3296198
-0.0034565767 -0.025784945 -0.029121112 -0.743896 -0.5664489 -0.35461855
-0.0037999323 -0.025276912 -0.028940855 -0.89618367 -0.31366608 -0.3137969
-0.0029969893 -0.026127476 -0.029236652 -0.46117178 -0.81081504 -0.3604159
-0.0039704666 -0.027262835 -0.024886414 -0.81980634 -0.52806723 -0.22150041
-0.004302876 -0.026648806 -0.024650715 -0.9386737 -0.33179894 -0.093814775
-0.0034995216 -0.02768165 -0.025075618 -0.54219466 -0.74800175 -0.38277718
-0.0027303686 -0.030037696 -0.02165048 -0.72091067 -0.6602513 -0.210609
-0.0030108728 -0.029732069 -0.02122761 -0.86667323 -0.49130222 0.08660082
-0.002330269 -0.03019355 -0.022009123 -0.4875304 -0.7448548 -0.45552754
-0.00019312557 -0.033105507 -0.019695481 -0.62681377 -0.75134957 -0.20634544
0.00023336266 -0.03318449 -0.02010982 -0.43994105 -0.73283744 -0.5190387
-0.00050430326 -0.032831505 -0.019234765 -0.7425853 -0.6322472 0.2209763
0.0027904252 -0.035571456 -0.018755414 -0.51788014 -0.8294194 -0.20943673
0.002606392 -0.03545712 -0.018118342 -0.5767342 -0.74986917 0.32415113
0.003056467 -0.035401747 -0.019363951 -0.37778884 -0.7396214 -0.55698806
0.006606123 -0.0376454 -0.018403264 -0.27883616 -0.9176112 -0.28326678
0.006379928 -0.03761968 -0.01768355 -0.34003124 -0.87594295 0.3422026
0.006843164 -0.037293628 -0.019082235 -0.18979694 -0.7569997 -0.6252429
0.011727363 -0.038531467 -0.018000616 0.053081803 -0.965485 -0.25499222
0.011813978 -0.03853962 -0.017205054 0.033486884 -0.9131285 0.40629417
0.011597512 -0.038105503 -0.018752528 0.056407437 -0.7807765 -0.62225896
0.015527394 -0.037529446 -0.017793974 0.38453904 -0.890748 -0.24227613
0.015335018 -0.037154302 -0.018560138 0.3109808 -0.7382635 -0.59854656
0.015672633 -0.037483543 -0.016996793 0.38179854 -0.82057005 0.42531714
0.019319123 -0.035037816 -0.017950399 0.623947 -0.7764065 -0.0887863
0.01937562 -0.034857117 -0.017186735 0.6172521 -0.6236811 0.4796057
0.019101277 -0.034874514 -0.018705316 0.47658983 -0.7245865 -0.4978318
0.017816382 -0.033735253 -0.02049804 0.33690596 -0.6644621 -0.6670716
0.015105454 -0.034789346 -0.020760518 0.2553389 -0.662532 -0.7041686
0.018836847 -0.032111146 -0.021562442 0.36743018 -0.6716079 -0.64338005
0.015458437 -0.032822892 -0.022578206 0.26220202 -0.7026715 -0.66144
0.011628212 -0.033318058 -0.023107378 0.067124225 -0.72636634 -0.68402207
0.01598461 -0.03089122 -0.024531517 0.28261742 -0.74316794 -0.6064888
0.016380573 -0.029029751 -0.026817162 0.29399103 -0.78785455 -0.54116035
0.011820037 -0.031463556 -0.025218248 0.07668963 -0.77656686 -0.62535
0.011887772 -0.029765127 -0.027512945 0.08655202 -0.82546437 -0.5577789
0.0071686595 -0.031381488 -0.024938446 -0.13579184 -0.7775091 -0.61403596
0.0074436427 -0.03321129 -0.022904152 -0.13655367 -0.7169026 -0.68366927
0.007012255 -0.029650653 -0.027318336 -0.11504554 -0.83805317 -0.5333211
0.0024402007 -0.030845018 -0.023876559 -0.27012515 -0.7636668 -0.58638334
0.0018869534 -0.028922347 -0.02646796 -0.26324663 -0.83340806 -0.48593444
0.0035335002 -0.032847606 -0.022024147 -0.25579736 -0.7007868 -0.665932
0.0045546745 -0.034246713 -0.021026704 -0.23227827 -0.6617243 -0.7128588
0.007567354 -0.035086967 -0.021117292 -0.12315799 -0.6670854 -0.73473066
0.011530556 -0.035392284 -0.021075055 0.06574386 -0.6725542 -0.7371218
0.0021172063 -0.027433367 -0.029592134 -0.22312252 -0.8923505 -0.39233518
0.0028151618 -0.026420286 -0.032624483 -0.16251697 -0.93390423 -0.31845105
0.007124687 -0.028109867 -0.03003707 -0.07594674 -0.8894169 -0.4507436
0.011972325 -0.02818607 -0.030072346 0.09810993 -0.8719026 -0.4797503
0.007469987 -0.026800456 -0.032966975 -0.029687718 -0.929367 -0.36796153
0.012193145 -0.0267377 -0.032918375 0.113809526 -0.90923107 -0.40043265
0.0077593043 -0.025701324 -0.03617985 0.008107561 -0.96118534 -0.27578434
0.012627995 -0.025381124 -0.036221787 0.14555517 -0.9396329 -0.3096831
0.0039540483 -0.025822962 -0.03512793 -0.09028759 -0.9593398 -0.26742333
0.017035259 -0.024651052 -0.035062365 0.28640082 -0.9047853 -0.3151796
0.019888842 -0.024159813 -0.03341026 0.3395248 -0.8838225 -0.32183963
0.016619263 -0.025954604 -0.03214749 0.2923243 -0.8734909 -0.38930714
0.016515791 -0.027379466 -0.029392855 0.29561695 -0.83419997 -0.46553305
0.020429492 -0.02482172 -0.031179529 0.36048892 -0.85587764 -0.37083834
0.020717759 -0.02603331 -0.028419686 0.377975 -0.81212604 -0.44450673
0.02066062 -0.027784863 -0.025626242 0.38888937 -0.7599393 -0.5208236
0.02215907 -0.03209783 -0.018372823 0.7980549 -0.47188443 0.3747446
0.018634368 -0.029560372 -0.013481337 0.56084585 -0.3587869 0.7461393
0.017544175 -0.024550257 -0.010791361 0.5602321 -0.29485354 0.77408093
0.017544175 -0.024550257 -0.010791361 0.42971995 -0.8769491 -0.21517679
0.02171684 -0.026925871 -0.015533611 0.7807716 -0.19812593 0.59257215
0.0147247445 -0.03191022 -0.012666925 0.28533727 -0.48956254 0.8239607
0.010654468 -0.03295786 -0.012645062 -0.015525871 -0.55624753 0.83087164
0.013615416 -0.026402904 -0.00972676 0.29834488 -0.9243634 -0.23778707
0.013615416 -0.026402904 -0.00972676 0.2572176 -0.4078252 0.8760808
0.00965522 -0.027279709 -0.009793201 0.12748265 -0.9724677 -0.19507623
0.00965522 -0.027279709 -0.009793201 -0.035243314 -0.45792776 0.8882905
0.013643203 -0.026604114 -0.00891558 0.28282842 -0.92971647 -0.23587167
0.00960662 -0.027451703 -0.008951417 0.1265279 -0.9737457 -0.18923542
0.01784472 -0.024628786 -0.009915648 0.41644084 -0.8811917 -0.2237818
0.021576129 -0.021814087 -0.012603344 0.5564706 -0.82213515 -0.12014257
0.02365353 -0.019745631 -0.015905224 0.5904604 -0.79792255 -0.12114432
0.02086435 -0.022195725 -0.0133771505 0.7840862 -0.14248186 0.6040759
0.02086435 -0.022195725 -0.0133771505 0.55807936 -0.82310253 -0.10511743
0.02287098 -0.02022955 -0.01654886 0.91111606 -0.013801533 0.41191858
0.02287098 -0.02022955 -0.01654886 0.5986555 -0.7929788 -0.11312055
0.024158921 -0.018847706 -0.020834215 0.9721007 0.08186795 0.21981347
0.024158921 -0.018847706 -0.020834215 0.6836921 -0.72948 -0.020588374
0.02363791 -0.024306567 -0.01832857 0.914034 -0.04327438 0.40332264
0.024731897 -0.022106614 -0.022154387 0.97705 0.076697975 0.19872244
0.024905603 -0.020772967 -0.026117507 0.9879031 0.15194097 -0.031008106
0.024143836 -0.02038688 -0.030704223 0.94005454 0.1875473 -0.28482205
0.02457689 -0.018380752 -0.02510308 0.9896525 0.14325498 0.008122561
0.02457689 -0.018380752 -0.02510308 0.6805352 -0.732435 -0.02026794
0.023925012 -0.018674789 -0.030411392 0.9499911 0.17295986 -0.2600036
0.023925012 -0.018674789 -0.030411392 0.6120067 -0.787476 -0.07300104
0.025351869 -0.017659768 -0.02484145 0.68411314 -0.7291507 -0.018121906
0.02486666 -0.01791318 -0.03078286 0.61293304 -0.7865087 -0.07561172
0.02496165 -0.018108802 -0.020369653 0.6768232 -0.7355679 -0.029157827
0.023208184 -0.018424973 -0.035923846 0.52454966 -0.81772774 -0.23700021
0.018803362 -0.018866062 -0.040901996 0.42647493 -0.7750703 -0.46624583
0.022101441 -0.019490356 -0.034713835 0.8199864 0.19394939 -0.5385219
0.022101441 -0.019490356 -0.034713835 0.5628468 -0.7959254 -0.22294907
0.01839187 -0.020474277 -0.038703375 0.532983 0.14090396 -0.8343112
0.01839187 -0.020474277 -0.038703375 0.4953884 -0.73655456 -0.46051905
0.022232449 -0.020656282 -0.034932464 0.7981467 0.20818858 -0.5653488
0.018586246 -0.02131696 -0.038719017 0.5282113 0.16964246 -0.83199406
0.013094198 -0.02238846 -0.040949643 0.13127314 0.17670876 -0.97546977
0.0066603343 -0.023463884 -0.040501654 -0.2930463 0.03203342 -0.9555614
0.012943974 -0.021649677 -0.040833198 0.27140296 -0.766214 -0.5824573
0.012943974 -0.021649677 -0.040833198 0.13048798 0.1748643 -0.97590744
0.006578607 -0.02285858 -0.040461756 0.020606456 -0.8890565 -0.4573335
0.006578607 -0.02285858 -0.040461756 -0.28862903 0.02719841 -0.95705456
0.012825733 -0.019725963 -0.043348543 0.26086515 -0.7680391 -0.58486354
0.005692263 -0.021666393 -0.042714536 0.026235646 -0.87051433 -0.4914432
0.0002788296 -0.022866199 -0.038953677 -0.12271354 -0.96920115 -0.21351945
0.0012878918 -0.023246234 -0.03755679 -0.1259515 -0.97673255 -0.17357904
0.0012878918 -0.023246234 -0.03755679 -0.6340285 -0.14903563 -0.7588123
-0.0032702407 -0.02281513 -0.033826478 -0.20313321 -0.97469723 -0.09328574
-0.0024910502 -0.023047848 -0.03307217 -0.20948808 -0.9740308 -0.08589908
-0.0024910502 -0.023047848 -0.03307217 -0.8386791 -0.23925374 -0.4892597
-0.0055469396 -0.0226339 -0.02848193 -0.24745019 -0.96595937 -0.07543716
-0.004742983 -0.022872837 -0.028079394 -0.25330433 -0.9642805 -0.07745982
-0.004742983 -0.022872837 -0.028079394 -0.90602255 -0.3440815 -0.24643691
-0.006461894 -0.022808556 -0.023132727 -0.32348418 -0.9406792 -0.10237521
-0.0055320463 -0.023133712 -0.02313245 -0.32818684 -0.9388483 -0.10419761
-0.0055320463 -0.023133712 -0.02313245 -0.9234461 -0.3833832 -0.016271131
-0.005316453 -0.023903532 -0.017004367 -0.32864615 -0.9377627 -0.11221785
-0.004452757 -0.02416041 -0.017386306 -0.32835978 -0.9377875 -0.11284724
-0.004452757 -0.02416041 -0.017386306 -0.86302084 -0.4246452 0.27362648
-0.002601313 -0.025328835 -0.013321184 -0.3222863 -0.93915784 -0.1188029
-0.0020024218 -0.025431428 -0.014131042 -0.31289148 -0.94105786 -0.12848733
-0.0020024218 -0.025431428 -0.014131042 -0.7220762 -0.45954075 0.5171346
0.0006512004 -0.026699012 -0.011172991 -0.14773281 -0.9607998 -0.23460326
0.0010332481 -0.02654018 -0.012001192 -0.13932912 -0.95957655 -0.244541
0.0010332481 -0.02654018 -0.012001192 -0.51849276 -0.48908982 0.701396
0.0048023593 -0.027519425 -0.009667214 -0.040995717 -0.98314166 -0.17819029
0.0049488386 -0.027359972 -0.010600038 -0.054641288 -0.9824256 -0.17847796
0.0049488386 -0.027359972 -0.010600038 -0.2779356 -0.48719886 0.8278823
0.0054653264 -0.032514006 -0.013373287 -0.30117545 -0.5632965 0.76940906
0.0015787901 -0.030959265 -0.014598594 -0.5473248 -0.52673477 0.65037376
-0.0014656321 -0.028947184 -0.016356776 -0.74775434 -0.46259186 0.4763111
-0.0037868677 -0.026726982 -0.019152142 -0.8966863 -0.37712288 0.23180175
-0.004854913 -0.02475637 -0.02384213 -0.94862133 -0.3130858 -0.045769982
-0.004225486 -0.023959903 -0.02846038 -0.9211613 -0.26762778 -0.28255504
-0.002230497 -0.023807509 -0.03314527 -0.83511335 -0.19774736 -0.5133047
0.0013788613 -0.02386838 -0.037507128 -0.6379466 -0.1287009 -0.75924975
0.015907101 0.0012708652 -0.031240927 0.23465264 0.6961986 -0.6784141
0.016322806 0.0010097848 -0.031343017 0.26390564 0.6833662 -0.6807089
0.014933553 0.0009206693 -0.031842854 0.13593233 0.67091084 -0.7289727
0.016023148 0.0020435671 -0.030321565 0.25557825 0.757174 -0.6011383
0.0147057865 0.0019456918 -0.030862419 0.13209388 0.74001527 -0.6594913
0.01579368 0.0030370788 -0.029036488 0.25572515 0.82200867 -0.5088285
0.016725821 0.0019120638 -0.030137042 0.30990925 0.74937403 -0.5851451
0.017201105 0.0017879588 -0.030033184 0.5476006 0.6404483 -0.53847903
0.016578194 0.0029320037 -0.028725766 0.31778672 0.81859916 -0.47844234
0.017114675 0.0028348146 -0.02851163 0.52510595 0.76149154 -0.37999254
0.015858669 0.0038524992 -0.027397735 0.27849624 0.88076454 -0.38300613
0.014738889 0.0044878316 -0.026520155 0.19878191 0.92678183 -0.31868678
0.016324535 0.0038349521 -0.027077239 0.44558716 0.8671196 -0.22261131
0.01518964 0.0038789301 -0.027785966 0.22243288 0.87787294 -0.4241023
0.014505882 0.0043959203 -0.026937796 0.17717332 0.92111033 -0.34664896
0.013811102 0.0039849076 -0.028107183 0.099293575 0.87995934 -0.46455625
0.013329516 0.0045716376 -0.026899178 0.071169026 0.92817324 -0.36527988
0.014373542 0.0030725603 -0.029524034 0.12673639 0.8191633 -0.559383
0.012070012 0.003883616 -0.028431688 -0.037234258 0.8671939 -0.49657676
0.0116993 0.004515814 -0.027093891 -0.051101547 0.91482365 -0.40060768
0.010378162 0.0034473226 -0.028793726 -0.1491445 0.82952714 -0.5381829
0.012539885 0.0028719162 -0.02996542 -0.015449523 0.7944713 -0.60710514
0.013016898 0.0016646121 -0.031347413 0.013074918 0.71453637 -0.6994762
0.010710505 0.002444096 -0.030233333 -0.13836937 0.7616208 -0.633078
0.009255722 0.0019803653 -0.03035345 -0.23254113 0.7328847 -0.6393784
0.011272362 0.001348585 -0.0315213 -0.10494215 0.69953525 -0.7068505
0.009873839 0.0010158896 -0.03154222 -0.19460836 0.67576563 -0.7109631
0.011766032 0.00036994007 -0.03245227 -0.07028442 0.63121676 -0.77241534
0.010566457 0.00034913898 -0.032281972 -0.15273169 0.62832665 -0.7628097
0.011840474 -0.00020405732 -0.032893043 -0.06738659 0.595257 -0.8007048
0.01340032 0.0005626214 -0.032336332 0.03664362 0.6453694 -0.7629913
0.013606074 -7.680233e-05 -0.03282571 0.04657137 0.6073946 -0.793034
0.013743082 -0.0005126636 -0.033144876 0.13849755 0.23386793 -0.9623534
0.015224742 0.00037254218 -0.03225367 0.16015354 0.6378533 -0.753322
0.015452735 1.1319411e-05 -0.032508075 0.36348444 0.33802274 -0.8681128
0.016646003 0.0008080626 -0.03142108 0.5211305 0.46284372 -0.7170766
0.01558695 -0.0004426263 -0.032462362 0.55348766 -0.21034887 -0.8058565
0.013807892 -0.00096077507 -0.033085607 0.21698454 -0.34184065 -0.9143646
0.016890924 0.00037469773 -0.031318616 0.8032541 -0.035239123 -0.5945931
0.015739461 -0.0030869916 -0.030584471 0.5852312 -0.44692403 -0.67658204
0.013908349 -0.0036384552 -0.031211428 0.22605848 -0.5527387 -0.80210805
0.017101906 -0.0021564271 -0.029423095 0.85093224 -0.26682264 -0.45245993
0.017799526 -0.0009885629 -0.027957346 0.9854863 -0.03593732 -0.16590743
0.017703177 0.00028089015 -0.026332539 0.96606183 0.21126561 0.148632
0.017566651 0.0014367494 -0.029869273 0.91057307 0.23208953 -0.3420395
0.017478522 0.0026195874 -0.028196376 0.88080907 0.46961382 -0.060318004
0.01657957 0.0037065218 -0.026714128 0.7205103 0.66426027 0.19905525
0.01512026 0.004448472 -0.025676895 0.45989263 0.793758 0.39805377
0.016768545 0.0014423828 -0.024814658 0.7891514 0.4318393 0.436755
0.01526325 0.00221228 -0.023764173 0.49467036 0.5836155 0.6439675
0.013401195 0.0025680857 -0.023245215 0.12182533 0.6534873 0.7470695
0.01135595 0.0024302336 -0.02333661 -0.27527362 0.6250323 0.73045117
0.01333398 0.0048699705 -0.025246846 0.12979342 0.85459805 0.50280786
0.0113258185 0.004800249 -0.025367284 -0.24277794 0.79865646 0.550642
0.01325891 0.0049713994 -0.025725383 0.09722504 0.99479216 -0.030591322
0.013263679 0.0048156963 -0.026203018 0.07642077 0.94590497 -0.31531537
0.014926273 0.004561041 -0.026186341 0.29618832 0.9488091 -0.10969935
0.011382911 0.0049705436 -0.025830185 -0.14036208 0.9899115 0.019332089
0.011508485 0.004794499 -0.026339581 -0.05503414 0.9367018 -0.34577623
0.009694239 0.004493596 -0.026500009 -0.4038001 0.9136072 -0.047618534
0.008567452 0.0036937152 -0.027565688 -0.5718132 0.7971498 -0.19386043
0.009894306 0.0043581007 -0.02690588 -0.17604198 0.9012644 -0.39589366
0.009602417 0.004303683 -0.026084678 -0.5883972 0.67427844 0.44624794
0.008345259 0.0034029782 -0.027235216 -0.8420369 0.4915926 0.22206002
0.009525854 0.0018081013 -0.024068434 -0.6256086 0.50427395 0.5952491
0.008265447 0.0008714091 -0.025225328 -0.8710088 0.32323223 0.36995208
0.007654015 -0.0002564931 -0.026650798 -0.9909323 0.10161172 0.08791168
0.0077733295 -0.0015060654 -0.028259274 -0.9641737 -0.13707232 -0.22711292
0.0077382205 0.002307904 -0.02859835 -0.9570807 0.28510734 -0.052061036
0.007850002 0.0010986197 -0.030162822 -0.93713415 0.051978372 -0.3450766
0.00799723 0.0026440131 -0.028925337 -0.64476424 0.650413 -0.40154946
0.008390656 0.0027515013 -0.028976856 -0.28151911 0.78134817 -0.55699384
0.008086335 0.001502351 -0.030380586 -0.6381692 0.4981651 -0.5870022
0.008534773 0.0016883366 -0.030370167 -0.27690846 0.71513087 -0.6418019
0.008870464 0.00048777706 -0.031696767 -0.528308 0.36821085 -0.7650565
0.010184272 -0.0002593518 -0.03267494 -0.3615409 0.23477858 -0.9023122
0.009247461 0.0007003384 -0.0316295 -0.23541877 0.6527306 -0.72008395
0.008675808 9.311817e-05 -0.03154835 -0.7793395 -0.14111274 -0.6105056
0.010090212 -0.0006790961 -0.032571573 -0.50757724 -0.31534427 -0.8018249
0.008669764 -0.002573296 -0.029658101 -0.79580414 -0.34547898 -0.49733302
0.010088009 -0.0033179377 -0.030710068 -0.51840436 -0.49289817 -0.6987905
0.011876373 -0.0036970596 -0.031248536 -0.15920295 -0.5671056 -0.8081124
0.011819705 -0.0010252496 -0.033115 -0.15886578 -0.3586711 -0.919846
0.01185299 -0.000580429 -0.0331699 -0.11218359 0.22582285 -0.9676875
0.010344442 1.1740485e-06 -0.032509558 -0.16812676 0.60495865 -0.77830493
0.009044675 0.0029478045 -0.029025476 -0.24430405 0.7906645 -0.56139576
0.00881234 0.0036625857 -0.027762687 -0.26229757 0.84524685 -0.46557263
0.009170581 0.0036246954 -0.028028997 -0.23944785 0.8405618 -0.4859225
0.010160986 0.0041202297 -0.02754043 -0.15218967 0.88202345 -0.44595188
3 9 4 0
3 9 0 1
3 0 2 593
3 0 593 1
3 490 2 0
3 490 0 3
3 4 6 3
3 4 3 0
3 10 13 7
3 10 7 5
3 16 10 5
3 16 5 8
3 11 15 17
3 11 17 12
3 14 11 12
3 14 12 607
3 15 18 20
3 15 20 17
3 8 23 19
3 8 19 16
3 18 22 615
3 18 615 20
3 21 19 23
3 21 23 26
3 27 24 25
3 27 25 28
3 24 9 1
3 24 1 25
3 30 27 28
3 30 28 31
3 26 29 34
3 26 34 21
3 33 30 31
3 33 31 596
3 29 32 37
3 29 37 34
3 35 38 39
3 35 39 36
3 22 35 36
3 22 36 615
3 38 41 42
3 38 42 39
3 40 37 32
3 40 32 45
3 41 44 614
3 41 614 42
3 43 40 45
3 43 45 48
3 49 46 47
3 49 47 50
3 46 33 596
3 46 596 47
3 52 49 50
3 52 50 53
3 57 43 48
3 57 48 51
3 54 52 53
3 54 53 601
3 60 57 51
3 60 51 55
3 56 59 61
3 56 61 58
3 44 56 58
3 44 58 614
3 59 62 64
3 59 64 61
3 63 60 55
3 63 55 68
3 62 65 613
3 62 613 64
3 66 63 68
3 66 68 71
3 70 67 69
3 70 69 72
3 67 54 601
3 67 601 69
3 74 70 72
3 74 72 75
3 79 66 71
3 79 71 73
3 77 74 75
3 77 75 606
3 73 76 81
3 73 81 79
3 78 82 83
3 78 83 80
3 65 78 80
3 65 80 613
3 82 84 86
3 82 86 83
3 76 90 85
3 76 85 81
3 84 87 612
3 84 612 86
3 88 85 90
3 88 90 93
3 92 89 91
3 92 91 94
3 89 77 606
3 89 606 91
3 95 92 94
3 95 94 97
3 93 96 101
3 93 101 88
3 98 95 97
3 98 97 258
3 104 101 96
3 104 96 99
3 87 100 102
3 87 102 612
3 100 103 105
3 100 105 102
3 103 107 108
3 103 108 105
3 99 112 106
3 99 106 104
3 107 110 611
3 107 611 108
3 109 106 112
3 109 112 115
3 114 111 113
3 114 113 116
3 111 98 258
3 111 258 113
3 117 114 116
3 117 116 119
3 115 118 122
3 115 122 109
3 120 117 119
3 120 119 231
3 125 122 118
3 125 118 121
3 110 123 124
3 110 124 611
3 123 126 127
3 123 127 124
3 126 128 130
3 126 130 127
3 129 125 121
3 129 121 134
3 128 132 610
3 128 610 130
3 134 137 131
3 134 131 129
3 133 120 231
3 133 231 135
3 136 133 135
3 136 135 138
3 139 136 138
3 139 138 141
3 144 131 137
3 144 137 140
3 142 139 141
3 142 141 222
3 147 144 140
3 147 140 143
3 132 145 146
3 132 146 610
3 145 148 149
3 145 149 146
3 148 151 152
3 148 152 149
3 143 156 150
3 143 150 147
3 151 154 609
3 151 609 152
3 153 150 156
3 153 156 159
3 155 142 222
3 155 222 157
3 158 155 157
3 158 157 160
3 161 158 160
3 161 160 163
3 159 162 166
3 159 166 153
3 164 161 163
3 164 163 213
3 162 165 170
3 162 170 166
3 154 167 168
3 154 168 609
3 167 169 171
3 167 171 168
3 169 172 174
3 169 174 171
3 165 178 173
3 165 173 170
3 172 176 608
3 172 608 174
3 175 173 178
3 175 178 181
3 177 164 213
3 177 213 179
3 180 177 179
3 180 179 182
3 183 180 182
3 183 182 185
3 188 175 181
3 188 181 184
3 186 183 185
3 186 185 201
3 191 188 184
3 191 184 187
3 176 189 190
3 176 190 608
3 189 192 193
3 189 193 190
3 192 195 196
3 192 196 193
3 187 198 194
3 187 194 191
3 195 14 607
3 195 607 196
3 13 194 198
3 13 198 7
3 197 186 201
3 197 201 199
3 6 197 199
3 6 199 3
3 199 200 490
3 199 490 3
3 201 202 200
3 201 200 199
3 185 204 202
3 185 202 201
3 202 204 205
3 202 205 203
3 200 202 203
3 200 203 488
3 204 206 207
3 204 207 205
3 182 206 204
3 182 204 185
3 209 207 206
3 209 206 208
3 208 206 182
3 208 182 179
3 211 209 208
3 211 208 210
3 210 208 179
3 210 179 213
3 214 211 210
3 214 210 212
3 212 210 213
3 212 213 163
3 216 214 212
3 216 212 215
3 215 212 163
3 215 163 160
3 218 216 215
3 218 215 217
3 217 215 160
3 217 160 157
3 218 217 219
3 218 219 220
3 219 217 157
3 219 157 222
3 223 220 219
3 223 219 221
3 221 219 222
3 221 222 141
3 225 223 221
3 225 221 224
3 224 221 141
3 224 141 138
3 227 225 224
3 227 224 226
3 226 224 138
3 226 138 135
3 229 227 226
3 229 226 228
3 228 226 135
3 228 135 231
3 228 230 233
3 228 233 229
3 119 230 228
3 119 228 231
3 232 230 119
3 232 119 116
3 233 230 232
3 233 232 234
3 235 233 234
3 235 234 237
3 235 236 229
3 235 229 233
3 239 241 236
3 239 236 235
3 243 239 235
3 243 235 237
3 238 242 451
3 238 451 240
3 244 245 242
3 244 242 238
3 247 250 245
3 247 245 244
3 246 243 237
3 246 237 251
3 248 246 251
3 248 251 252
3 249 423 250
3 249 250 247
3 251 253 254
3 251 254 252
3 237 234 253
3 237 253 251
3 253 255 256
3 253 256 254
3 232 255 253
3 232 253 234
3 256 255 113
3 256 113 258
3 113 255 232
3 113 232 116
3 256 257 260
3 256 260 254
3 97 257 256
3 97 256 258
3 259 257 97
3 259 97 94
3 260 257 259
3 260 259 261
3 261 263 262
3 261 262 260
3 264 254 260
3 264 260 262
3 270 266 262
3 270 262 263
3 266 268 264
3 266 264 262
3 265 269 411
3 265 411 267
3 271 272 269
3 271 269 265
3 274 275 272
3 274 272 271
3 273 270 263
3 273 263 278
3 277 605 275
3 277 275 274
3 276 273 278
3 276 278 279
3 278 280 282
3 278 282 279
3 263 261 280
3 263 280 278
3 261 259 281
3 261 281 280
3 281 283 282
3 281 282 280
3 283 285 284
3 283 284 282
3 284 287 279
3 284 279 282
3 285 603 286
3 285 286 284
3 287 284 286
3 287 286 288
3 292 289 287
3 292 287 288
3 289 276 279
3 289 279 287
3 290 291 605
3 290 605 277
3 293 294 291
3 293 291 290
3 296 299 294
3 296 294 293
3 295 292 288
3 295 288 300
3 297 295 300
3 297 300 302
3 298 400 299
3 298 299 296
3 288 323 301
3 288 301 300
3 301 304 302
3 301 302 300
3 397 297 302
3 397 302 303
3 302 304 305
3 302 305 303
3 305 304 306
3 305 306 308
3 306 304 301
3 306 301 307
3 315 310 306
3 315 306 307
3 310 312 308
3 310 308 306
3 309 313 375
3 309 375 311
3 314 316 313
3 314 313 309
3 318 319 316
3 318 316 314
3 317 315 307
3 317 307 322
3 321 604 319
3 321 319 318
3 320 317 322
3 320 322 325
3 324 322 323
3 324 323 602
3 322 307 301
3 322 301 323
3 326 325 322
3 326 322 324
3 326 328 327
3 326 327 325
3 330 320 325
3 330 325 327
3 328 344 329
3 328 329 327
3 333 330 327
3 333 327 329
3 331 332 604
3 331 604 321
3 334 335 332
3 334 332 331
3 337 338 335
3 337 335 334
3 336 333 329
3 336 329 341
3 340 359 338
3 340 338 337
3 339 336 341
3 339 341 342
3 341 343 346
3 341 346 342
3 344 343 341
3 344 341 329
3 595 345 343
3 595 343 344
3 346 343 345
3 346 345 347
3 348 346 347
3 348 347 349
3 342 346 348
3 342 348 351
3 349 594 350
3 349 350 348
3 348 350 352
3 348 352 351
3 353 339 342
3 353 342 351
3 355 353 351
3 355 351 352
3 356 358 357
3 356 357 354
3 354 357 359
3 354 359 340
3 361 360 358
3 361 358 356
3 364 363 360
3 364 360 361
3 367 366 363
3 367 363 364
3 370 369 366
3 370 366 367
3 373 372 369
3 373 369 370
3 311 375 372
3 311 372 373
3 374 371 378
3 374 378 376
3 312 374 376
3 312 376 308
3 384 377 376
3 384 376 379
3 377 305 308
3 377 308 376
3 383 379 376
3 383 376 378
3 501 380 379
3 501 379 383
3 380 583 382
3 380 382 379
3 379 382 385
3 379 385 384
3 388 386 384
3 388 384 385
3 377 384 386
3 377 386 387
3 390 395 387
3 390 387 386
3 392 390 386
3 392 386 388
3 391 401 393
3 391 393 389
3 389 393 396
3 389 396 394
3 394 396 399
3 394 399 398
3 395 397 303
3 395 303 387
3 398 399 400
3 398 400 298
3 403 402 401
3 403 401 391
3 406 405 402
3 406 402 403
3 409 408 405
3 409 405 406
3 267 411 408
3 267 408 409
3 410 407 413
3 410 413 412
3 268 410 412
3 268 412 264
3 413 415 252
3 413 252 412
3 254 264 412
3 254 412 252
3 407 404 414
3 407 414 413
3 415 413 414
3 415 414 416
3 419 417 415
3 419 415 416
3 417 248 252
3 417 252 415
3 420 422 421
3 420 421 418
3 418 421 423
3 418 423 249
3 426 424 422
3 426 422 420
3 429 427 424
3 429 424 426
3 432 430 427
3 432 427 429
3 434 433 430
3 434 430 432
3 437 436 433
3 437 433 434
3 440 439 436
3 440 436 437
3 443 442 439
3 443 439 440
3 446 445 442
3 446 442 443
3 449 448 445
3 449 445 446
3 240 451 448
3 240 448 449
3 450 447 453
3 450 453 452
3 241 450 452
3 241 452 236
3 452 453 225
3 452 225 227
3 227 229 236
3 227 236 452
3 453 454 223
3 453 223 225
3 447 444 454
3 447 454 453
3 220 223 454
3 220 454 455
3 444 441 455
3 444 455 454
3 441 438 456
3 441 456 455
3 218 220 455
3 218 455 456
3 438 435 457
3 438 457 456
3 457 459 218
3 457 218 456
3 435 431 458
3 435 458 457
3 458 460 459
3 458 459 457
3 576 462 459
3 576 459 460
3 462 465 463
3 462 463 459
3 463 216 218
3 463 218 459
3 465 468 466
3 465 466 463
3 466 214 216
3 466 216 463
3 468 471 469
3 468 469 466
3 469 211 214
3 469 214 466
3 471 474 472
3 471 472 469
3 472 209 211
3 472 211 469
3 474 477 475
3 474 475 472
3 475 207 209
3 475 209 472
3 478 475 477
3 478 477 480
3 205 207 475
3 205 475 478
3 481 478 480
3 481 480 482
3 203 205 478
3 203 478 481
3 482 485 484
3 482 484 481
3 488 203 481
3 488 481 484
3 487 484 485
3 487 485 503
3 489 488 484
3 489 484 487
3 490 200 488
3 490 488 489
3 491 2 490
3 491 490 489
3 493 491 489
3 493 489 487
3 593 2 491
3 593 491 492
3 495 492 491
3 495 491 493
3 496 494 493
3 496 493 487
3 368 365 493
3 368 493 494
3 365 362 495
3 365 495 493
3 362 355 352
3 362 352 495
3 350 492 495
3 350 495 352
3 383 378 494
3 383 494 496
3 371 368 494
3 371 494 378
3 503 497 496
3 503 496 487
3 383 496 497
3 383 497 501
3 498 504 505
3 498 505 499
3 499 587 502
3 499 502 498
3 507 505 504
3 507 504 486
3 506 508 512
3 506 512 510
3 500 506 510
3 500 510 514
3 509 511 516
3 509 516 515
3 513 509 515
3 513 515 517
3 519 513 517
3 519 517 518
3 522 519 518
3 522 518 521
3 525 522 521
3 525 521 524
3 528 525 524
3 528 524 527
3 533 528 527
3 533 527 530
3 537 533 530
3 537 530 531
3 538 534 532
3 538 532 536
3 534 578 529
3 534 529 532
3 542 538 536
3 542 536 540
3 541 537 531
3 541 531 546
3 573 542 540
3 573 540 544
3 545 541 546
3 545 546 547
3 550 545 547
3 550 547 548
3 553 550 548
3 553 548 551
3 556 553 551
3 556 551 554
3 559 556 554
3 559 554 557
3 561 559 557
3 561 557 560
3 511 561 560
3 511 560 516
3 508 564 562
3 508 562 512
3 564 565 558
3 564 558 562
3 563 507 486
3 563 486 483
3 566 563 483
3 566 483 479
3 568 566 479
3 568 479 476
3 565 567 555
3 565 555 558
3 570 568 476
3 570 476 473
3 567 569 552
3 567 552 555
3 572 570 473
3 572 473 470
3 569 571 549
3 569 549 552
3 574 572 470
3 574 470 467
3 571 573 544
3 571 544 549
3 543 574 467
3 543 467 464
3 464 461 539
3 464 539 543
3 535 539 461
3 535 461 575
3 577 535 575
3 577 575 580
3 581 577 580
3 581 580 584
3 578 582 526
3 578 526 529
3 585 581 584
3 585 584 381
3 582 586 523
3 582 523 526
3 587 585 381
3 587 381 502
3 586 588 520
3 586 520 523
3 588 500 514
3 588 514 520
3 583 579 589
3 583 589 382
3 460 589 579
3 460 579 576
3 589 460 458
3 589 458 590
3 591 385 382
3 591 382 589
3 592 591 589
3 592 589 590
3 591 592 416
3 591 416 414
3 388 385 591
3 388 591 414
3 428 425 592
3 428 592 590
3 425 419 416
3 425 416 592
3 431 428 590
3 431 590 458
3 594 593 492
3 594 492 350
3 1 593 594
3 1 594 25
3 25 594 349
3 25 349 28
3 404 392 388
3 404 388 414
3 387 303 305
3 387 305 377
3 349 347 31
3 349 31 28
3 347 345 596
3 347 596 31
3 596 345 595
3 596 595 47
3 597 595 344
3 597 344 328
3 47 595 597
3 47 597 50
3 598 597 328
3 598 328 326
3 50 597 598
3 50 598 53
3 324 599 598
3 324 598 326
3 598 599 601
3 598 601 53
3 602 600 599
3 602 599 324
3 599 600 69
3 599 69 601
3 286 603 600
3 286 600 602
3 600 603 72
3 600 72 69
3 72 603 285
3 72 285 75
3 288 286 602
3 288 602 323
3 75 285 283
3 75 283 606
3 606 283 281
3 606 281 91
3 281 259 94
3 281 94 91
3 1040 620 616
3 1040 616 617
3 616 619 978
3 616 978 617
3 621 622 619
3 621 619 616
3 616 620 623
3 616 623 621
3 624 626 622
3 624 622 621
3 621 623 627
3 621 627 624
3 628 630 625
3 628 625 624
3 626 624 625
3 626 625 941
3 627 631 628
3 627 628 624
3 628 631 632
3 628 632 629
3 924 630 628
3 924 628 629
3 636 632 631
3 636 631 633
3 633 631 627
3 633 627 637
3 634 633 637
3 634 637 639
3 654 636 633
3 654 633 634
3 627 623 638
3 627 638 637
3 638 641 639
3 638 639 637
3 646 644 640
3 646 640 642
3 644 649 635
3 644 635 640
3 1030 647 643
3 1030 643 645
3 648 643 647
3 648 647 650
3 650 653 651
3 650 651 648
3 655 635 649
3 655 649 652
3 656 651 653
3 656 653 658
3 652 657 660
3 652 660 655
3 661 656 658
3 661 658 667
3 664 660 657
3 664 657 662
3 662 666 889
3 662 889 664
3 667 668 665
3 667 665 661
3 668 669 670
3 668 670 665
3 669 672 673
3 669 673 670
3 676 673 672
3 676 672 675
3 675 678 679
3 675 679 676
3 678 681 682
3 678 682 679
3 681 684 685
3 681 685 682
3 684 687 690
3 684 690 685
3 688 693 867
3 688 867 691
3 695 696 694
3 695 694 689
3 694 696 698
3 694 698 702
3 699 704 866
3 699 866 701
3 705 706 703
3 705 703 697
3 706 707 708
3 706 708 703
3 707 710 711
3 707 711 708
3 709 712 715
3 709 715 720
3 717 714 721
3 717 721 722
3 716 863 719
3 716 719 713
3 721 724 725
3 721 725 722
3 724 727 728
3 724 728 725
3 731 728 727
3 731 727 730
3 730 733 734
3 730 734 731
3 737 734 733
3 737 733 736
3 736 739 740
3 736 740 737
3 739 742 743
3 739 743 740
3 742 745 746
3 742 746 743
3 745 748 749
3 745 749 746
3 748 751 756
3 748 756 749
3 762 757 752
3 762 752 753
3 759 757 762
3 759 762 763
3 796 760 754
3 796 754 758
3 761 800 750
3 761 750 755
3 763 764 766
3 763 766 759
3 764 767 769
3 764 769 766
3 767 770 772
3 767 772 769
3 770 773 775
3 770 775 772
3 773 776 779
3 773 779 775
3 779 776 777
3 779 777 781
3 782 778 780
3 782 780 783
3 774 778 782
3 774 782 785
3 784 782 783
3 784 783 917
3 785 782 784
3 785 784 787
3 786 785 787
3 786 787 789
3 771 774 785
3 771 785 786
3 787 784 914
3 787 914 788
3 789 787 788
3 789 788 790
3 791 789 790
3 791 790 792
3 794 786 789
3 794 789 791
3 793 791 792
3 793 792 1152
3 795 794 791
3 795 791 793
3 765 768 794
3 765 794 795
3 768 771 786
3 768 786 794
3 795 796 758
3 795 758 765
3 793 797 796
3 793 796 795
3 797 799 760
3 797 760 796
3 1152 798 797
3 1152 797 793
3 798 801 799
3 798 799 797
3 800 802 747
3 800 747 750
3 798 805 803
3 798 803 801
3 744 747 802
3 744 802 804
3 805 808 806
3 805 806 803
3 804 807 741
3 804 741 744
3 808 811 809
3 808 809 806
3 807 810 738
3 807 738 741
3 811 814 812
3 811 812 809
3 810 813 735
3 810 735 738
3 814 817 815
3 814 815 812
3 732 735 813
3 732 813 816
3 817 820 818
3 817 818 815
3 729 732 816
3 729 816 819
3 820 823 821
3 820 821 818
3 726 729 819
3 726 819 822
3 823 828 824
3 823 824 821
3 723 726 822
3 723 822 825
3 718 723 825
3 718 825 827
3 824 828 829
3 824 829 826
3 828 823 831
3 828 831 829
3 829 830 857
3 829 857 826
3 833 830 829
3 833 829 831
3 820 832 831
3 820 831 823
3 833 831 832
3 833 832 835
3 830 833 834
3 830 834 854
3 833 835 837
3 833 837 834
3 836 835 832
3 836 832 1151
3 838 837 835
3 838 835 836
3 837 838 840
3 837 840 839
3 834 837 839
3 834 839 841
3 839 840 844
3 839 844 842
3 841 839 842
3 841 842 845
3 845 842 843
3 845 843 846
3 842 844 900
3 842 900 843
3 846 848 847
3 846 847 845
3 845 847 851
3 845 851 841
3 849 847 848
3 849 848 869
3 851 847 849
3 851 849 852
3 854 851 852
3 854 852 855
3 841 851 854
3 841 854 834
3 855 857 830
3 855 830 854
3 862 860 856
3 862 856 853
3 860 864 858
3 860 858 856
3 859 861 700
3 859 700 865
3 863 859 865
3 863 865 719
3 704 709 720
3 704 720 866
3 864 718 827
3 864 827 858
3 850 868 862
3 850 862 853
3 867 693 700
3 867 700 861
3 692 868 850
3 692 850 870
3 848 873 871
3 848 871 869
3 870 872 686
3 870 686 692
3 873 876 874
3 873 874 871
3 683 686 872
3 683 872 875
3 876 879 877
3 876 877 874
3 680 683 875
3 680 875 878
3 879 882 880
3 879 880 877
3 677 680 878
3 677 878 881
3 882 885 883
3 882 883 880
3 674 677 881
3 674 881 884
3 885 890 886
3 885 886 883
3 671 674 884
3 671 884 887
3 666 671 887
3 666 887 889
3 886 890 891
3 886 891 888
3 890 892 893
3 890 893 891
3 892 890 885
3 892 885 895
3 892 894 915
3 892 915 893
3 894 892 895
3 894 895 896
3 895 885 882
3 895 882 897
3 896 895 897
3 896 897 898
3 897 882 879
3 897 879 899
3 898 897 899
3 898 899 900
3 879 876 901
3 879 901 899
3 899 901 843
3 899 843 900
3 901 876 873
3 901 873 902
3 843 901 902
3 843 902 846
3 873 848 846
3 873 846 902
3 844 903 898
3 844 898 900
3 903 904 896
3 903 896 898
3 907 904 903
3 907 903 905
3 905 903 844
3 905 844 840
3 906 905 840
3 906 840 838
3 908 907 905
3 908 905 906
3 910 909 907
3 910 907 908
3 909 912 904
3 909 904 907
3 911 909 910
3 911 910 1142
3 909 911 913
3 909 913 912
3 904 912 894
3 904 894 896
3 912 913 915
3 912 915 894
3 914 913 911
3 914 911 788
3 916 915 913
3 916 913 914
3 916 919 893
3 916 893 915
3 914 784 917
3 914 917 916
3 917 923 918
3 917 918 916
3 919 916 918
3 919 918 921
3 919 920 891
3 919 891 893
3 919 921 922
3 919 922 920
3 922 921 632
3 922 632 636
3 921 918 629
3 921 629 632
3 659 922 636
3 659 636 654
3 920 922 659
3 920 659 663
3 891 920 663
3 891 663 888
3 918 923 924
3 918 924 629
3 783 925 923
3 783 923 917
3 925 928 924
3 925 924 923
3 780 926 925
3 780 925 783
3 926 929 928
3 926 928 925
3 929 932 931
3 929 931 928
3 928 931 630
3 928 630 924
3 934 931 932
3 934 932 935
3 625 630 931
3 625 931 934
3 935 938 937
3 935 937 934
3 934 937 941
3 934 941 625
3 938 1119 940
3 938 940 937
3 937 940 942
3 937 942 941
3 941 942 943
3 941 943 626
3 945 943 942
3 945 942 944
3 940 947 944
3 940 944 942
3 944 946 965
3 944 965 945
3 947 950 946
3 947 946 944
3 1119 948 947
3 1119 947 940
3 948 951 950
3 948 950 947
3 951 954 953
3 951 953 950
3 950 953 958
3 950 958 946
3 956 953 954
3 956 954 1112
3 959 958 953
3 959 953 956
3 962 961 958
3 962 958 959
3 946 958 961
3 946 961 965
3 1126 964 961
3 1126 961 962
3 961 964 966
3 961 966 965
3 966 969 945
3 966 945 965
3 967 966 964
3 967 964 1130
3 1133 968 966
3 1133 966 967
3 968 970 969
3 968 969 966
3 971 969 970
3 971 970 972
3 943 945 969
3 943 969 971
3 622 971 972
3 622 972 619
3 626 943 971
3 626 971 622
3 619 972 974
3 619 974 978
3 972 970 976
3 972 976 974
3 983 979 973
3 983 973 975
3 979 981 977
3 979 977 973
3 986 991 982
3 986 982 980
3 988 986 980
3 988 980 984
3 1042 989 985
3 1042 985 987
3 989 992 990
3 989 990 985
3 992 995 994
3 992 994 990
3 991 993 996
3 991 996 982
3 999 994 995
3 999 995 1002
3 993 998 1000
3 993 1000 996
3 1005 1000 998
3 1005 998 1003
3 1002 1010 1004
3 1002 1004 999
3 1003 1007 1012
3 1003 1012 1005
3 1010 1011 1008
3 1010 1008 1004
3 1017 1019 1014
3 1017 1014 1009
3 1018 1016 1021
3 1018 1021 1022
3 1022 1023 1024
3 1022 1024 1018
3 1028 1024 1023
3 1028 1023 1027
3 645 1028 1027
3 645 1027 1030
3 1026 1029 1032
3 1026 1032 1036
3 1029 646 642
3 1029 642 1032
3 1031 1037 1039
3 1031 1039 1034
3 641 638 1037
3 641 1037 1031
3 1039 1037 620
3 1039 620 1040
3 623 620 1037
3 623 1037 638
3 1006 1013 1033
3 1006 1033 1038
3 1001 1006 1038
3 1001 1038 1041
3 1041 618 997
3 1041 997 1001
3 1025 1035 1015
3 1025 1015 1020
3 618 977 981
3 618 981 997
3 1043 1042 987
3 1043 987 1044
3 1046 1043 1044
3 1046 1044 1047
3 1047 1050 1049
3 1047 1049 1046
3 1053 1048 1139
3 1053 1139 1057
3 1061 1052 1055
3 1051 1060 1064
3 1051 1064 1058
3 1063 1059 1065
3 1063 1065 1069
3 1074 1068 1062
3 1074 1062 1056
3 1066 1075 1081
3 1066 1081 1070
3 1073 1078 1076
3 1073 1076 1067
3 1080 1076 1078
3 1080 1078 1132
3 1075 1079 1082
3 1075 1082 1081
3 1079 1084 1083
3 1079 1083 1082
3 1084 1087 1086
3 1084 1086 1083
3 1089 1086 1087
3 1089 1087 1090
3 1092 1089 1090
3 1092 1090 1094
3 1110 1096 1092
3 1110 1092 1094
3 1098 1093 1097
3 1098 1097 1099
3 1099 1097 1103
3 1099 1103 1100
3 1109 1105 1101
3 1109 1101 1104
3 1105 1109 1114
3 1105 1114 1106
3 1102 1096 1110
3 1102 1110 1107
3 1113 1108 1111
3 1113 1111 957
3 1115 1106 1114
3 1115 1114 955
3 957 1111 1095
3 957 1095 960
3 1116 1115 955
3 1116 955 952
3 1117 1116 952
3 1117 952 949
3 949 1120 1118
3 949 1118 1117
3 1121 1118 1120
3 1121 1120 939
3 939 936 1122
3 939 1122 1121
3 936 933 1123
3 936 1123 1122
3 1124 1123 933
3 1124 933 930
3 930 927 1125
3 930 1125 1124
3 777 1125 927
3 777 927 781
3 963 960 1095
3 963 1095 1091
3 1127 963 1091
3 1127 1091 1088
3 1088 1085 1129
3 1088 1129 1127
3 1128 1130 964
3 1128 964 1126
3 1131 967 1130
3 1131 1130 1128
3 1085 1080 1132
3 1085 1132 1129
3 1077 1133 967
3 1077 967 1131
3 1133 1077 1072
3 1133 1072 1135
3 1137 968 1133
3 1137 1133 1135
3 1134 1071 1054
3 1134 1054 1138
3 1138 1140 1136
3 1138 1136 1134
3 1141 1139 1048
3 1141 1048 1045
3 1140 983 975
3 1140 975 1136
3 984 1141 1045
3 984 1045 988
3 970 968 1137
3 970 1137 976
3 788 911 1142
3 788 1142 790
3 1145 1143 1142
3 1145 1142 910
3 790 1142 1143
3 790 1143 792
3 1143 1145 1146
3 1143 1146 1144
3 792 1143 1144
3 792 1144 1152
3 1146 1145 1147
3 1146 1147 1148
3 1145 910 908
3 1145 908 1147
3 1148 1147 1149
3 1148 1149 1150
3 1147 908 906
3 1147 906 1149
3 1150 1149 836
3 1150 836 1151
3 1149 906 838
3 1149 838 836
3 814 1150 1151
3 814 1151 817
3 811 1148 1150
3 811 1150 814
3 832 820 817
3 832 817 1151
3 808 1146 1148
3 808 1148 811
3 808 805 1144
3 808 1144 1146
3 1152 1144 805
3 1152 805 798
3 1154 1159 1449
3 1154 1449 1156
3 1155 1184 1158
3 1155 1158 1153
3 1166 1160 1153
3 1166 1153 1158
3 1159 1154 1161
3 1159 1161 1164
3 1162 1160 1166
3 1162 1166 1168
3 1164 1161 1163
3 1164 1163 1362
3 1165 1169 1171
3 1165 1171 1167
3 1174 1169 1165
3 1174 1165 1157
3 1170 1173 1328
3 1170 1328 1172
3 1176 1173 1170
3 1176 1170 1175
3 1175 1178 1182
3 1175 1182 1176
3 1183 1177 1174
3 1183 1174 1157
3 1180 1177 1183
3 1180 1183 1186
3 1182 1178 1181
3 1182 1181 1450
3 1187 1184 1155
3 1187 1155 1190
3 1189 1195 1179
3 1189 1179 1185
3 1156 1449 1193
3 1156 1193 1191
3 1196 1194 1188
3 1196 1188 1192
3 1192 1198 1197
3 1192 1197 1196
3 1198 1201 1200
3 1198 1200 1197
3 1203 1200 1201
3 1203 1201 1204
3 1206 1203 1204
3 1206 1204 1207
3 1209 1206 1207
3 1209 1207 1210
3 1212 1209 1210
3 1212 1210 1213
3 1213 1216 1215
3 1213 1215 1212
3 1216 1219 1218
3 1216 1218 1215
3 1221 1218 1219
3 1221 1219 1222
3 1224 1221 1222
3 1224 1222 1225
3 1227 1224 1225
3 1227 1225 1228
3 1230 1227 1228
3 1230 1228 1231
3 1233 1230 1231
3 1233 1231 1234
3 1236 1233 1234
3 1236 1234 1237
3 1240 1236 1237
3 1240 1237 1241
3 1244 1240 1241
3 1244 1241 1445
3 1239 1243 1248
3 1239 1248 1247
3 1245 1251 1250
3 1245 1250 1249
3 1251 1254 1253
3 1251 1253 1250
3 1255 1252 1443
3 1255 1443 1256
3 1256 1259 1258
3 1256 1258 1255
3 1261 1258 1259
3 1261 1259 1262
3 1264 1261 1262
3 1264 1262 1265
3 1267 1264 1265
3 1267 1265 1268
3 1270 1267 1268
3 1270 1268 1271
3 1273 1270 1271
3 1273 1271 1274
3 1276 1273 1274
3 1276 1274 1277
3 1277 1280 1279
3 1277 1279 1276
3 1280 1283 1282
3 1280 1282 1279
3 1283 1286 1285
3 1283 1285 1282
3 1288 1285 1286
3 1288 1286 1289
3 1289 1292 1291
3 1289 1291 1288
3 1294 1291 1292
3 1294 1292 1295
3 1295 1298 1297
3 1295 1297 1294
3 1300 1297 1298
3 1300 1298 1302
3 1303 1306 1305
3 1303 1305 1301
3 1306 1309 1308
3 1306 1308 1305
3 1316 1313 1308
3 1316 1308 1309
3 1337 1318 1312
3 1337 1312 1315
3 1319 1321 1320
3 1319 1320 1314
3 1322 1321 1319
3 1322 1319 1324
3 1327 1325 1322
3 1327 1322 1324
3 1328 1325 1327
3 1328 1327 1172
3 1171 1326 1329
3 1171 1329 1167
3 1329 1326 1323
3 1329 1323 1333
3 1331 1330 1334
3 1331 1334 1335
3 1168 1330 1331
3 1168 1331 1162
3 1334 1338 1339
3 1334 1339 1335
3 1323 1318 1337
3 1323 1337 1333
3 1339 1338 1317
3 1339 1317 1310
3 1340 1341 1342
3 1340 1342 1336
3 1311 1344 1341
3 1311 1341 1340
3 1355 1342 1341
3 1355 1341 1343
3 1343 1341 1344
3 1343 1344 1346
3 1346 1344 1345
3 1346 1345 1347
3 1344 1311 1307
3 1344 1307 1345
3 1346 1347 1350
3 1346 1350 1348
3 1351 1343 1346
3 1351 1346 1348
3 1352 1351 1348
3 1352 1348 1349
3 1348 1350 1434
3 1348 1434 1349
3 1353 1351 1352
3 1353 1352 1354
3 1355 1343 1351
3 1355 1351 1353
3 1357 1356 1353
3 1357 1353 1354
3 1356 1359 1355
3 1356 1355 1353
3 1358 1356 1357
3 1358 1357 1373
3 1360 1359 1356
3 1360 1356 1358
3 1360 1362 1361
3 1360 1361 1359
3 1359 1361 1342
3 1359 1342 1355
3 1332 1361 1362
3 1332 1362 1163
3 1336 1342 1361
3 1336 1361 1332
3 1363 1164 1362
3 1363 1362 1360
3 1364 1363 1360
3 1364 1360 1358
3 1159 1164 1363
3 1159 1363 1365
3 1365 1363 1364
3 1365 1364 1367
3 1368 1366 1365
3 1368 1365 1367
3 1366 1449 1159
3 1366 1159 1365
3 1370 1368 1367
3 1370 1367 1369
3 1367 1364 1372
3 1367 1372 1369
3 1448 1370 1369
3 1448 1369 1371
3 1372 1374 1371
3 1372 1371 1369
3 1375 1374 1372
3 1375 1372 1373
3 1372 1364 1358
3 1372 1358 1373
3 1376 1374 1375
3 1376 1375 1377
3 1379 1371 1374
3 1379 1374 1376
3 1378 1376 1377
3 1378 1377 1431
3 1381 1379 1376
3 1381 1376 1378
3 1382 1380 1379
3 1382 1379 1381
3 1380 1448 1371
3 1380 1371 1379
3 1381 1383 1384
3 1381 1384 1382
3 1378 1385 1383
3 1378 1383 1381
3 1387 1384 1383
3 1387 1383 1385
3 1386 1385 1378
3 1386 1378 1431
3 1387 1385 1386
3 1387 1386 1388
3 1389 1387 1388
3 1389 1388 1390
3 1223 1220 1387
3 1223 1387 1389
3 1384 1387 1220
3 1384 1220 1217
3 1391 1389 1390
3 1391 1390 1392
3 1226 1223 1389
3 1226 1389 1391
3 1393 1391 1392
3 1393 1392 1394
3 1391 1393 1229
3 1391 1229 1226
3 1394 1396 1395
3 1394 1395 1393
3 1393 1395 1232
3 1393 1232 1229
3 1396 1399 1397
3 1396 1397 1395
3 1235 1232 1395
3 1235 1395 1397
3 1399 1400 1398
3 1399 1398 1397
3 1238 1235 1397
3 1238 1397 1398
3 1401 1402 1400
3 1401 1400 1399
3 1403 1401 1399
3 1403 1399 1396
3 1404 1402 1401
3 1404 1401 1403
3 1405 1406 1404
3 1405 1404 1403
3 1405 1403 1396
3 1405 1396 1394
3 1407 1408 1406
3 1407 1406 1405
3 1407 1405 1394
3 1407 1394 1392
3 1409 1410 1408
3 1409 1408 1407
3 1392 1390 1409
3 1392 1409 1407
3 1411 1412 1410
3 1411 1410 1409
3 1390 1388 1411
3 1390 1411 1409
3 1411 1414 1417
3 1411 1417 1412
3 1413 1411 1388
3 1413 1388 1386
3 1414 1411 1413
3 1414 1413 1415
3 1416 1414 1415
3 1416 1415 1432
3 1417 1414 1416
3 1417 1416 1419
3 1420 1418 1417
3 1420 1417 1419
3 1412 1417 1418
3 1412 1418 1435
3 1419 1421 1423
3 1419 1423 1420
3 1416 1424 1421
3 1416 1421 1419
3 1424 1426 1422
3 1424 1422 1421
3 1422 1433 1423
3 1422 1423 1421
3 1432 1425 1424
3 1432 1424 1416
3 1425 1427 1426
3 1425 1426 1424
3 1352 1426 1427
3 1352 1427 1354
3 1422 1426 1352
3 1422 1352 1349
3 1429 1428 1427
3 1429 1427 1425
3 1427 1428 1357
3 1427 1357 1354
3 1377 1375 1428
3 1377 1428 1429
3 1357 1428 1375
3 1357 1375 1373
3 1431 1377 1429
3 1431 1429 1430
3 1430 1429 1425
3 1430 1425 1432
3 1430 1413 1386
3 1430 1386 1431
3 1415 1413 1430
3 1415 1430 1432
3 1423 1433 1287
3 1423 1287 1284
3 1420 1423 1284
3 1420 1284 1281
3 1434 1433 1422
3 1434 1422 1349
3 1290 1287 1433
3 1290 1433 1434
3 1434 1350 1293
3 1434 1293 1290
3 1278 1418 1420
3 1278 1420 1281
3 1435 1418 1278
3 1435 1278 1275
3 1435 1436 1410
3 1435 1410 1412
3 1275 1272 1436
3 1275 1436 1435
3 1436 1437 1408
3 1436 1408 1410
3 1269 1437 1436
3 1269 1436 1272
3 1438 1437 1269
3 1438 1269 1266
3 1406 1408 1437
3 1406 1437 1438
3 1438 1439 1404
3 1438 1404 1406
3 1263 1439 1438
3 1263 1438 1266
3 1440 1439 1263
3 1440 1263 1260
3 1402 1404 1439
3 1402 1439 1440
3 1402 1440 1441
3 1402 1441 1400
3 1441 1440 1260
3 1441 1260 1257
3 1442 1441 1257
3 1442 1257 1444
3 1400 1441 1442
3 1400 1442 1398
3 1442 1242 1238
3 1442 1238 1398
3 1447 1242 1442
3 1447 1442 1444
3 1446 1443 1252
3 1446 1252 1246
3 1382 1384 1217
3 1382 1217 1214
3 1214 1211 1380
3 1214 1380 1382
3 1208 1448 1380
3 1208 1380 1211
3 1205 1370 1448
3 1205 1448 1208
3 1202 1368 1370
3 1202 1370 1205
3 1199 1366 1368
3 1199 1368 1202
3 1193 1449 1366
3 1193 1366 1199
3 1350 1347 1296
3 1350 1296 1293
3 1347 1345 1299
3 1347 1299 1296
3 1345 1307 1304
3 1345 1304 1299
3 1451 1452 1459
3 1451 1459 1455
3 1451 1453 2153
3 1451 2153 1452
3 1454 1722 1453
3 1454 1453 1451
3 1455 1458 1454
3 1455 1454 1451
3 1455 1459 1461
3 1455 1461 1457
3 1523 1458 1455
3 1523 1455 1457
3 1461 1459 1462
3 1461 1462 1464
3 1462 1459 1452
3 1462 1452 1466
3 1462 1465 2184
3 1462 2184 1464
3 1468 1465 1462
3 1468 1462 1466
3 1452 2153 1467
3 1452 1467 1466
3 1467 1470 1468
3 1467 1468 1466
3 1469 1482 1465
3 1469 1465 1468
3 1468 1470 1472
3 1468 1472 1469
3 2151 1471 1470
3 2151 1470 1467
3 1472 1470 1471
3 1472 1471 1473
3 1474 1472 1473
3 1474 1473 1475
3 1469 1472 1474
3 1469 1474 1477
3 1476 1474 1475
3 1476 1475 2108
3 1478 1477 1474
3 1478 1474 1476
3 1478 1483 1479
3 1478 1479 1477
3 1477 1479 1482
3 1477 1482 1469
3 1479 1483 1485
3 1479 1485 1481
3 1482 1479 1481
3 1482 1481 2186
3 1490 1485 1483
3 1490 1483 1486
3 1478 1487 1486
3 1478 1486 1483
3 1487 2111 1488
3 1487 1488 1486
3 1486 1488 1492
3 1486 1492 1490
3 1493 1495 1484
3 1493 1484 1489
3 1497 1493 1489
3 1497 1489 1491
3 1499 1501 1496
3 1499 1496 1494
3 1500 1499 1494
3 1500 1494 1498
3 1501 1502 1504
3 1501 1504 1496
3 1502 1505 1507
3 1502 1507 1504
3 1505 1508 1510
3 1505 1510 1507
3 1508 1511 1513
3 1508 1513 1510
3 1517 1513 1511
3 1517 1511 1514
3 1519 1517 1514
3 1519 1514 1515
3 1460 1463 1512
3 1460 1512 1516
3 1516 1518 1456
3 1516 1456 1460
3 1518 1520 1522
3 1518 1522 1456
3 1521 1519 1515
3 1521 1515 1526
3 1520 1524 1717
3 1520 1717 1522
3 1526 1527 1525
3 1526 1525 1521
3 1525 1527 1528
3 1525 1528 1530
3 1528 1531 1533
3 1528 1533 1530
3 1538 1533 1531
3 1538 1531 1535
3 1534 1539 1541
3 1534 1541 1536
3 1540 1542 1543
3 1540 1543 1537
3 1542 1544 1548
3 1542 1548 1543
3 1547 1545 1546
3 1547 1546 1551
3 1552 1563 1554
3 1552 1554 1549
3 1543 1548 1555
3 1543 1555 1560
3 1559 1557 1564
3 1559 1564 1566
3 1558 1701 1561
3 1558 1561 1556
3 1550 1569 1565
3 1550 1565 1562
3 1698 1559 1566
3 1698 1566 1568
3 1569 1571 1567
3 1569 1567 1565
3 1573 1574 1572
3 1573 1572 1570
3 1576 1573 1570
3 1576 1570 1553
3 1546 1577 1575
3 1546 1575 1551
3 1574 1578 1580
3 1574 1580 1572
3 1578 1581 1583
3 1578 1583 1580
3 1581 1584 1586
3 1581 1586 1583
3 1584 1587 1589
3 1584 1589 1586
3 1587 1590 1591
3 1587 1591 1589
3 1590 1594 1596
3 1590 1596 1591
3 1593 1599 1600
3 1593 1600 1595
3 1599 1602 1603
3 1599 1603 1600
3 1602 1605 1606
3 1602 1606 1603
3 1605 1608 1609
3 1605 1609 1606
3 1608 1611 1612
3 1608 1612 1609
3 1611 1614 1615
3 1611 1615 1612
3 1614 1617 1618
3 1614 1618 1615
3 1617 1620 1621
3 1617 1621 1618
3 1620 1623 1624
3 1620 1624 1621
3 1631 1626 1627
3 1631 1627 1634
3 1630 1637 1622
3 1630 1622 1625
3 1636 1629 1632
3 1636 1632 1638
3 1640 1636 1638
3 1640 1638 1642
3 1619 1622 1637
3 1619 1637 1641
3 1644 1640 1642
3 1644 1642 1646
3 1616 1619 1641
3 1616 1641 1645
3 1648 1644 1646
3 1648 1646 1650
3 1645 1649 1613
3 1645 1613 1616
3 1652 1648 1650
3 1652 1650 1654
3 1610 1613 1649
3 1610 1649 1653
3 1654 1658 1656
3 1654 1656 1652
3 1653 1657 1607
3 1653 1607 1610
3 1660 1656 1658
3 1660 1658 1662
3 1604 1607 1657
3 1604 1657 1661
3 1664 1660 1662
3 1664 1662 1667
3 1601 1604 1661
3 1601 1661 1665
3 1668 1664 1667
3 1668 1667 1672
3 1597 1601 1665
3 1597 1665 1670
3 1669 1673 1678
3 1669 1678 1677
3 1671 1676 1592
3 1671 1592 1598
3 1678 1682 1681
3 1678 1681 1677
3 1588 1592 1676
3 1588 1676 1680
3 1685 1681 1682
3 1685 1682 1686
3 1585 1588 1680
3 1585 1680 1684
3 1686 1691 1689
3 1686 1689 1685
3 1582 1585 1684
3 1582 1684 1688
3 1693 1689 1691
3 1693 1691 1695
3 1579 1582 1688
3 1579 1688 1692
3 1695 1698 1568
3 1695 1568 1693
3 1571 1579 1692
3 1571 1692 1567
3 1696 1694 1690
3 1696 1690 1988
3 1699 1697 1694
3 1699 1694 1696
3 1697 1699 1701
3 1697 1701 1558
3 1700 1699 1696
3 1700 1696 1990
3 1702 1701 1699
3 1702 1699 1700
3 1561 1701 1702
3 1561 1702 1704
3 1702 1705 1707
3 1702 1707 1704
3 1700 1709 1705
3 1700 1705 1702
3 1705 1708 1720
3 1705 1720 1707
3 1709 1711 1708
3 1709 1708 1705
3 1709 1700 1990
3 1709 1990 1710
3 1712 1711 1709
3 1712 1709 1710
3 1711 1712 1807
3 1711 1807 1713
3 1711 1713 1715
3 1711 1715 1714
3 1711 1714 1716
3 1711 1716 1708
3 1716 1714 1454
3 1716 1454 1458
3 1714 1715 1722
3 1714 1722 1454
3 1718 1716 1458
3 1718 1458 1523
3 1708 1716 1718
3 1708 1718 1720
3 1717 1524 1529
3 1717 1529 1719
3 1529 1532 1706
3 1529 1706 1719
3 1721 1715 1713
3 1721 1713 1731
3 1722 1715 1721
3 1722 1721 1723
3 1453 1722 1723
3 1453 1723 1724
3 1727 1724 1723
3 1727 1723 1725
3 1725 1723 1721
3 1725 1721 1728
3 1726 1725 1728
3 1726 1728 1729
3 1727 1725 1726
3 1727 1726 2174
3 1729 1728 1730
3 1729 1730 1733
3 1728 1721 1731
3 1728 1731 1730
3 1805 1732 1730
3 1805 1730 1731
3 1733 1730 1732
3 1733 1732 1734
3 1734 1792 1735
3 1734 1735 1733
3 1736 1733 1735
3 1736 1738 1733
3 1745 1729 1733
3 1745 1733 1738
3 1767 1742 1740
3 1767 1740 1737
3 1756 1744 1739
3 1756 1739 1741
3 1747 1745 1738
3 1747 1738 1743
3 1746 1745 1747
3 1746 1747 1748
3 1726 1729 1745
3 1726 1745 1746
3 1748 1747 1749
3 1748 1749 1750
3 1749 1747 1743
3 1749 1743 1752
3 1750 1749 1751
3 1750 1751 2172
3 1751 1749 1752
3 1751 1752 1755
3 1753 1744 1756
3 1753 1756 1754
3 1757 1754 1756
3 1757 1756 1758
3 1759 1751 1755
3 1759 1755 1757
3 1761 1759 1757
3 1761 1757 1758
3 1760 1759 1761
3 1760 1761 1762
3 2172 1751 1759
3 2172 1759 1760
3 1761 1763 1764
3 1761 1764 1762
3 1766 1763 1761
3 1766 1761 1758
3 1758 1756 1741
3 1758 1741 1766
3 1767 1765 1742
3 1768 1767 1737
3 1768 1737 1770
3 1771 1768 1770
3 1771 1770 1773
3 1774 1771 1773
3 1774 1773 1776
3 1777 1774 1776
3 1777 1776 1779
3 1628 1777 1779
3 1628 1779 1635
3 1778 1780 1639
3 1778 1639 1633
3 1775 1781 1780
3 1775 1780 1778
3 1639 1780 1782
3 1639 1782 1643
3 1780 1781 1784
3 1780 1784 1782
3 1784 1785 1783
3 1784 1783 1782
3 1647 1643 1782
3 1647 1782 1783
3 1785 1784 1786
3 1785 1786 1787
3 1784 1781 1789
3 1784 1789 1786
3 1786 1788 1791
3 1786 1791 1787
3 1786 1789 1790
3 1786 1790 1788
3 1790 1789 1772
3 1790 1772 1769
3 1789 1781 1775
3 1789 1775 1772
3 1769 1736 1735
3 1769 1735 1790
3 1790 1735 1792
3 1790 1792 1788
3 1788 1792 1793
3 1788 1793 1791
3 1792 1734 1794
3 1792 1794 1793
3 1798 1795 1793
3 1798 1793 1794
3 1795 1797 1791
3 1795 1791 1793
3 1799 1796 1795
3 1799 1795 1798
3 1796 1979 1797
3 1796 1797 1795
3 1798 1800 1801
3 1798 1801 1799
3 1803 1800 1798
3 1803 1798 1794
3 1800 1802 1992
3 1800 1992 1801
3 1803 1804 1802
3 1803 1802 1800
3 1794 1734 1732
3 1794 1732 1803
3 1732 1805 1804
3 1732 1804 1803
3 1807 1806 1804
3 1807 1804 1805
3 1804 1806 1809
3 1804 1809 1802
3 1808 1806 1807
3 1808 1807 1712
3 1811 1809 1806
3 1811 1806 1808
3 1810 1809 1811
3 1810 1811 1813
3 1802 1809 1810
3 1802 1810 1992
3 1812 1811 1808
3 1812 1808 1991
3 1814 1813 1811
3 1814 1811 1812
3 1816 1815 1813
3 1816 1813 1814
3 1815 1817 1810
3 1815 1810 1813
3 1821 1819 1815
3 1821 1815 1816
3 1819 1823 1817
3 1819 1817 1815
3 1818 1820 1827
3 1818 1827 1825
3 1822 1818 1825
3 1822 1825 1829
3 1824 1826 1832
3 1824 1832 1830
3 1830 1831 1828
3 1830 1828 1824
3 1826 1834 1833
3 1826 1833 1832
3 1836 1833 1834
3 1836 1834 1837
3 1839 1836 1837
3 1839 1837 1840
3 1842 1839 1840
3 1842 1840 1843
3 1843 1850 1846
3 1843 1846 1842
3 1851 1845 1849
3 1851 1849 1853
3 1853 1856 1854
3 1853 1854 1851
3 1857 1854 1856
3 1857 1856 1859
3 1859 1862 1860
3 1859 1860 1857
3 1862 1865 1863
3 1862 1863 1860
3 1865 1868 1866
3 1865 1866 1863
3 1869 1866 1868
3 1869 1868 1871
3 1872 1869 1871
3 1872 1871 1874
3 1875 1872 1874
3 1875 1874 1877
3 1878 1875 1877
3 1878 1877 1880
3 1881 1878 1880
3 1881 1880 1882
3 1882 1885 1884
3 1882 1884 1881
3 1885 1828 1831
3 1885 1831 1884
3 1886 1883 1890
3 1886 1890 1887
3 1829 1886 1887
3 1829 1887 1822
3 1888 1891 1892
3 1888 1892 1889
3 1823 1888 1889
3 1823 1889 1817
3 1895 1892 1891
3 1895 1891 1893
3 1894 1890 1883
3 1894 1883 1879
3 1898 1895 1893
3 1898 1893 1896
3 1897 1894 1879
3 1897 1879 1876
3 1896 1899 1901
3 1896 1901 1898
3 1876 1873 1900
3 1876 1900 1897
3 1899 1902 1904
3 1899 1904 1901
3 1873 1870 1903
3 1873 1903 1900
3 1902 1905 1907
3 1902 1907 1904
3 1906 1903 1870
3 1906 1870 1867
3 1908 1910 1907
3 1908 1907 1905
3 1867 1864 1909
3 1867 1909 1906
3 1913 1910 1908
3 1913 1908 1911
3 1864 1861 1912
3 1864 1912 1909
3 1911 1914 1916
3 1911 1916 1913
3 1915 1912 1861
3 1915 1861 1858
3 1919 1916 1914
3 1919 1914 1917
3 1858 1855 1918
3 1858 1918 1915
3 1922 1919 1917
3 1922 1917 1920
3 1855 1852 1921
3 1855 1921 1918
3 1927 1922 1920
3 1927 1920 1923
3 1852 1847 1925
3 1852 1925 1921
3 1930 1931 1928
3 1930 1928 1924
3 1844 1929 1926
3 1844 1926 1848
3 1930 1933 1934
3 1930 1934 1931
3 1844 1841 1932
3 1844 1932 1929
3 1933 1936 1937
3 1933 1937 1934
3 1841 1838 1935
3 1841 1935 1932
3 1936 1939 1940
3 1936 1940 1937
3 1838 1835 1938
3 1838 1938 1935
3 1939 1821 1816
3 1939 1816 1940
3 1820 1938 1835
3 1820 1835 1827
3 1940 1816 1814
3 1940 1814 1941
3 1937 1940 1941
3 1937 1941 1943
3 1812 1942 1941
3 1812 1941 1814
3 1943 1941 1942
3 1943 1942 1944
3 1945 1943 1944
3 1945 1944 1946
3 1934 1937 1943
3 1934 1943 1945
3 1947 1945 1946
3 1947 1946 1948
3 1931 1934 1945
3 1931 1945 1947
3 1950 1947 1948
3 1950 1948 1952
3 1931 1947 1950
3 1931 1950 1928
3 1953 1949 1951
3 1953 1951 1955
3 1949 1953 1922
3 1949 1922 1927
3 1953 1954 1919
3 1953 1919 1922
3 1954 1953 1955
3 1954 1955 1956
3 1955 1951 1959
3 1955 1959 1957
3 1956 1955 1957
3 1956 1957 1961
3 1961 1957 1958
3 1961 1958 1962
3 1957 1959 1981
3 1957 1981 1958
3 1962 1965 1963
3 1962 1963 1961
3 1961 1963 1966
3 1961 1966 1956
3 1967 1966 1963
3 1967 1963 1964
3 1963 1965 1976
3 1963 1976 1964
3 1968 1966 1967
3 1968 1967 1969
3 1956 1966 1968
3 1956 1968 1954
3 1913 1916 1968
3 1913 1968 1969
3 1968 1916 1919
3 1968 1919 1954
3 1969 1970 1910
3 1969 1910 1913
3 1967 1972 1970
3 1967 1970 1969
3 1971 1970 1972
3 1971 1972 1973
3 1907 1910 1970
3 1907 1970 1971
3 1973 1972 1974
3 1973 1974 1785
3 1974 1972 1967
3 1974 1967 1964
3 1974 1975 1783
3 1974 1783 1785
3 1976 1975 1974
3 1976 1974 1964
3 1975 1651 1647
3 1975 1647 1783
3 1655 1651 1975
3 1655 1975 1976
3 1965 1659 1655
3 1965 1655 1976
3 1973 1977 1978
3 1973 1978 1971
3 1785 1787 1977
3 1785 1977 1973
3 1979 1978 1977
3 1979 1977 1797
3 1797 1977 1787
3 1797 1787 1791
3 1901 1904 1978
3 1901 1978 1979
3 1904 1907 1971
3 1904 1971 1978
3 1898 1901 1979
3 1898 1979 1796
3 1663 1659 1965
3 1663 1965 1962
3 1666 1663 1962
3 1666 1962 1958
3 1952 1948 1980
3 1952 1980 1960
3 1980 1983 1982
3 1980 1982 1960
3 1983 1679 1675
3 1983 1675 1982
3 1674 1666 1958
3 1674 1958 1981
3 1683 1679 1983
3 1683 1983 1984
3 1984 1983 1980
3 1984 1980 1985
3 1687 1683 1984
3 1687 1984 1986
3 1985 1987 1986
3 1985 1986 1984
3 1986 1988 1690
3 1986 1690 1687
3 1987 1989 1988
3 1987 1988 1986
3 1990 1696 1988
3 1990 1988 1989
3 1944 1942 1989
3 1944 1989 1987
3 1710 1990 1989
3 1710 1989 1991
3 1991 1989 1942
3 1991 1942 1812
3 1712 1710 1991
3 1712 1991 1808
3 1946 1944 1987
3 1946 1987 1985
3 1948 1946 1985
3 1948 1985 1980
3 1796 1799 1895
3 1796 1895 1898
3 1799 1801 1892
3 1799 1892 1895
3 1889 1892 1801
3 1889 1801 1992
3 1817 1889 1992
3 1817 1992 1810
3 1713 1807 1805
3 1713 1805 1731
3 1764 1993 1994
3 1764 1994 1762
3 1993 1995 1996
3 1993 1996 1994
3 2003 1996 1995
3 2003 1995 1999
3 2004 2005 2000
3 2004 2000 1998
3 2157 2002 1997
3 2157 1997 2001
3 2007 2147 2000
3 2007 2000 2005
3 2005 2008 2010
3 2005 2010 2007
3 2008 2011 2012
3 2008 2012 2010
3 2011 2014 2015
3 2011 2015 2012
3 2014 2017 2018
3 2014 2018 2015
3 2017 2020 2021
3 2017 2021 2018
3 2020 2023 2024
3 2020 2024 2021
3 2023 2026 2027
3 2023 2027 2024
3 2026 2029 2030
3 2026 2030 2027
3 2029 2032 2033
3 2029 2033 2030
3 2037 2033 2032
3 2037 2032 2036
3 2040 2176 2034
3 2040 2034 2038
3 2043 2041 2039
3 2043 2039 2042
3 2045 2043 2042
3 2045 2042 2044
3 2046 2047 2045
3 2046 2045 2044
3 2046 2048 2049
3 2046 2049 2047
3 2051 2049 2048
3 2051 2048 2050
3 2050 2052 2053
3 2050 2053 2051
3 2056 2053 2052
3 2056 2052 2054
3 2059 2066 2057
3 2059 2057 2055
3 2063 2060 2061
3 2063 2061 2127
3 2058 2062 2128
3 2058 2128 2065
3 2068 2066 2058
3 2068 2058 2065
3 2070 2066 2068
3 2070 2073 2057
3 2070 2057 2066
3 2067 2134 2071
3 2067 2071 2069
3 2074 2072 2069
3 2074 2069 2071
3 2072 2074 2053
3 2072 2053 2056
3 2071 2076 2075
3 2071 2075 2074
3 2051 2053 2074
3 2051 2074 2075
3 2076 2078 2077
3 2076 2077 2075
3 2075 2077 2049
3 2075 2049 2051
3 2081 2079 2077
3 2081 2077 2078
3 2047 2049 2077
3 2047 2077 2079
3 2045 2047 2079
3 2045 2079 2080
3 2079 2081 2083
3 2079 2083 2080
3 2081 2078 2136
3 2081 2136 2082
3 2082 2085 2083
3 2082 2083 2081
3 2084 2182 2080
3 2084 2080 2083
3 2083 2085 2086
3 2083 2086 2084
3 2086 2085 2087
3 2086 2087 2089
3 2087 2085 2082
3 2087 2082 2090
3 2090 2092 2088
3 2090 2088 2087
3 2175 2089 2087
3 2175 2087 2088
3 2082 2136 2091
3 2082 2091 2090
3 2091 2093 2092
3 2091 2092 2090
3 2094 2092 2093
3 2094 2093 2095
3 2097 2088 2092
3 2097 2092 2094
3 2112 2096 2094
3 2112 2094 2095
3 2096 2099 2097
3 2096 2097 2094
3 2099 2100 2098
3 2099 2098 2097
3 2088 2097 2098
3 2088 2098 2175
3 2103 2100 2099
3 2103 2099 2101
3 2101 2099 2096
3 2101 2096 2102
3 2107 2104 2101
3 2107 2101 2102
3 2105 2103 2101
3 2105 2101 2104
3 2106 2138 2105
3 2106 2105 2104
3 2104 2107 2108
3 2104 2108 2106
3 2107 2102 2110
3 2107 2110 2109
3 2108 2107 2109
3 2108 2109 1476
3 2109 2110 2111
3 2109 2111 1487
3 1476 2109 1487
3 1476 1487 1478
3 2110 2112 2113
3 2110 2113 2111
3 2102 2096 2112
3 2102 2112 2110
3 2113 2112 2095
3 2113 2095 2114
3 2115 2113 2114
3 2115 2114 2116
3 2111 2113 2115
3 2111 2115 1488
3 2118 2115 2116
3 2118 2116 2120
3 1488 2115 2118
3 1488 2118 1492
3 2123 2121 2117
3 2123 2117 2119
3 2121 1497 1491
3 2121 1491 2117
3 2125 1500 1498
3 2125 1498 2122
3 2126 2125 2122
3 2126 2122 2124
3 2127 2126 2124
3 2127 2124 2063
3 2062 2123 2119
3 2062 2119 2128
3 2116 2130 2129
3 2116 2129 2120
3 2130 2132 2064
3 2130 2064 2129
3 2114 2131 2130
3 2114 2130 2116
3 2133 2132 2130
3 2133 2130 2131
3 2135 2134 2132
3 2135 2132 2133
3 2064 2132 2134
3 2064 2134 2067
3 2076 2071 2134
3 2076 2134 2135
3 2078 2076 2135
3 2078 2135 2136
3 2136 2135 2133
3 2136 2133 2091
3 2133 2131 2093
3 2133 2093 2091
3 2131 2114 2095
3 2131 2095 2093
3 2108 1475 2137
3 2108 2137 2106
3 2106 2137 2139
3 2106 2139 2138
3 2105 2138 2016
3 2105 2016 2019
3 2138 2139 2013
3 2138 2013 2016
3 2140 2139 2137
3 2140 2137 2141
3 2009 2013 2139
3 2009 2139 2140
3 2140 2142 2006
3 2140 2006 2009
3 2141 2143 2142
3 2141 2142 2140
3 2142 2143 2149
3 2142 2149 2144
3 2142 2144 2146
3 2142 2146 2006
3 2150 2145 2144
3 2150 2144 2149
3 2145 2154 2146
3 2145 2146 2144
3 2152 2150 2149
3 2152 2149 2151
3 2149 2143 1471
3 2149 1471 2151
3 1467 2153 2152
3 1467 2152 2151
3 2153 1453 1724
3 2153 1724 2152
3 1724 1727 2150
3 1724 2150 2152
3 2174 2145 2150
3 2174 2150 1727
3 2160 2155 2146
3 2160 2146 2154
3 2148 2156 2157
3 2148 2157 2001
3 2157 2156 2159
3 2157 2159 2165
3 2162 2158 2155
3 2162 2155 2160
3 2154 2173 2161
3 2154 2161 2160
3 2163 2162 2160
3 2163 2160 2161
3 2167 2164 2162
3 2167 2162 2163
3 2164 2166 2158
3 2164 2158 2162
3 2168 2170 2166
3 2168 2166 2164
3 2164 2167 2171
3 2164 2171 2168
3 1996 2003 2170
3 1996 2170 2168
3 1994 1996 2168
3 1994 2168 2171
3 1760 2171 2167
3 1760 2167 2172
3 1762 1994 2171
3 1762 2171 1760
3 2165 2169 2002
3 2165 2002 2157
3 2163 1750 2172
3 2163 2172 2167
3 1750 2163 2161
3 1750 2161 1748
3 2173 1746 1748
3 2173 1748 2161
3 1746 2173 2174
3 1746 2174 1726
3 2173 2154 2145
3 2173 2145 2174
3 1471 2143 2141
3 1471 2141 1473
3 1475 1473 2141
3 1475 2141 2137
3 2019 2022 2103
3 2019 2103 2105
3 2025 2100 2103
3 2025 2103 2022
3 2098 2100 2025
3 2098 2025 2028
3 2028 2031 2175
3 2028 2175 2098
3 2031 2035 2089
3 2031 2089 2175
3 2089 2035 2177
3 2089 2177 2086
3 2086 2177 2179
3 2086 2179 2084
3 2180 2178 2176
3 2180 2176 2040
3 2084 2179 2181
3 2084 2181 2182
3 2182 2181 2041
3 2182 2041 2043
3 2182 2043 2045
3 2182 2045 2080
3 1703 1706 1532
3 1703 1532 1537
3 1560 1703 1537
3 1560 1537 1543
3 1509 1512 1463
3 1509 1463 2183
3 1506 1509 2183
3 1506 2183 2185
3 1465 1482 2186
3 1465 2186 2184
3 1503 1506 2185
3 1503 2185 1480
3 1495 1503 1480
3 1495 1480 1484
3 2187 2190 2238
3 2187 2238 2188
3 2187 2188 2227
3 2187 2227 2189
3 2193 2191 2187
3 2193 2187 2189
3 2191 2192 2190
3 2191 2190 2187
3 2191 2193 2194
3 2191 2194 2192
3 2193 2189 2196
3 2193 2196 2195
3 2194 2193 2195
3 2194 2195 2197
3 2199 2198 2195
3 2199 2195 2196
3 2197 2195 2198
3 2197 2198 2200
3 2202 2197 2200
3 2202 2200 2201
3 2201 2203 2204
3 2201 2204 2202
3 2206 2204 2203
3 2206 2203 2205
3 2208 2206 2205
3 2208 2205 2207
3 2210 2208 2207
3 2210 2207 2209
3 2209 2211 2212
3 2209 2212 2210
3 2212 2211 2213
3 2212 2213 2214
3 2214 2213 2215
3 2214 2215 2216
3 2215 2217 2218
3 2215 2218 2216
3 2217 2219 2220
3 2217 2220 2218
3 2219 2221 2222
3 2219 2222 2220
3 2223 2224 2222
3 2223 2222 2221
3 2223 2225 2226
3 2223 2226 2224
3 2199 2196 2226
3 2199 2226 2225
3 2227 2228 2224
3 2227 2224 2226
3 2189 2227 2226
3 2189 2226 2196
3 2227 2188 2229
3 2227 2229 2228
3 2231 2230 2228
3 2231 2228 2229
3 2222 2224 2228
3 2222 2228 2230
3 2230 2231 2234
3 2230 2234 2232
3 2230 2232 2220
3 2230 2220 2222
3 2232 2233 2218
3 2232 2218 2220
3 2233 2232 2234
3 2233 2234 2235
3 2236 2237 2235
3 2236 2235 2234
3 2234 2231 2229
3 2234 2229 2236
3 2239 2237 2236
3 2239 2236 2238
3 2188 2238 2236
3 2188 2236 2229
3 2241 2239 2238
3 2241 2238 2190
3 2240 2239 2241
3 2240 2241 2242
3 2239 2240 2259
3 2239 2259 2237
3 2243 2245 2242
3 2243 2242 2241
3 2192 2243 2241
3 2192 2241 2190
3 2244 2243 2192
3 2244 2192 2194
3 2243 2244 2246
3 2243 2246 2245
3 2245 2246 2249
3 2245 2249 2247
3 2245 2247 2248
3 2245 2248 2242
3 2248 2247 2249
3 2248 2249 2250
3 2204 2206 2249
3 2204 2249 2246
3 2250 2249 2206
3 2250 2206 2208
3 2251 2252 2248
3 2251 2248 2250
3 2208 2210 2251
3 2208 2251 2250
3 2252 2251 2253
3 2252 2253 2254
3 2253 2251 2210
3 2253 2210 2212
3 2253 2255 2256
3 2253 2256 2254
3 2212 2214 2255
3 2212 2255 2253
3 2256 2255 2257
3 2256 2257 2258
3 2257 2255 2214
3 2257 2214 2216
3 2233 2257 2216
3 2233 2216 2218
3 2257 2233 2235
3 2257 2235 2258
3 2237 2259 2258
3 2237 2258 2235
3 2254 2256 2258
3 2254 2258 2259
3 2240 2252 2254
3 2240 2254 2259
3 2248 2252 2240
3 2248 2240 2242
3 2246 2244 2202
3 2246 2202 2204
3 2244 2194 2197
3 2244 2197 2202
3 2275 2272 2261
3 2275 2261 2263
3 2262 2268 2350
3 2262 2350 2264
3 2360 2267 2260
3 2360 2260 2271
3 2272 2274 2270
3 2272 2270 2261
3 2276 2273 2272
3 2276 2272 2275
3 2273 2390 2274
3 2273 2274 2272
3 2280 2276 2275
3 2280 2275 2277
3 2277 2275 2263
3 2277 2263 2281
3 2279 2277 2281
3 2279 2281 2286
3 2296 2280 2277
3 2296 2277 2279
3 2284 2289 2287
3 2284 2287 2282
3 2282 2264 2350
3 2282 2350 2284
3 2290 2287 2289
3 2290 2289 2345
3 2287 2290 2293
3 2287 2293 2292
3 2294 2278 2285
3 2294 2285 2291
3 2295 2297 2278
3 2295 2278 2294
3 2295 2298 2300
3 2295 2300 2297
3 2300 2298 2301
3 2300 2301 2303
3 2303 2301 2305
3 2303 2305 2309
3 2304 2310 2312
3 2304 2312 2306
3 2311 2315 2312
3 2311 2312 2310
3 2314 2383 2308
3 2314 2308 2313
3 2313 2316 2317
3 2313 2317 2314
3 2316 2319 2320
3 2316 2320 2317
3 2315 2311 2323
3 2315 2323 2318
3 2319 2322 2338
3 2319 2338 2320
3 2324 2321 2318
3 2324 2318 2323
3 2324 2325 2327
3 2324 2327 2321
3 2329 2326 2293
3 2329 2293 2290
3 2345 2331 2329
3 2345 2329 2290
3 2337 2334 2329
3 2337 2329 2331
3 2332 2338 2322
3 2332 2322 2328
3 2333 2336 2341
3 2333 2341 2339
3 2330 2342 2340
3 2330 2340 2335
3 2330 2344 2343
3 2330 2343 2342
3 2344 2288 2346
3 2344 2346 2343
3 2288 2283 2347
3 2288 2347 2346
3 2283 2349 2348
3 2283 2348 2347
3 2351 2348 2349
3 2351 2349 2265
3 2352 2351 2265
3 2352 2265 2353
3 2266 2359 2356
3 2266 2356 2354
3 2355 2358 2364
3 2355 2364 2361
3 2367 2366 2362
3 2367 2362 2365
3 2370 2368 2367
3 2370 2367 2365
3 2371 2368 2370
3 2371 2370 2373
3 2373 2376 2374
3 2373 2374 2371
3 2378 2374 2376
3 2378 2376 2382
3 2381 2308 2383
3 2381 2383 2377
3 2386 2302 2307
3 2386 2307 2380
3 2391 2384 2379
3 2391 2379 2375
3 2388 2386 2380
3 2388 2380 2385
3 2389 2387 2386
3 2389 2386 2388
3 2387 2299 2302
3 2387 2302 2386
3 2390 2389 2388
3 2390 2388 2274
3 2274 2388 2385
3 2274 2385 2270
3 2389 2276 2280
3 2389 2280 2387
3 2276 2389 2390
3 2276 2390 2273
3 2387 2280 2296
3 2387 2296 2299
3 2269 2384 2391
3 2269 2391 2357
3 2372 2369 2391
3 2372 2391 2375
3 2391 2369 2363
3 2391 2363 2357
3 2402 2403 2394
3 2402 2394 2392
3 2397 2393 2396
3 2397 2396 2432
3 2433 2400 2393
3 2433 2393 2397
3 2392 2399 2406
3 2392 2406 2402
3 2410 2407 2405
3 2410 2405 2398
3 2411 2435 2413
3 2411 2413 2408
3 2409 2414 2416
3 2409 2416 2415
3 2414 2420 2417
3 2414 2417 2416
3 2435 2421 2418
3 2435 2418 2413
3 2419 2422 2426
3 2419 2426 2424
3 2427 2431 2430
3 2427 2430 2425
3 2431 2395 2404
3 2431 2404 2430
3 2397 2432 2428
3 2397 2428 2433
3 2423 2436 2434
3 2423 2434 2429
3 2436 2412 2401
3 2436 2401 2434
3 2438 2437 2440
3 2438 2440 2443
3 2445 2444 2439
3 2439 2437 2438
3 2438 2446 2445
3 2439 2438 2445
3 2437 2439 2442
3 2437 2442 2441
3 2448 2450 2456
3 2448 2456 2455
3 2447 2451 2483
3 2447 2483 2449
3 2447 2453 2479
3 2447 2479 2451
3 2454 2448 2455
3 2454 2455 2457
3 2461 2454 2457
3 2461 2457 2458
3 2465 2461 2458
3 2465 2458 2459
3 2462 2460 2464
3 2462 2464 2466
3 2479 2453 2460
3 2479 2460 2462
3 2466 2464 2468
3 2466 2468 2470
3 2469 2465 2459
3 2469 2459 2473
3 2472 2469 2473
3 2472 2473 2475
3 2467 2471 2474
3 2467 2474 2476
3 2463 2467 2476
3 2463 2476 2477
3 2480 2463 2477
3 2480 2477 2478
3 2452 2480 2478
3 2452 2478 2481
3 2484 2452 2481
3 2484 2481 2482
3 2450 2484 2482
3 2450 2482 2456
3 2546 2488 2485
3 2546 2485 2486
3 2488 2491 2489
3 2488 2489 2485
3 2491 2494 2492
3 2491 2492 2489
3 2494 2497 2495
3 2494 2495 2492
3 2497 2502 2499
3 2497 2499 2495
3 2501 2505 2503
3 2501 2503 2498
3 2507 2506 2503
3 2507 2503 2505
3 2507 2510 2509
3 2507 2509 2506
3 2510 2513 2512
3 2510 2512 2509
3 2513 2516 2515
3 2513 2515 2512
3 2519 2518 2515
3 2519 2515 2516
3 2519 2522 2521
3 2519 2521 2518
3 2522 2525 2524
3 2522 2524 2521
3 2525 2528 2527
3 2525 2527 2524
3 2528 2531 2530
3 2528 2530 2527
3 2535 2533 2530
3 2535 2530 2531
3 2535 2538 2536
3 2535 2536 2533
3 2538 2541 2539
3 2538 2539 2536
3 2541 2544 2542
3 2541 2542 2539
3 2544 2546 2486
3 2544 2486 2542
3 2490 2487 2545
3 2545 2543 2540
3 2540 2537 2534
3 2534 2532 2529
3 2529 2526 2523
3 2523 2520 2517
3 2517 2514 2511
3 2511 2508 2504
3 2504 2500 2496
3 2496 2493 2490
3 2490 2545 2540
3 2540 2534 2529
3 2529 2523 2517
3 2517 2511 2504
3 2504 2496 2490
3 2490 2540 2529
3 2529 2517 2504
3 2529 2504 2490
3 2548 2547 2550
3 2548 2550 2553
3 2547 2548 2580
3 2547 2580 2549
3 2551 2550 2547
3 2551 2547 2549
3 2550 2551 2564
3 2550 2564 2552
3 2550 2552 2555
3 2550 2555 2553
3 2548 2553 2554
3 2548 2554 2582
3 2555 2556 2554
3 2555 2554 2553
3 2557 2555 2552
3 2557 2552 2560
3 2556 2555 2557
3 2556 2557 2559
3 2558 2603 2559
3 2558 2559 2557
3 2560 2561 2558
3 2560 2558 2557
3 2562 2563 2561
3 2562 2561 2560
3 2562 2560 2552
3 2562 2552 2564
3 2563 2562 2565
3 2563 2565 2566
3 2562 2564 2568
3 2562 2568 2565
3 2567 2635 2566
3 2567 2566 2565
3 2567 2565 2568
3 2567 2568 2570
3 2551 2569 2568
3 2551 2568 2564
3 2572 2570 2568
3 2572 2568 2569
3 2632 2567 2570
3 2632 2570 2571
3 2572 2573 2571
3 2572 2571 2570
3 2572 2574 2575
3 2572 2575 2573
3 2574 2572 2569
3 2574 2569 2577
3 2631 2575 2574
3 2631 2574 2576
3 2577 2578 2576
3 2577 2576 2574
3 2580 2578 2577
3 2580 2577 2549
3 2551 2549 2577
3 2551 2577 2569
3 2579 2578 2580
3 2579 2580 2581
3 2578 2579 2630
3 2578 2630 2576
3 2548 2582 2581
3 2548 2581 2580
3 2583 2581 2582
3 2583 2582 2585
3 2584 2579 2581
3 2584 2581 2583
3 2584 2583 2586
3 2584 2586 2587
3 2583 2585 2588
3 2583 2588 2586
3 2585 2591 2589
3 2585 2589 2588
3 2591 2592 2590
3 2591 2590 2589
3 2554 2556 2592
3 2554 2592 2591
3 2582 2554 2591
3 2582 2591 2585
3 2592 2556 2559
3 2592 2559 2593
3 2592 2593 2595
3 2592 2595 2590
3 2593 2559 2603
3 2593 2603 2594
3 2593 2594 2596
3 2593 2596 2595
3 2594 2599 2597
3 2594 2597 2596
3 2599 2600 2598
3 2599 2598 2597
3 2601 2604 2600
3 2601 2600 2599
3 2603 2601 2599
3 2603 2599 2594
3 2605 2604 2601
3 2605 2601 2602
3 2558 2602 2601
3 2558 2601 2603
3 2604 2605 2608
3 2604 2608 2606
3 2600 2604 2606
3 2600 2606 2609
3 2609 2606 2607
3 2609 2607 2610
3 2633 2607 2606
3 2633 2606 2608
3 2600 2609 2611
3 2600 2611 2598
3 2609 2610 2612
3 2609 2612 2611
3 2610 2615 2613
3 2610 2613 2612
3 2615 2616 2614
3 2615 2614 2613
3 2617 2619 2616
3 2617 2616 2615
3 2607 2617 2615
3 2607 2615 2610
3 2620 2619 2617
3 2620 2617 2618
3 2633 2618 2617
3 2633 2617 2607
3 2619 2620 2623
3 2619 2623 2621
3 2616 2619 2621
3 2616 2621 2624
3 2624 2621 2622
3 2624 2622 2625
3 2631 2622 2621
3 2631 2621 2623
3 2616 2624 2626
3 2616 2626 2614
3 2624 2625 2627
3 2624 2627 2626
3 2625 2629 2628
3 2625 2628 2627
3 2629 2584 2587
3 2629 2587 2628
3 2630 2579 2584
3 2630 2584 2629
3 2622 2630 2629
3 2622 2629 2625
3 2631 2576 2630
3 2631 2630 2622
3 2573 2575 2631
3 2573 2631 2623
3 2623 2620 2571
3 2623 2571 2573
3 2632 2571 2620
3 2632 2620 2618
3 2633 2634 2632
3 2633 2632 2618
3 2635 2634 2633
3 2635 2633 2608
3 2567 2632 2634
3 2567 2634 2635
3 2608 2605 2566
3 2608 2566 2635
3 2563 2566 2605
3 2563 2605 2602
3 2558 2561 2563
3 2558 2563 2602
3 2636 2637 2696
3 2636 2696 2639
3 2640 2643 2637
3 2640 2637 2636
3 2639 2698 2638
3 2639 2638 2636
3 2642 2640 2636
3 2642 2636 2638
3 2641 2644 2643
3 2641 2643 2640
3 2727 2641 2640
3 2727 2640 2642
3 2644 2646 2645
3 2644 2645 2643
3 2643 2645 2647
3 2643 2647 2637
3 2646 2649 2648
3 2646 2648 2645
3 2645 2648 2650
3 2645 2650 2647
3 2649 2652 2651
3 2649 2651 2648
3 2648 2651 2653
3 2648 2653 2650
3 2652 2655 2654
3 2652 2654 2651
3 2651 2654 2656
3 2651 2656 2653
3 2655 2658 2657
3 2655 2657 2654
3 2654 2657 2659
3 2654 2659 2656
3 2658 2661 2660
3 2658 2660 2657
3 2657 2660 2662
3 2657 2662 2659
3 2661 2664 2663
3 2661 2663 2660
3 2660 2663 2665
3 2660 2665 2662
3 2664 2668 2666
3 2664 2666 2663
3 2663 2666 2667
3 2663 2667 2665
3 2670 2667 2666
3 2670 2666 2669
3 2669 2666 2668
3 2669 2668 2671
3 2669 2672 2673
3 2669 2673 2670
3 2674 2672 2669
3 2674 2669 2671
3 2673 2672 2675
3 2673 2675 2677
3 2672 2674 2676
3 2672 2676 2675
3 2680 2673 2677
3 2680 2677 2678
3 2681 2680 2678
3 2681 2678 2679
3 2667 2670 2673
3 2667 2673 2680
3 2665 2667 2680
3 2665 2680 2681
3 2681 2682 2662
3 2681 2662 2665
3 2682 2681 2679
3 2682 2679 2684
3 2682 2683 2659
3 2682 2659 2662
3 2683 2682 2684
3 2683 2684 2685
3 2688 2683 2685
3 2688 2685 2686
3 2689 2688 2686
3 2689 2686 2687
3 2683 2688 2656
3 2683 2656 2659
3 2688 2689 2653
3 2688 2653 2656
3 2689 2690 2650
3 2689 2650 2653
3 2690 2689 2687
3 2690 2687 2692
3 2690 2691 2647
3 2690 2647 2650
3 2691 2690 2692
3 2691 2692 2693
3 2696 2691 2693
3 2696 2693 2694
3 2695 2639 2696
3 2695 2696 2694
3 2691 2696 2637
3 2691 2637 2647
3 2698 2639 2695
3 2698 2695 2697
3 2700 2698 2697
3 2700 2697 2699
3 2702 2700 2699
3 2702 2699 2701
3 2705 2702 2701
3 2705 2701 2703
3 2707 2705 2703
3 2707 2703 2704
3 2702 2705 2706
3 2702 2706 2723
3 2705 2707 2708
3 2705 2708 2706
3 2707 2709 2711
3 2707 2711 2708
3 2709 2707 2704
3 2709 2704 2710
3 2712 2709 2710
3 2712 2710 2714
3 2711 2709 2712
3 2711 2712 2715
3 2715 2712 2713
3 2715 2713 2716
3 2713 2712 2714
3 2713 2714 2752
3 2717 2715 2716
3 2717 2716 2718
3 2708 2711 2715
3 2708 2715 2717
3 2719 2717 2718
3 2719 2718 2720
3 2706 2708 2717
3 2706 2717 2719
3 2720 2722 2721
3 2720 2721 2719
3 2719 2721 2723
3 2719 2723 2706
3 2722 2725 2724
3 2722 2724 2721
3 2721 2724 2726
3 2721 2726 2723
3 2725 2727 2642
3 2725 2642 2724
3 2724 2642 2638
3 2724 2638 2726
3 2698 2700 2726
3 2698 2726 2638
3 2700 2702 2723
3 2700 2723 2726
3 2729 2728 2725
3 2729 2725 2722
3 2728 2731 2727
3 2728 2727 2725
3 2730 2728 2729
3 2730 2729 2737
3 2728 2730 2732
3 2728 2732 2731
3 2641 2727 2731
3 2641 2731 2644
3 2644 2731 2732
3 2644 2732 2646
3 2730 2734 2733
3 2730 2733 2732
3 2646 2732 2733
3 2646 2733 2649
3 2658 2655 2733
3 2658 2733 2734
3 2655 2652 2649
3 2655 2649 2733
3 2661 2658 2734
3 2661 2734 2735
3 2737 2735 2734
3 2737 2734 2730
3 2664 2661 2735
3 2664 2735 2736
3 2737 2738 2736
3 2737 2736 2735
3 2738 2737 2729
3 2738 2729 2740
3 2739 2738 2740
3 2739 2740 2741
3 2738 2739 2751
3 2738 2751 2736
3 2741 2740 2720
3 2741 2720 2718
3 2740 2729 2722
3 2740 2722 2720
3 2742 2743 2739
3 2742 2739 2741
3 2716 2742 2741
3 2716 2741 2718
3 2713 2744 2742
3 2713 2742 2716
3 2744 2746 2743
3 2744 2743 2742
3 2746 2744 2745
3 2746 2745 2747
3 2744 2713 2752
3 2744 2752 2745
3 2748 2746 2747
3 2748 2747 2749
3 2743 2746 2748
3 2743 2748 2750
3 2674 2748 2749
3 2674 2749 2676
3 2750 2748 2674
3 2750 2674 2671
3 2743 2750 2751
3 2743 2751 2739
3 2750 2671 2668
3 2750 2668 2751
3 2668 2664 2736
3 2668 2736 2751
3 2753 2764 2774
3 2753 2774 2763
3 2764 2753 2754
3 2764 2754 2765
3 2765 2754 2755
3 2765 2755 2766
3 2766 2755 2756
3 2766 2756 2767
3 2767 2756 2757
3 2767 2757 2768
3 2768 2757 2758
3 2768 2758 2769
3 2769 2758 2760
3 2769 2760 2771
3 2770 2759 2761
3 2770 2761 2772
3 2772 2761 2762
3 2772 2762 2773
3 2773 2762 2763
3 2773 2763 2774
3 2774 2764 2775
3 2774 2775 2785
3 2775 2764 2765
3 2775 2765 2776
3 2776 2765 2766
3 2776 2766 2777
3 2777 2766 2767
3 2777 2767 2778
3 2778 2767 2768
3 2778 2768 2779
3 2779 2768 2769
3 2779 2769 2780
3 2780 2769 2771
3 2780 2771 2782
3 2781 2770 2772
3 2781 2772 2783
3 2783 2772 2773
3 2783 2773 2784
3 2784 2773 2774
3 2784 2774 2785
3 2785 2775 2786
3 2785 2786 2796
3 2786 2775 2776
3 2786 2776 2787
3 2787 2776 2777
3 2787 2777 2788
3 2788 2777 2778
3 2788 2778 2789
3 2789 2778 2779
3 2789 2779 2790
3 2790 2779 2780
3 2790 2780 2791
3 2791 2780 2782
3 2791 2782 2793
3 2792 2781 2783
3 2792 2783 2794
3 2794 2783 2784
3 2794 2784 2795
3 2795 2784 2785
3 2795 2785 2796
3 2796 2786 2797
3 2796 2797 2817
3 2797 2786 2787
3 2797 2787 2799
3 2799 2787 2788
3 2799 2788 2802
3 2802 2788 2789
3 2802 2789 2804
3 2804 2789 2790
3 2804 2790 2806
3 2806 2790 2791
3 2806 2791 2808
3 2808 2791 2793
3 2808 2793 2812
3 2811 2792 2794
3 2811 2794 2813
3 2813 2794 2795
3 2813 2795 2815
3 2815 2795 2796
3 2815 2796 2817
3 2822 2821 2801
3 2822 2801 2803
3 2800 2801 2821
3 2800 2821 2820
3 2798 2800 2820
3 2798 2820 2819
3 2818 2798 2819
3 2818 2819 2829
3 2816 2818 2829
3 2816 2829 2828
3 2827 2814 2816
3 2827 2816 2828
3 2809 2814 2827
3 2809 2827 2825
3 2807 2810 2826
3 2807 2826 2824
3 2805 2807 2824
3 2805 2824 2823
3 2803 2805 2823
3 2803 2823 2822
3 2831 2830 2833
3 2831 2833 2834
3 2849 2832 2830
3 2849 2830 2831
3 2834 2833 2835
3 2834 2835 2836
3 2836 2835 2837
3 2836 2837 2838
3 2838 2837 2839
3 2838 2839 2840
3 2840 2839 2841
3 2840 2841 2842
3 2842 2841 2843
3 2842 2843 2844
3 2844 2843 2845
3 2844 2845 2846
3 2845 2847 2848
3 2845 2848 2846
3 2848 2847 2832
3 2848 2832 2849
3 2850 2859 2861
3 2850 2861 2853
3 2856 2852 2854
3 2856 2854 2879
3 2858 2851 2855
3 2858 2855 2982
3 2857 2860 2859
3 2857 2859 2850
3 2860 2865 2862
3 2860 2862 2859
3 2859 2862 2861
3 2862 2865 2863
3 2866 2864 2862
3 2866 2862 2863
3 2861 2862 2864
3 2861 2864 2868
3 3073 2863 2865
3 3073 2865 2860
3 3063 2867 2864
3 3063 2864 2866
3 2869 2864 2867
3 2869 2867 2870
3 2868 2864 2869
3 2871 2869 2870
3 2871 2870 2874
3 2876 2868 2869
3 2876 2869 2871
3 2877 2872 2873
3 2877 2873 2878
3 2872 2875 3018
3 2872 3018 2873
3 2854 2877 2878
3 2854 2878 2879
3 2853 2861 2868
3 2853 2868 2876
3 2878 2873 2882
3 2878 2882 2880
3 2881 2879 2878
3 2881 2878 2880
3 2881 2880 2883
3 2881 2883 2884
3 2880 2882 2885
3 2880 2885 2883
3 2884 2883 2886
3 2884 2886 2888
3 2886 2883 2885
3 2886 2885 2887
3 2886 2887 2890
3 2886 2890 2889
3 2888 2886 2889
3 2888 2889 2891
3 2889 2890 2893
3 2889 2893 2892
3 2891 2889 2892
3 2891 2892 2894
3 2898 2891 2894
3 2898 2894 2896
3 2900 2897 2895
3 2900 2895 2899
3 2902 2900 2899
3 2902 2899 2901
3 2904 2902 2901
3 2904 2901 2903
3 2906 2904 2903
3 2906 2903 2905
3 2908 2906 2905
3 2908 2905 2907
3 2910 2908 2907
3 2910 2907 2909
3 2912 2910 2909
3 2912 2909 2911
3 2914 2912 2911
3 2914 2911 2913
3 2916 2914 2913
3 2916 2913 2915
3 2918 2916 2915
3 2918 2915 2917
3 2920 2918 2917
3 2920 2917 2919
3 2922 2920 2919
3 2922 2919 2921
3 2924 2922 2921
3 2924 2921 2923
3 2926 2924 2923
3 2926 2923 2925
3 2928 2926 2925
3 2928 2925 2927
3 2930 2928 2927
3 2930 2927 2929
3 2932 2930 2929
3 2932 2929 2931
3 2934 2932 2931
3 2934 2931 2933
3 2936 2934 2933
3 2936 2933 2935
3 2935 2893 2890
3 2935 2890 2936
3 2887 2937 2936
3 2887 2936 2890
3 2937 2939 2934
3 2937 2934 2936
3 2885 2938 2937
3 2885 2937 2887
3 2938 2940 2939
3 2938 2939 2937
3 2940 2942 2941
3 2940 2941 2939
3 2939 2941 2932
3 2939 2932 2934
3 2942 2944 2943
3 2942 2943 2941
3 2941 2943 2930
3 2941 2930 2932
3 2944 2946 2945
3 2944 2945 2943
3 2943 2945 2928
3 2943 2928 2930
3 2946 2948 2947
3 2946 2947 2945
3 2945 2947 2926
3 2945 2926 2928
3 2948 2950 2949
3 2948 2949 2947
3 2947 2949 2924
3 2947 2924 2926
3 2950 2952 2951
3 2950 2951 2949
3 2949 2951 2922
3 2949 2922 2924
3 2952 2954 2953
3 2952 2953 2951
3 2951 2953 2920
3 2951 2920 2922
3 2954 2956 2955
3 2954 2955 2953
3 2953 2955 2918
3 2953 2918 2920
3 2956 2958 2957
3 2956 2957 2955
3 2955 2957 2916
3 2955 2916 2918
3 2958 2960 2959
3 2958 2959 2957
3 2957 2959 2914
3 2957 2914 2916
3 2960 2962 2961
3 2960 2961 2959
3 2959 2961 2912
3 2959 2912 2914
3 2962 2964 2963
3 2962 2963 2961
3 2961 2963 2910
3 2961 2910 2912
3 2964 2966 2965
3 2964 2965 2963
3 2963 2965 2908
3 2963 2908 2910
3 2966 2968 2967
3 2966 2967 2965
3 2965 2967 2906
3 2965 2906 2908
3 2968 2970 2969
3 2968 2969 2967
3 2967 2969 2904
3 2967 2904 2906
3 2970 2972 2971
3 2970 2971 2969
3 2969 2971 2902
3 2969 2902 2904
3 2972 2974 2973
3 2972 2973 2971
3 2971 2973 2900
3 2971 2900 2902
3 2974 2977 2975
3 2974 2975 2973
3 2973 2975 2897
3 2973 2897 2900
3 2978 2884 2888
3 2978 2888 2976
3 2976 2888 2891
3 2976 2891 2898
3 2981 2979 2977
3 2981 2977 2974
3 2980 2881 2884
3 2980 2884 2978
3 2982 2855 2979
3 2982 2979 2981
3 2856 2879 2881
3 2856 2881 2980
3 2984 2982 2981
3 2984 2981 2983
3 2983 2981 2974
3 2983 2974 2972
3 2986 2984 2983
3 2986 2983 2985
3 2985 2983 2972
3 2985 2972 2970
3 2988 2986 2985
3 2988 2985 2987
3 2987 2985 2970
3 2987 2970 2968
3 2990 2988 2987
3 2990 2987 2989
3 2989 2987 2968
3 2989 2968 2966
3 2992 2990 2989
3 2992 2989 2991
3 2991 2989 2966
3 2991 2966 2964
3 2994 2992 2991
3 2994 2991 2993
3 2993 2991 2964
3 2993 2964 2962
3 2996 2994 2993
3 2996 2993 2995
3 2995 2993 2962
3 2995 2962 2960
3 2998 2996 2995
3 2998 2995 2997
3 2997 2995 2960
3 2997 2960 2958
3 3000 2998 2997
3 3000 2997 2999
3 2999 2997 2958
3 2999 2958 2956
3 3002 3000 2999
3 3002 2999 3001
3 3001 2999 2956
3 3001 2956 2954
3 3004 3002 3001
3 3004 3001 3003
3 3003 3001 2954
3 3003 2954 2952
3 3006 3004 3003
3 3006 3003 3005
3 3005 3003 2952
3 3005 2952 2950
3 3008 3006 3005
3 3008 3005 3007
3 3007 3005 2950
3 3007 2950 2948
3 3010 3008 3007
3 3010 3007 3009
3 3009 3007 2948
3 3009 2948 2946
3 3012 3010 3009
3 3012 3009 3011
3 3011 3009 2946
3 3011 2946 2944
3 3014 3012 3011
3 3014 3011 3013
3 3013 3011 2944
3 3013 2944 2942
3 3016 3014 3013
3 3016 3013 3015
3 3015 3013 2942
3 3015 2942 2940
3 3018 3016 3015
3 3018 3015 3017
3 3017 3015 2940
3 3017 2940 2938
3 2873 3018 3017
3 2873 3017 2882
3 2882 3017 2938
3 2882 2938 2885
3 2875 3020 3016
3 2875 3016 3018
3 3020 3022 3014
3 3020 3014 3016
3 3019 3023 3024
3 3019 3024 3021
3 2874 2870 3023
3 2874 3023 3019
3 3023 2867 3026
3 3023 3026 3024
3 2870 2867 3023
3 3024 3026 3028
3 3024 3028 3025
3 3021 3024 3025
3 3021 3025 3037
3 3027 3026 2867
3 3027 2867 3063
3 3029 3028 3026
3 3029 3026 3027
3 3046 3030 3028
3 3046 3028 3029
3 3031 3028 3030
3 3031 3030 3032
3 3025 3028 3031
3 3033 3031 3032
3 3033 3032 3035
3 3037 3025 3031
3 3037 3031 3033
3 3038 3034 3010
3 3038 3010 3012
3 3034 3036 3008
3 3034 3008 3010
3 3022 3038 3012
3 3022 3012 3014
3 3036 3040 3006
3 3036 3006 3008
3 3035 3032 3043
3 3035 3043 3039
3 3040 3041 3004
3 3040 3004 3006
3 3039 3043 3044
3 3039 3044 3042
3 3043 3045 3044
3 3032 3030 3045
3 3032 3045 3043
3 3046 3045 3030
3 3044 3045 3046
3 3044 3046 3047
3 3047 3046 3029
3 3047 3029 3048
3 3050 3047 3048
3 3050 3048 3052
3 3042 3044 3047
3 3042 3047 3050
3 3041 3049 3002
3 3041 3002 3004
3 3049 3051 3000
3 3049 3000 3002
3 3051 3053 2998
3 3051 2998 3000
3 3052 3048 3057
3 3052 3057 3054
3 3053 3055 2996
3 3053 2996 2998
3 3054 3057 3058
3 3054 3058 3056
3 3057 3029 3027
3 3057 3027 3058
3 3048 3029 3057
3 3058 3027 3063
3 3058 3063 3059
3 3056 3058 3059
3 3056 3059 3062
3 3059 3063 3060
3 3062 3059 3060
3 3062 3060 3065
3 3060 3063 2866
3 3060 2866 3070
3 3055 3061 2994
3 3055 2994 2996
3 3061 3064 2992
3 3061 2992 2994
3 3064 3066 2990
3 3064 2990 2992
3 3065 3060 3070
3 3065 3070 3067
3 3066 3068 2988
3 3066 2988 2990
3 3067 3070 3071
3 3067 3071 3069
3 3070 2866 3071
3 3071 2866 2863
3 3071 2863 3072
3 3069 3071 3072
3 3069 3072 3075
3 3072 2863 3073
3 3075 3072 3073
3 3075 3073 3077
3 3068 3074 2986
3 3068 2986 2988
3 3074 3076 2984
3 3074 2984 2986
3 3076 2858 2982
3 3076 2982 2984
3 3077 3073 2860
3 3077 2860 2857
3 3078 3079 3085
3 3078 3085 3082
3 3079 3078 3081
3 3079 3081 3171
3 3078 3082 3084
3 3078 3084 3080
3 3140 3081 3078
3 3140 3078 3080
3 3082 3085 3086
3 3082 3086 3083
3 3082 3083 3172
3 3082 3172 3084
3 3088 3087 3085
3 3088 3085 3079
3 3087 3089 3086
3 3087 3086 3085
3 3090 3087 3088
3 3090 3088 3091
3 3092 3089 3087
3 3092 3087 3090
3 3093 3090 3091
3 3093 3091 3094
3 3095 3092 3090
3 3095 3090 3093
3 3094 3097 3096
3 3094 3096 3093
3 3093 3096 3098
3 3093 3098 3095
3 3099 3096 3097
3 3099 3097 3100
3 3101 3098 3096
3 3101 3096 3099
3 3100 3103 3102
3 3100 3102 3099
3 3099 3102 3104
3 3099 3104 3101
3 3103 3107 3105
3 3103 3105 3102
3 3102 3105 3106
3 3102 3106 3104
3 3105 3108 3109
3 3105 3109 3106
3 3107 3110 3108
3 3107 3108 3105
3 3108 3111 3112
3 3108 3112 3109
3 3110 3113 3111
3 3110 3111 3108
3 3115 3112 3111
3 3115 3111 3114
3 3114 3111 3113
3 3114 3113 3116
3 3118 3115 3114
3 3118 3114 3117
3 3117 3114 3116
3 3117 3116 3119
3 3122 3118 3117
3 3122 3117 3120
3 3120 3117 3119
3 3120 3119 3121
3 3123 3120 3121
3 3123 3121 3125
3 3124 3122 3120
3 3124 3120 3123
3 3127 3124 3123
3 3127 3123 3126
3 3126 3123 3125
3 3126 3125 3128
3 3130 3127 3126
3 3130 3126 3129
3 3129 3126 3128
3 3129 3128 3131
3 3132 3134 3130
3 3132 3130 3129
3 3133 3132 3129
3 3133 3129 3131
3 3137 3135 3132
3 3137 3132 3133
3 3135 3136 3134
3 3135 3134 3132
3 3084 3172 3136
3 3084 3136 3135
3 3080 3084 3135
3 3080 3135 3137
3 3137 3138 3140
3 3137 3140 3080
3 3139 3138 3137
3 3139 3137 3133
3 3138 3139 3141
3 3138 3141 3140
3 3140 3141 3143
3 3140 3143 3081
3 3155 3142 3141
3 3155 3141 3139
3 3141 3142 3145
3 3141 3145 3143
3 3144 3171 3081
3 3144 3081 3143
3 3143 3145 3146
3 3143 3146 3144
3 3145 3142 3148
3 3145 3148 3147
3 3146 3145 3147
3 3146 3147 3149
3 3148 3152 3150
3 3148 3150 3147
3 3151 3149 3147
3 3151 3147 3150
3 3151 3150 3119
3 3151 3119 3116
3 3121 3119 3150
3 3121 3150 3152
3 3125 3121 3152
3 3125 3152 3153
3 3154 3153 3152
3 3154 3152 3148
3 3128 3125 3153
3 3128 3153 3154
3 3131 3128 3154
3 3131 3154 3155
3 3142 3155 3154
3 3142 3154 3148
3 3131 3155 3139
3 3131 3139 3133
3 3149 3151 3156
3 3149 3156 3158
3 3156 3151 3116
3 3156 3116 3113
3 3158 3156 3157
3 3158 3157 3160
3 3157 3156 3113
3 3157 3113 3110
3 3161 3159 3158
3 3161 3158 3160
3 3159 3146 3149
3 3159 3149 3158
3 3163 3161 3160
3 3163 3160 3162
3 3164 3162 3160
3 3164 3160 3157
3 3163 3162 3103
3 3163 3103 3100
3 3162 3164 3107
3 3162 3107 3103
3 3164 3157 3110
3 3164 3110 3107
3 3167 3161 3163
3 3167 3163 3165
3 3100 3097 3165
3 3100 3165 3163
3 3165 3166 3169
3 3165 3169 3167
3 3097 3094 3166
3 3097 3166 3165
3 3167 3169 3170
3 3167 3170 3168
3 3168 3159 3161
3 3168 3161 3167
3 3091 3088 3170
3 3091 3170 3169
3 3094 3091 3169
3 3094 3169 3166
3 3171 3144 3168
3 3171 3168 3170
3 3088 3079 3171
3 3088 3171 3170
3 3146 3159 3168
3 3146 3168 3144
3 3134 3136 3173
3 3134 3173 3177
3 3136 3172 3176
3 3136 3176 3173
3 3177 3173 3174
3 3177 3174 3180
3 3173 3176 3188
3 3173 3188 3174
3 3130 3134 3177
3 3130 3177 3178
3 3178 3177 3180
3 3178 3180 3182
3 3183 3184 3181
3 3183 3181 3179
3 3179 3175 3185
3 3179 3185 3183
3 3175 3189 3186
3 3175 3186 3185
3 3187 3186 3189
3 3187 3189 3191
3 3176 3194 3190
3 3176 3190 3188
3 3204 3187 3191
3 3204 3191 3193
3 3190 3194 3195
3 3190 3195 3192
3 3172 3083 3194
3 3172 3194 3176
3 3083 3086 3195
3 3083 3195 3194
3 3086 3089 3196
3 3086 3196 3195
3 3195 3196 3198
3 3195 3198 3192
3 3197 3196 3089
3 3197 3089 3092
3 3196 3197 3200
3 3196 3200 3198
3 3202 3204 3193
3 3202 3193 3199
3 3199 3201 3203
3 3199 3203 3202
3 3205 3203 3201
3 3205 3201 3208
3 3206 3205 3208
3 3206 3208 3210
3 3197 3211 3207
3 3197 3207 3200
3 3211 3212 3209
3 3211 3209 3207
3 3095 3098 3212
3 3095 3212 3211
3 3211 3197 3092
3 3211 3092 3095
3 3213 3212 3098
3 3213 3098 3101
3 3212 3213 3216
3 3212 3216 3209
3 3101 3104 3214
3 3101 3214 3213
3 3213 3214 3218
3 3213 3218 3216
3 3219 3206 3210
3 3219 3210 3215
3 3220 3219 3215
3 3220 3215 3217
3 3221 3220 3217
3 3221 3217 3222
3 3224 3221 3222
3 3224 3222 3225
3 3225 3228 3227
3 3225 3227 3224
3 3228 3231 3230
3 3228 3230 3227
3 3231 3234 3233
3 3231 3233 3230
3 3234 3237 3236
3 3234 3236 3233
3 3239 3236 3237
3 3239 3237 3240
3 3242 3239 3240
3 3242 3240 3243
3 3184 3242 3243
3 3184 3243 3181
3 3246 3245 3244
3 3246 3244 3241
3 3245 3178 3182
3 3245 3182 3244
3 3245 3246 3124
3 3245 3124 3127
3 3178 3245 3127
3 3178 3127 3130
3 3247 3246 3241
3 3247 3241 3238
3 3246 3247 3122
3 3246 3122 3124
3 3247 3248 3118
3 3247 3118 3122
3 3248 3247 3238
3 3248 3238 3235
3 3249 3248 3235
3 3249 3235 3232
3 3248 3249 3115
3 3248 3115 3118
3 3250 3249 3232
3 3250 3232 3229
3 3249 3250 3112
3 3249 3112 3115
3 3251 3250 3229
3 3251 3229 3226
3 3109 3112 3250
3 3109 3250 3251
3 3252 3251 3226
3 3252 3226 3223
3 3106 3109 3251
3 3106 3251 3252
3 3214 3252 3223
3 3214 3223 3218
3 3104 3106 3252
3 3104 3252 3214
3 3254 3253 3256
3 3254 3256 3259
3 3253 3254 3286
3 3253 3286 3255
3 3257 3256 3253
3 3257 3253 3255
3 3256 3257 3270
3 3256 3270 3258
3 3256 3258 3261
3 3256 3261 3259
3 3254 3259 3260
3 3254 3260 3288
3 3261 3262 3260
3 3261 3260 3259
3 3263 3261 3258
3 3263 3258 3266
3 3262 3261 3263
3 3262 3263 3265
3 3264 3309 3265
3 3264 3265 3263
3 3266 3267 3264
3 3266 3264 3263
3 3268 3269 3267
3 3268 3267 3266
3 3268 3266 3258
3 3268 3258 3270
3 3269 3268 3271
3 3269 3271 3272
3 3268 3270 3274
3 3268 3274 3271
3 3273 3341 3272
3 3273 3272 3271
3 3273 3271 3274
3 3273 3274 3276
3 3257 3275 3274
3 3257 3274 3270
3 3278 3276 3274
3 3278 3274 3275
3 3338 3273 3276
3 3338 3276 3277
3 3278 3279 3277
3 3278 3277 3276
3 3278 3280 3281
3 3278 3281 3279
3 3280 3278 3275
3 3280 3275 3283
3 3337 3281 3280
3 3337 3280 3282
3 3283 3284 3282
3 3283 3282 3280
3 3286 3284 3283
3 3286 3283 3255
3 3257 3255 3283
3 3257 3283 3275
3 3285 3284 3286
3 3285 3286 3287
3 3284 3285 3336
3 3284 3336 3282
3 3254 3288 3287
3 3254 3287 3286
3 3289 3287 3288
3 3289 3288 3291
3 3290 3285 3287
3 3290 3287 3289
3 3290 3289 3292
3 3290 3292 3293
3 3289 3291 3294
3 3289 3294 3292
3 3291 3297 3295
3 3291 3295 3294
3 3297 3298 3296
3 3297 3296 3295
3 3260 3262 3298
3 3260 3298 3297
3 3288 3260 3297
3 3288 3297 3291
3 3298 3262 3265
3 3298 3265 3299
3 3298 3299 3301
3 3298 3301 3296
3 3299 3265 3309
3 3299 3309 3300
3 3299 3300 3302
3 3299 3302 3301
3 3300 3305 3303
3 3300 3303 3302
3 3305 3306 3304
3 3305 3304 3303
3 3307 3310 3306
3 3307 3306 3305
3 3309 3307 3305
3 3309 3305 3300
3 3311 3310 3307
3 3311 3307 3308
3 3264 3308 3307
3 3264 3307 3309
3 3310 3311 3314
3 3310 3314 3312
3 3306 3310 3312
3 3306 3312 3315
3 3315 3312 3313
3 3315 3313 3316
3 3339 3313 3312
3 3339 3312 3314
3 3306 3315 3317
3 3306 3317 3304
3 3315 3316 3318
3 3315 3318 3317
3 3316 3321 3319
3 3316 3319 3318
3 3321 3322 3320
3 3321 3320 3319
3 3323 3325 3322
3 3323 3322 3321
3 3313 3323 3321
3 3313 3321 3316
3 3326 3325 3323
3 3326 3323 3324
3 3339 3324 3323
3 3339 3323 3313
3 3325 3326 3329
3 3325 3329 3327
3 3322 3325 3327
3 3322 3327 3330
3 3330 3327 3328
3 3330 3328 3331
3 3337 3328 3327
3 3337 3327 3329
3 3322 3330 3332
3 3322 3332 3320
3 3330 3331 3333
3 3330 3333 3332
3 3331 3335 3334
3 3331 3334 3333
3 3335 3290 3293
3 3335 3293 3334
3 3336 3285 3290
3 3336 3290 3335
3 3328 3336 3335
3 3328 3335 3331
3 3337 3282 3336
3 3337 3336 3328
3 3279 3281 3337
3 3279 3337 3329
3 3329 3326 3277
3 3329 3277 3279
3 3338 3277 3326
3 3338 3326 3324
3 3339 3340 3338
3 3339 3338 3324
3 3341 3340 3339
3 3341 3339 3314
3 3273 3338 3340
3 3273 3340 3341
3 3314 3311 3272
3 3314 3272 3341
3 3269 3272 3311
3 3269 3311 3308
3 3264 3267 3269
3 3264 3269 3308
