ply
format ascii 1.0
comment Created in Blender version 4.3.2
element vertex 3340
property float x
property float y
property float z
property float nx
property float ny
property float nz
element face 4470
property list uchar uint vertex_indices
end_header
-0.0054201963 0.008890094 -0.0210294 -0.24794641 0.6969257 -0.6729168
-0.005836602 0.008624668 -0.021128492 -0.2819196 0.6798758 -0.6769713
-0.0044301543 0.008539887 -0.021664042 -0.14814702 0.67277163 -0.72486603
-0.0055219526 0.009683107 -0.020084599 -0.26649386 0.75904715 -0.59399354
-0.004190827 0.009590061 -0.020649778 -0.14197992 0.7428886 -0.6541852
-0.005273949 0.010672858 -0.018780783 -0.26265353 0.8254308 -0.49967682
-0.0062464173 0.0095477 -0.019876216 -0.32318527 0.75064784 -0.57626307
-0.006703839 0.009418847 -0.019775994 -0.5514333 0.64444065 -0.5297335
-0.006052026 0.010578073 -0.018448213 -0.32628387 0.8207774 -0.46889576
-0.006539818 0.010500422 -0.018216131 -0.50923955 0.775594 -0.37299988
-0.0053224536 0.011471863 -0.017160447 -0.2848105 0.88246113 -0.37435976
-0.0042069796 0.012087257 -0.016322935 -0.20312762 0.9268155 -0.31583565
-0.004661223 0.011506577 -0.01753736 -0.2283302 0.88010085 -0.41627857
-0.0057153604 0.011458813 -0.016868195 -0.45999235 0.86614 -0.19546944
-0.0043984414 0.012159202 -0.015985955 -0.31457448 0.94601935 -0.07804024
-0.0059267003 0.011329944 -0.016505385 -0.72145706 0.65171117 0.23403496
-0.0068233362 0.010350171 -0.01797976 -0.86603737 0.4973948 -0.05077066
-0.0045558256 0.012034264 -0.015565493 -0.46939304 0.77639407 0.42057398
-0.0061205104 0.009033034 -0.014653185 -0.78906536 0.42448032 0.44406337
-0.004676302 0.009815856 -0.013653788 -0.49922794 0.578973 0.6446408
-0.0070757964 0.007900827 -0.016136535 -0.9634611 0.21373056 0.16143736
-0.007178308 0.0066403383 -0.01775451 -0.9880093 -0.031454787 -0.15115665
-0.006969782 0.009189447 -0.019634955 -0.9120166 0.25549686 -0.3208537
-0.006553131 0.0054895687 -0.0192131 -0.86447865 -0.25102064 -0.43550578
-0.00635746 0.008112036 -0.02110723 -0.8217897 -0.015661925 -0.5695756
-0.005276451 0.0045739827 -0.020352531 -0.6091173 -0.4335525 -0.66408455
-0.0051102866 0.0072979564 -0.022283908 -0.57949144 -0.18267502 -0.7942415
-0.003430428 0.0039756843 -0.021056317 -0.25376615 -0.5461688 -0.7983122
-0.003307106 0.006722565 -0.022975827 -0.2360184 -0.30286855 -0.9233449
-0.0013581221 0.0038839453 -0.021121185 0.14427361 -0.5671998 -0.81084496
-0.0013034481 0.0066212662 -0.02302682 0.14490329 -0.32935423 -0.9330213
0.00051049533 0.004284686 -0.020586027 0.51031244 -0.49389923 -0.7040204
0.0004818848 0.006981668 -0.022497935 0.49172086 -0.26563108 -0.8292471
0.0019687724 0.0050485604 -0.019533623 0.798968 -0.3396645 -0.4962641
0.0018978212 0.007722214 -0.02147824 0.767767 -0.12827945 -0.6277565
0.002848093 0.0061475113 -0.018074462 0.9677684 -0.12682718 -0.21757598
0.0027618338 0.008803163 -0.02004349 0.9346165 0.0644805 -0.34976307
0.0029673455 0.007404681 -0.016466128 0.98996377 0.1122987 0.085794784
0.002853666 0.010008153 -0.018470326 0.9620276 0.27135366 -0.02949555
0.0023435298 0.008531559 -0.015064565 0.86625296 0.33590484 0.36982918
0.0022169293 0.011094801 -0.017077249 0.84071004 0.4730581 0.2634818
0.0010361639 0.009473153 -0.013884939 0.6126317 0.518383 0.5966252
0.000980447 0.0119594885 -0.01598141 0.5846725 0.6740879 0.45140186
-0.00078166707 0.010054477 -0.013184861 0.25834498 0.6332158 0.7295859
-0.0007717387 0.012480002 -0.015289696 0.22359785 0.8297198 0.51143837
-0.0028367182 0.010173098 -0.013127639 -0.13362803 0.65403277 0.74457014
-0.0027935335 0.012477901 -0.015141388 -0.14366238 0.8560017 0.49661076
-0.0027072798 0.012564695 -0.015586406 -0.10346499 0.9936336 -0.04457745
-0.002700921 0.012424559 -0.016033273 -0.083898745 0.947018 -0.3100289
-0.0008284182 0.012580303 -0.01568102 0.1169198 0.9926962 -0.029732134
-0.00094958 0.012418057 -0.016166292 0.04925886 0.9387439 -0.34107676
0.00087989133 0.01212822 -0.016294219 0.39389864 0.91862726 -0.031112066
0.0020946078 0.011315018 -0.017345551 0.60778916 0.77988166 -0.14958917
0.0006576483 0.012006528 -0.016702522 0.17596969 0.9055193 -0.3860952
0.0017744212 0.011302486 -0.01757369 0.27117968 0.84930515 -0.45292628
0.0003769619 0.011758111 -0.017365253 0.14620908 0.88443077 -0.44317615
0.0013678906 0.011271901 -0.01785649 0.23531461 0.8452477 -0.47977433
0.0001569587 0.011094187 -0.018612515 0.14213395 0.8330169 -0.53467816
-0.0011493235 0.012135247 -0.016924553 0.044227574 0.915651 -0.3995337
-0.0015254051 0.011525954 -0.018225247 0.030026238 0.8706785 -0.4909353
-0.0027786759 0.01218135 -0.016724378 -0.079850316 0.9285183 -0.3625985
-0.0032708677 0.011615899 -0.017889155 -0.108307265 0.882767 -0.45715636
-0.00396788 0.01199647 -0.016744575 -0.18181045 0.9216065 -0.34290862
-0.0038353265 0.010728742 -0.019287666 -0.13642578 0.8235712 -0.55056185
-0.002003421 0.010528459 -0.019760594 0.007780699 0.79854953 -0.6018788
-0.00018276065 0.0100967735 -0.020056373 0.1322148 0.7653013 -0.62994695
-0.0024887805 0.009312732 -0.021158759 -0.021987287 0.7175016 -0.6962098
-0.00075026415 0.009005068 -0.021350665 0.096490964 0.7028484 -0.70476496
-0.0028797183 0.008190018 -0.02217207 -0.044342946 0.6495496 -0.7590249
-0.0030930121 0.0075214934 -0.022688916 -0.056499097 0.60656255 -0.79302573
-0.0012407978 0.00800826 -0.022293705 0.06268102 0.6352459 -0.76976216
-4.568312e-05 0.008008791 -0.022120697 0.14334816 0.63186556 -0.76170677
-0.0013316516 0.007401945 -0.022766924 0.060019664 0.5952725 -0.8012791
0.00019225368 0.0076460093 -0.022361845 0.16076222 0.6088509 -0.7768244
-0.0013287566 0.0070126792 -0.023048004 0.10303305 0.25577158 -0.96123105
0.0003792984 0.0073561305 -0.022547891 0.33133316 0.2919575 -0.8972063
-0.003223999 0.007091446 -0.022997804 -0.13596934 0.27538222 -0.9516706
-0.00496348 0.0076018116 -0.022334706 -0.36454874 0.34825218 -0.86361146
-0.006165145 0.008413428 -0.021201594 -0.53650796 0.46323127 -0.7053907
-0.004726515 0.007957775 -0.022099227 -0.17692848 0.6328803 -0.7537632
0.0017339188 0.008075497 -0.021580115 0.51583254 0.37940192 -0.7680957
0.0013360657 0.008328993 -0.021484792 0.23631845 0.65398175 -0.7186525
0.002564394 0.009112446 -0.020217558 0.62912625 0.50278455 -0.5927966
0.0020676092 0.0093208635 -0.020210447 0.2795969 0.71633846 -0.63928455
0.002684904 0.010268015 -0.01870587 0.6744161 0.63694835 -0.37344298
0.0022262344 0.0103836795 -0.018799026 0.29334033 0.7810616 -0.55126595
0.0014889376 0.010602151 -0.018857095 0.24043974 0.7938269 -0.55859435
0.0012726475 0.009636852 -0.020187898 0.22620137 0.7365252 -0.6374665
0.0006517245 0.008676773 -0.021383358 0.18989857 0.6796104 -0.70856774
-0.01594281 0.0012707486 -0.031169664 -0.23749146 0.6961968 -0.6774275
-0.01635894 0.0010096648 -0.031270012 -0.26675528 0.68336475 -0.6795987
-0.014971783 0.0009205559 -0.031775657 -0.13898462 0.67091 -0.7283977
-0.016055018 0.0020434489 -0.030249827 -0.25809693 0.75717187 -0.60006404
-0.014739931 0.0019455826 -0.030796183 -0.13485655 0.74001426 -0.658933
-0.01582018 0.003036962 -0.02896572 -0.25785542 0.8220076 -0.50775415
-0.016756907 0.0019119399 -0.030062364 -0.31235868 0.7493718 -0.5838442
-0.017231755 0.0017878333 -0.02995652 -0.54984975 0.6404461 -0.5361848
-0.016603392 0.0029318826 -0.028651718 -0.3197905 0.8185975 -0.4771082
-0.017138965 0.0028346884 -0.028435342 -0.5266902 0.7614903 -0.37779653
-0.015878322 0.0038523818 -0.027326707 -0.28010058 0.88076234 -0.38183945
-0.014754888 0.0044877217 -0.026453817 -0.20012072 0.92678046 -0.3178514
-0.015210919 0.0038788174 -0.027717736 -0.22421162 0.8778711 -0.4231686
-0.016342841 0.0038348343 -0.027004264 -0.44652098 0.8671169 -0.22074258
-0.014940871 0.0045609297 -0.026119225 -0.2966511 0.94880676 -0.108460575
-0.016596355 0.0037064012 -0.026640087 -0.7196757 0.66425455 0.20207122
-0.017501501 0.0026194607 -0.028118566 -0.88105494 0.46961105 -0.05663686
-0.015132723 0.0044483603 -0.02560897 -0.4582289 0.7937556 0.39997292
-0.01677737 0.0014422622 -0.024739847 -0.78732026 0.43183422 0.44005236
-0.015267696 0.00221217 -0.023695666 -0.4919757 0.58361286 0.646031
-0.017718336 0.00028075988 -0.026253808 -0.9654333 0.21125837 0.15267116
-0.017821474 -0.0009886933 -0.027878199 -0.98617136 -0.035943534 -0.16178465
-0.01759661 0.0014366194 -0.029791083 -0.91199666 0.23208427 -0.33822912
-0.017129976 -0.0021565543 -0.029346853 -0.85281503 -0.26682994 -0.44889683
-0.016926946 0.00037457177 -0.03124324 -0.805734 -0.03524394 -0.5912282
-0.015772393 -0.00308711 -0.030513916 -0.5880524 -0.44692865 -0.6741285
-0.015627762 -0.00044274435 -0.032392427 -0.5568505 -0.21035051 -0.80353606
-0.013943921 -0.0036385604 -0.031148527 -0.22940776 -0.55273974 -0.8011559
-0.013851318 -0.0009608787 -0.033023104 -0.22080427 -0.34184316 -0.91344887
-0.011912117 -0.0036971513 -0.031194132 0.15582517 -0.5671045 -0.80877125
-0.011863271 -0.0010253406 -0.03306082 0.15501897 -0.35867003 -0.92050266
-0.010121514 -0.0033180164 -0.03066315 0.5154806 -0.49289462 -0.70095277
-0.010131524 -0.00067917595 -0.03252463 0.50422 -0.31534 -0.8039421
-0.008698888 -0.0025733653 -0.029617125 0.7937195 -0.3454733 -0.5006572
-0.008712858 9.3046925e-05 -0.031507336 0.77677983 -0.14110714 -0.6137605
-0.0077966163 -0.0015061282 -0.028222058 0.9632164 -0.13706544 -0.23114352
-0.007881268 0.0010985582 -0.030125268 0.93568236 0.051985163 -0.3489931
-0.007670586 -0.000256554 -0.026614092 0.9912905 0.10161873 0.08376632
-0.0077629536 0.0023078439 -0.028561275 0.95685226 0.2851151 -0.05606375
-0.008276055 0.00087134517 -0.02518608 0.872547 0.32323813 0.36630422
-0.0083642965 0.0034029128 -0.027195618 0.84295577 0.49159682 0.21853654
-0.009531618 0.0018080325 -0.024023922 0.6280893 0.5042782 0.5926276
-0.009616633 0.00430361 -0.026039828 0.5902545 0.6742831 0.44378152
-0.011358644 0.0024301494 -0.023284456 0.27832094 0.62503374 0.72929436
-0.011337022 0.004800165 -0.025315233 0.24507347 0.7986582 0.5496218
-0.013403493 0.0025679842 -0.023184504 -0.11870375 0.65348625 0.74757284
-0.013344665 0.004869873 -0.025186395 -0.12769525 0.8545972 0.5033462
-0.013271596 0.004971302 -0.025665246 -0.09735943 0.99479145 -0.030186359
-0.013278362 0.0048155957 -0.026142854 -0.07774499 0.94590425 -0.3149934
-0.011396053 0.0049704597 -0.025777891 0.14043441 0.98991257 0.018742837
-0.011523757 0.0047944114 -0.026286758 0.053579874 0.9367016 -0.34600472
-0.009710192 0.004493521 -0.026454771 0.4035912 0.91360986 -0.049307454
-0.008587867 0.0036936495 -0.027525155 0.570992 0.79715383 -0.19624987
-0.009911954 0.0043580253 -0.026859801 0.1743796 0.90126574 -0.39662558
-0.008833575 0.0036625164 -0.02772113 0.26034164 0.84524864 -0.466666
-0.010181284 0.004120152 -0.027493233 0.15031755 0.88202447 -0.44658428
-0.009192928 0.003624625 -0.027985938 0.23740812 0.84056324 -0.4869198
-0.0104037 0.0034472425 -0.02874561 0.14688703 0.8295275 -0.5388028
-0.01171772 0.004515728 -0.027040262 0.04941995 0.91482455 -0.40081626
-0.012094022 0.0038835257 -0.028376501 0.035150755 0.8671938 -0.49672863
-0.013347111 0.00457154 -0.026838733 -0.0727027 0.92817324 -0.36497775
-0.013833742 0.003984804 -0.028044712 -0.101242304 0.8799581 -0.46413767
-0.0145236235 0.004395816 -0.026872432 -0.1786303 0.9211098 -0.3459018
-0.014402094 0.0030724527 -0.0294592 -0.12908056 0.8191628 -0.5588476
-0.012570297 0.002871824 -0.02990825 0.012904821 0.79447126 -0.6071647
-0.010742056 0.0024440107 -0.030183814 0.13571493 0.7616218 -0.63365114
-0.01305308 0.0016645145 -0.031288236 -0.016005 0.71453613 -0.6994155
-0.011309284 0.0013484996 -0.03146942 0.10197987 0.6995363 -0.7072829
-0.013440631 0.0005625201 -0.032275543 -0.03983876 0.64536905 -0.76283145
-0.013648426 -7.690687e-05 -0.03276406 -0.049892634 0.60739243 -0.7928337
-0.011806835 0.0003698481 -0.03239832 0.06704851 0.631216 -0.77270365
-0.010606558 0.0003490568 -0.032233037 0.1495367 0.6283265 -0.7634426
-0.011883118 -0.00020415161 -0.032838777 0.06403257 0.5952582 -0.80097914
-0.010385496 1.0932563e-06 -0.03246155 0.1648663 0.60495853 -0.77900213
-0.011896789 -0.0005805205 -0.033115577 0.10813374 0.22582455 -0.9681479
-0.010226016 -0.0002594298 -0.032627597 0.3577623 0.23478208 -0.90381616
-0.013786761 -0.00051277096 -0.03308265 -0.14252385 0.23386306 -0.96176666
-0.0154937375 1.1203694e-05 -0.032438703 -0.36711192 0.33802325 -0.86658484
-0.016682455 0.000807939 -0.03134673 -0.5241281 0.46284145 -0.71489
-0.015264686 0.00037242786 -0.032185256 -0.16330746 0.6378522 -0.7526456
-0.008908134 0.00048770464 -0.03165493 0.5251016 0.36821395 -0.7672593
-0.009284846 0.00070026505 -0.03158609 0.2324015 0.6527311 -0.7210629
-0.008118513 0.0015022851 -0.030342042 0.63570577 0.4981685 -0.5896665
-0.008566907 0.0016882689 -0.030329747 0.27421817 0.7151324 -0.64295423
-0.008023329 0.0026439484 -0.028887179 0.6430735 0.65041775 -0.40424418
-0.008416972 0.0027514347 -0.028937053 0.27918175 0.78135 -0.55816644
-0.009071187 0.0029477323 -0.028982935 0.24194844 0.7906659 -0.562413
-0.009287778 0.001980293 -0.030310012 0.2298599 0.7328866 -0.6403451
-0.009910858 0.0010158134 -0.031496186 0.19162789 0.6757672 -0.7117707
-0.0020243335 0.018214043 0.007506175 -0.3013224 0.76434207 0.5700756
-0.006730731 0.016167762 0.0070077106 -0.31054565 0.3370564 0.8887937
-0.0026869366 0.019959021 0.0054692086 -0.121005185 0.9323315 0.3407576
-0.0026869366 0.019959021 0.0054692086 -0.04812238 0.75077176 0.65880656
0.0024106945 0.020033978 0.0075552 -0.26096064 0.951078 0.16537972
-0.0012786598 0.016850993 0.009991901 -0.5801627 0.68446493 0.44149622
-0.005392214 0.0140106585 0.008490505 -0.54177535 0.35846078 0.7602535
0.002783372 0.019654239 0.010738848 -0.4094759 0.9027874 0.13154647
-0.0010167737 0.01565989 0.01292049 -0.7476778 0.60416186 0.27561972
-0.0045005917 0.01229089 0.010312347 -0.73126185 0.34879264 0.5861739
-0.0023012124 0.0131841265 0.013999766 -0.8699477 0.36587292 0.3306479
0.00301068 0.019440666 0.014181571 -0.53292584 0.8427207 0.07623551
0.00030740898 0.01648215 0.017156785 -0.76951194 0.6326671 0.087083936
-0.0013692947 0.013909375 0.016875012 -0.9373734 0.31725714 0.14380145
0.00054363685 0.016379507 0.020748766 -0.7814264 0.6201953 0.06877764
0.0035492089 0.019594494 0.018033514 -0.55439633 0.83132607 0.039264187
0.0038152202 0.019575246 0.021896916 -0.5695897 0.82079214 0.0432185
0.00815437 0.021550909 0.01870968 -0.17514153 0.9843565 -0.019176066
0.0084275715 0.021650625 0.022717552 -0.20296916 0.97916245 -0.0066660703
0.013349658 0.021276504 0.019163111 0.98633856 -0.13138254 -0.09937198
0.013349658 0.021276504 0.019163111 0.053612616 0.9969947 -0.055921443
0.007851457 0.021419719 0.014641786 -0.17117482 0.9850842 -0.017565388
0.012880234 0.021229416 0.014769157 0.9906091 -0.087095134 -0.10539399
0.012880234 0.021229416 0.014769157 0.04246093 0.9986266 -0.030693479
0.0075355093 0.021283744 0.010728708 -0.14849925 0.9887545 -0.017677728
0.0124219805 0.020987881 0.01019772 0.9741375 -0.20419794 -0.096743114
0.0124219805 0.020987881 0.01019772 0.058878332 0.9966055 -0.057539187
0.0072267237 0.021143818 0.0071199294 -0.0940075 0.9954028 -0.018322298
0.01193309 0.020726241 0.005763836 0.94834566 -0.30286247 -0.09441847
0.01193309 0.020726241 0.005763836 0.0740022 0.99547595 -0.05959298
0.006734396 0.020964105 0.0026623812 -0.013157482 0.99990714 -0.0035350039
0.006734396 0.020964105 0.0026623812 -0.06366629 0.9614983 -0.26733404
0.011360241 0.020477287 0.0008035023 0.9270102 -0.36437967 -0.08876718
0.011360241 0.020477287 0.0008035023 0.92267424 -0.37035856 -0.10726943
0.011360241 0.020477287 0.0008035023 0.080886945 0.994959 -0.059277195
0.011360241 0.020477287 0.0008035023 0.026296414 0.9856771 -0.16658093
0.001693898 0.02066718 0.0044889413 -0.09300464 0.99548364 0.01903679
0.001693898 0.02066718 0.0044889413 -0.11270933 0.94578344 0.30461493
0.0065552364 0.02087238 0.002382731 -0.076732926 0.961908 -0.26238367
0.0065552364 0.02087238 0.002382731 -0.2986481 0.44569534 -0.84389865
0.011296019 0.020420723 0.0004463829 0.92550206 -0.36453617 -0.10275855
0.011296019 0.020420723 0.0004463829 0.90709287 -0.38143772 -0.17801036
0.011296019 0.020420723 0.0004463829 0.028097782 0.9865044 -0.16130629
0.011296019 0.020420723 0.0004463829 -0.30323443 0.44225207 -0.84407467
0.0016127294 0.02066329 0.0040895324 -0.092116244 0.9957397 0.004138299
0.0016127294 0.02066329 0.0040895324 -0.26558486 0.51170236 -0.8170834
0.006452012 0.019690696 0.0018041003 0.03243805 0.9990011 -0.030733569
0.006452012 0.019690696 0.0018041003 -0.29856718 0.44083348 -0.8464771
0.0017435093 0.019549593 0.0033580214 -0.07375055 0.997246 0.0078160865
0.0017435093 0.019549593 0.0033580214 -0.27125472 0.5012674 -0.82167625
0.0106728 0.019167121 1.2651086e-05 0.90269464 -0.377029 -0.20734385
0.0106728 0.019167121 1.2651086e-05 0.101610035 0.993688 -0.04753552
0.0106728 0.019167121 1.2651086e-05 -0.30323598 0.4427083 -0.8438349
0.006055179 0.019658152 0.0004066974 0.03917658 0.99865854 -0.033858385
0.010302108 0.019140173 -0.0013722777 0.10169739 0.99372536 -0.04655721
0.0014312909 0.019544337 0.0018882547 -0.071369566 0.99739987 0.010001414
-0.0027052753 0.019041654 0.0027710367 -0.1493906 0.9887057 -0.011980707
-0.007852217 0.018045062 0.0032486096 -0.22791189 0.97365 0.007862932
-0.0026339078 0.019077307 0.0043058433 -0.15426306 0.9879374 -0.01351208
-0.0026339078 0.019077307 0.0043058433 -0.21463922 0.5641348 -0.7972966
-0.007914882 0.018015362 0.004695488 -0.15548863 0.6180998 -0.7705686
-0.007914882 0.018015362 0.004695488 -0.23305416 0.9722887 0.01844822
-0.0029000817 0.02007105 0.0050888285 -0.14165331 0.9284183 0.34347326
-0.0029000817 0.02007105 0.0050888285 -0.20932363 0.572328 -0.79285836
-0.00828829 0.018854667 0.0054484587 -0.1523516 0.6242299 -0.7662415
-0.00828829 0.018854667 0.0054484587 -0.24632826 0.91145796 0.32949468
-0.008152602 0.018746462 0.0058509912 -0.18655512 0.37607223 0.907616
-0.008152602 0.018746462 0.0058509912 -0.23004073 0.9159617 0.32877895
-0.014259474 0.017085122 0.0049881767 -0.10299813 0.68755823 -0.7187872
-0.014259474 0.017085122 0.0049881767 -0.36568162 0.7681738 0.5255341
-0.014256163 0.016849773 0.005330801 -0.2517953 0.057542954 0.96606827
-0.014256163 0.016849773 0.005330801 -0.36988306 0.7600354 0.53435266
-0.021114986 0.01431901 0.0030579064 -0.06991977 0.7427665 -0.6658897
-0.021114986 0.01431901 0.0030579064 -0.51473874 0.44699058 0.73160326
-0.013450241 0.016354933 0.004178187 -0.11195882 0.6773454 -0.7270959
-0.013450241 0.016354933 0.004178187 -0.33427718 0.9339312 0.12661451
-0.013327055 0.01655691 0.0029392447 -0.33002457 0.93745744 0.11071291
-0.02026055 0.013681485 0.002260616 -0.07254144 0.7377348 -0.67118186
-0.02026055 0.013681485 0.002260616 -0.48057872 0.83937985 0.2539398
-0.025885386 0.010625223 -0.0009116214 -0.038917396 0.78285444 -0.6209866
-0.025885386 0.010625223 -0.0009116214 -0.6711188 0.64716613 0.3616292
-0.020026749 0.014070926 0.0013778936 -0.47077328 0.8490057 0.23992041
-0.025706345 0.011164739 -0.001540266 -0.665108 0.65503013 0.35856223
-0.030506324 0.0076982393 -0.006017212 -0.7710709 0.6022697 0.20669039
-0.033717163 0.0040473067 -0.011309676 -0.76912016 0.6373289 0.047604054
-0.03082849 0.007096176 -0.0054571237 -0.032504234 0.8187984 -0.5731601
-0.03082849 0.007096176 -0.0054571237 -0.7758841 0.60130274 0.19088958
-0.0341881 0.0034514023 -0.010745257 0.011161278 0.8236924 -0.56692713
-0.0341881 0.0034514023 -0.010745257 -0.22211614 -0.6402041 -0.7353931
-0.0341881 0.0034514023 -0.010745257 -0.14302067 -0.23840547 -0.96057683
-0.0341881 0.0034514023 -0.010745257 -0.7641979 0.6436196 0.04189751
-0.031863168 0.007495947 -0.004823139 -0.032567423 0.8185401 -0.5735255
-0.031863168 0.007495947 -0.004823139 -0.82366604 0.281672 0.4921738
-0.026828542 0.011212965 -0.00010819174 -0.04194365 0.7839609 -0.6193916
-0.026828542 0.011212965 -0.00010819174 -0.67959255 0.35692683 0.64090335
-0.031871215 0.0070862556 -0.004601985 -0.67208415 -0.23677655 0.70159805
-0.031871215 0.0070862556 -0.004601985 -0.8328419 0.2771252 0.479141
-0.03548089 0.0036338991 -0.010513662 0.014470311 0.8230486 -0.5677865
-0.03548089 0.0036338991 -0.010513662 -0.22478457 -0.64483887 -0.7305168
-0.03548089 0.0036338991 -0.010513662 -0.2221162 -0.6402041 -0.7353932
-0.03548089 0.0036338991 -0.010513662 -0.8790268 0.33024436 0.3438758
-0.035490435 0.003349145 -0.0102593675 -0.21671873 -0.6589311 -0.72030735
-0.035490435 0.003349145 -0.0102593675 -0.20308565 -0.71066886 -0.67357695
-0.035490435 0.003349145 -0.0102593675 -0.7203613 -0.20083441 0.66388637
-0.035490435 0.003349145 -0.0102593675 -0.8785444 0.33421493 0.34126255
-0.03506523 0.0034397934 -0.010470225 -0.2055965 -0.6777486 -0.7059652
-0.03506523 0.0034397934 -0.010470225 -0.22211619 -0.6402041 -0.7353932
-0.03506523 0.0034397934 -0.010470225 -0.28170297 0.3766131 -0.8824998
-0.03506523 0.0034397934 -0.010470225 -0.8523527 -0.35095248 0.38772073
-0.035027195 0.0032396615 -0.010567773 -0.26429594 0.2716867 -0.92538315
-0.035027195 0.0032396615 -0.010567773 -0.874184 -0.2951609 0.38559344
-0.034943257 0.0032810252 -0.010345822 -0.19588009 -0.6936238 -0.6931934
-0.034943257 0.0032810252 -0.010345822 -0.19539973 -0.7072289 -0.6794455
-0.034943257 0.0032810252 -0.010345822 -0.8106146 -0.35782138 0.4635384
-0.034943257 0.0032810252 -0.010345822 -0.86827093 -0.31119978 0.38634223
-0.034976162 0.0031564143 -0.01049917 -0.8104928 -0.3572477 0.46419337
-0.034976162 0.0031564143 -0.01049917 -0.8942526 -0.2336479 0.38173425
-0.03169854 -0.000373321 -0.007475177 -0.27787566 -0.76124966 -0.5859045
-0.03169854 -0.000373321 -0.007475177 -0.75951314 -0.4590247 0.4609079
-0.032015238 -0.00047595648 -0.0071892403 -0.28130764 -0.76225615 -0.58295083
-0.032015238 -0.00047595648 -0.0071892403 -0.68510866 -0.17564476 0.7069477
-0.027922776 -0.0033967062 -0.0051161107 -0.26876333 -0.80789113 -0.524479
-0.027922776 -0.0033967062 -0.0051161107 -0.6188576 -0.3898831 0.68191373
-0.03175025 -0.00046886213 -0.0076567195 -0.77810836 -0.43637532 0.45180088
-0.027957946 -0.0035425746 -0.0052316505 -0.6193606 -0.39285186 0.6797497
-0.023073474 -0.006227188 -0.0030723568 -0.47485363 -0.39592692 0.7859745
-0.01788305 -0.008218716 -0.0014401246 -0.4087864 -0.689729 0.597635
-0.023045046 -0.0060684625 -0.0029754303 -0.25868717 -0.882367 -0.39307705
-0.023045046 -0.0060684625 -0.0029754303 -0.47839248 -0.39759752 0.7829795
-0.017896524 -0.00806177 -0.0012667831 -0.22557852 -0.94743574 -0.22689155
-0.017896524 -0.00806177 -0.0012667831 -0.41061637 -0.69043195 0.5955651
-0.023155732 -0.006202466 -0.002598444 -0.25238696 -0.8874959 -0.38555422
-0.023155732 -0.006202466 -0.002598444 -0.46201432 -0.32615587 0.8247213
-0.021361886 -0.0029638093 -0.0002671983 -0.4140624 -0.3243665 0.85049325
-0.017953373 -0.008136426 -0.0008921493 -0.21269655 -0.9516039 -0.22183397
-0.017953373 -0.008136426 -0.0008921493 -0.39103374 -0.35516244 0.8490891
-0.028074285 -0.0035843449 -0.004748298 -0.25771117 -0.8154598 -0.51827633
-0.028074285 -0.0035843449 -0.004748298 -0.58065534 -0.23390365 0.77982587
-0.024182918 -0.0002885497 -0.0008141771 -0.49182323 -0.24787807 0.8346654
-0.028227668 0.0031816475 -0.0024294462 -0.5941439 -0.23969753 0.7678138
-0.018295 0.0021371432 0.0026277825 -0.39986774 -0.21822204 0.8902162
-0.017932197 -0.0027079722 0.0013284069 -0.38887507 -0.30350283 0.86986333
-0.012139477 0.0002749852 0.0048539694 -0.4999638 -0.21655671 0.838534
-0.022981456 0.006463293 0.0015850831 -0.43898275 -0.17505394 0.8812776
-0.013917046 0.007123708 0.0052256193 -0.39131385 -0.08420968 0.9163963
-0.017493922 0.01028613 0.0042636935 -0.34292457 -0.07713863 0.9361903
-0.010227928 0.0051179267 0.0068078768 -0.5404078 -0.06945737 0.83853155
-0.009619221 0.010920981 0.007017946 -0.43513006 0.095943995 0.895241
-0.011895701 0.013590843 0.006027134 -0.29465827 0.06264882 0.9535469
-0.0075157774 0.008904776 0.008568959 -0.6214529 0.123585805 0.77364254
-0.006252251 0.007511068 0.010201706 -0.6860047 0.0690247 0.7243155
-0.004185182 0.011066502 0.011722079 -0.81214315 0.25938317 0.52263165
-0.007659259 0.0038705375 0.008932924 -0.64956784 -0.055627752 0.7582659
-0.0061088004 0.007330889 0.010329692 -0.4776829 -0.13732928 0.86773247
-0.007523916 0.003736564 0.009042686 -0.40214294 -0.20919445 0.8913578
-0.0058907485 0.0071625905 0.010332296 0.24777919 -0.47713 0.84317994
-0.0058907485 0.0071625905 0.010332296 -0.22629863 -0.2832439 0.9319666
-0.004075599 0.010736749 0.012005268 -0.6740296 -0.0529279 0.7368058
-0.003760628 0.010432962 0.012039853 0.27374884 -0.6845795 0.67558306
-0.003760628 0.010432962 0.012039853 -0.40424532 -0.32484657 0.85502064
-0.0022767796 0.012759846 0.014229348 -0.79897916 -0.23926727 0.5517096
-0.0018857778 0.01245181 0.014204411 0.24203709 -0.90314305 0.3546134
-0.0018857778 0.01245181 0.014204411 -0.48233724 -0.64915395 0.5881752
-0.0013602097 0.013478259 0.016939865 -0.90505284 -0.385305 0.180054
-0.0010123169 0.013181227 0.016934501 0.19714536 -0.97948307 0.04179406
-0.0010123169 0.013181227 0.016934501 -0.63779277 -0.7540451 0.15695964
-0.0013202322 0.013179549 0.019861294 -0.9523702 -0.28719145 -0.102528244
-0.00091197994 0.012855321 0.019905204 0.15360056 -0.9483942 -0.27740848
-0.00091197994 0.012855321 0.019905204 -0.5793587 -0.76459545 -0.28237805
-0.0014932626 0.012343603 0.021708315 -0.90613335 -0.23794514 -0.34972063
-0.0012051577 0.013692509 0.019930819 -0.9207806 0.38613883 0.055314958
-0.0015143375 0.012803816 0.02194987 -0.9530384 0.3015071 -0.02848367
-0.0021531293 0.01111004 0.02374327 -0.94974977 0.29899645 -0.09261023
0.0003717913 0.015679337 0.024390062 -0.8111232 0.5790068 0.08264584
4.42405e-05 0.014596802 0.028419739 -0.8353883 0.54394597 0.07905219
0.0039120372 0.019406324 0.025811886 -0.59551233 0.80125403 0.057940878
0.0040077874 0.019167155 0.03009568 -0.6290059 0.77499175 0.061149754
0.008690497 0.021722604 0.026746394 -0.22756347 0.97371054 0.010128747
0.008854713 0.021734675 0.030891685 -0.25061885 0.9680004 0.012864688
0.014223058 0.021739054 0.027364036 0.9663571 -0.24309555 -0.0840153
0.014223058 0.021739054 0.027364036 -0.001466923 0.9997931 -0.020287823
0.014589127 0.02181797 0.031188792 0.94670486 -0.31385508 -0.07242173
0.014589127 0.02181797 0.031188792 -0.01628126 0.99981904 -0.009845431
0.01382155 0.021592615 0.02341043 0.9817587 -0.16519785 -0.09412478
0.01382155 0.021592615 0.02341043 0.026201196 0.9985675 -0.04665265
0.01410423 0.021273706 0.027361007 0.96498686 -0.24892159 -0.08269494
0.01410423 0.021273706 0.027361007 0.46021152 0.8853605 -0.06589554
0.013743352 0.021132195 0.023406291 0.98117745 -0.16894509 -0.09353319
0.013743352 0.021132195 0.023406291 0.48795918 0.86915153 -0.08044503
0.014242195 0.021201497 0.027353464 0.4592371 0.8858836 -0.06566166
0.014433162 0.021348855 0.031202903 0.94551784 -0.31755167 -0.07181083
0.014433162 0.021348855 0.031202903 0.41453177 0.9087686 -0.04799012
0.014746157 0.021387855 0.035504274 0.93778676 -0.34163585 -0.06197459
0.014746157 0.021387855 0.035504274 0.4270907 0.90389395 -0.023860708
0.01459376 0.0212771 0.031228969 0.41379905 0.90922356 -0.045639127
0.014908165 0.021309705 0.035444513 0.42630455 0.9041448 -0.028044626
0.015192568 0.021240283 0.040416747 0.46455982 0.8854975 0.008847276
0.015032917 0.02132406 0.04042688 0.93784326 -0.34311548 -0.05217086
0.015032917 0.02132406 0.04042688 0.4646933 0.88542783 0.008811456
0.015401237 0.020931432 0.04628516 0.41512293 0.9074457 0.06492444
0.015248692 0.020998321 0.04631857 0.9667369 -0.25300354 -0.03753686
0.015248692 0.020998321 0.04631857 0.41418436 0.9073913 0.071361214
0.015406415 0.020254904 0.05174437 0.6309084 0.7605376 0.15341812
0.015264709 0.020373685 0.05174026 0.98349977 -0.18090734 -0.00094544416
0.015264709 0.020373685 0.05174026 0.6311256 0.7618752 0.14569408
0.015050394 0.018888175 0.05803494 0.44453374 0.84643453 0.2931524
0.014918048 0.018936656 0.058095254 0.99351984 -0.08490626 0.075559825
0.014918048 0.018936656 0.058095254 0.45806214 0.8214091 0.33980313
0.014209967 0.016570393 0.06331553 0.5559926 0.67133766 0.49007967
0.014066137 0.016643867 0.06337848 0.96950924 -0.22791103 0.09004588
0.014066137 0.016643867 0.06337848 0.55746347 0.64528674 0.5223406
0.012802208 0.013252727 0.06787841 0.44009906 0.57098854 0.693026
0.012647629 0.013300343 0.067936994 0.94080263 -0.3265316 0.090926416
0.012647629 0.013300343 0.067936994 0.43929806 0.52257746 0.7307052
0.0111201685 0.009697291 0.070663795 0.892116 -0.4502625 -0.037320234
0.0111201685 0.009697291 0.070663795 0.5262272 0.113147065 0.84278274
0.0111201685 0.009697291 0.070663795 0.54395044 0.34270972 0.76594263
0.010977581 0.009748655 0.070742086 0.90333235 -0.4267007 0.0437841
0.010977581 0.009748655 0.070742086 0.5115976 0.12448873 0.8501591
0.010977581 0.009748655 0.070742086 0.5410464 0.3450447 0.76695037
0.0095834285 0.006547197 0.07193439 0.8875174 -0.45838988 -0.04681486
0.0095834285 0.006547197 0.07193439 0.755048 -0.202646 0.62356806
0.010735244 0.009080685 0.06890167 0.8905958 -0.45301592 -0.04019747
0.009322723 0.0062237633 0.07020308 0.8864523 -0.46037823 -0.04747784
0.008184944 0.0039908877 0.070633635 0.8863343 -0.46015933 -0.05162316
0.008184944 0.0039908877 0.070633635 -0.039594177 0.018351823 -0.99904734
0.0067351353 0.0012059055 0.07063994 0.8829397 -0.4658138 -0.058608975
0.0067351353 0.0012059055 0.07063994 0.026905412 0.14493878 -0.98907477
0.008280333 0.003972239 0.07240878 0.88645226 -0.45983663 -0.052465398
0.008280333 0.003972239 0.07240878 0.49622622 -0.21779932 0.8404302
0.0067826333 0.0046864776 0.070701994 -0.043895878 0.01840786 -0.9988665
0.005405118 0.0020300662 0.07072755 0.009616985 0.13642853 -0.99060327
0.0039172517 -0.0005547971 0.06997006 0.11186379 0.3620597 -0.9254184
0.0051216385 -0.001599823 0.06972024 0.8817553 -0.46299502 -0.090239644
0.0051216385 -0.001599823 0.06972024 0.16091941 0.39076382 -0.90631586
0.0022148718 -0.0034035267 0.06800841 0.16303068 0.49161637 -0.8554146
0.0035193902 -0.004320343 0.06773013 0.8874141 -0.4502164 -0.09900204
0.0035193902 -0.004320343 0.06773013 0.18277133 0.4882889 -0.85332793
0.0032426924 -0.0051780352 0.069150314 0.8875106 -0.45095882 -0.09466269
0.0032426924 -0.0051780352 0.069150314 -0.06480196 -0.5423827 0.8376286
0.0032426924 -0.0051780352 0.069150314 -0.1819834 -0.7483244 0.6378813
0.004898158 -0.0022961246 0.071144596 0.88288766 -0.46233898 -0.082170725
0.004898158 -0.0022961246 0.071144596 0.33141646 -0.5805415 0.7437303
0.0031197579 -0.005129394 0.06917229 0.9027086 -0.40939602 -0.13233347
0.0031197579 -0.005129394 0.06917229 -0.05461967 -0.54712903 0.8352643
0.0031197579 -0.005129394 0.06917229 -0.17739798 -0.7499755 0.6372337
0.0016810552 -0.0077540064 0.065682836 -0.015518729 -0.86226785 0.50621474
0.000720851 -0.009212107 0.062469378 0.093233265 -0.9378022 0.33441684
0.0015457454 -0.007715092 0.06574482 0.8727208 -0.487433 -0.027705938
0.0015457454 -0.007715092 0.06574482 -0.004520623 -0.8513106 0.5246425
0.0005483874 -0.009214927 0.06251108 0.9151374 -0.39031056 -0.10090171
0.0005483874 -0.009214927 0.06251108 0.09333242 -0.93848205 0.3324764
0.0013490785 -0.008075495 0.06598295 0.87284005 -0.48714733 -0.02894377
0.0013490785 -0.008075495 0.06598295 -0.84021974 -0.2816747 0.46334675
7.786567e-05 -0.005438124 0.06535275 -0.8783246 -0.19537532 0.43631908
0.0030152341 -0.005531595 0.06968315 0.9027947 -0.41149783 -0.1250251
0.0030152341 -0.005531595 0.06968315 -0.7771852 -0.12596636 0.6165352
0.00034459808 -0.009718739 0.062593 0.9147837 -0.39156199 -0.09924691
0.00034459808 -0.009718739 0.062593 -0.8950199 -0.29146746 0.33761838
-0.00076776126 -0.006434121 0.06260166 -0.925939 -0.21086863 0.31332323
-0.000534634 -0.010851395 0.05900356 0.88923866 -0.4531088 -0.062825896
-0.000534634 -0.010851395 0.05900356 -0.92756116 -0.27112618 0.25713977
-0.0016753632 -0.0069951983 0.058986552 -0.9526426 -0.18707298 0.23974055
-0.0013112237 -0.011770283 0.054552697 0.88957554 -0.45177507 -0.06748713
-0.0013112237 -0.011770283 0.054552697 -0.9436277 -0.26882595 0.1931301
-0.00027602806 -0.010337719 0.05892682 0.887928 -0.45589924 -0.06115311
-0.00027602806 -0.010337719 0.05892682 -0.16384237 -0.9460997 0.27937624
-0.0010518278 -0.011245345 0.054459862 0.8857637 -0.45964915 -0.06438464
-0.0010518278 -0.011245345 0.054459862 -0.29392087 -0.9307208 0.21764477
-0.00013770978 -0.010365223 0.05891665 -0.16796094 -0.94352865 0.28555715
-0.0009028015 -0.011301518 0.054421753 -0.29594252 -0.93128824 0.21241525
-0.001495339 -0.012004101 0.049919277 -0.23960057 -0.9610681 0.13762152
-0.0016277051 -0.011968051 0.04994133 0.7414874 -0.67087615 -0.011036474
-0.0016277051 -0.011968051 0.04994133 -0.23898609 -0.9606888 0.14128892
-0.002060914 -0.012394843 0.044830665 -0.3143522 -0.94506645 0.08962193
-0.0022280617 -0.012334862 0.04487451 0.74669796 -0.663738 -0.043519404
-0.0022280617 -0.012334862 0.04487451 -0.31404454 -0.9448538 0.09288424
-0.002621996 -0.012676814 0.0386512 -0.2497991 -0.9666321 0.056770187
-0.0029040664 -0.012600101 0.038719468 0.7784419 -0.6246359 -0.062115394
-0.0029040664 -0.012600101 0.038719468 -0.24951722 -0.96660453 0.058454644
-0.0032110629 -0.012859845 0.03220941 -0.2882416 -0.9561481 0.05193944
-0.003504673 -0.012769935 0.032235272 0.71075135 -0.70048827 -0.06440987
-0.003504673 -0.012769935 0.032235272 -0.28767326 -0.9563227 0.051875204
-0.0037707835 -0.013052524 0.025363548 -0.28799164 -0.9575769 0.010368312
-0.004161946 -0.012935768 0.025325844 0.3280287 -0.94333905 -0.050084423
-0.004161946 -0.012935768 0.025325844 -0.28602812 -0.9582212 0.00038902293
-0.004206432 -0.01268414 0.019034838 -0.34580046 -0.93736494 -0.042060476
-0.0045320694 -0.01256681 0.0190889 0.183601 -0.9768186 -0.11007354
-0.0045320694 -0.01256681 0.0190889 -0.34351626 -0.9382256 -0.041583296
-0.004248303 -0.012637382 0.018448623 -0.35272196 -0.9344263 -0.049344763
-0.004248303 -0.012637382 0.018448623 0.29450706 0.4107436 -0.8628762
-0.0045389896 -0.012525131 0.018400816 -0.35044104 -0.9352096 -0.05073533
-0.0045389896 -0.012525131 0.018400816 0.29218078 0.42017475 -0.85911787
-0.0045389896 -0.012525131 0.018400816 0.013107057 -0.99807656 -0.06059278
-0.0045389896 -0.012525131 0.018400816 -0.47765505 0.26211104 -0.83853644
-0.0028501828 -0.012549052 0.018934062 0.26266173 0.4709296 -0.8421604
-0.003120618 -0.01223834 0.019023458 0.27361956 0.44689423 -0.8517146
-0.0040178313 -0.008136534 0.020695409 0.25746775 0.3820707 -0.88754284
-0.0054325773 -0.008169015 0.020270942 0.26137194 0.38552898 -0.8849023
-0.0054325773 -0.008169015 0.020270942 -0.47671428 0.2972165 -0.82728827
-0.0039626933 -0.004302877 0.02221693 0.25711498 0.3358204 -0.9061549
-0.005328514 -0.0041399347 0.02188428 0.26061654 0.3372036 -0.90463954
-0.005328514 -0.0041399347 0.02188428 -0.5010834 0.35076925 -0.7911235
-0.0033356664 -0.00016757182 0.023793628 0.22038926 0.28039402 -0.9342418
-0.004775558 3.0665775e-05 0.023508864 0.22712949 0.2858067 -0.9309815
-0.004775558 3.0665775e-05 0.023508864 -0.52086616 0.3651173 -0.77161366
-0.0025683637 0.0032609804 0.024840726 0.17728181 0.13943848 -0.974232
-0.0039082365 0.0035424987 0.024637433 0.18206696 0.14947003 -0.9718592
-0.0039082365 0.0035424987 0.024637433 -0.43004298 0.2811313 -0.8579209
-0.001911791 0.0058424035 0.025047017 0.13654254 -0.10886269 -0.98463446
-0.0031119753 0.0060915304 0.02486336 0.1306159 -0.097219706 -0.9866549
-0.0031119753 0.0060915304 0.02486336 -0.3283893 0.050306167 -0.9432019
-0.0010858737 0.008488418 0.024534 0.12503867 -0.3673285 -0.9216481
-0.0023091366 0.008726087 0.02427332 0.1294903 -0.3696906 -0.9200877
-0.0023091366 0.008726087 0.02427332 -0.4414056 -0.23495103 -0.8660018
-0.00038869132 0.010408047 0.023542127 0.1287146 -0.6384453 -0.75882816
-0.00163705 0.01055272 0.02321445 0.12244086 -0.6473584 -0.75228673
-0.00163705 0.01055272 0.02321445 -0.5246213 -0.39897636 -0.7520575
0.00028765434 0.012084463 0.021935916 0.16262619 -0.8205096 -0.5480117
-0.001169133 0.012011248 0.021625923 0.14434716 -0.82026494 -0.5534704
-0.001169133 0.012011248 0.021625923 -0.6669168 -0.5493002 -0.5034791
0.00066344463 0.013094646 0.019984746 0.16348165 -0.9488253 -0.2701931
0.00060740154 0.013510057 0.016809141 0.19201633 -0.9810649 0.025325665
-0.0005959098 0.012435551 0.013325235 0.22828306 -0.8868099 0.4018146
-0.0025717188 0.009957093 0.011138508 0.25354138 -0.65013486 0.7162691
-0.0044468674 0.00652867 0.009591127 0.23585923 -0.45759392 0.8573086
-0.0056725624 0.0032371106 0.008372942 0.24914265 -0.40441322 0.8799874
-0.007323229 0.0036298884 0.009018628 0.24988542 -0.40655768 0.8787878
-0.007323229 0.0036298884 0.009018628 -0.06783227 -0.33537355 0.93964005
-0.0066701393 -0.0015762764 0.006492885 0.26129323 -0.3884594 0.88364303
-0.008501776 -0.0012800366 0.007167669 0.2611169 -0.3899818 0.88302445
-0.008501776 -0.0012800366 0.007167669 -0.23902768 -0.3321003 0.91245556
-0.0067851017 -0.005518592 0.0048484113 0.25687703 -0.37066996 0.8925346
-0.0087550655 -0.0056630475 0.0053538606 0.25742447 -0.3716449 0.8919713
-0.0087550655 -0.0056630475 0.0053538606 -0.41431674 -0.37147707 0.83087087
-0.006494562 -0.008423896 0.0035794098 0.26057574 -0.362954 0.894631
-0.008159362 -0.010395432 0.0032644514 0.25861952 -0.38606092 0.88547885
-0.008159362 -0.010395432 0.0032644514 0.05553446 -0.98543894 -0.1607051
-0.008159362 -0.010395432 0.0032644514 -0.39048907 -0.41252354 0.8230082
-0.006156497 -0.010142381 0.0027931947 0.25148234 -0.3855326 0.8877619
-0.00776309 -0.010364524 0.0031423382 0.24307974 -0.69061005 0.6811535
-0.00776309 -0.010364524 0.0031423382 0.010724169 -0.9770987 -0.2125161
-0.00776309 -0.010364524 0.0031423382 -0.6180355 -0.27925587 0.73487973
-0.006112615 -0.010319288 0.0027006604 0.24706252 -0.40089583 0.8821805
-0.006112615 -0.010319288 0.0027006604 0.041868575 -0.9619236 -0.27009267
-0.00777349 -0.010498809 0.003082564 0.24625371 -0.41002384 0.87820244
-0.00777349 -0.010498809 0.003082564 0.069691405 -0.97646564 -0.20410302
-0.00777349 -0.010498809 0.003082564 -0.65148795 -0.31698743 0.6892622
-0.0062776697 -0.010270697 0.002502013 0.04473819 -0.9618702 -0.26982254
-0.007880013 -0.010484896 0.0029758792 0.07110316 -0.9733946 -0.21782418
-0.007880013 -0.010484896 0.0029758792 -0.6909837 -0.35364196 0.63045925
-0.00643896 -0.010223216 0.0023079012 0.048443694 -0.96108025 -0.27198905
-0.007982794 -0.010468318 0.0028707106 0.07258388 -0.97184616 -0.2241576
-0.007982794 -0.010468318 0.0028707106 -0.64125174 -0.4174899 0.64381546
-0.007982794 -0.010468318 0.0028707106 -0.5137879 -0.48607355 0.70693314
-0.012295613 -0.009564579 0.0003443975 -0.43355182 -0.5560338 0.7091257
-0.008018522 -0.010324523 0.002943311 0.013190241 -0.96369827 -0.2666676
-0.008018522 -0.010324523 0.002943311 -0.5843155 -0.47674742 0.65672463
-0.008018522 -0.010324523 0.002943311 -0.51389855 -0.48496655 0.70761275
-0.008478126 -0.01037366 0.003102975 -0.010236512 -0.9470463 -0.320934
-0.008478126 -0.01037366 0.003102975 -0.49719828 -0.39932075 0.7702836
-0.012293646 -0.009418586 0.00045945495 -0.13320042 -0.97126573 -0.19723216
-0.012293646 -0.009418586 0.00045945495 -0.44231445 -0.5510625 0.70759314
-0.00789216 -0.010344029 0.0030415822 0.024457706 -0.97676754 -0.21290189
-0.00789216 -0.010344029 0.0030415822 -0.647411 -0.36760336 0.66762763
-0.008323792 -0.010394378 0.0031869635 0.028098175 -0.9726535 -0.23055522
-0.008323792 -0.010394378 0.0031869635 -0.43599772 -0.40841293 0.80193824
-0.00892528 -0.005622143 0.005287202 -0.5027843 -0.35508522 0.7881132
-0.008703649 -0.0012159076 0.0071386155 -0.4245897 -0.2842515 0.8596072
-0.009075047 -0.0055692894 0.005193306 -0.56618196 -0.3338301 0.7536548
-0.012619132 -0.0045773583 0.0030031018 -0.4787951 -0.31863293 0.81806374
-0.00886655 -0.001130958 0.0070417468 -0.58791435 -0.2160942 0.77952546
-0.012506418 -0.0094688 0.0008505564 -0.13389322 -0.9701417 -0.20223226
-0.012506418 -0.0094688 0.0008505564 -0.4553011 -0.37918437 0.8055557
-0.002056772 0.010854525 0.023345666 -0.8215114 -0.14443687 -0.551595
-0.002751745 0.00871479 0.024501977 -0.7252278 -0.0026947404 -0.6885037
-0.0028744456 0.009004242 0.024837332 -0.957059 0.245455 -0.15424003
-0.0035196808 0.0062426897 0.025010688 -0.6410082 0.14728013 -0.7532709
-0.004351845 0.0036392594 0.02489779 -0.7642913 0.30139917 -0.570103
-0.0037158378 0.0062702606 0.025357837 -0.94007117 0.27758056 -0.19802824
-0.004451572 0.0036900444 0.025355054 -0.964663 0.25431082 -0.06893046
-0.0030316557 0.007666246 0.029569251 -0.9440757 0.3242641 0.05978178
-0.0039828587 0.0044412436 0.029484333 -0.9668822 0.24599434 0.06801185
-0.002429516 0.008192948 0.034637123 -0.9367313 0.34083772 0.079775855
-0.0018124427 0.010864343 0.029293029 -0.91165626 0.4047626 0.071064256
-0.0009202119 0.011784413 0.03461574 -0.89316297 0.44212398 0.082379445
0.0011880326 0.015456532 0.03458166 -0.80532444 0.5883052 0.073139615
-0.00017622602 0.012236976 0.040027022 -0.881963 0.46262598 0.09010235
0.0019524591 0.015715318 0.040184423 -0.7944426 0.60112107 0.08668615
0.00040036265 0.012257722 0.045464903 -0.8745495 0.47498474 0.09773871
-0.0018387497 0.008561547 0.0399286 -0.9292669 0.35899398 0.08709871
-0.0031404062 0.0046078404 0.039782055 -0.96220773 0.25955606 0.08238309
-0.0013170145 0.008615465 0.045310497 -0.9242476 0.37085247 0.090744875
-0.0026622037 0.004652324 0.04517375 -0.9604451 0.26394808 0.08875016
-0.0008526477 0.008402157 0.050626054 -0.9204656 0.37561765 0.10795534
-0.0021580276 0.0046127765 0.0504772 -0.9589141 0.2631275 0.10605492
-0.00031644898 0.0080527915 0.055828348 -0.91479665 0.37436777 0.15164374
0.0008589241 0.0119339535 0.050816506 -0.8683857 0.4820461 0.1163526
0.0030080094 0.015228535 0.051067658 -0.7803356 0.6116458 0.13025297
0.0013282726 0.011384807 0.056015804 -0.85839975 0.4861506 0.16373006
0.003406302 0.014468542 0.056265846 -0.76886994 0.611437 0.1870398
0.0021056673 0.01067198 0.0610348 -0.8264172 0.49186108 0.27405724
0.004038449 0.013408969 0.06107478 -0.7337454 0.60919636 0.30082816
0.0035794459 0.009742598 0.065748595 -0.7384721 0.4908694 0.46228358
0.0005112033 0.007552038 0.06093067 -0.89339405 0.37099963 0.25338972
-0.00072336325 0.0040722704 0.06064544 -0.9399444 0.24448368 0.23818536
0.0020768682 0.006905473 0.06587972 -0.816829 0.37041026 0.4422518
0.00074812886 0.0035129702 0.065615505 -0.88162017 0.23414059 0.40978545
0.0049340255 0.005721404 0.07050066 -0.6122979 0.33601606 0.71567065
0.0034621123 0.0026563061 0.07031377 -0.69902295 0.18285392 0.6913258
0.008103499 0.004091329 0.07287805 0.8848717 -0.437134 0.16098407
0.008103499 0.004091329 0.07287805 -0.48204914 0.28620398 0.82807976
0.0062082983 0.008394922 0.06999522 -0.53227305 0.47141817 0.7031715
0.009461908 0.0068662865 0.07239638 0.8902506 -0.35249293 0.28844863
0.009461908 0.0068662865 0.07239638 -0.39230114 0.42830104 0.81403816
0.007931284 0.011151022 0.06902077 -0.40605995 0.60720205 0.6829501
0.009123471 0.0141602075 0.06655514 -0.3212875 0.74132824 0.5892426
0.011091443 0.010013542 0.071046814 0.905511 -0.42292637 0.034396384
0.011091443 0.010013542 0.071046814 -0.28058746 0.58113045 0.76390976
0.0052017095 0.012199975 0.06527752 -0.6398882 0.6010586 0.47882316
0.006556343 0.014017689 0.064527005 -0.53073055 0.70630336 0.46846625
0.006414579 0.015675627 0.06135957 -0.5668928 0.74482054 0.35195854
0.006230283 0.017329745 0.05673343 -0.58894986 0.7745213 0.23077004
0.009698102 0.017005716 0.06256816 -0.2878297 0.84884626 0.44341198
0.010340922 0.019339982 0.057437718 -0.25032437 0.9229125 0.29252416
0.014134819 0.01702474 0.06359354 0.97057515 -0.22291544 0.091063656
0.014134819 0.01702474 0.06359354 -0.11401728 0.87369776 0.47291905
0.014944432 0.019330453 0.058175057 0.9940033 -0.08357011 0.07052347
0.014944432 0.019330453 0.058175057 -0.05560315 0.94784623 0.3138406
0.012745544 0.013655066 0.068183 0.9436207 -0.31899118 0.088456675
0.012745544 0.013655066 0.068183 -0.18404858 0.7418205 0.64484775
0.015347738 0.020819526 0.051779673 0.98274374 -0.1849349 -0.0037173368
0.015347738 0.020819526 0.051779673 -0.018997665 0.98443997 0.17469087
0.015370568 0.021455575 0.046350375 0.96560675 -0.25726503 -0.037658505
0.015370568 0.021455575 0.046350375 -0.021433903 0.9963831 0.08222788
0.0105782375 0.020771734 0.05162835 -0.23751809 0.9561696 0.17124519
0.01011605 0.021341559 0.046190463 -0.25617084 0.9618875 0.09565177
0.0060471385 0.018411897 0.05140868 -0.59736097 0.78796023 0.14926022
0.0056578247 0.018937415 0.045970604 -0.607706 0.7870896 0.10575169
0.005161457 0.019189525 0.040487833 -0.6152639 0.78416204 0.08087313
0.002568451 0.015658364 0.04568921 -0.7862967 0.60922694 0.102858454
0.009603046 0.02161576 0.040536813 -0.25921592 0.9641833 0.056193627
0.004576032 0.01923161 0.035153873 -0.62383825 0.7789492 0.06374947
0.00919929 0.021725772 0.03544151 -0.25512516 0.966434 0.030271573
0.014906889 0.021848135 0.0354003 0.9380812 -0.3406718 -0.06281968
0.014906889 0.021848135 0.0354003 -0.02138272 0.99974704 0.006980401
0.015192399 0.021761283 0.040396906 0.93702865 -0.3452427 -0.052771498
0.015192399 0.021761283 0.040396906 -0.023627704 0.9990625 0.036276292
0.009495784 0.006678882 0.07208331 0.8825192 -0.3552568 0.3081436
0.009495784 0.006678882 0.07208331 0.7566516 -0.18532461 0.6270034
0.008154949 0.00405766 0.07250381 0.88485426 -0.4357549 0.16477463
0.008154949 0.00405766 0.07250381 0.49628904 -0.20891953 0.84264445
0.006516446 0.0009487412 0.07233399 0.86483085 -0.49122435 0.103761055
0.006516446 0.0009487412 0.07233399 0.3520757 -0.33952376 0.87221915
0.0064756055 0.0009570188 0.07271856 0.8669401 -0.48728618 0.10472451
0.0064756055 0.0009570188 0.07271856 -0.57937 0.15012144 0.80112046
0.0047534443 -0.0022525946 0.07124405 0.8499821 -0.51089543 0.12851633
0.0047534443 -0.0022525946 0.07124405 0.33705908 -0.57403755 0.7462386
0.0066450485 0.0008487656 0.07224333 0.88327104 -0.4657388 -0.05403413
0.0066450485 0.0008487656 0.07224333 0.3320456 -0.3655297 0.86955947
0.004630973 -0.0023441212 0.0716424 0.8458455 -0.5146299 0.14036117
0.004630973 -0.0023441212 0.0716424 -0.6879328 0.026167793 0.7253024
0.002038046 -0.0005255573 0.06918639 -0.7834097 0.045480825 0.6198393
0.0009299427 -0.0034084888 0.06748827 -0.842765 -0.07973913 0.53234273
-0.0002074202 -4.1426043e-05 0.06483199 -0.92416805 0.10344732 0.36771193
-0.0015285416 0.00036406063 0.060156442 -0.966361 0.117621765 0.22871703
-0.0007590562 -0.0033321278 0.06373212 -0.9466 -0.017975304 0.32190877
-0.0018870668 -0.0033458779 0.059531935 -0.97459346 -0.011624824 0.22367962
-0.0027380823 -0.0034726048 0.054971375 -0.98664063 0.0029913713 0.16288446
-0.0034195054 -0.0036863359 0.050146677 -0.9916736 0.017146792 0.12762995
-0.0024923815 -0.007541162 0.05468422 -0.96738577 -0.17408006 0.18401311
-0.002372343 0.00064459734 0.05534903 -0.9788129 0.13544768 0.15355563
-0.0030279118 0.0005542069 0.050281003 -0.9827959 0.14650345 0.1124671
-0.0015805513 0.004408854 0.055607833 -0.955103 0.2557332 0.14959499
-0.0035803993 0.00043323182 0.044986144 -0.9834426 0.1549928 0.09390329
-0.004074631 0.00036590092 0.039554454 -0.98359567 0.16010875 0.08309521
-0.0040373974 -0.003938916 0.044868052 -0.99380577 0.03082657 0.10677009
-0.0045926236 -0.0040657287 0.03927175 -0.9950377 0.043291528 0.08958752
-0.0038630166 -0.00841073 0.04486108 -0.980205 -0.15232697 0.12647015
-0.003201663 -0.008004305 0.05000508 -0.97494495 -0.16458674 0.14964439
-0.0026758937 -0.012839389 0.044919685 0.74506587 -0.6655918 -0.043178447
-0.0026758937 -0.012839389 0.044919685 -0.9577636 -0.25250784 0.13758153
-0.0045152036 -0.008637509 0.038994633 -0.9852576 -0.13697489 0.1024951
-0.0050807637 -0.008696021 0.03293433 -0.9885612 -0.12459202 0.08499066
-0.0033850367 -0.013205103 0.038733393 0.77931595 -0.62348527 -0.062711895
-0.0033850367 -0.013205103 0.038733393 -0.96391356 -0.24265279 0.10950033
-0.0040299683 -0.013313762 0.03222721 0.7205147 -0.69002414 -0.068740554
-0.0040299683 -0.013313762 0.03222721 -0.96916795 -0.23061745 0.08677089
-0.0046496857 -0.013112872 0.025435625 0.34685954 -0.9367752 -0.046268012
-0.0046496857 -0.013112872 0.025435625 -0.97439784 -0.21503511 0.06563983
-0.0055706906 -0.0085259 0.026790513 -0.9910241 -0.112773016 0.07178744
-0.0050897114 -0.01269015 0.019038254 0.22915107 -0.9632181 -0.14035957
-0.0050897114 -0.01269015 0.019038254 -0.9708381 -0.10658952 -0.21473677
-0.0059886607 -0.008285017 0.020876324 -0.9872502 -0.027535442 -0.15677632
-0.00489955 -0.012542014 0.01860089 0.10654115 -0.9857318 -0.13031483
-0.00489955 -0.012542014 0.01860089 -0.7059307 0.15057108 -0.6920911
-0.005823306 -0.008198882 0.020484703 -0.7555959 0.18991202 -0.6269037
-0.005738608 -0.0041110283 0.022156192 -0.77778447 0.28445593 -0.5604785
-0.0051527624 0.00017579936 0.023835605 -0.8031023 0.31657615 -0.50478333
-0.005882794 -0.0041806037 0.022611687 -0.9879445 0.11871758 -0.09935674
-0.0052467356 0.0002024296 0.024346514 -0.97855604 0.19836639 -0.055487484
-0.0054930164 -0.004111183 0.027979357 -0.9957066 0.0564315 0.07337445
-0.004903386 0.0002859413 0.028951423 -0.9841823 0.16214983 0.07136304
-0.0050767856 -0.0041101975 0.033585757 -0.9954449 0.051158592 0.08045093
-0.0045172716 0.0003123629 0.034132972 -0.98385024 0.16177379 0.076602615
-0.003596187 0.00447186 0.03448859 -0.96495163 0.25104296 0.07645713
-0.0019797245 -0.012357361 0.04997296 0.7480655 -0.66338366 -0.01789177
-0.0019797245 -0.012357361 0.04997296 -0.9509704 -0.26444915 0.1603801
0.013882209 0.021053905 0.023397109 0.48517153 0.8707225 -0.080317736
0.013469802 0.020871293 0.01918306 0.63738185 0.764523 -0.09617171
0.012990393 0.02065852 0.014706733 0.5460619 0.8313525 -0.10329366
0.013313808 0.021001056 0.01917603 0.9860086 -0.13412483 -0.098982714
0.013313808 0.021001056 0.01917603 0.63787997 0.76399493 -0.09706044
0.012836363 0.02076172 0.014726115 0.99078566 -0.0841447 -0.106129386
0.012836363 0.02076172 0.014726115 0.54413116 0.8326236 -0.103243925
0.012335967 0.02052736 0.010287056 0.9756307 -0.19697933 -0.096663795
0.012335967 0.02052736 0.010287056 0.5016233 0.8589609 -0.10276316
0.011809574 0.02029448 0.0058983043 0.9501978 -0.29724127 -0.093656994
0.011809574 0.02029448 0.0058983043 0.45783818 0.8831944 -0.10174405
0.012489008 0.020435713 0.0102692675 0.5027676 0.8582831 -0.102834955
0.011970257 0.020209461 0.0058819354 0.45773095 0.88325125 -0.10173291
0.011363514 0.019955229 0.00094616227 0.5146801 0.85091996 -0.1050696
0.011329513 0.01993744 0.00063659437 0.3906016 0.65875065 -0.6430224
0.011209665 0.020052154 0.00097612664 0.9281665 -0.36127317 -0.089379326
0.011209665 0.020052154 0.00097612664 0.9266703 -0.3620889 -0.10086588
0.011209665 0.020052154 0.00097612664 0.5159484 0.8501924 -0.104738556
0.011168975 0.020036 0.00063982606 0.9299455 -0.35508886 -0.09546295
0.011168975 0.020036 0.00063982606 0.9087328 -0.38322735 -0.16535278
0.011168975 0.020036 0.00063982606 0.39851832 0.6673355 -0.6291634
0.010743232 0.019156134 0.00033926405 0.9034828 -0.3777861 -0.20247583
0.010743232 0.019156134 0.00033926405 0.15632997 0.250708 -0.95535666
0.010902237 0.019084083 0.00034637377 0.1542676 0.251338 -0.9555264
-0.021079998 0.013936604 0.0033122357 -0.36169568 -0.11010658 0.9257715
-0.021079998 0.013936604 0.0033122357 -0.5225198 0.43823552 0.73138416
-0.026817942 0.01079256 0.00013695471 -0.5003504 -0.14064673 0.854323
-0.026817942 0.01079256 0.00013695471 -0.691299 0.3510398 0.6315669
-0.034190588 0.0032041776 -0.010652522 -0.10908428 -0.34815508 -0.9310686
0.01759689 0.017882021 -0.002340952 0.51868284 0.854826 0.01551533
0.01759689 0.017882021 -0.002340952 0.36348215 0.9110756 -0.19447887
0.01749074 0.017818179 -0.0028374065 0.37503865 0.904989 -0.20085044
0.01749074 0.017818179 -0.0028374065 -0.24583383 0.5145611 -0.82145756
0.014515109 0.019383648 -0.0005964283 0.38616946 0.92080224 -0.054739423
0.014515109 0.019383648 -0.0005964283 0.24190521 0.9297271 -0.27764964
0.017932381 0.017494097 0.0021507647 0.61800545 0.7859784 0.017527545
0.02070692 0.01597414 -0.0046022255 0.67191356 0.7303326 0.12307059
0.02070692 0.01597414 -0.0046022255 0.43590966 0.8794357 -0.19124751
0.020561226 0.015197464 -5.7494268e-05 0.7425156 0.6626952 0.09749646
0.023212725 0.013992208 -0.0069564506 0.8053296 0.5519019 0.21644491
0.023212725 0.013992208 -0.0069564506 0.52031404 0.8286457 -0.20644525
0.020636015 0.015910316 -0.0050573256 0.46229562 0.86529195 -0.19378507
0.020636015 0.015910316 -0.0050573256 -0.26228753 0.5512946 -0.7920097
0.023083623 0.0139854895 -0.007308797 0.54322606 0.8125827 -0.21122238
0.023083623 0.0139854895 -0.007308797 -0.2872609 0.57951856 -0.7626529
0.019947506 0.015225092 -0.005308274 0.28073683 0.8721435 -0.4006898
0.019947506 0.015225092 -0.005308274 -0.26155797 0.55261785 -0.79132855
0.019478753 0.014769358 -0.006586436 0.2827675 0.8659747 -0.41246852
0.02234645 0.013337329 -0.007523652 0.312263 0.85528404 -0.41349855
0.02234645 0.013337329 -0.007523652 -0.28708652 0.5815074 -0.7612033
0.016911237 0.016999684 -0.0031766873 0.2846413 0.9092677 -0.30366373
0.016911237 0.016999684 -0.0031766873 -0.24635589 0.51589966 -0.820461
0.013838556 0.018351557 -0.0014661178 0.21700975 0.9538487 -0.20755567
0.013838556 0.018351557 -0.0014661178 -0.24512799 0.5041431 -0.8281014
0.01647759 0.016696958 -0.004437197 0.28481907 0.90143484 -0.3260267
0.013432136 0.0181432 -0.0028485786 0.2415205 0.94678795 -0.21274506
0.010522941 0.019053964 -0.0015038159 0.24705803 0.96191156 -0.116998285
0.010918435 0.01912135 -0.00011466257 0.22508799 0.96449834 -0.13812421
0.010918435 0.01912135 -0.00011466257 -0.25413895 0.45833978 -0.8516677
0.010918435 0.01912135 -0.00011466257 -0.88892156 0.4560463 0.042897284
0.011565153 0.020356871 0.00033409335 0.2579394 0.9500158 -0.17588964
0.011565153 0.020356871 0.00033409335 -0.255397 0.44537416 -0.8581457
0.011565153 0.020356871 0.00033409335 -0.8932248 0.44549167 0.060718007
0.011032218 0.019291386 0.0005120244 -0.8872311 0.45989427 0.036308408
0.011032218 0.019291386 0.0005120244 -0.89039046 0.44537586 0.09404864
0.011325868 0.018856943 0.005349461 -0.89596564 0.43535757 0.08780266
0.011632914 0.020425145 0.00082999095 0.3021234 0.94965506 -0.08292604
0.011632914 0.020425145 0.00082999095 0.2611381 0.95081824 -0.16658817
0.011632914 0.020425145 0.00082999095 -0.89160824 0.4495964 0.053830564
0.011632914 0.020425145 0.00082999095 -0.89176244 0.44282898 0.0930717
0.0122323 0.020659052 0.0056923646 0.37581378 0.9239517 -0.071254045
0.0122323 0.020659052 0.0056923646 -0.8971781 0.4331977 0.08608937
0.015076138 0.019363245 0.0040176623 0.44886467 0.8921071 -0.051627208
0.012731638 0.02088565 0.0100623015 0.40198988 0.91121095 -0.08999338
0.012731638 0.02088565 0.0100623015 -0.90085244 0.42655957 0.08069604
0.015465019 0.01953974 0.008584449 0.47904328 0.8739475 -0.08205698
0.013253756 0.021117246 0.014681021 0.40670314 0.90913767 -0.08978552
0.013253756 0.021117246 0.014681021 -0.90090364 0.42693532 0.07809514
0.011829564 0.019037724 0.009761846 -0.9001879 0.42784628 0.08129755
0.0123876855 0.019298268 0.014617635 -0.9011398 0.42640486 0.07826876
0.012863006 0.01952372 0.019011592 -0.8996646 0.43008935 0.075011045
0.013733754 0.021325547 0.019106796 0.40546307 0.9103302 -0.08305841
0.013733754 0.021325547 0.019106796 -0.8993994 0.4306695 0.074863076
0.013308385 0.019710848 0.02340456 -0.89959985 0.4308747 0.07118407
0.0141765475 0.021507785 0.023499718 0.40574035 0.911051 -0.073218934
0.0141765475 0.021507785 0.023499718 -0.89952713 0.431058 0.07099266
0.0136690885 0.01983399 0.02732254 -0.8993308 0.4319896 0.06774239
0.014533885 0.021636277 0.027304469 0.40896136 0.9105979 -0.059683733
0.014533885 0.021636277 0.027304469 -0.90047216 0.42980635 0.06645623
0.013983758 0.019907115 0.03115041 -0.9056486 0.4194921 0.061862703
0.014814366 0.021726137 0.031058332 0.40824822 0.9116489 -0.047219317
0.014814366 0.021726137 0.031058332 -0.90541244 0.4199851 0.061973996
0.014297273 0.019941414 0.035402097 -0.8981566 0.43481886 0.06517186
0.015186446 0.021756139 0.03545074 0.43519828 0.90012395 -0.019477582
0.015186446 0.021756139 0.03545074 -0.8974702 0.43619862 0.065407425
0.014615705 0.019921653 0.040345296 -0.9021855 0.42768577 0.056091066
0.014828088 0.0195887 0.046248607 -0.8950183 0.44222048 0.05816525
0.015456969 0.021685531 0.04048445 0.5037417 0.8635647 0.022366261
0.015456969 0.021685531 0.04048445 -0.9019674 0.42811397 0.056331906
0.015707955 0.021358227 0.0462662 0.5211133 0.85116315 0.0629458
0.015707955 0.021358227 0.0462662 -0.8944272 0.44331473 0.05892448
0.020537933 0.018669631 0.038940907 0.6693149 0.74285626 0.013493348
0.020666886 0.018333161 0.045981005 0.67391425 0.73598033 0.06459581
0.02407389 0.0141047845 0.038794816 0.8805802 0.4738934 0.001913052
0.018415608 0.020153334 0.03448841 0.5261687 0.85018027 -0.018437082
0.021818433 0.017137565 0.03351543 0.77605236 0.63033336 -0.02055378
0.02393455 0.014062448 0.033251286 0.87711143 0.4793 -0.030774312
0.021967622 0.016567647 0.029069288 0.77831334 0.6241936 -0.06790162
0.0202323 0.01871043 0.032799207 0.6585163 0.7511199 -0.04663998
0.020022877 0.018663336 0.029628871 0.6508597 0.75625545 -0.066777155
0.019754056 0.018495698 0.025569754 0.6505595 0.75504553 -0.08172215
0.017493656 0.020506278 0.030615492 0.4904293 0.8698001 -0.05410115
0.017183555 0.020394739 0.026518127 0.49437687 0.86653686 -0.06859551
0.016808555 0.020248502 0.022427527 0.49409783 0.8655077 -0.08224164
0.01636577 0.020050392 0.0180138 0.4943636 0.86439747 -0.09176973
0.019415384 0.01827551 0.021287186 0.6502377 0.75369304 -0.09559183
0.018969355 0.018055446 0.016855767 0.6489954 0.7536821 -0.103769526
0.021487031 0.0159284 0.020038085 0.7813672 0.6158099 -0.10121016
0.021823855 0.01620982 0.024668751 0.7823008 0.617049 -0.08518372
0.02302461 0.013334565 0.018926779 0.87677145 0.46929064 -0.10506264
0.021008253 0.015686145 0.015243804 0.778355 0.61853194 -0.10761819
0.020562662 0.01538255 0.0102291275 0.7742403 0.62714785 -0.085074864
0.022518488 0.013059925 0.013887046 0.8770488 0.46916354 -0.10330035
0.023556698 0.010379706 0.012647836 0.9344813 0.34436098 -0.09033355
0.022084536 0.0128347725 0.008658437 0.88021743 0.47121578 -0.056327995
0.02318971 0.010183338 0.0071554687 0.9299263 0.36604995 -0.03527976
0.021990117 0.012733627 0.0032771882 0.87896615 0.47422084 0.050331023
0.022473933 0.012977163 -0.0020484105 0.8488588 0.5016465 0.16670202
0.023302391 0.010149179 0.0013480093 0.93287146 0.34753054 0.09472822
0.020373419 0.015127118 0.0050881244 0.7615114 0.6478356 -0.020234263
0.018129487 0.017536407 0.006960772 0.6507467 0.75725234 -0.055656824
0.018477175 0.017786767 0.011923147 0.6515967 0.75264937 -0.09455498
0.015901737 0.019798953 0.0133589115 0.4932324 0.86488134 -0.093285
0.024286913 0.010316874 -0.0045861714 0.91624343 0.32277104 0.23731163
0.024266828 0.007581858 -0.00045687333 0.9677076 0.21443664 0.13250998
0.025654022 0.007690063 -0.006977277 0.9486411 0.1696618 0.26701114
0.024970165 0.0049661854 -0.0021854565 0.98385566 0.0983214 0.14953613
0.02395693 0.007676998 0.005812209 0.97109014 0.23871042 -0.001079588
0.024464834 0.0051210225 0.004440846 0.9895208 0.14352113 0.01582082
0.024210975 0.007823847 0.011490038 0.9694944 0.23416398 -0.07244137
0.024655515 0.0051026037 0.010360358 0.98968947 0.13222088 -0.055066913
0.024696438 0.0080250325 0.016894957 0.97002196 0.22330783 -0.095870055
0.025153413 0.008230287 0.022023046 0.9740815 0.20944189 -0.08543578
0.025110593 0.005122547 0.015969297 0.9904873 0.109189786 -0.083741166
0.024044018 0.010688324 0.017858995 0.9369717 0.33369774 -0.10358444
0.024497895 0.010914945 0.022883715 0.9402264 0.32849818 -0.089796074
0.023454515 0.013582456 0.023840787 0.87809646 0.47011146 -0.08911684
0.024871679 0.011016739 0.027661985 0.9443365 0.32181287 -0.06830149
0.023723582 0.013883037 0.028472586 0.8775003 0.47456443 -0.06915137
0.025250936 0.01069132 0.032208525 0.9561634 0.29085115 -0.034015764
0.025477834 0.008458233 0.026759481 0.97704244 0.20206568 -0.06750947
0.025882926 0.005791384 0.026770046 0.99501973 0.08373442 -0.05407678
0.025654422 0.008633771 0.03040856 0.9801776 0.19438323 -0.03830128
0.026015898 0.00665862 0.031908043 0.99525636 0.09589894 -0.016379615
0.026127335 0.003054549 0.03260479 0.99892133 -0.04545042 -0.009510071
0.02581416 0.008898477 0.03728701 0.9813396 0.19226266 0.0027579786
0.026192471 0.0038268482 0.038481712 0.9997144 -0.02173737 0.00993812
0.025677426 0.008989369 0.044783466 0.97949725 0.19605094 0.046359636
0.026026746 0.004096198 0.045004725 0.9984042 -0.02388448 0.051170945
0.025185479 0.008785958 0.051270917 0.9724704 0.1971342 0.124255314
0.024035046 0.013881267 0.04543954 0.8855891 0.4609841 0.05679454
0.023637878 0.013408971 0.051542 0.87957466 0.45354146 0.14369646
0.02032722 0.017814917 0.051801726 0.67040396 0.7243795 0.16072594
0.022627685 0.012902047 0.057344154 0.84997064 0.45865405 0.25920323
0.024272775 0.008413314 0.057005063 0.95135313 0.20735423 0.2278847
0.019531708 0.016727533 0.057871625 0.64216965 0.7073118 0.29551336
0.021129515 0.011965341 0.062419936 0.7900645 0.45704132 0.40854785
0.022829352 0.008345961 0.061729297 0.90506035 0.23664121 0.35336497
0.01832437 0.014915294 0.06321889 0.5789683 0.6640978 0.47304332
0.01965702 0.009990628 0.06635745 0.71064854 0.38550118 0.5885299
0.018161949 0.006889618 0.069330715 0.6457466 0.21214218 0.7334896
0.016836934 0.012203838 0.06758091 0.49301633 0.55321026 0.671486
0.021393605 0.0083509525 0.06475009 0.83464783 0.28799585 0.46949062
0.021091074 0.005188382 0.066201456 0.828985 0.06655243 0.5552969
0.02314755 0.004354286 0.062175415 0.93054944 0.0053221323 0.36612743
0.02027653 0.0019269466 0.06730148 0.80078787 -0.08062848 0.59349626
0.02259002 0.0007883116 0.06271066 0.9091312 -0.16261134 0.3834553
0.016506413 0.0036705015 0.07116547 0.5802832 0.08380673 0.81009126
0.019198166 -0.0008065038 0.06802714 0.7769375 -0.14038883 0.61372554
0.019198166 -0.0008065038 0.06802714 -0.39795116 -0.9167009 0.035976145
0.02172674 -0.0020554448 0.06298265 0.89127743 -0.23140928 0.389967
0.02172674 -0.0020554448 0.06298265 -0.38104388 -0.92393094 0.034015276
0.01541852 0.0010178305 0.07198332 0.54868466 0.018616451 0.8358221
0.01541852 0.0010178305 0.07198332 -0.39359468 -0.91821146 0.04439633
0.017865932 -0.00027774728 0.06670156 -0.3979047 -0.9167213 0.03597436
0.020113742 -0.001404398 0.06235005 -0.386663 -0.9215943 0.033996057
0.014706848 0.0012282013 0.070080765 -0.40208453 -0.91455245 0.04383866
0.014706848 0.0012282013 0.070080765 -0.39341408 -0.91834503 0.043217704
0.011168551 0.0028456142 0.071369916 -0.41744655 -0.907827 0.03985688
0.011168551 0.0028456142 0.071369916 -0.41577125 -0.9090102 0.028893972
0.012714244 0.0018072753 0.06388526 -0.4168483 -0.9081001 0.039895523
0.010488318 0.0029036393 0.065028846 -0.40990973 -0.9110129 0.04505212
0.007802976 0.003981932 0.064611234 -0.37985682 -0.92316735 0.05891335
0.007802976 0.003981932 0.064611234 -0.8591222 0.51075506 0.032224182
0.008286592 0.0041915393 0.07101401 -0.41448614 -0.9090329 0.043132752
0.008286592 0.0041915393 0.07101401 -0.42592064 -0.9042907 0.02915654
0.008286592 0.0041915393 0.07101401 -0.8778035 0.47632924 0.05070948
0.008286592 0.0041915393 0.07101401 -0.87975866 0.47033447 0.06935574
0.008629476 0.0053636683 0.06415281 -0.853856 0.51979434 0.02727303
0.009410238 0.0063094785 0.07057044 -0.87408376 0.48350564 0.046903137
0.009410238 0.0063094785 0.07057044 -0.8801923 0.47092515 0.059085894
0.010889014 0.009316663 0.06925026 -0.8795075 0.470909 0.0686385
0.009713152 0.0066319285 0.07256011 0.07578565 0.25976357 0.96269387
0.009713152 0.0066319285 0.07256011 -0.8809616 0.4690275 0.06260946
0.012792889 0.005466494 0.07263213 0.2617467 0.22580224 0.9383507
0.011353215 0.0099178245 0.07116993 0.21786493 0.44599223 0.8681162
0.011353215 0.0099178245 0.07116993 -0.8804484 0.46976903 0.06424823
0.008461617 0.004175863 0.07308455 0.027993705 0.2457073 0.9689397
0.008461617 0.004175863 0.07308455 -0.42606303 -0.90423226 0.02888787
0.008461617 0.004175863 0.07308455 -0.881434 0.46581584 0.07803612
0.011136446 0.00292671 0.07346854 0.16657656 0.20872347 0.9636839
0.011136446 0.00292671 0.07346854 -0.41547552 -0.90906984 0.031180387
0.013119658 0.01356551 0.06822483 0.35640338 0.5952252 0.720197
0.013119658 0.01356551 0.06822483 -0.8728765 0.48038265 0.08555184
0.014819799 0.008720948 0.07090777 0.38902387 0.38051254 0.83897
0.014483115 0.016857147 0.06372577 0.44885433 0.7332648 0.5107373
0.014483115 0.016857147 0.06372577 -0.8962117 0.4416121 0.042230137
0.012419105 0.012556828 0.066819444 -0.8747621 0.4774408 0.08271338
0.013756359 0.015463664 0.062475555 -0.899273 0.43581843 0.037019197
0.014499301 0.017591871 0.057606466 -0.9020932 0.42903444 0.04644703
0.014834104 0.01893888 0.0516667 -0.89713895 0.43888393 0.05022405
0.015309321 0.019232 0.058232374 0.5059715 0.80314213 0.31457224
0.015309321 0.019232 0.058232374 -0.9025201 0.42819425 0.04590212
0.015710855 0.02071365 0.051847614 0.52404165 0.8363449 0.16095828
0.015710855 0.02071365 0.051847614 -0.8979244 0.4373662 0.049423534
0.02149708 -0.0021632249 0.057375066 -0.35012862 -0.93602663 0.035556078
0.023215575 -0.0027843127 0.057720855 0.9392412 -0.25453034 0.23030455
0.023215575 -0.0027843127 0.057720855 -0.3493157 -0.9363098 0.036091313
0.022452593 -0.0027461173 0.051846355 -0.37738124 -0.9253466 0.036290478
0.022872653 -0.0031209746 0.045298725 -0.36480185 -0.9307027 0.026687473
0.024058532 -0.00341018 0.05178538 0.9574511 -0.26183072 0.12137593
0.024058532 -0.00341018 0.05178538 -0.37918776 -0.92466444 0.034817968
0.024989666 -0.00012606091 0.05151856 0.97398156 -0.19392215 0.1172781
0.02452001 -0.0037636058 0.04530017 0.96327895 -0.2613977 0.061359003
0.02452001 -0.0037636058 0.04530017 -0.3654332 -0.9304457 0.027012335
0.024713164 -0.0040914463 0.03860978 0.9654572 -0.2590705 0.027835887
0.024713164 -0.0040914463 0.03860978 -0.38667014 -0.9217361 0.029810147
0.025443034 -0.0003727459 0.045255005 0.9791774 -0.1944153 0.058432307
0.025627233 -0.00064603693 0.038928337 0.9813125 -0.19098052 0.023499716
0.025607193 -0.0010115606 0.03282097 0.98227197 -0.18745443 -0.0016290572
0.02545144 -0.0014240228 0.026655072 0.9834436 -0.18005945 -0.0204301
0.024777686 -0.0042566145 0.032655597 0.96881753 -0.24775527 0.0031627181
0.024777686 -0.0042566145 0.032655597 -0.37090147 -0.92837363 0.023548245
0.02472846 -0.0043850886 0.026402762 0.971637 -0.23610254 -0.013307601
0.02472846 -0.0043850886 0.026402762 -0.3586433 -0.9331926 0.02294785
0.023136875 -0.0035952246 0.03279444 -0.3735394 -0.9273007 0.024118694
0.023055267 -0.0037413342 0.026372703 -0.3604362 -0.93248636 0.023559805
0.023066418 -0.0034000417 0.03853117 -0.38614622 -0.921958 0.029741216
0.022817194 -0.0038183955 0.019921405 -0.35192615 -0.93573433 0.023435937
0.024552343 -0.004474067 0.019738538 0.9756172 -0.21698543 -0.03298901
0.024552343 -0.004474067 0.019738538 -0.34827155 -0.93712854 0.022291834
0.022675972 -0.0039244005 0.013917601 -0.3216992 -0.94664663 0.019227754
0.022438748 -0.0040016966 0.0075061005 -0.35429838 -0.93463904 0.030371478
0.024332369 -0.0044834493 0.0137966145 0.98082304 -0.19107847 -0.038407516
0.024332369 -0.0044834493 0.0137966145 -0.3219808 -0.9465454 0.01949818
0.024093034 -0.0046329424 0.007589517 0.9836434 -0.17957559 -0.014078561
0.024093034 -0.0046329424 0.007589517 -0.35806948 -0.93314916 0.03191727
0.024915686 -0.0015591186 0.014424356 0.9905148 -0.1295688 -0.0457418
0.025216779 0.001962251 0.015186196 0.99780685 -0.009861429 -0.06545419
0.025229115 -0.0014921752 0.020372303 0.9870784 -0.15399659 -0.044286888
0.024624784 -0.0017379465 0.0082312245 0.9931505 -0.11401825 -0.025532102
0.024595706 -0.001917051 0.0013066325 0.9909344 -0.12793627 0.04100517
0.024845248 0.0019607758 0.009245539 0.9992439 0.01176804 -0.03705561
0.024764195 0.0019790595 0.0029150378 0.999269 0.005263105 0.037864737
0.02536861 0.0017690883 -0.0040236544 0.98768544 -0.043226484 0.1503622
0.02705066 0.0017308883 -0.011575833 0.9601184 -0.13262677 0.24613568
0.025208812 -0.001935651 -0.0056528896 0.97304046 -0.18735418 0.13450152
0.02650874 -0.0023558424 -0.012810089 0.94258076 -0.26421204 0.2042878
0.024475235 -0.0052547394 -0.007050762 0.95566976 -0.2624171 0.1335389
0.024475235 -0.0052547394 -0.007050762 -0.3727736 -0.9273802 0.031714864
0.025479913 -0.005866586 -0.013886198 0.9298045 -0.32153863 0.17909874
0.025479913 -0.005866586 -0.013886198 -0.36050063 -0.9321573 0.03349892
0.024082687 -0.0048528994 0.00019062497 0.9813778 -0.18777154 0.040490925
0.024082687 -0.0048528994 0.00019062497 -0.3630575 -0.93132454 0.028702509
0.0227567 -0.0045618583 -0.0070693037 -0.37310058 -0.92725366 0.03157002
0.023791432 -0.0052157748 -0.013820561 -0.35970202 -0.93248844 0.032863624
0.022451881 -0.0042150505 0.00032214262 -0.36176127 -0.9318385 0.028385777
0.024844432 -0.0058876867 -0.02091447 -0.09781001 0.011375122 -0.9951401
0.024844432 -0.0058876867 -0.02091447 -0.3806132 -0.92398626 0.03718731
0.026862813 -0.001889011 -0.021067144 -0.10810257 0.022820245 -0.99387777
0.02659702 -0.0066249073 -0.021095157 0.8972926 -0.3884406 0.2097138
0.02659702 -0.0066249073 -0.021095157 -0.102231 0.011620749 -0.99469274
0.02659702 -0.0066249073 -0.021095157 -0.38417885 -0.92249656 0.037504695
0.028424444 -0.0027523125 -0.021260722 0.9096554 -0.33890948 0.24014026
0.028424444 -0.0027523125 -0.021260722 -0.110163584 0.021675948 -0.993677
0.029938435 0.0019228158 -0.021252392 0.927676 -0.2485291 0.27865842
0.029938435 0.0019228158 -0.021252392 0.95735043 0.28044492 -0.06950386
0.029938435 0.0019228158 -0.021252392 -0.09573188 -0.007188759 -0.9953811
0.028503131 0.0019492073 -0.021114541 -0.09925364 0.0049713897 -0.9950497
0.029793432 0.002415522 -0.021261701 0.9551384 0.28673235 -0.07412921
0.029793432 0.002415522 -0.021261701 -0.097426966 -0.044188883 -0.99426126
0.029793432 0.002415522 -0.021261701 -0.14334013 0.7576851 -0.6366842
0.029266687 0.005221346 -0.017195683 0.9393653 -0.14013548 0.3129773
0.029266687 0.005221346 -0.017195683 0.8558155 0.49095443 -0.1629218
0.026595162 0.0049664234 -0.009242532 0.96312195 0.016964875 0.26852998
0.028075073 0.007966839 -0.013889706 0.94230044 0.056011215 0.33004966
0.028075073 0.007966839 -0.013889706 0.8819224 0.470796 0.023748172
0.029111985 0.0053360485 -0.017632715 0.8625836 0.47228134 -0.18138331
0.029111985 0.0053360485 -0.017632715 -0.18405147 0.7430883 -0.64338535
0.02798342 0.008156711 -0.014249936 0.88638157 0.46294972 0.0022854425
0.02798342 0.008156711 -0.014249936 -0.21089073 0.70293254 -0.6792723
0.028075859 0.005164262 -0.017532235 0.56321514 0.71606195 -0.41236377
0.028075859 0.005164262 -0.017532235 -0.18545543 0.7412492 -0.64510137
0.027142534 0.0057925563 -0.017706592 0.5642553 0.73250914 -0.38084957
0.026767883 0.007904625 -0.014133422 0.45764998 0.7790782 -0.42847824
0.026767883 0.007904625 -0.014133422 -0.214492 0.6971499 -0.68408704
0.028536094 0.0022908817 -0.021126958 0.67896235 0.6134176 -0.40339664
0.028536094 0.0022908817 -0.021126958 -0.10396009 -0.026101915 -0.9942389
0.028536094 0.0022908817 -0.021126958 -0.14911318 0.75750303 -0.63557404
0.027812362 0.0031643962 -0.021016791 0.6653065 0.62468123 -0.4088284
0.025969727 0.008016055 -0.014783309 0.45755026 0.7796332 -0.42757428
0.02518991 0.010456997 -0.011029902 0.33543777 0.82910377 -0.44729015
0.02518991 0.010456997 -0.011029902 -0.28532028 0.6393742 -0.71399784
0.02431702 0.010342803 -0.011866598 0.32755113 0.82819635 -0.4547538
0.026012998 0.010901506 -0.010960764 0.6867161 0.71288335 -0.14219132
0.026012998 0.010901506 -0.010960764 -0.28071353 0.64230376 -0.7131941
0.026150351 0.010872424 -0.010443221 0.90866846 0.28553122 0.3046203
0.026150351 0.010872424 -0.010443221 0.6671169 0.73322713 -0.13165483
0.021799577 0.012982364 -0.0086708525 0.32028785 0.84965706 -0.4189255
0.025621418 0.0021300698 0.021003326 0.9974809 -0.03642723 -0.060867466
0.025953239 0.0026176805 0.02694144 0.99810314 -0.049158115 -0.037063885
0.025558311 0.00533563 0.021439923 0.9929264 0.09220251 -0.07480589
0.02553961 0.004057898 0.051338933 0.99294066 -0.024393646 0.11607695
0.024090469 0.00022724562 0.057481162 0.95652664 -0.18578823 0.22480994
0.024629368 0.0040209806 0.05709055 0.9759665 -0.018970262 0.21709321
0.014400788 0.019264266 -0.001076892 0.24599111 0.92535424 -0.28845793
0.014400788 0.019264266 -0.001076892 -0.24540636 0.4966398 -0.83254105
0.017971683 -0.013763894 0.007562617 0.63507116 -0.77007437 -0.060580526
0.013263354 -0.016470734 0.008234303 0.3301144 -0.9392439 -0.09404988
0.018700132 -0.01360462 0.013835007 0.6861614 -0.7254362 -0.05408365
0.016989352 -0.014072089 0.0007134937 0.55729216 -0.8301571 -0.016269112
0.021620858 -0.009781827 0.0074761324 0.8199824 -0.5718673 -0.024426939
0.021183532 -0.010229456 0.00021806546 0.78338706 -0.6214314 0.011292266
0.023978394 -0.0049454784 0.007645676 0.898974 -0.43792245 -0.008351099
0.023978394 -0.0049454784 0.007645676 0.47741863 0.878297 -0.02580502
0.021966869 -0.009625521 0.013751863 0.84240216 -0.53759533 -0.036740344
0.024204785 -0.004839861 0.01383836 0.90452594 -0.42519942 -0.032224454
0.024204785 -0.004839861 0.01383836 0.4274408 0.9035194 -0.030776756
0.022242855 -0.009507312 0.019827737 0.853579 -0.5203006 -0.026272092
0.024432922 -0.004769559 0.019834543 0.90743524 -0.41943303 -0.025244452
0.024432922 -0.004769559 0.019834543 0.46940607 0.882551 -0.02759793
0.022422101 -0.009357651 0.02620347 0.8588896 -0.5121432 -0.004245682
0.019150263 -0.013521207 0.01996825 0.710002 -0.703576 -0.029633377
0.01944514 -0.013373281 0.026209356 0.726966 -0.68659365 -0.010465966
0.014944609 -0.016826544 0.020050889 0.49055067 -0.8701358 -0.047157638
0.014241127 -0.016735472 0.014074275 0.42138973 -0.9028199 -0.0857137
0.009890141 -0.018852629 0.020035578 0.21474858 -0.9741335 -0.07033567
0.015435765 -0.016759712 0.02620594 0.5321315 -0.84636825 -0.02229363
0.015749265 -0.01656358 0.032436654 0.5538094 -0.8324989 0.015513804
0.010585837 -0.018988237 0.0261721 0.25901183 -0.9652865 -0.03368985
0.010973835 -0.018929938 0.0323786 0.28256717 -0.9590961 0.01704449
0.00495384 -0.01946251 0.025788067 -0.12115056 -0.9922248 -0.028506516
0.0054423152 -0.019544382 0.032316133 -0.10997299 -0.99356705 0.027027478
-0.000593803 -0.0175298 0.025583854 -0.5476166 -0.8366703 0.009949076
0.0043024183 -0.019057281 0.019640082 -0.14903744 -0.98650295 -0.06782293
-0.0011610747 -0.017078605 0.019375188 -0.553699 -0.83219445 -0.029491846
0.00360539 -0.018383056 0.014453394 -0.182562 -0.97470325 -0.12893695
-0.0015920633 -0.01649187 0.014549976 -0.54999524 -0.8318428 -0.07444966
0.0029800353 -0.017428637 0.009580696 -0.21056737 -0.9669023 -0.14408797
0.009058066 -0.018404685 0.014326597 0.1621625 -0.9778589 -0.13226987
0.0082064755 -0.017617803 0.008992495 0.09545322 -0.98530376 -0.14165168
0.0070619592 -0.01702269 0.003935881 0.04615929 -0.9985412 -0.028013919
0.011995448 -0.01629632 0.002436405 0.26970205 -0.9627245 -0.020549776
0.005990447 -0.017288808 0.000832852 0.071479276 -0.97196233 0.22400865
0.001970782 -0.016570553 0.004937036 -0.24601518 -0.9688998 -0.026644103
-0.0029123155 -0.014606525 0.0056092814 -0.52226895 -0.8526178 0.016678011
0.0010552745 -0.016475208 0.0025006775 -0.23247024 -0.94317675 0.23743479
-0.004214068 -0.0141603025 0.0029877927 -0.44313267 -0.81442237 0.37463278
-0.00011232693 -0.017634623 -0.00040814467 -0.09818363 -0.785307 0.6112715
-0.0013685909 -0.02031392 -0.0026503876 0.08093003 -0.5789751 0.8113187
0.0050856755 -0.018447656 -0.0017143898 0.15944088 -0.8552538 0.4930715
-0.00613862 -0.015334024 0.0002235435 -0.29826814 -0.61602086 0.7290778
-0.007177468 -0.018991733 -0.0020732582 -0.120199524 -0.43320543 0.8932441
-0.01273866 -0.013270988 -0.00092390925 -0.28909457 -0.36789215 0.88378716
-0.012541892 -0.009671076 0.00070962124 0.09183769 0.94644094 0.30954042
-0.012541892 -0.009671076 0.00070962124 -0.3665415 -0.43873665 0.8204617
-0.008125711 -0.010739802 0.0033212993 -0.16790344 0.8421354 0.5124611
-0.008125711 -0.010739802 0.0033212993 -0.26550862 0.4063188 -0.8743055
-0.008125711 -0.010739802 0.0033212993 -0.7207311 -0.5024538 0.47758454
-0.0075492323 -0.010526544 0.0031905305 -0.08012353 0.9095105 0.40788603
-0.0075492323 -0.010526544 0.0031905305 -0.32970935 0.57308066 -0.7502469
-0.00814287 -0.010412603 0.0034531765 -0.23290199 0.36819807 -0.90010375
-0.00814287 -0.010412603 0.0034531765 -0.85489285 0.12629654 0.5031971
-0.00734477 -0.010951507 0.0047187526 -0.79773283 -0.4752272 0.37118927
-0.0066065593 -0.011263785 0.0063471664 -0.853489 -0.48656946 0.18656535
-0.00738199 -0.010667699 0.0047985036 -0.85987866 0.18768662 0.47474465
-0.0066532497 -0.010921706 0.006369952 -0.91360986 0.23340215 0.3329271
-0.007176569 -0.01044232 0.0048256833 -0.43836498 0.8178142 0.37284872
-0.006473793 -0.010673902 0.006351391 -0.44239318 0.8550502 0.27051342
-0.0067792158 -0.010360698 0.004725797 0.052526258 0.9856972 0.16013137
-0.00785085 -0.010135018 0.003502192 -0.250555 0.37471956 -0.89264077
-0.00785085 -0.010135018 0.003502192 -0.4066045 0.83025765 0.3812416
-0.0073624807 -0.010106594 0.0033394862 0.11888415 0.9850539 0.124641836
-0.0073624807 -0.010106594 0.0033394862 -0.27594844 0.20391853 -0.93929213
-0.007423328 -0.010287944 0.0033179894 -0.27599147 0.3866084 -0.8799787
-0.006803647 -0.010246059 0.0031691454 -0.008344662 0.9041731 -0.42708507
-0.0063725263 -0.010296843 0.003005579 -0.06001657 0.89815503 -0.43556342
-0.0062595927 -0.010468577 0.0045921113 0.22185045 0.9721872 0.07506345
-0.0056559094 -0.010736953 0.0061817523 0.25939226 0.96218866 0.083119
-0.00583413 -0.010551896 0.0044503603 0.21823421 0.9708462 0.09915385
-0.0052344347 -0.010848101 0.0060647484 0.28022802 0.9564989 0.08112939
-0.005317111 -0.010653266 0.0042869803 0.22790025 0.9660341 0.12181822
-0.0047189556 -0.01098849 0.005909914 0.2793105 0.9564633 0.08463892
-0.005848196 -0.010334789 0.0028378386 0.13813947 0.9817147 0.1309722
-0.005848196 -0.010334789 0.0028378386 -0.22944014 0.5057253 -0.8316243
-0.005848196 -0.010334789 0.0028378386 -0.03276019 0.9358692 0.35082132
-0.012052713 -0.009466532 -5.774945e-05 0.07282999 0.9446354 0.31993723
-0.017681722 -0.008115596 -0.0018611792 0.17886241 0.92557573 0.33364344
-0.018179532 -0.008336796 -0.0009775572 0.18512933 0.92142 0.34163192
-0.018179532 -0.008336796 -0.0009775572 -0.36679953 -0.34075007 0.86564857
-0.022860225 -0.0060949367 -0.0035388488 0.222007 0.8628641 0.45406902
-0.027532365 -0.003444241 -0.0056071114 0.17384426 0.7660298 0.61885107
-0.023465978 -0.0063751163 -0.002722688 0.21857277 0.85552293 0.46936825
-0.023465978 -0.0063751163 -0.002722688 -0.4873448 -0.33570546 0.8060998
-0.028225513 -0.003807499 -0.004979141 0.17086498 0.7599508 0.62712044
-0.028225513 -0.003807499 -0.004979141 -0.6487277 -0.32884073 0.6863062
-0.024602247 -0.010111573 -0.005042158 -0.54300195 -0.3556079 0.760718
-0.029742133 -0.007378092 -0.008077782 -0.6862698 -0.35032228 0.637423
-0.018953074 -0.011993391 -0.0027187727 -0.3929504 -0.33444113 0.8565857
-0.025355114 -0.014227378 -0.007394733 -0.6485768 -0.34325075 0.6793578
-0.030588493 -0.011280732 -0.011659369 -0.75916 -0.4597341 0.46078262
-0.025291268 -0.018567506 -0.009800319 -0.75528556 -0.3854403 0.530075
-0.019653006 -0.016238306 -0.0045826137 -0.424994 -0.302178 0.85326934
-0.013587205 -0.017700428 -0.0028352793 -0.25160718 -0.3340188 0.9083641
-0.020107668 -0.020653334 -0.0064037517 -0.481581 -0.3134086 0.8184466
-0.014318863 -0.02221486 -0.004587928 -0.24682376 -0.32206687 0.91397536
-0.019835886 -0.024014559 -0.0074902866 -0.53708786 -0.37668437 0.7547486
-0.023832459 -0.02160966 -0.010350476 -0.7587792 -0.53184247 0.37602878
-0.019594986 -0.025332168 -0.0081230905 -0.58545357 -0.69001025 0.42559367
-0.014696425 -0.026010256 -0.005980652 -0.24809656 -0.36548412 0.89714515
-0.014810637 -0.027534649 -0.0067160837 -0.32498828 -0.7089518 0.62591535
-0.008874746 -0.027368948 -0.005773945 -0.019940209 -0.46466836 0.8852602
-0.0035994723 -0.027562242 -0.006584903 0.25072348 -0.55196625 0.79528046
-0.009148428 -0.028887725 -0.006707765 -0.044652257 -0.80106497 0.5969096
-0.008212915 -0.023472283 -0.0040866006 -0.059175763 -0.39750132 0.91569144
-0.0024362244 -0.02427509 -0.0048958994 0.21136975 -0.5184782 0.8285549
0.0025314891 -0.024221066 -0.00688334 0.41233036 -0.6442923 0.64410496
0.0039009328 -0.020755924 -0.004225135 0.27399543 -0.714769 0.64345294
0.006594161 -0.0232845 -0.01001827 0.617491 -0.6962988 0.36588645
0.0014783911 -0.026694689 -0.008550221 0.49135798 -0.62314785 0.60848516
0.0010259305 -0.027712822 -0.009262493 0.4442782 -0.81201935 0.37847248
0.0052728364 -0.025456544 -0.011619739 0.6411249 -0.6849183 0.3461874
0.0046525854 -0.026293151 -0.012325105 0.51652247 -0.84632224 0.13016595
0.008166702 -0.024049211 -0.016387042 0.6615512 -0.74457854 0.08917915
0.0073042596 -0.024679206 -0.016916284 0.4718837 -0.879724 -0.058408678
0.009451997 -0.022962995 -0.022404298 0.5708436 -0.8204581 -0.031401142
0.010043185 -0.021932757 -0.0152769685 0.6773997 -0.7158187 0.1695091
0.011569068 -0.02142692 -0.021342874 0.61538213 -0.7867417 0.0483984
0.012681004 -0.018805867 -0.012543495 0.62051344 -0.75666386 0.20596793
0.014954904 -0.018306438 -0.01877531 0.63393533 -0.7629491 0.12662752
0.016100448 -0.01524653 -0.0092965355 0.6054932 -0.7808479 0.1538001
0.008460795 -0.02028766 -0.0072420323 0.53069955 -0.7622216 0.37064296
0.010121668 -0.01796563 -0.004175963 0.44051355 -0.8448141 0.3037052
0.010923646 -0.01680651 -0.001134133 0.3166555 -0.9377088 0.14293867
0.016437683 -0.01443627 -0.0039341915 0.54078287 -0.8395748 0.051653255
0.021054866 -0.010539821 -0.00434654 0.76558566 -0.64229774 0.036498744
0.024107473 -0.0053895386 -0.0037417226 0.8568198 -0.5120895 0.06020045
0.024107473 -0.0053895386 -0.0037417226 0.6141324 0.7891971 -0.0030479052
0.021213278 -0.010757458 -0.008979461 0.7528946 -0.6499087 0.10377101
0.022094 -0.010831667 -0.014733325 0.754606 -0.63922584 0.1481894
0.024494385 -0.005661028 -0.008240072 0.8231183 -0.55437344 0.1230701
0.024494385 -0.005661028 -0.008240072 0.56034553 0.8282532 0.003062096
0.025263553 -0.0061317016 -0.013921737 0.8017383 -0.57369626 0.16759521
0.025263553 -0.0061317016 -0.013921737 0.4691611 0.8829908 -0.014662896
0.024223763 -0.0054779267 -0.008244529 0.8014472 0.59677774 0.03922732
0.024223763 -0.0054779267 -0.008244529 0.5598562 0.82858753 0.0019424823
0.02490021 -0.005938947 -0.013887656 0.8905778 0.44590747 0.089654334
0.02490021 -0.005938947 -0.013887656 0.46755883 0.88382864 -0.015350801
0.024018032 -0.00520426 -0.008204624 0.8021944 0.5959245 0.036850665
0.023833396 -0.005172342 -0.0036302526 0.76283026 0.6464123 0.015529063
0.023833396 -0.005172342 -0.0036302526 0.62019783 0.7844375 -0.003532906
0.0235663 -0.0049317423 0.00027422048 0.8611605 0.5082658 0.008285353
0.0235663 -0.0049317423 0.00027422048 0.46484137 0.884873 -0.030370753
0.023626529 -0.0049317027 -0.0035898034 0.7591985 0.6507623 0.011230968
0.023431424 -0.004704266 0.000318503 0.8580187 0.51361686 0.0012414361
0.023448037 -0.0044773202 0.0077375565 0.88434064 0.46613976 -0.025599808
0.02366073 -0.0043901643 0.013812559 0.89088833 0.45259315 -0.038435686
0.023578526 -0.0047241366 0.007757619 0.88472503 0.4653615 -0.026462957
0.023578526 -0.0047241366 0.007757619 0.47812656 0.8778942 -0.026394427
0.023790441 -0.0046451604 0.013817934 0.8912216 0.45193568 -0.038445815
0.023790441 -0.0046451604 0.013817934 0.42756718 0.9034592 -0.030789495
0.023994638 -0.0045354897 0.019883702 0.9102911 0.41247565 -0.035129134
0.023994638 -0.0045354897 0.019883702 0.46749336 0.88356346 -0.027670521
0.024159387 -0.004425605 0.026312763 0.9262806 0.37607267 -0.023953633
0.024159387 -0.004425605 0.026312763 0.502609 0.86414665 -0.025199058
0.0238984 -0.004321088 0.019910233 0.90988195 0.41341263 -0.034711573
0.024077417 -0.0042237015 0.026315102 0.9260273 0.37670565 -0.023797248
0.024131086 -0.004062391 0.032595 0.93365955 0.35801393 -0.010290414
0.024081565 -0.0038726935 0.038667858 0.9336517 0.35814625 0.0050662993
0.024209483 -0.004266425 0.032614656 0.9337288 0.3578485 -0.009754374
0.024209483 -0.004266425 0.032614656 0.49301082 0.8696906 -0.02405304
0.0246703 -0.0045269923 0.032631062 0.90484834 -0.42549318 0.014323483
0.0246703 -0.0045269923 0.032631062 0.4913911 0.8706031 -0.02418709
0.024166962 -0.0040952703 0.0386651 0.93364334 0.3581757 0.004509011
0.024166962 -0.0040952703 0.0386651 0.44208992 0.8965939 -0.02600049
0.02460709 -0.004309886 0.038717203 0.9053786 -0.42327723 0.033555776
0.02460709 -0.004309886 0.038717203 0.44177738 0.89675087 -0.025897715
0.023963178 -0.003809304 0.045395315 0.9326858 0.35974067 0.02615143
0.023963178 -0.003809304 0.045395315 0.48664987 0.8734298 -0.017100528
0.024403648 -0.0040551843 0.04540783 0.90212125 -0.42618746 0.067389846
0.024403648 -0.0040551843 0.04540783 0.48664048 0.8734325 -0.017227788
0.023564536 -0.003475112 0.051639833 0.9201462 0.38579968 0.06700303
0.023564536 -0.003475112 0.051639833 0.44168568 0.89689356 -0.022268683
0.023875304 -0.003582106 0.04540728 0.93280524 0.3592741 0.02822182
0.023464741 -0.003231869 0.05161304 0.9205567 0.38474995 0.06740021
0.022625893 -0.0026857937 0.057428062 0.8885513 0.4394059 0.1319055
0.021159017 -0.0018751816 0.0627469 0.8695362 0.42242378 0.2558615
0.022744978 -0.0029389532 0.05747083 0.888967 0.4393031 0.12942417
0.022744978 -0.0029389532 0.05747083 0.4777725 0.87846243 -0.0061101927
0.02312666 -0.0031457106 0.057674497 0.86900926 -0.43135664 0.2423932
0.02312666 -0.0031457106 0.057674497 0.4795587 0.87749994 -0.0041658026
0.02125562 -0.0021241987 0.06282908 0.8698738 0.42307338 0.25363073
0.02125562 -0.0021241987 0.06282908 0.52022135 0.85341156 0.032534108
0.021591779 -0.002336652 0.06300579 0.8148813 -0.41398942 0.4056859
0.021591779 -0.002336652 0.06300579 0.52002877 0.8535451 0.03210476
0.018687412 -0.0008313999 0.067887574 0.75770634 0.54868877 0.3533012
0.018687412 -0.0008313999 0.067887574 0.4540913 0.8908635 0.012781489
0.019014806 -0.0010004871 0.06809888 0.6905725 -0.36538437 0.6241825
0.019014806 -0.0010004871 0.06809888 0.45333138 0.89129806 0.008857691
0.015128624 0.00085540034 0.07162429 0.6030667 0.6587172 0.44989136
0.015128624 0.00085540034 0.07162429 0.41895586 0.9079749 -0.0075841527
0.018595764 -0.00058573566 0.06770353 0.7642862 0.54344714 0.34717706
0.015075125 0.0010728157 0.07137557 0.6062802 0.65829945 0.44616824
0.011410138 0.00272243 0.072779745 0.49851215 0.6144801 0.61147356
0.011290511 0.0026072701 0.072990865 0.49797222 0.61095446 0.6154335
0.011290511 0.0026072701 0.072990865 0.4371389 0.8983996 0.042281725
0.010942232 0.0027789352 0.07296044 0.46187946 0.88633955 0.03270558
0.0113080125 0.0025719209 0.07346 0.4407426 0.89617896 0.051081594
0.0113080125 0.0025719209 0.07346 0.06104361 -0.097049184 0.9934058
0.01104519 0.0028204909 0.070258655 0.47054493 0.88197577 0.026577422
0.01104519 0.0028204909 0.070258655 -0.48875555 0.51751393 -0.7023513
0.009990497 0.00096469664 0.069625214 -0.59558904 0.5285642 -0.6048914
0.010817621 0.0029345928 0.07050109 0.47008252 0.88218963 0.027639166
0.010817621 0.0029345928 0.07050109 -0.6899766 0.5406705 -0.48125634
0.009771962 0.0010180428 0.06989114 -0.7159259 0.53849614 -0.44437823
0.010717528 0.0029767966 0.070854366 0.47876605 0.87740076 0.030841377
0.010717528 0.0029767966 0.070854366 -0.8630295 0.4964654 -0.0932852
0.009652488 0.0009992748 0.070205346 -0.85632855 0.50378084 -0.11360562
0.010785088 0.0028630523 0.07304146 0.4839525 0.8745508 0.030835805
0.010785088 0.0028630523 0.07304146 -0.8622985 0.4135153 0.29231206
0.009222483 -5.973957e-05 0.07257837 -0.87976646 0.4642485 0.10239333
0.010965195 0.0027502468 0.073413506 0.4557316 0.889184 0.040749818
0.010965195 0.0027502468 0.073413506 -0.52385235 0.19391234 0.82944363
0.009210724 -0.00024623133 0.073134206 -0.7128746 0.28076944 0.64263386
0.007481287 -0.003367153 0.07210406 -0.81594455 0.22367796 0.53310657
0.009640925 -0.00060187734 0.07331613 -0.08314572 -0.13072303 0.98792624
0.007865278 -0.0037826197 0.07235165 -0.25844303 -0.2675292 0.92824316
0.013607109 -0.0031113299 0.07167324 0.39354128 -0.36191267 0.8450706
0.011584243 -0.0063589076 0.07067351 0.25621557 -0.53627795 0.80421364
0.017205847 -0.005031978 0.06774029 0.64481527 -0.46250433 0.60852516
0.015297398 0.0007809504 0.07198811 0.4396908 -0.2634544 0.8586407
0.015297398 0.0007809504 0.07198811 0.4184809 0.90820664 -0.005874177
0.014813781 -0.008330506 0.06699989 0.5085328 -0.62874854 0.58827686
0.019616459 -0.006431346 0.06277685 0.76371735 -0.5032331 0.40434164
0.017070074 -0.009854571 0.062235788 0.6286271 -0.66288596 0.40670666
0.021085624 -0.007449963 0.057314992 0.8226747 -0.514462 0.24194069
0.018465333 -0.011013818 0.05686149 0.69468457 -0.6739391 0.2514347
0.021903662 -0.008047928 0.05143869 0.8498307 -0.5103297 0.1317255
0.019234343 -0.011763952 0.05106218 0.73049444 -0.6678685 0.14258175
0.022315746 -0.008473718 0.04533319 0.8595538 -0.50591314 0.072243966
0.023970487 -0.0036722766 0.051723376 0.89376026 -0.42970386 0.12863567
0.023970487 -0.0036722766 0.051723376 0.44151783 0.8969811 -0.022067038
0.022474062 -0.008873583 0.038785033 0.86227906 -0.50499773 0.038108945
0.019582313 -0.012329618 0.045028523 0.7435573 -0.66373044 0.08114527
0.019665958 -0.012792326 0.03875354 0.74566716 -0.66478777 0.04513947
0.015942179 -0.015650194 0.044798933 0.56825423 -0.8174249 0.094359644
0.015932225 -0.016193133 0.038663834 0.5671609 -0.82200074 0.05141404
0.011532702 -0.01797924 0.04461708 0.3009024 -0.9470886 0.11171777
0.015761528 -0.014895548 0.050720915 0.55346924 -0.8173613 0.15997584
0.015112659 -0.0139320465 0.056338325 0.5115176 -0.81765705 0.2641715
0.011414431 -0.017147068 0.050384946 0.27892613 -0.94304925 0.18126874
0.0062889373 -0.01779965 0.050048217 -0.105304785 -0.9752347 0.1944947
0.011050759 -0.015954925 0.055797175 0.24773754 -0.9290611 0.2747209
0.010522861 -0.01433538 0.06065791 0.21069315 -0.89419097 0.3950074
0.006393154 -0.016541068 0.055274732 -0.117626265 -0.95294976 0.27937582
0.006448531 -0.014897087 0.059959516 -0.128514 -0.9148819 0.382721
0.0020657736 -0.015189317 0.05460143 -0.52299047 -0.8120413 0.2589786
0.0025874495 -0.013781068 0.059252582 -0.5042031 -0.7888675 0.35137925
-0.0011484385 -0.011888874 0.054484785 -0.7014802 -0.6750758 0.22846906
-0.0011484385 -0.011888874 0.054484785 -0.90410745 0.42207447 0.06665535
0.0016221104 -0.016226599 0.0498833 -0.53166676 -0.8237148 0.19703893
-0.0018442275 -0.012484861 0.04993905 -0.7166779 -0.67241627 0.1850113
-0.0018442275 -0.012484861 0.04993905 -0.87555075 0.47922057 0.061306324
0.0012686648 -0.017076386 0.044750437 -0.522072 -0.8404346 0.14529389
0.0063544433 -0.018697957 0.044660755 -0.08027921 -0.9879964 0.13197893
-0.0025075397 -0.01301372 0.044859022 -0.7233493 -0.6751811 0.14455597
-0.0025075397 -0.01301372 0.044859022 -0.83997864 0.540344 0.04964249
0.00055951014 -0.017504785 0.038556993 -0.53817075 -0.8371705 0.09755929
-0.003244752 -0.01335526 0.03880626 -0.7289659 -0.67595524 0.108135365
-0.003244752 -0.01335526 0.03880626 -0.7319196 0.67982775 0.046129324
-2.6212307e-05 -0.017677058 0.03221798 -0.5423463 -0.8386611 0.05008241
0.0058288733 -0.019277537 0.038543478 -0.098698996 -0.9922216 0.07586011
0.011325069 -0.018573813 0.038582243 0.29597107 -0.95334595 0.059436463
-0.0039327666 -0.013469539 0.032210827 -0.5976123 0.80092704 0.03708645
-0.0039327666 -0.013469539 0.032210827 -0.73170054 -0.67856765 0.064499214
-0.004550159 -0.013243952 0.025432212 -0.20481128 0.9765555 0.06626832
-0.004550159 -0.013243952 0.025432212 -0.73442954 -0.6781215 0.02765076
-0.0031448235 -0.012862111 0.03229302 -0.6191272 0.78436923 0.03802956
-0.003661056 -0.013053629 0.02542088 -0.2164063 0.97419304 0.06415876
-0.0025709502 -0.012612932 0.03873527 -0.7443579 0.66623247 0.04544976
-0.0019232756 -0.012072585 0.04471045 -0.8478569 0.5279594 0.048962474
-0.0012514403 -0.011366616 0.049760148 -0.8810101 0.4691368 0.06108853
-0.0005266671 -0.010497862 0.054243326 -0.9059461 0.41817617 0.06626211
0.00026190944 -0.009515499 0.058508977 -0.89973885 0.43077198 0.07003878
-0.0003784356 -0.010934063 0.059002563 -0.66564816 -0.6727989 0.32288417
-0.0003784356 -0.010934063 0.059002563 -0.900529 0.4291435 0.06988124
0.0010916516 -0.008365353 0.061921373 -0.8986753 0.43219587 0.074762434
0.00044559594 -0.009825957 0.06263231 -0.6120507 -0.6691383 0.4214829
0.00044559594 -0.009825957 0.06263231 -0.8981485 0.43331903 0.07459132
0.0021155677 -0.0067890594 0.06521715 -0.9004907 0.4269538 0.08262479
0.0015101497 -0.008231857 0.06606713 -0.5558896 -0.61256266 0.5619196
0.0015101497 -0.008231857 0.06606713 -0.9001095 0.42786837 0.08204509
0.0028743478 -0.0056039924 0.067172304 -0.89215666 0.44279683 0.08937357
0.002983367 -0.005821661 0.06938712 -0.38547844 -0.36764956 0.8463097
0.002983367 -0.005821661 0.06938712 -0.8902392 0.44786492 0.08301412
0.0030086818 -0.0052774595 0.06687668 -0.8865188 0.45243227 0.09689914
0.0035761313 -0.0043431753 0.06770594 0.46495152 0.8759363 -0.12866826
0.0035761313 -0.0043431753 0.06770594 -0.8688987 0.4807472 0.117886305
0.0036175435 -0.004335963 0.06789523 0.4892823 0.8607924 0.14014103
0.0036175435 -0.004335963 0.06789523 -0.8468483 0.51061183 0.14873993
0.00569298 -0.0054893875 0.067383766 0.28945178 0.948925 -0.12553452
0.0056163864 -0.005432737 0.067661285 0.33176342 0.9336468 0.13504395
0.0060185045 -0.005558037 0.06736917 -0.09743912 0.9534744 -0.28529313
0.005912731 -0.005483442 0.06765461 -0.124260604 0.98963535 -0.07198087
0.0063091354 -0.005408355 0.06748092 -0.4996004 0.76669437 -0.403211
0.006184282 -0.005345733 0.06776452 -0.6100283 0.7617031 -0.21834329
0.006831879 -0.004641679 0.06773206 -0.6445101 0.5703002 -0.50927836
0.0066683567 -0.004576803 0.06801331 -0.75462836 0.5625889 -0.33768302
0.008531423 -0.0016573415 0.06873588 -0.61083305 0.5381777 -0.5807303
0.008295369 -0.0016683311 0.06897445 -0.71878254 0.5455933 -0.4309056
0.008153269 -0.001742185 0.06925203 -0.85506636 0.5066898 -0.11012308
0.006604955 -0.0045843767 0.06832646 -0.8616821 0.50538635 -0.045701765
0.0075742872 -0.0030919062 0.07155964 -0.8849626 0.46081161 0.067036346
0.006054543 -0.00581918 0.07011238 -0.8849305 0.45207912 0.111904524
0.0059910654 -0.0061137164 0.070511505 -0.83542764 0.13692455 0.5322711
0.005649689 -0.0064908387 0.06979491 -0.7938893 0.52874076 0.30028817
0.0053459327 -0.0066744247 0.06961474 -0.29843596 0.70832115 0.63970095
0.0056064413 -0.0068079764 0.07002886 -0.7061347 0.09803475 0.70125824
0.0061397427 -0.0053795846 0.06806594 -0.743034 0.66320795 0.08975314
0.005828818 -0.0055549415 0.06793539 -0.22393519 0.9146958 0.3364293
0.005498004 -0.0054966817 0.06791267 0.31416896 0.817305 0.48302206
0.0035836971 -0.0044373656 0.068125434 0.46058807 0.73339695 0.49998772
0.0035836971 -0.0044373656 0.068125434 -0.89422613 0.44308868 0.06349749
0.0049721655 -0.0065374756 0.06953771 0.2209543 0.6487995 0.72817487
0.004837339 -0.0067720385 0.06971255 -0.091305226 0.16414756 0.9822011
0.0032768224 -0.005213623 0.06926538 0.36173734 0.60973936 0.7052405
0.0032768224 -0.005213623 0.06926538 -0.9032067 0.42658633 0.047347244
0.0031440328 -0.0055177966 0.0694729 0.026426999 0.21449177 0.97636825
0.0031440328 -0.0055177966 0.0694729 -0.8917472 0.44748265 0.067425564
0.005252831 -0.0069779167 0.06981035 -0.37977645 0.101164445 0.9195301
0.004756817 -0.0071744444 0.06960723 -0.3953084 -0.41765597 0.8181043
0.003967389 -0.009944604 0.06665452 -0.44966382 -0.66490173 0.59641284
0.005268886 -0.0073798792 0.06972574 -0.34965834 -0.4805633 0.8042375
0.0059811315 -0.010272955 0.067349374 -0.22830135 -0.7307976 0.6432833
0.005776633 -0.0071895057 0.070059404 -0.3386388 -0.4641093 0.8184902
0.0078070066 -0.0098423 0.06819981 -0.04212886 -0.7223427 0.6902507
0.006293079 -0.0064933607 0.07068111 -0.33967927 -0.39730877 0.8525043
0.009562846 -0.008714558 0.06924289 0.11677262 -0.6582847 0.7436567
0.01222204 -0.010753875 0.06595011 0.34450534 -0.7546395 0.55842227
0.014089081 -0.012486429 0.061480552 0.45325622 -0.7954072 0.40235096
0.009404004 -0.012320091 0.06492366 0.12722287 -0.83810836 0.53046083
0.0063629467 -0.012837102 0.064018026 -0.15493982 -0.8482573 0.5064121
0.0033588773 -0.012119406 0.06329126 -0.47178507 -0.74719054 0.46810815
-0.0044255885 -0.012626279 0.018200388 -0.07773848 0.7752876 0.62680614
-0.0044255885 -0.012626279 0.018200388 -0.093289 0.99304396 0.071839005
-0.0028779092 -0.012643632 0.020182563 -0.06989486 0.9955447 0.06328985
-0.0029772255 -0.012583339 0.01886384 0.20283347 0.9765815 0.07174364
-0.0029772255 -0.012583339 0.01886384 -0.052260015 0.997404 0.049540572
-0.0029772255 -0.012583339 0.01886384 -0.15041448 0.9033398 0.40168712
-0.003425328 -0.012448347 0.018293185 0.20879002 0.9752124 0.07326314
-0.003425328 -0.012448347 0.018293185 -0.06246934 0.9487166 0.30989423
-0.0033081598 -0.012211709 0.014740774 0.25772724 0.9629687 0.079171546
-0.0038386043 -0.011676011 0.010359189 0.2963299 0.9511621 0.08648283
-0.0038245898 -0.012075767 0.0147830155 0.26418063 0.9610097 0.08166452
-0.0043016947 -0.011943987 0.014807014 0.2760808 0.9570998 0.08797399
-0.0043807933 -0.011515351 0.010460036 0.29202664 0.9523799 0.0877104
-0.00480163 -0.011398218 0.010562403 0.27870563 0.95616865 0.089802824
-0.005261711 -0.011275476 0.010632081 0.14816308 0.9825234 0.11267492
-0.00476125 -0.011806299 0.014818972 0.15568665 0.98246586 0.102580175
-0.0056035905 -0.011274224 0.01067193 -0.37162107 0.9105296 0.18120036
-0.006124924 -0.010626017 0.0062784534 0.08675465 0.9877397 0.12978515
-0.005842342 -0.011540885 0.010710305 -0.95627356 0.23824169 0.16965194
-0.0051889983 -0.011801621 0.014819918 -0.3892557 0.9104598 0.13979611
-0.0054259384 -0.012058372 0.014825808 -0.9560779 0.27028257 0.11341307
-0.004942871 -0.012120035 0.017946435 0.33555576 0.5411337 0.771088
-0.004942871 -0.012120035 0.017946435 -0.45831278 0.8785889 0.134279
-0.0051578595 -0.0124134105 0.018235197 0.3090414 0.60389847 0.73471093
-0.0051578595 -0.0124134105 0.018235197 -0.97735316 0.18852511 0.09612034
-0.004442777 -0.012193036 0.01776036 0.19030833 0.9766254 0.09992799
-0.004442777 -0.012193036 0.01776036 0.11138903 0.6700272 0.7339319
-0.0044459463 -0.012416219 0.017938042 0.024136147 0.68853295 0.7248034
-0.0038871197 -0.012311624 0.01788207 0.21066017 0.9740492 0.082767345
-0.0038871197 -0.012311624 0.01788207 0.18195863 0.9759362 0.12016587
-0.0051369085 -0.012729094 0.018509911 0.26080465 0.6787637 0.6864845
-0.0051369085 -0.012729094 0.018509911 -0.107186906 0.990787 0.08277639
-0.0051369085 -0.012729094 0.018509911 -0.820858 -0.57101697 0.011480828
-0.005365213 -0.012369984 0.014822712 -0.8906691 -0.45423704 0.01942261
-0.005772588 -0.011818724 0.010682186 -0.86987376 -0.49008742 0.0559803
-0.0020523178 -0.015636602 0.010066612 -0.53353786 -0.8407877 -0.0917251
0.019624185 -0.013122496 0.032481864 0.7412516 -0.67099065 0.017821293
0.022493716 -0.009164085 0.0325075 0.861389 -0.507707 0.015578158
0.024621224 -0.004691907 0.026412731 0.90524346 -0.42484513 -0.0063997274
0.024621224 -0.004691907 0.026412731 0.5031724 0.8638151 -0.025316548
0.023965817 -0.005142087 0.00018652156 0.8816999 -0.47112575 0.025411742
0.023965817 -0.005142087 0.00018652156 0.4602049 0.88718677 -0.0333368
0.024757463 -0.0056642857 -0.013825182 0.8916408 0.4443508 0.08677045
0.025828056 -0.0063430886 -0.020777516 0.8719965 0.48167485 0.0872437
0.025828056 -0.0063430886 -0.020777516 0.09207607 -0.093763016 -0.99132764
0.024601528 -0.0058356104 -0.020914428 0.08810992 -0.055367894 -0.9945708
0.025973734 -0.00661444 -0.020735454 0.8725606 0.48060742 0.087490104
0.025973734 -0.00661444 -0.020735454 0.34285083 0.9383885 -0.04336197
0.025973734 -0.00661444 -0.020735454 0.093066186 -0.10353977 -0.9902617
0.024269886 -0.0065149227 -0.02090599 0.088830985 -0.06226036 -0.99409896
0.024269886 -0.0065149227 -0.02090599 0.070829645 0.9935297 -0.088780835
0.026363594 -0.0068224696 -0.020668084 0.7934783 -0.58500135 0.16782634
0.026363594 -0.0068224696 -0.020668084 0.4729806 0.8808952 -0.017692454
0.026039978 -0.0072060367 -0.027227879 0.1332408 0.98936224 -0.058388337
0.025772424 -0.007366404 -0.032450072 0.15299365 0.98778725 -0.029486854
0.025772424 -0.007366404 -0.032450072 0.12960294 0.99087226 -0.037084047
0.025772424 -0.007366404 -0.032450072 0.10990222 0.9938183 -0.015709156
0.024982093 -0.0070931064 -0.027200703 0.10446914 0.99280554 -0.058509264
0.027071506 -0.0073640253 -0.02698915 0.80481404 -0.58628356 0.09244398
0.027071506 -0.0073640253 -0.02698915 0.1727955 0.9829366 -0.06306565
0.025051184 -0.010392336 -0.028513543 0.77429014 -0.63006866 0.059061512
0.027220655 -0.007599905 -0.032758027 0.9014496 -0.18656419 -0.3906179
0.027220655 -0.007599905 -0.032758027 0.7688839 -0.6377349 0.04595383
0.027220655 -0.007599905 -0.032758027 0.15232748 0.9876063 -0.037818003
0.027220655 -0.007599905 -0.032758027 0.13400482 0.9898905 0.04646866
0.025941115 -0.009296954 -0.03490036 0.86044055 -0.10439945 -0.49874115
0.025941115 -0.009296954 -0.03490036 0.7491654 -0.66238177 -0.0012687494
0.026997158 -0.0075252242 -0.033309475 0.8997078 -0.17867532 -0.3982474
0.026997158 -0.0075252242 -0.033309475 0.12443049 0.9887114 0.08346765
0.026997158 -0.0075252242 -0.033309475 0.030822976 0.77914256 -0.62608844
0.025701756 -0.009109507 -0.035344828 0.8470612 -0.13648956 -0.5136711
0.025701756 -0.009109507 -0.035344828 0.047821082 0.769236 -0.63717276
0.025588855 -0.007359541 -0.033172622 0.7635557 0.20436645 -0.61254966
0.025588855 -0.007359541 -0.033172622 0.14626727 0.9892428 -0.0021692282
0.025588855 -0.007359541 -0.033172622 0.11214417 0.99359 -0.014233857
0.025588855 -0.007359541 -0.033172622 0.03929012 0.779126 -0.62563485
0.024587112 -0.008614476 -0.03484 0.64629567 0.29277337 -0.70468825
0.024587112 -0.008614476 -0.03484 0.053459734 0.76998687 -0.6358162
0.024988497 -0.0072961478 -0.033899833 0.742506 0.22410339 -0.6312387
0.024988497 -0.0072961478 -0.033899833 0.11232649 0.99364305 -0.007508851
0.024591025 -0.007244385 -0.03299579 0.11086872 0.99377984 -0.010472528
0.024382526 -0.007227783 -0.033827983 0.11116239 0.9937698 -0.008028757
0.024764216 -0.007256385 -0.032352746 0.107481666 0.9941528 -0.010394098
0.024764216 -0.007256385 -0.032352746 0.10497993 0.99382484 -0.035934336
0.0240508 -0.008109644 -0.03509824 0.6229874 0.30717298 -0.7193966
0.022333698 -0.0097022345 -0.03712132 0.5440924 0.3413875 -0.7664319
0.019449841 -0.012021857 -0.040040165 0.4809678 0.32324585 -0.81497365
0.022913527 -0.010372863 -0.03700627 0.5519463 0.33670005 -0.7628817
0.022913527 -0.010372863 -0.03700627 0.038802173 0.7640035 -0.64404434
0.02000618 -0.012813943 -0.040027715 0.48189276 0.3235287 -0.8143147
0.02000618 -0.012813943 -0.040027715 0.0012518063 0.7833073 -0.62163335
0.023945242 -0.010931132 -0.037598625 0.8041612 -0.22209404 -0.5513611
0.023945242 -0.010931132 -0.037598625 0.043220766 0.7630422 -0.644902
0.024089407 -0.011178139 -0.037287395 0.8182285 -0.20098497 -0.5386158
0.024089407 -0.011178139 -0.037287395 0.6947517 -0.717121 -0.05529659
0.021044664 -0.013197196 -0.040506504 0.71402293 -0.25053138 -0.65376234
0.021044664 -0.013197196 -0.040506504 0.0055303783 0.7807962 -0.6247613
0.021161847 -0.013491279 -0.04026345 0.72853476 -0.24207145 -0.640811
0.021161847 -0.013491279 -0.04026345 0.62720025 -0.7688994 -0.1241518
0.016741566 -0.015607347 -0.043609217 0.5693503 -0.18247674 -0.8015874
0.016741566 -0.015607347 -0.043609217 -0.004914661 0.79450595 -0.6072365
0.016829755 -0.016004642 -0.043456987 0.5691159 -0.18465659 -0.80125463
0.016829755 -0.016004642 -0.043456987 0.54919314 -0.805199 -0.22369923
0.010864198 -0.017870251 -0.046591394 0.41706398 -0.31825748 -0.85133415
0.010864198 -0.017870251 -0.046591394 -0.0030722746 0.8039243 -0.59472364
0.015908103 -0.015174803 -0.043034278 0.41726652 0.2500097 -0.8737183
0.015908103 -0.015174803 -0.043034278 -0.0052553727 0.7958974 -0.60540855
0.0102972165 -0.017273583 -0.04578088 0.31028748 0.17814828 -0.93380135
0.0102972165 -0.017273583 -0.04578088 -0.003098654 0.80440456 -0.59407365
0.01543767 -0.014409334 -0.043041635 0.4120594 0.24418215 -0.87782806
0.009919122 -0.016452063 -0.04575034 0.2995074 0.17209695 -0.93844444
0.0026018133 -0.017938724 -0.04780419 0.16845956 0.11334496 -0.9791702
-0.0040266896 -0.018397767 -0.048529685 0.0038919293 0.082362935 -0.9965947
0.0027897167 -0.018800145 -0.047872595 0.1741759 0.11629391 -0.9778233
0.0027897167 -0.018800145 -0.047872595 0.0050171996 0.80919415 -0.5875198
-0.0041260934 -0.01924565 -0.04860017 0.018000605 0.8117165 -0.5837742
-0.0041260934 -0.01924565 -0.04860017 -0.0088025 0.08511967 -0.9963319
0.0031542727 -0.019453192 -0.048768774 0.234832 -0.46430627 -0.85397524
0.0031542727 -0.019453192 -0.048768774 0.004565119 0.8089336 -0.5878822
0.003118612 -0.019854773 -0.048559684 0.21519694 -0.8395584 -0.4988307
0.003118612 -0.019854773 -0.048559684 0.22132623 -0.46383804 -0.857828
-0.0040373304 -0.019919204 -0.04953238 0.0023684003 -0.39913517 -0.916889
-0.0040373304 -0.019919204 -0.04953238 0.017008878 0.81115764 -0.58458006
-0.0041042278 -0.020298146 -0.049367595 -0.006783194 -0.8104583 -0.5857572
-0.0041042278 -0.020298146 -0.049367595 -0.020956064 -0.39749676 -0.9173643
-0.014322646 -0.01878934 -0.048414715 0.0470096 0.82293606 -0.5661858
-0.014322646 -0.01878934 -0.048414715 0.026565284 0.823773 -0.566297
-0.014322646 -0.01878934 -0.048414715 -0.38844463 -0.39182383 -0.8340174
-0.014322646 -0.01878934 -0.048414715 -0.14673388 -0.4316743 -0.8900149
-0.021944685 -0.016598435 -0.045863144 0.056363944 0.828506 -0.5571364
-0.021944685 -0.016598435 -0.045863144 -0.49268883 -0.3026243 -0.8158899
-0.014341272 -0.019170385 -0.04822603 -0.39797273 -0.73549396 -0.5483306
-0.014341272 -0.019170385 -0.04822603 -0.15522222 -0.79137003 -0.59130335
-0.014341272 -0.019170385 -0.04822603 -0.3885499 -0.39357173 -0.8331449
-0.014341272 -0.019170385 -0.04822603 -0.14688496 -0.43317372 -0.8892612
-0.0142049845 -0.018092945 -0.047392756 0.047339935 0.8236119 -0.5651747
-0.0142049845 -0.018092945 -0.047392756 0.026628133 0.8246543 -0.56501
-0.0142049845 -0.018092945 -0.047392756 -0.29621306 0.12330177 -0.94712955
-0.0142049845 -0.018092945 -0.047392756 -0.10774295 0.09390134 -0.98973435
-0.02135555 -0.015979404 -0.044881277 0.05721942 0.8288858 -0.55648386
-0.02135555 -0.015979404 -0.044881277 -0.3671836 0.17373307 -0.9137795
-0.014057318 -0.017241716 -0.047328122 -0.29598853 0.12444612 -0.94705015
-0.014057318 -0.017241716 -0.047328122 -0.10774526 0.093843535 -0.98973954
-0.020984445 -0.015170303 -0.044875953 -0.36126086 0.17506193 -0.91588426
-0.026256472 -0.012558112 -0.041586734 -0.47473338 0.30446893 -0.8257886
-0.03001843 -0.010103846 -0.037921254 -0.5718235 0.39758375 -0.7175967
-0.026682114 -0.013399185 -0.041649394 0.053671397 0.8375605 -0.5437019
-0.026682114 -0.013399185 -0.041649394 -0.4712111 0.29686245 -0.83056164
-0.027452458 -0.013937962 -0.042546052 0.0531674 0.83487874 -0.54786015
-0.027452458 -0.013937962 -0.042546052 -0.6723136 -0.2228322 -0.7059323
-0.03055292 -0.010952191 -0.03797009 0.06702414 0.87751126 -0.47484905
-0.03055292 -0.010952191 -0.03797009 -0.56686944 0.39594513 -0.72241706
-0.031455826 -0.011279452 -0.03868778 0.061673645 0.8732479 -0.4833575
-0.031455826 -0.011279452 -0.03868778 -0.7819329 -0.10738003 -0.6140443
-0.03321284 -0.008910914 -0.034158014 0.101908006 0.9117737 -0.3978486
-0.03321284 -0.008910914 -0.034158014 -0.6788045 0.40819365 -0.6104116
-0.03425641 -0.009038278 -0.03471697 0.09744797 0.9102803 -0.4023601
-0.03425641 -0.009038278 -0.03471697 -0.79306245 0.23182343 -0.5633027
-0.03534482 -0.00682667 -0.029732425 0.10113009 0.9113501 -0.39901605
-0.03534482 -0.00682667 -0.029732425 -0.74747556 0.46332258 -0.47603825
-0.032681584 -0.008078743 -0.034197956 -0.6829334 0.4066849 -0.6068026
-0.03477494 -0.0060457904 -0.029867547 -0.7507006 0.4622774 -0.4719621
-0.03574658 -0.0037700664 -0.025259871 -0.8117311 0.47357365 -0.34179038
-0.035936177 -0.0015123555 -0.020941192 -0.820821 0.51684 -0.24316512
-0.036313795 -0.0045440546 -0.024985999 0.094104946 0.8959331 -0.43410608
-0.036313795 -0.0045440546 -0.024985999 -0.8094412 0.47543013 -0.34463194
-0.037486907 -0.0045080734 -0.025169974 0.09641338 0.8962007 -0.43304574
-0.037486907 -0.0045080734 -0.025169974 -0.9737982 0.124310605 -0.19043078
-0.036511082 -0.0022603194 -0.020586979 0.07515222 0.87801087 -0.47270402
-0.036511082 -0.0022603194 -0.020586979 -0.8211153 0.51456004 -0.24697702
-0.03767465 -0.0021780226 -0.02062583 0.07941541 0.8783534 -0.47136882
-0.03767465 -0.0021780226 -0.02062583 -0.98518527 0.16432612 -0.049061913
-0.035868183 0.0005462767 -0.015582493 0.031513654 0.8610366 -0.5075657
-0.035868183 0.0005462767 -0.015582493 -0.8031328 0.57720727 -0.14768073
-0.037072506 0.0007298569 -0.015341237 0.032151002 0.8605974 -0.50827
-0.037072506 0.0007298569 -0.015341237 -0.98270005 0.12851459 0.13335894
-0.0342655 0.003341721 -0.01089016 0.1865507 0.6946531 0.6947345
-0.0342655 0.003341721 -0.01089016 0.0525863 0.8499117 -0.5242945
-0.0342655 0.003341721 -0.01089016 -0.8005987 0.5932887 -0.08396592
-0.035290096 0.001228022 -0.01605586 -0.80264884 0.5787314 -0.14430766
-0.03378841 0.0038937642 -0.011568211 -0.8021111 0.59139395 -0.08289101
-0.035545528 0.0035218475 -0.010726551 0.17146234 0.6541744 0.7366522
-0.035545528 0.0035218475 -0.010726551 0.048950594 0.8501775 -0.5242155
-0.035545528 0.0035218475 -0.010726551 -0.9430736 0.30788115 0.12578346
-0.034279622 0.0031170747 -0.010661749 0.17423587 0.70377004 0.6887306
-0.034279622 0.0031170747 -0.010661749 0.18369535 0.6870475 0.70300907
-0.03159128 -0.00015932636 -0.008090146 0.22527547 0.72570306 0.65008163
-0.03559896 0.0032601468 -0.010486574 0.16800034 0.70265645 0.69141155
-0.03559896 0.0032601468 -0.010486574 0.16888505 0.64719164 0.74338484
-0.03559896 0.0032601468 -0.010486574 -0.81115884 -0.33551723 0.47900885
-0.03559896 0.0032601468 -0.010486574 -0.9450388 0.29972953 0.13062876
-0.037089497 0.00031214498 -0.015075557 -0.85975397 -0.31277114 0.40372935
-0.037089497 0.00031214498 -0.015075557 -0.9820781 0.13069001 0.13580428
-0.032261062 -0.0005048987 -0.00747134 0.21901102 0.7265986 0.65122074
-0.032261062 -0.0005048987 -0.00747134 -0.75677216 -0.34116256 0.5575877
-0.033985052 -0.0038143927 -0.011646414 -0.8151618 -0.3099909 0.4893025
-0.03466551 -0.00704052 -0.016190188 -0.8576511 -0.42278925 0.29271796
-0.03776319 -0.0026181499 -0.020358073 -0.88570046 -0.40273985 0.23094465
-0.03776319 -0.0026181499 -0.020358073 -0.98422563 0.17070997 -0.04645482
-0.034370005 -0.0098761665 -0.021134645 -0.845001 -0.5151834 0.14338544
-0.0375679 -0.004864789 -0.024990888 -0.87304455 -0.4751327 0.109735996
-0.0375679 -0.004864789 -0.024990888 -0.97436446 0.124955304 -0.18708308
-0.033657745 -0.0116461655 -0.026518993 -0.8075485 -0.589503 0.018748876
-0.029729914 -0.015473126 -0.015952095 -0.80279684 -0.5560399 0.21525982
-0.0304594 -0.015188768 -0.023390137 -0.7380756 -0.67420244 0.026368106
-0.02722217 -0.018414546 -0.015518837 -0.75499856 -0.6529311 0.060483985
-0.028523779 -0.017039072 -0.021589447 -0.6752106 -0.7373956 -0.018395808
-0.026387151 -0.019351631 -0.015651831 -0.6826849 -0.7301868 -0.027720949
-0.025556497 -0.019976564 -0.015642792 -0.5636358 -0.81527233 -0.1328369
-0.023019873 -0.022747887 -0.010694054 -0.685078 -0.7221068 0.09607213
-0.027668338 -0.017808618 -0.020994816 -0.626233 -0.778203 -0.04724874
-0.026669636 -0.018583423 -0.020541074 -0.5694972 -0.8187913 -0.07248315
-0.027803112 -0.01756368 -0.026361477 -0.6021488 -0.79808724 -0.02176346
-0.026860267 -0.018128503 -0.03150933 -0.5846776 -0.80951697 -0.05323945
-0.027063947 -0.018124156 -0.025560932 -0.5628622 -0.8262036 -0.023950083
-0.028412094 -0.017072951 -0.027055284 -0.6396288 -0.7685157 -0.016081583
-0.027403247 -0.017691284 -0.032020144 -0.6175179 -0.78352064 -0.06904408
-0.029819401 -0.0158411 -0.028713498 -0.6831005 -0.7297749 -0.028324284
-0.032310814 -0.013138994 -0.03148198 -0.7725468 -0.62925696 -0.08489473
-0.02841657 -0.01671435 -0.033374064 -0.65135914 -0.75104636 -0.10798475
-0.030043961 -0.01477572 -0.035929844 -0.71389973 -0.6678544 -0.21051769
-0.025638204 -0.018198932 -0.03755546 -0.58783114 -0.78036183 -0.2132843
-0.021186251 -0.019567776 -0.042332914 -0.477721 -0.8000917 -0.36281678
-0.026871836 -0.016566116 -0.039517235 -0.6360224 -0.7070111 -0.30921
-0.024826318 -0.018976055 -0.036582112 -0.5493682 -0.8191074 -0.16509843
-0.020785095 -0.020214781 -0.04127097 -0.45957482 -0.83336776 -0.30706522
-0.024472184 -0.019276952 -0.036171556 -0.5299328 -0.83633375 -0.14041801
-0.020542327 -0.020472022 -0.0408886 -0.43934485 -0.8538517 -0.27912965
-0.024070848 -0.019588726 -0.035769485 -0.4995982 -0.8587013 -0.11416525
-0.020166334 -0.020817727 -0.04038746 -0.41315368 -0.8791071 -0.23764408
-0.026302371 -0.01853647 -0.031217877 -0.5481251 -0.83532506 -0.042318348
-0.023181504 -0.020147048 -0.0350055 0.34282148 -0.8454707 0.40945408
-0.023181504 -0.020147048 -0.0350055 -0.4722848 -0.8766577 -0.09175215
-0.025011031 -0.019338373 -0.0306 0.4071311 -0.8886292 0.21114554
-0.025011031 -0.019338373 -0.0306 -0.5160116 -0.8560334 -0.030644195
-0.0193179 -0.021411452 -0.039337307 0.20165296 -0.78621554 0.5841243
-0.0193179 -0.021411452 -0.039337307 -0.3849012 -0.9010178 -0.20004524
-0.022718849 -0.019851709 -0.034784436 0.74866825 -0.35187927 0.5618512
-0.022718849 -0.019851709 -0.034784436 0.3446029 -0.8443288 0.41031402
-0.019002145 -0.021013347 -0.038912017 0.49376738 -0.33207297 0.8036923
-0.019002145 -0.021013347 -0.038912017 0.21897303 -0.7892941 0.57364243
-0.024469595 -0.019065347 -0.030493397 0.9070576 -0.32953072 0.26202294
-0.024469595 -0.019065347 -0.030493397 0.407294 -0.8884466 0.2115989
-0.022506993 -0.019324627 -0.03473261 0.75252604 -0.3583902 0.55250424
-0.018790511 -0.020522894 -0.03883826 0.4854801 -0.33254382 0.80853176
-0.024241833 -0.018535852 -0.030607415 0.89816755 -0.3274735 0.2933534
-0.024979576 -0.018192716 -0.024996392 0.961212 -0.27420923 0.02967665
-0.025135526 -0.018739365 -0.024919696 0.96333724 -0.26816493 0.008301687
-0.025135526 -0.018739365 -0.024919696 0.45635402 -0.88978887 -0.0040969853
-0.024682375 -0.018479478 -0.021051131 0.96510476 -0.15078123 -0.2140978
-0.024773136 -0.018983878 -0.021119751 0.96499604 -0.14592235 -0.21792032
-0.024773136 -0.018983878 -0.021119751 0.4907289 -0.8386463 -0.23634183
-0.02322733 -0.020050101 -0.016268656 0.8758331 -0.11983218 -0.4675003
-0.023381041 -0.02051278 -0.016435757 0.87738323 -0.12957345 -0.46196243
-0.023381041 -0.02051278 -0.016435757 0.38283926 -0.76332927 -0.5203485
-0.020934151 -0.0221118 -0.012863833 0.681626 -0.08350145 -0.7269204
-0.02116144 -0.022652138 -0.013011535 0.67207074 -0.08102337 -0.7360408
-0.02116144 -0.022652138 -0.013011535 0.2744697 -0.61440265 -0.73971325
-0.017537953 -0.024587197 -0.010606861 0.43933734 0.050142176 -0.8969217
-0.017670775 -0.025084833 -0.010700021 0.40848643 0.059637874 -0.910814
-0.017670775 -0.025084833 -0.010700021 0.18431747 -0.35268405 -0.9174099
-0.013484187 -0.026434222 -0.009602126 0.16988347 0.09885502 -0.98049337
-0.013650104 -0.027005957 -0.009687644 0.16378891 0.09974759 -0.9814396
-0.013650104 -0.027005957 -0.009687644 0.0416246 -0.25837636 -0.96514714
-0.009649912 -0.027440662 -0.009506157 -0.04611199 0.15257576 -0.9872154
-0.009716544 -0.02799855 -0.009589518 -0.049680583 0.15502784 -0.9866602
-0.009716544 -0.02799855 -0.009589518 -0.09740221 -0.23996562 -0.9658827
-0.0050006537 -0.027507052 -0.010257906 -0.25609222 0.17743686 -0.9502278
-0.0048813582 -0.028075919 -0.010397186 -0.20897184 -0.35935777 -0.90950143
-0.0048813582 -0.028075919 -0.010397186 -0.28040063 0.17820024 -0.94319665
-0.001002843 -0.026681945 -0.01175149 -0.5004877 0.23024443 -0.83456546
-0.00091760955 -0.027200315 -0.011949454 -0.3933316 -0.27508163 -0.8772801
-0.00091760955 -0.027200315 -0.011949454 -0.5099856 0.23737186 -0.82678246
0.002153719 -0.025471725 -0.013895407 -0.7279195 0.2371339 -0.6433512
0.0022044424 -0.025980834 -0.014144955 -0.6609324 -0.18845534 -0.7263973
0.0022044424 -0.025980834 -0.014144955 -0.7397336 0.23920026 -0.62894946
0.0046285903 -0.024163138 -0.017302455 -0.9143624 0.1928939 -0.35599625
0.0046216724 -0.024687104 -0.017575856 -0.8955868 -0.1540988 -0.4173462
0.0046216724 -0.024687104 -0.017575856 -0.9322422 0.1785476 -0.31471473
0.005757959 -0.023018599 -0.023221433 -0.98652345 0.16267772 0.017536746
0.005666825 -0.023564063 -0.023223113 -0.95025444 -0.30644804 -0.05573278
0.005666825 -0.023564063 -0.023223113 -0.98670536 0.16247445 -0.003804703
0.0049527157 -0.022865739 -0.028232137 -0.95275456 0.094882496 0.28854084
0.002515731 -0.02297952 -0.033527207 -0.84616566 0.067742504 0.5285967
0.004907593 -0.023404345 -0.028208923 -0.85169554 -0.4632944 0.244894
0.004907593 -0.023404345 -0.028208923 -0.9543433 0.091561496 0.2843329
0.0024758445 -0.023505002 -0.033524394 -0.7868276 -0.34760094 0.50997645
0.0024758445 -0.023505002 -0.033524394 -0.8405577 0.0664092 0.5376359
0.0051269913 -0.02383357 -0.028267533 0.17205243 -0.98340946 -0.057477307
0.0051269913 -0.02383357 -0.028267533 -0.85227954 -0.46391597 0.24166387
0.0026291944 -0.02403522 -0.033645343 0.15291032 -0.98717076 -0.045958444
0.0026291944 -0.02403522 -0.033645343 -0.7790541 -0.35526782 0.51658446
0.006760388 -0.023519263 -0.028765447 0.23216657 -0.9699401 -0.072903045
0.005835751 -0.024070967 -0.023301093 0.16615579 -0.9794574 -0.11426058
0.005835751 -0.024070967 -0.023301093 -0.94838154 -0.31368953 -0.04659704
0.0074721337 -0.02378654 -0.02329214 0.23287043 -0.96696496 -0.10368327
0.004727974 -0.025069617 -0.017668366 0.1292356 -0.9668609 -0.22017759
0.004727974 -0.025069617 -0.017668366 -0.9027229 -0.15601264 -0.40093818
0.0063815773 -0.024928678 -0.017343618 0.23596452 -0.9574507 -0.16615896
0.0023763373 -0.026464928 -0.01418156 0.17205772 -0.9445408 -0.27971217
0.0023763373 -0.026464928 -0.01418156 -0.66350704 -0.17581336 -0.7272193
0.003868831 -0.026524583 -0.013045934 0.27825904 -0.9455181 -0.16901886
-0.0006890062 -0.027724463 -0.011891207 0.13770281 -0.9497877 -0.28096527
-0.0006890062 -0.027724463 -0.011891207 -0.4046964 -0.26521578 -0.87514645
0.00055978936 -0.02799562 -0.010333734 0.26655748 -0.9607075 -0.077383734
-0.0047928235 -0.028635237 -0.010193766 0.028616574 -0.95862263 -0.28323817
-0.0047928235 -0.028635237 -0.010193766 -0.2082843 -0.3577352 -0.91029835
-0.004342035 -0.029112376 -0.008478315 0.10406034 -0.99429727 -0.023334395
-0.009731999 -0.02853304 -0.009455127 -0.10320268 -0.24487196 -0.96404713
-0.009731999 -0.02853304 -0.009455127 -0.14867397 -0.93438625 -0.32375702
-0.009606529 -0.029138427 -0.007788865 -0.1353571 -0.99070984 -0.013128205
-0.013777256 -0.027583495 -0.009539311 0.028659372 -0.25465238 -0.96660787
-0.013777256 -0.027583495 -0.009539311 -0.27273905 -0.9147683 -0.29801437
-0.014558563 -0.027936742 -0.007777838 -0.32617426 -0.94527996 -0.007509119
-0.018016558 -0.025638811 -0.010562522 0.18491872 -0.34251648 -0.9211339
-0.018016558 -0.025638811 -0.010562522 -0.3862813 -0.8767938 -0.28639022
-0.019125255 -0.025678167 -0.008990275 -0.47301236 -0.8737444 -0.11326944
-0.021583132 -0.023112128 -0.012788673 0.26141044 -0.5945007 -0.76041675
-0.021583132 -0.023112128 -0.012788673 -0.46845922 -0.84784704 -0.24839766
-0.022525484 -0.022969104 -0.011560498 -0.52743775 -0.8277161 -0.19156083
-0.023927733 -0.020875135 -0.016307775 0.38193518 -0.7573447 -0.5296741
-0.023927733 -0.020875135 -0.016307775 -0.5232034 -0.83938885 -0.14725676
-0.02537119 -0.019401927 -0.02089211 0.47650936 -0.83298254 -0.28121004
-0.02537119 -0.019401927 -0.02089211 -0.5408067 -0.8378972 -0.07386769
-0.025675325 -0.01901627 -0.024980593 0.46065283 -0.8875657 0.0051068882
-0.025675325 -0.01901627 -0.024980593 -0.530691 -0.8470734 -0.02887631
-0.0041183224 -0.028860243 -0.0074066166 0.20469554 -0.8249514 0.5268348
0.008486656 -0.02356255 -0.022540146 0.43030494 -0.89846945 -0.08712328
0.008075292 -0.023103774 -0.029058233 0.330812 -0.93960404 -0.08779344
0.00487008 -0.023547968 -0.034854747 0.25448605 -0.96121097 -0.106350765
0.009352505 -0.022564523 -0.029541433 0.41498557 -0.9062196 -0.08095032
0.0059205494 -0.023176404 -0.035517998 0.2969705 -0.94836694 -0.11139484
0.012425089 -0.020930026 -0.030798769 0.503731 -0.8629497 -0.039658785
0.0078684725 -0.022303283 -0.03764803 0.34120792 -0.9295802 -0.1394918
0.014857493 -0.019036237 -0.037159428 0.53331566 -0.8357305 -0.13087752
0.017025376 -0.017666418 -0.026425583 0.60062 -0.79703474 0.06317677
0.020646004 -0.014238493 -0.023674874 0.6717656 -0.7318455 0.1146001
0.01924593 -0.016205097 -0.033608746 0.6281094 -0.7766185 -0.048398294
0.022706555 -0.013105345 -0.030529244 0.7039257 -0.7100807 0.016554987
0.018451491 -0.014684361 -0.016157795 0.6626735 -0.73385173 0.1494175
0.023647243 -0.0108497 -0.021863166 0.7526118 -0.64237124 0.14468834
0.010195039 -0.020610388 -0.041682728 0.3973852 -0.87949646 -0.2618609
0.002612619 -0.021769395 -0.04551453 0.21424906 -0.8833374 -0.4169083
0.010924008 -0.018268283 -0.046414427 0.39558303 -0.84069157 -0.3697997
0.010924008 -0.018268283 -0.046414427 0.41988972 -0.3137532 -0.85161704
-0.004486972 -0.021615772 -0.047540084 -0.016473867 -0.84701 -0.5313217
0.0018094548 -0.02293854 -0.042884737 0.19306566 -0.93754625 -0.28936622
-0.005077786 -0.022618845 -0.045646325 -0.02510941 -0.9038961 -0.42701462
0.0009421325 -0.023619777 -0.040769033 0.16489655 -0.96342134 -0.21125473
0.0005698297 -0.023848694 -0.039870597 0.14946765 -0.9739175 -0.17071728
-0.0055796416 -0.023226524 -0.044109814 -0.030470423 -0.93577695 -0.3512735
-0.0057886764 -0.023445627 -0.043454822 -0.03069564 -0.9526391 -0.30255005
-0.014312545 -0.021839177 -0.04393989 -0.36533514 -0.85587037 -0.36608216
-0.014312545 -0.021839177 -0.04393989 -0.15295042 -0.90261376 -0.40236127
-0.014265748 -0.022050459 -0.043450557 -0.35509497 -0.87333274 -0.33346313
-0.014265748 -0.022050459 -0.043450557 -0.1508578 -0.91613287 -0.37140602
-0.014392698 -0.021273457 -0.04510296 -0.381927 -0.8170036 -0.43201488
-0.014392698 -0.021273457 -0.04510296 -0.1530943 -0.8727675 -0.46350738
-0.014378477 -0.020481985 -0.046455353 -0.39508882 -0.76166904 -0.5135808
-0.014378477 -0.020481985 -0.046455353 -0.15410283 -0.8242815 -0.54480493
-0.021562567 -0.018655978 -0.043674875 -0.4932826 -0.7485299 -0.44314247
-0.021987693 -0.016972005 -0.04569851 -0.4865953 -0.30581853 -0.818352
-0.021987693 -0.016972005 -0.04569851 -0.5014844 -0.71656615 -0.48481596
-0.027492821 -0.014321155 -0.04238602 -0.6525406 -0.6582256 -0.37540644
-0.027492821 -0.014321155 -0.04238602 -0.66316587 -0.22808348 -0.71287376
-0.031506393 -0.011631335 -0.038557276 -0.753229 -0.59121513 -0.28828916
-0.031506393 -0.011631335 -0.038557276 -0.778421 -0.11804388 -0.6165439
-0.034429915 -0.009393533 -0.03462472 -0.80655795 -0.57313395 -0.14485058
-0.034429915 -0.009393533 -0.03462472 -0.7935678 0.23384069 -0.561755
-0.036396854 -0.007270707 -0.030043796 -0.83861667 -0.5441997 -0.023847887
-0.036396854 -0.007270707 -0.030043796 -0.947024 -0.023455355 -0.32030502
-0.036367256 -0.0069029843 -0.030168649 0.10127526 0.9121342 -0.3971836
-0.036367256 -0.0069029843 -0.030168649 -0.9507261 -0.026136018 -0.30892855
-0.014193522 -0.022299886 -0.042851053 -0.3451647 -0.8906144 -0.2960866
-0.014193522 -0.022299886 -0.042851053 -0.14989513 -0.92748237 -0.34250244
-0.0061062328 -0.023608247 -0.042852253 -0.045899164 -0.959586 -0.2776472
-0.013987081 -0.022702543 -0.04174865 0.079310656 -0.7885716 0.6098071
-0.013987081 -0.022702543 -0.04174865 -0.14299539 -0.74020356 0.65700144
-0.013987081 -0.022702543 -0.04174865 -0.338933 -0.9023858 -0.26612872
-0.013987081 -0.022702543 -0.04174865 -0.1511509 -0.9372986 -0.3140458
-0.00664716 -0.023917893 -0.041654028 -0.05115181 -0.9616475 -0.2694766
-0.00664716 -0.023917893 -0.041654028 -0.24774307 -0.80213606 0.5433242
-0.013740027 -0.022272503 -0.041220415 0.31206366 -0.31807777 0.8952334
-0.013740027 -0.022272503 -0.041220415 -0.063699104 -0.22988074 0.971132
-0.013740027 -0.022272503 -0.041220415 0.07730738 -0.7905789 0.6074608
-0.013740027 -0.022272503 -0.041220415 -0.14299825 -0.7337347 0.6642174
-0.0067256275 -0.023482282 -0.041046686 -0.2583661 -0.79389614 0.5504323
-0.0067256275 -0.023482282 -0.041046686 -0.27301073 -0.22238378 0.93595445
-0.013594575 -0.021778569 -0.041093953 0.31093252 -0.3206359 0.8947142
-0.013594575 -0.021778569 -0.041093953 -0.06410545 -0.23153035 0.97071326
-0.006635086 -0.022938192 -0.04089041 -0.30727443 -0.21068771 0.9280049
-0.0011320822 -0.02316637 -0.03784346 -0.6446445 0.033986554 0.76372665
-0.0011898095 -0.023699414 -0.037868652 -0.52654964 -0.58082825 0.620793
-0.0011898095 -0.023699414 -0.037868652 -0.62516814 0.025687372 0.78006727
-0.0008764812 -0.024281234 -0.038156655 0.110756546 -0.9841973 -0.13816132
-0.0008764812 -0.024281234 -0.038156655 -0.5301115 -0.59659696 0.6025394
4.987954e-05 -0.024015473 -0.039270036 0.12058983 -0.9805617 -0.15478015
0.0041346326 -0.023766514 -0.0344733 0.1988529 -0.9769442 -0.07770224
0.0041340645 -0.0029565701 0.06587186 0.8827498 -0.46473667 -0.06908415
0.0041340645 -0.0029565701 0.06587186 0.77088225 0.02191435 0.63660055
0.0041340645 -0.0029565701 0.06587186 0.46141666 0.6729799 0.5780941
0.003578452 -0.004289151 0.06783404 0.88147455 -0.467341 -0.06778731
0.003578452 -0.004289151 0.06783404 0.4562454 0.67076886 0.5847301
0.003578452 -0.004289151 0.06783404 -0.33278006 -0.57039344 0.7509385
0.003578452 -0.004289151 0.06783404 -0.7224187 -0.16087356 0.672481
0.005488424 -0.00045375607 0.06646168 0.8833812 -0.4632262 -0.07112734
0.005488424 -0.00045375607 0.06646168 0.74522126 -0.5285102 0.40659827
0.0077759186 -0.0051466236 0.06544674 0.4733367 0.67793655 0.562454
0.0077759186 -0.0051466236 0.06544674 -0.3295473 0.37163535 0.86792034
0.0077759186 -0.0051466236 0.06544674 -0.87611455 0.47167277 0.09973988
0.0044038384 -0.00291345 0.06555009 0.64037305 0.10572785 0.76075226
0.007606683 -0.0048788423 0.06526895 -0.09548412 0.4246945 0.9002874
0.00474929 -0.002867506 0.06539118 0.2834514 -0.043929633 0.95797986
0.0056531453 -0.0005164788 0.06607787 0.5011042 -0.479226 0.72058105
0.005958565 -0.00072997145 0.06592977 0.054135956 -0.30283946 0.9515028
0.0070224167 0.0019595316 0.0669346 0.5200056 -0.47510704 0.70983624
0.0073422506 0.0018112651 0.06680562 0.05570673 -0.28828412 0.955923
0.008195973 0.0040179444 0.06727471 0.49252814 -0.40325263 0.77123487
0.008195973 0.0040179444 0.06727471 0.28080016 0.958006 -0.058100857
0.0068342704 0.001976329 0.067290455 0.8847668 -0.46115723 -0.06724305
0.0068342704 0.001976329 0.067290455 0.74201554 -0.5217218 0.42097408
0.0066882623 0.0012395188 0.070478894 0.88441247 -0.46179512 -0.06752719
0.0066882623 0.0012395188 0.070478894 -0.30874038 -0.00612259 0.95112664
0.007960251 0.004088222 0.06771499 0.8816656 -0.46308255 -0.09066727
0.007960251 0.004088222 0.06771499 0.73537374 -0.48682776 0.47140667
0.007960251 0.004088222 0.06771499 0.22494915 0.9732043 -0.047660038
0.008161129 0.0040328493 0.07054053 0.88343453 -0.4629481 -0.07226736
0.008161129 0.0040328493 0.07054053 0.0011138022 0.081338115 0.9966859
0.0093223285 0.006767503 0.06728881 0.8762779 -0.47081175 -0.10233951
0.0072190384 0.004087488 0.06302048 0.8735303 -0.46684325 -0.13784839
0.0072190384 0.004087488 0.06302048 0.40700537 0.91115236 -0.06440553
0.008781718 0.0070372587 0.06293317 0.86695373 -0.47916892 -0.13707083
0.007487145 0.003967601 0.06301869 0.40224802 0.91282237 -0.07037
0.0077337665 0.0038576862 0.063017026 0.40663835 0.9103298 -0.07710351
0.010723349 0.0025242334 0.06298491 0.40567175 0.91109276 -0.07307924
0.008473668 0.0038869558 0.067188844 0.40858433 0.9093087 -0.07884531
0.008473668 0.0038869558 0.067188844 0.055794384 -0.19783144 0.97864693
0.011338409 0.0025844378 0.06714974 0.3771002 0.9232209 -0.07388318
0.011338409 0.0025844378 0.06714974 -0.22664951 -0.037364997 0.9732594
0.011713395 0.0024558222 0.067315385 0.2428889 0.96724916 -0.07371656
0.011713395 0.0024558222 0.067315385 -0.6187304 0.20239152 0.75908524
0.010544404 0.00076740154 0.06689508 -0.38653728 -0.012919961 0.9221833
0.010900645 0.0006096057 0.06722679 -0.80354697 0.3357543 0.49150917
0.009104969 -0.001742062 0.06601223 -0.328709 -0.11614239 0.9372627
0.00939117 -0.0019158282 0.06619184 -0.73892164 0.20552161 0.64168185
0.007434092 -0.00458767 0.06519902 -0.027358588 0.11604512 0.99286705
0.009521553 -0.002095458 0.06670809 -0.86178863 0.35839933 0.3589851
0.009521553 -0.002095458 0.06670809 -0.8824654 0.45702133 0.11129376
0.00939058 -0.0028484436 0.06876166 -0.884666 0.43979704 0.15474041
0.011051411 0.00055434473 0.068004355 0.40559337 0.9066974 0.11573191
0.011051411 0.00055434473 0.068004355 0.31086335 0.028800543 0.9500181
0.011051411 0.00055434473 0.068004355 -0.87498236 0.4363361 0.2098013
0.011051411 0.00055434473 0.068004355 -0.8820387 0.45648596 0.11674026
0.011905702 0.0024372293 0.06756054 0.18911998 0.9791539 -0.074104026
0.011905702 0.0024372293 0.06756054 0.19976531 0.19105749 0.96103626
0.011905702 0.0024372293 0.06756054 -0.786781 0.33840847 0.5161931
0.011905702 0.0024372293 0.06756054 -0.9110069 0.41075456 0.03670271
0.011559175 0.00035054528 0.06782143 0.40371907 0.9075634 0.1154968
0.011559175 0.00035054528 0.06782143 0.33957663 0.0017989351 0.9405767
0.011181178 0.00020276674 0.07030405 0.43914688 0.5375848 0.7198283
0.011181178 0.00020276674 0.07030405 -0.883201 0.44773552 0.13960294
0.011749933 -2.1499465e-05 0.07012543 0.44159985 0.6385637 0.63025874
0.0107830595 -0.00068482093 0.07044584 0.16165653 -0.11319924 0.98033315
0.0107830595 -0.00068482093 0.07044584 -0.8856604 0.42575473 0.18530664
0.011250075 -0.0010686525 0.0703292 0.11415144 -0.16078293 0.9803664
0.009164397 -0.0036418932 0.06943725 0.006782222 -0.30796644 0.95137304
0.009164397 -0.0036418932 0.06943725 -0.88795966 0.41746292 0.19300877
0.009691209 -0.0039569447 0.06933247 0.006409761 -0.3058924 0.9520445
0.0073599876 -0.007043329 0.06847175 -0.030464772 -0.5054771 0.862302
0.0073599876 -0.007043329 0.06847175 -0.870545 0.4050979 0.27936864
0.0073599876 -0.007043329 0.06847175 -0.87801725 0.40768945 0.25074887
0.0073286337 -0.00632237 0.067240305 0.46778023 0.67565066 0.56980515
0.0073286337 -0.00632237 0.067240305 -0.016172979 -0.3076432 0.95136434
0.0073286337 -0.00632237 0.067240305 -0.8625213 0.42680484 0.27183568
0.0073286337 -0.00632237 0.067240305 -0.8785344 0.43935877 0.18745954
0.0066878335 -0.007932269 0.06757242 -0.1205428 -0.65665954 0.7444915
0.0066878335 -0.007932269 0.06757242 -0.8813487 0.3729277 0.29008502
0.007941764 -0.007270512 0.06835914 -0.025601543 -0.48705003 0.8729987
0.007298613 -0.008214285 0.0674251 -0.12241371 -0.65474904 0.74586767
0.006711899 -0.0073503265 0.066897415 -0.083375216 -0.368619 0.925834
0.006711899 -0.0073503265 0.066897415 -0.87243885 0.3997242 0.28119543
0.003072974 -0.00495286 0.06695847 -0.39084342 -0.6107617 0.6886301
0.003072974 -0.00495286 0.06695847 -0.77583337 -0.19899586 0.5987347
0.0028287163 -0.004613974 0.06675461 -0.7727353 -0.20859373 0.59947383
0.0032939184 -0.0038979808 0.067625135 -0.7154823 -0.16715033 0.6783405
0.0046613314 -0.0012245969 0.06930419 -0.5499905 -0.09822922 0.82937413
0.0051391735 -0.001599674 0.06958702 0.8833294 -0.46364602 -0.06900445
0.0051391735 -0.001599674 0.06958702 -0.5600812 -0.081839755 0.8243854
0.0061392067 0.0015138044 0.07031171 -0.28946254 -0.037332308 0.9564611
0.0074986415 0.0042889854 0.0705318 0.005386006 0.059007306 0.99824303
0.008945305 0.007374677 0.06981808 0.08032082 0.34366906 0.93564963
0.009685066 0.007047373 0.069881395 0.8853681 -0.4596573 -0.069558986
0.009685066 0.007047373 0.069881395 0.07666685 0.34524676 0.9353753
0.0098616015 0.009489092 0.06862167 0.19391091 0.426783 0.8833204
0.010593023 0.009046155 0.068675116 0.89177 -0.44929177 -0.053694613
0.010593023 0.009046155 0.068675116 0.13516909 0.3949423 0.9087078
0.009987541 0.009775105 0.06845285 0.560106 0.82832366 0.012698595
0.009987541 0.009775105 0.06845285 0.1652443 0.41067508 0.896683
0.010713777 0.009287498 0.06858593 0.8836543 -0.4653413 -0.051113248
0.010713777 0.009287498 0.06858593 0.5559682 0.83112806 0.011202776
0.010713777 0.009287498 0.06858593 0.04582659 0.3259851 0.94426364
0.009874616 0.009910918 0.065993056 0.576409 0.81694865 0.018643115
0.010627963 0.009380522 0.06594327 0.8727764 -0.48599988 -0.045448925
0.010627963 0.009380522 0.06594327 0.57202965 0.82005596 0.017038157
0.010627963 0.009380522 0.06594327 0.32016525 0.4208719 0.8487408
0.01035125 0.008850637 0.06629566 0.87289757 -0.48044404 -0.08499097
0.01035125 0.008850637 0.06629566 0.30895367 0.40951964 0.8583946
0.01035125 0.008850637 0.06629566 -0.4369685 -0.89903265 -0.028261263
0.0124408975 0.008497915 0.06563936 0.37615344 0.45024395 0.8098081
0.01210637 0.008020076 0.06606019 0.3685064 0.44638753 0.81543934
0.01210637 0.008020076 0.06606019 -0.50750095 -0.86151034 -0.015587963
0.013522847 0.0076693287 0.06556848 0.4090157 0.41973278 0.8102658
0.013104005 0.007310278 0.06596662 0.4123687 0.4167985 0.8100808
0.013104005 0.007310278 0.06596662 -0.7868804 -0.61701065 0.010826343
0.0139024835 0.006793401 0.06579607 0.43204007 0.36887705 0.8229649
0.013365764 0.006723474 0.0661121 0.43872023 0.3609473 0.8229469
0.013365764 0.006723474 0.0661121 -0.98547727 -0.16797544 0.024876196
0.01382665 0.0056520095 0.0663085 0.3918093 0.251117 0.8851134
0.013377657 0.005799203 0.06647098 0.40336287 0.23935434 0.8831806
0.013377657 0.005799203 0.06647098 -0.9654733 0.25788057 0.03686199
0.01244054 0.0022079637 0.06749968 0.20826118 0.18517412 0.9603842
0.013202332 0.0057897037 0.062845334 -0.966588 0.25215957 0.046079896
0.013279842 0.006653509 0.062882066 -0.9905534 -0.13131464 0.039504103
0.011590118 0.0021492569 0.062950194 0.37724897 0.923031 -0.07547806
0.011590118 0.0021492569 0.062950194 -0.91201055 0.40822813 0.039831474
0.011136489 0.0023389375 0.0629687 0.3929666 0.9165545 -0.0741976
0.013055915 0.007272168 0.0628819 -0.80751187 -0.5892794 0.025965462
0.011836305 0.008237383 0.06284265 -0.5239104 -0.8517067 -0.0106677655
0.009993365 0.009160849 0.06291063 0.8598742 -0.4920559 -0.13600485
0.009993365 0.009160849 0.06291063 -0.44873998 -0.8930003 -0.034394078
0.027197504 -0.0071197804 -0.026834477 0.88062537 -0.46574757 0.08705324
0.027197504 -0.0071197804 -0.026834477 -0.083263874 -0.99521565 0.05111504
0.028702728 -0.0038535907 -0.024906317 0.90216774 -0.40563965 0.14679849
0.02656358 -0.0066928957 -0.021288505 0.8780603 -0.4483487 0.1673128
0.02656358 -0.0066928957 -0.021288505 0.06920935 0.011540908 0.9975354
0.02656358 -0.0066928957 -0.021288505 -0.06426365 -0.9957263 0.06632871
0.027414147 -0.0073841354 -0.032494213 0.85985756 0.18057323 -0.4775336
0.027414147 -0.0073841354 -0.032494213 0.887061 -0.45832065 0.055362497
0.027414147 -0.0073841354 -0.032494213 -0.09568307 -0.9944917 0.042788967
0.027414147 -0.0073841354 -0.032494213 -0.096443504 -0.9946156 0.03792561
0.025976768 -0.0069989506 -0.02645159 -0.07971545 -0.9951735 0.057228137
0.025671333 -0.0066329762 -0.021227293 0.09069587 -0.0037925718 0.9958714
0.025671333 -0.0066329762 -0.021227293 -0.06234132 -0.99586236 0.06611874
0.026161617 -0.007255354 -0.032302 -0.094437025 -0.9946208 0.04255597
0.026161617 -0.007255354 -0.032302 -0.13015468 -0.9914824 -0.00474289
0.025890227 -0.007203633 -0.032883346 0.779791 0.3084047 -0.54480493
0.025890227 -0.007203633 -0.032883346 0.019043712 0.7661482 -0.6423817
0.025890227 -0.007203633 -0.032883346 -0.14308792 -0.98948205 -0.021239854
0.028036071 -0.002370568 -0.02705549 0.8081717 0.36669463 -0.46086174
0.028036071 -0.002370568 -0.02705549 0.024050774 0.775601 -0.630765
0.027099395 -0.0073748743 -0.033051733 0.8570573 0.18522291 -0.48077574
0.027099395 -0.0073748743 -0.033051733 0.019399324 0.76611555 -0.64241004
0.027099395 -0.0073748743 -0.033051733 -0.10929468 -0.99377215 0.021715777
0.025270645 -0.0070490306 -0.033681657 0.779413 0.30884093 -0.5450987
0.027689116 -0.0018829984 -0.027296636 0.8193935 0.36528593 -0.44176963
0.027804967 0.0030196325 -0.021150531 0.6072883 0.5984678 -0.52252954
0.028595943 0.0021611976 -0.021265171 0.58493084 0.6103066 -0.5342113
0.028595943 0.0021611976 -0.021265171 0.11100195 -0.06422291 0.9917429
0.028595943 0.0021611976 -0.021265171 -0.11744081 0.7717601 -0.62497526
0.029826827 0.002268565 -0.021398807 0.9207313 0.25258577 -0.29741246
0.029826827 0.002268565 -0.021398807 0.11277655 -0.058306318 0.9919082
0.029826827 0.002268565 -0.021398807 -0.13492173 0.7688972 -0.6249747
0.028458435 0.0016289181 -0.021285083 0.10665708 -0.017115671 0.99414855
0.028458435 0.0016289181 -0.021285083 0.110569276 -0.06566304 0.9916969
0.02995766 0.0017577455 -0.02144371 0.91572475 0.2613664 -0.30518153
0.02995766 0.0017577455 -0.02144371 0.93419284 -0.31373918 0.16985741
0.02995766 0.0017577455 -0.02144371 0.12356615 -0.027068026 0.9919671
0.02995766 0.0017577455 -0.02144371 0.1121903 -0.060262673 0.99185765
0.027560083 -0.0023566107 -0.021257322 0.18927646 -0.07086816 0.97936314
0.02850443 -0.002636653 -0.021470089 0.91772145 -0.35480183 0.17861362
0.02850443 -0.002636653 -0.021470089 0.19071524 -0.07039585 0.97911805
0.029448887 -0.0027632532 -0.026842248 0.96731895 0.05877717 -0.24665621
0.029448887 -0.0027632532 -0.026842248 0.9080323 -0.4027107 0.11533216
0.029356439 -0.0024836296 -0.027143814 0.96418554 0.043834627 -0.26158115
0.029356439 -0.0024836296 -0.027143814 0.01525313 0.7760474 -0.63049006
-0.025467075 -0.018716043 -0.020785779 0.9689818 -0.15002939 -0.19638105
-0.0237208 -0.006276844 -0.022852616 0.9761154 -0.16406517 -0.14241232
-0.0237208 -0.006276844 -0.022852616 -0.71417296 -0.62469286 0.31577817
-0.024071258 -0.020232381 -0.015611243 0.88611555 -0.11353895 -0.44934195
-0.025726112 -0.018413449 -0.024726465 0.99033755 -0.13864473 0.003043757
-0.025119407 -0.018664932 -0.030772854 0.976816 -0.07636851 0.19999559
-0.024198903 -0.007980305 -0.02730382 0.99006176 -0.13935462 0.01891545
-0.024198903 -0.007980305 -0.02730382 -0.57212794 -0.752452 0.32632136
-0.023935653 -0.011166472 -0.0337528 0.9780087 -0.06628275 0.19775191
-0.023935653 -0.011166472 -0.0337528 -0.37066954 -0.83860266 0.39918634
-0.022557009 -0.013988223 -0.038400512 0.8861678 0.123190716 0.44668853
-0.022557009 -0.013988223 -0.038400512 -0.18533422 -0.8872716 0.42237473
-0.02345854 -0.019447314 -0.03543031 0.8853993 0.08608649 0.45679003
-0.018251289 -0.017602978 -0.043125734 0.44021776 0.5496517 0.70999396
-0.018251289 -0.017602978 -0.043125734 0.8074529 0.29094923 0.5131943
-0.018251289 -0.017602978 -0.043125734 -0.15668844 -0.8481514 0.5060513
-0.018752703 -0.020964138 -0.040431242 0.41824082 0.5293485 0.7381497
-0.018752703 -0.020964138 -0.040431242 0.78178203 0.26156637 0.56603867
-0.013168763 -0.019669147 -0.04501497 0.2307746 0.66312265 0.71204746
-0.013168763 -0.019669147 -0.04501497 -0.12082046 -0.8285836 0.5466733
-0.0133626405 -0.02218207 -0.042611875 0.22437814 0.6265256 0.7464048
-0.005591379 -0.02016904 -0.044033155 -0.12823422 -0.8043601 0.5801387
-0.005591379 -0.02016904 -0.044033155 -0.24459699 0.50585496 0.8272141
-0.0055365534 -0.023365106 -0.042030543 -0.2549918 0.51026917 0.82134324
-0.000508911 -0.01867008 -0.04083142 -0.070137106 -0.9147405 0.3979076
-0.000508911 -0.01867008 -0.04083142 -0.69385463 0.2308353 0.68211496
0.0033325148 -0.016039116 -0.036040656 0.08866019 -0.9013546 0.42390952
0.0033325148 -0.016039116 -0.036040656 -0.87147224 0.10948098 0.4780692
-0.0004046443 -0.02352278 -0.03894818 -0.6766874 0.27748924 0.68197787
0.0033771982 -0.023232289 -0.034203093 -0.8599648 0.13335507 0.4926224
0.0060681463 -0.022994127 -0.028377876 -0.9551961 0.06499954 0.28874812
0.0062005227 -0.012915402 -0.029998574 0.2988552 -0.906002 0.2997434
0.0062005227 -0.012915402 -0.029998574 -0.9589189 0.057272248 0.27783892
0.0070693414 -0.023229674 -0.02307983 -0.9993101 0.028448705 -0.023874907
0.007458031 -0.010467715 -0.024142098 0.39253536 -0.8755519 0.28164688
0.007458031 -0.010467715 -0.024142098 -0.99896926 0.04530782 0.0027594923
0.0058584893 -0.02440152 -0.016897682 -0.92211366 0.04330285 -0.38448852
0.0067034895 -0.008396278 -0.016651042 0.22336853 -0.9318523 0.28593346
0.0067034895 -0.008396278 -0.016651042 -0.955807 0.076311946 -0.28391826
0.0032715872 -0.025923792 -0.012958024 -0.7058813 0.09562531 -0.7018457
0.004537771 -0.0077451617 -0.011311776 0.2751066 -0.9345793 0.22556144
0.004537771 -0.0077451617 -0.011311776 -0.8244808 0.12998964 -0.55075777
-0.00030089542 -0.027335793 -0.010651371 -0.45589396 0.14971279 -0.8773521
0.0013302616 -0.00783011 -0.007751678 0.009274434 -0.99842995 0.055240635
0.0013302616 -0.00783011 -0.007751678 -0.61340904 0.18233657 -0.7684287
-0.004607056 -0.02821789 -0.009212075 -0.25084218 0.19125801 -0.948946
-0.009348659 -0.028135614 -0.008494499 -0.060675114 0.1986098 -0.9781987
-0.0026648734 -0.007925835 -0.005422501 -0.124360554 -0.9595075 -0.25274485
-0.0026648734 -0.007925835 -0.005422501 -0.34829602 0.2041904 -0.9148749
-0.0071612685 -0.0075965924 -0.004460009 -0.049753215 0.18635555 -0.98122174
-0.0071612685 -0.0075965924 -0.004460009 -0.12715192 -0.98014456 0.1521482
-0.011496196 -0.006893371 -0.00473929 0.26773316 0.1222866 -0.9557013
-0.011496196 -0.006893371 -0.00473929 -0.14540203 -0.97122514 -0.18862693
-0.015714077 -0.0058599785 -0.0068088267 0.60421467 0.0044833375 -0.79680896
-0.015714077 -0.0058599785 -0.0068088267 -0.22045651 -0.974651 0.038137026
-0.013837179 -0.027211333 -0.008426584 0.14361906 0.16779365 -0.9753045
-0.018069595 -0.02526744 -0.009398594 0.43230397 0.09266354 -0.8969542
-0.022065235 -0.022174139 -0.012374784 0.7164054 -0.024748573 -0.69724506
-0.019836936 -0.004881894 -0.011750428 0.8265463 -0.10319522 -0.55332804
-0.019836936 -0.004881894 -0.011750428 -0.48760375 -0.8392275 0.24070692
-0.022031676 -0.0049326154 -0.016373158 0.9288134 -0.15163384 -0.33810174
-0.022031676 -0.0049326154 -0.016373158 -0.32245836 -0.91234916 0.25226936
-0.013655728 -0.015295197 -0.048546854 -0.13044749 0.35729185 -0.9248383
-0.011308394 -0.011991461 -0.045713846 0.0009867024 0.7180703 -0.69596976
-0.02058578 -0.013301198 -0.046223372 -0.26136753 0.39439383 -0.88098836
-0.0039183893 -0.01656917 -0.04968923 0.013492397 0.32195514 -0.9466588
-0.0142175 -0.0183818 -0.04861112 -0.21484165 -0.9609228 -0.1745577
-0.0142175 -0.0183818 -0.04861112 -0.2019405 0.055602834 -0.97781813
-0.004030404 -0.019526167 -0.049750384 -0.032535672 -0.9239657 -0.38108894
-0.004030404 -0.019526167 -0.049750384 0.0019908785 0.021192933 -0.9997734
-0.021780932 -0.016266895 -0.04612233 -0.37957117 0.12013781 -0.917329
-0.021780932 -0.016266895 -0.04612233 -0.42856175 -0.87334806 -0.23151226
-0.014204314 -0.018429112 -0.048365373 -0.22852246 -0.95795536 -0.17349015
-0.014204314 -0.018429112 -0.048365373 -0.01661054 -0.78491133 0.6193854
-0.0039967415 -0.019615747 -0.049537018 -0.0070760422 -0.9222393 -0.38655463
-0.0039967415 -0.019615747 -0.049537018 -0.019770222 -0.775976 0.6304525
-0.0139802415 -0.018025693 -0.04784863 -0.01654041 -0.7844554 0.6199646
-0.021721397 -0.016352993 -0.045907028 -0.013096126 -0.79532474 0.60604197
-0.021721397 -0.016352993 -0.045907028 -0.43114433 -0.8728208 -0.22868869
-0.021326631 -0.015985915 -0.045415662 -0.013873218 -0.79541487 0.60590637
-0.027203484 -0.013752776 -0.042502277 0.016077554 -0.7881078 0.6153271
-0.027203484 -0.013752776 -0.042502277 -0.5907775 -0.78446144 -0.18868531
-0.026728583 -0.013424075 -0.04209197 0.014345281 -0.7890914 0.6141083
-0.030879494 -0.011263035 -0.039126076 0.08177159 -0.8060323 0.5861955
-0.030879494 -0.011263035 -0.039126076 -0.6336451 -0.7700592 -0.07417947
-0.027307844 -0.013610581 -0.042765893 -0.5122856 0.21738537 -0.83084714
-0.027307844 -0.013610581 -0.042765893 -0.5881608 -0.78616107 -0.1897832
-0.025536848 -0.0109370025 -0.043147393 -0.35224268 0.45946696 -0.815362
-0.031037953 -0.011113391 -0.03933067 -0.61808515 0.29287887 -0.72951543
-0.031037953 -0.011113391 -0.03933067 -0.63819176 -0.7662324 -0.07482807
-0.029368084 -0.008442037 -0.039679714 -0.4449324 0.52233326 -0.7274635
-0.03411724 -0.008587707 -0.034934465 -0.8426959 -0.49637905 -0.2084979
-0.03411724 -0.008587707 -0.034934465 -0.71753514 0.3704656 -0.58982927
-0.03608922 -0.0063250707 -0.030223485 -0.8715319 -0.48714274 -0.05589255
-0.03608922 -0.0063250707 -0.030223485 -0.7817313 0.42220178 -0.45895737
-0.03239755 -0.005978059 -0.035392284 -0.5357995 0.5831181 -0.610649
-0.03404097 -0.008804863 -0.03472803 0.13159508 -0.85057527 0.50912136
-0.03404097 -0.008804863 -0.03472803 -0.8479977 -0.49217963 -0.196619
-0.033334494 -0.00849497 -0.034397148 0.13753457 -0.8521056 0.50497556
-0.035947096 -0.006594318 -0.030071393 0.1018806 -0.8871899 0.45001602
-0.035947096 -0.006594318 -0.030071393 -0.86935455 -0.49063268 -0.059179626
-0.03520427 -0.0064702155 -0.030003585 0.10934406 -0.88510865 0.45235676
-0.037154824 -0.004333379 -0.025392711 0.005257055 -0.89496464 0.4461061
-0.037154824 -0.004333379 -0.025392711 -0.96409523 -0.26509485 -0.015654555
-0.036359366 -0.004333745 -0.025400922 0.00878738 -0.89564204 0.44468898
-0.037421286 -0.0020545712 -0.020889161 0.030447736 -0.88220584 0.4698785
-0.037421286 -0.0020545712 -0.020889161 -0.88263106 -0.41024897 0.22947358
-0.037219413 -0.004086832 -0.025515473 -0.9643956 -0.26413122 -0.013258563
-0.037219413 -0.004086832 -0.025515473 -0.80811614 0.4711862 -0.35345677
-0.035293482 -0.0016585164 -0.026696326 -0.6212002 0.6573031 -0.4266882
-0.03754755 -0.001832331 -0.02097227 -0.88014257 -0.40888545 0.24116749
-0.03754755 -0.001832331 -0.02097227 -0.81649643 0.51789963 -0.2551736
-0.036900036 0.0010827245 -0.015732473 -0.8005857 0.5793548 -0.15300535
-0.036900036 0.0010827245 -0.015732473 -0.88792765 -0.28570285 0.3604972
-0.03555678 0.0007090099 -0.022196824 -0.6225552 0.6980409 -0.35378498
-0.03133086 0.0019898808 -0.02323566 -0.27450192 0.85058767 -0.44849673
-0.034916267 0.0033488418 -0.017488208 -0.60670894 0.7406198 -0.28876752
-0.033404503 0.00603146 -0.013045854 -0.5771201 0.7856422 -0.222932
-0.030469771 0.0042725527 -0.019279256 -0.26636672 0.86081916 -0.4336348
-0.024197169 0.0044411523 -0.021468665 -0.169034 0.86445045 -0.47344786
-0.028722528 0.0066728373 -0.015420993 -0.25278628 0.8707616 -0.42175046
-0.021994757 0.0063813096 -0.018706251 -0.16881408 0.8644445 -0.47353724
-0.02585601 0.009411111 -0.011363686 -0.2418351 0.8766967 -0.4158349
-0.019689968 0.008529601 -0.015596157 -0.17242323 0.8660938 -0.46920338
-0.021975968 0.012138412 -0.007783426 -0.23168342 0.8807374 -0.41306692
-0.030219126 0.0093825 -0.008072423 -0.5204062 0.8368153 -0.17005186
-0.025526056 0.012747918 -0.0037553906 -0.4444237 0.88546705 -0.13577744
-0.031968877 0.0076418817 -0.005432112 -0.65360534 -0.26187003 0.71008736
-0.031968877 0.0076418817 -0.005432112 -0.6854243 0.72746265 0.031489566
-0.035354618 0.0039151576 -0.010951366 -0.64193785 -0.48249578 0.59591395
-0.035354618 0.0039151576 -0.010951366 -0.7624126 0.6446727 -0.05589258
-0.026996916 0.01139925 -0.0005914401 -0.58003974 -0.05882889 0.81246114
-0.026996916 0.01139925 -0.0005914401 -0.5740461 0.8141259 0.08757851
-0.031838603 0.0074362596 -0.0053884294 0.018927354 -0.81989235 0.5722047
-0.031838603 0.0074362596 -0.0053884294 -0.65219676 -0.26448387 0.71041363
-0.035165858 0.0037175156 -0.010908869 0.013569974 -0.84755284 0.5305375
-0.035165858 0.0037175156 -0.010908869 -0.64369607 -0.479458 0.59646904
-0.03128509 0.007249868 -0.0056751426 0.020396087 -0.8201734 0.5717512
-0.026891021 0.011198318 -0.00053044036 0.027230296 -0.7764879 0.6295436
-0.026891021 0.011198318 -0.00053044036 -0.5728047 -0.054900974 0.8178513
-0.026511138 0.01089748 -0.00091825426 0.024291493 -0.7791046 0.62642306
-0.021243969 0.014308107 0.0027081948 0.07038379 -0.74698234 0.6611078
-0.021243969 0.014308107 0.0027081948 -0.4204756 0.045043454 0.9061851
-0.020834368 0.013908889 0.002211878 0.0714393 -0.7477853 0.660086
-0.014789976 0.016939957 0.004624469 0.119412646 -0.70184135 0.702253
-0.014789976 0.016939957 0.004624469 -0.30150592 0.40947497 0.8610602
-0.021283256 0.014490375 0.0026808605 -0.40205207 0.05473275 0.9139795
-0.021283256 0.014490375 0.0026808605 -0.46484444 0.8767216 0.12360726
-0.020199569 0.01552572 -0.00070607103 -0.3723311 0.921906 -0.10704653
-0.014827415 0.01718501 0.004493924 -0.2909749 0.41094404 0.8639783
-0.014827415 0.01718501 0.004493924 -0.33817053 0.93486106 0.10805311
-0.014496241 0.017677182 0.00096944347 -0.28748855 0.95097876 -0.113972366
-0.008573063 0.019018235 0.0050752554 -0.021541614 0.12995479 0.9912859
-0.008573063 0.019018235 0.0050752554 -0.22938682 0.9717081 0.056257747
-0.008652855 0.01917844 0.0013022013 -0.21131429 0.96563333 -0.15132293
-0.0031687994 0.020114694 0.004607739 0.14076482 0.040498428 0.98921436
-0.0031687994 0.020114694 0.004607739 -0.15347 0.98811746 0.008419343
-0.008555992 0.01875733 0.005110249 0.18177743 -0.7061961 0.6842835
-0.008555992 0.01875733 0.005110249 -0.043974508 0.13437513 0.9899543
-0.008511413 0.01822386 0.0045500454 0.17823158 -0.7048733 0.6865763
-0.0031934655 0.019819794 0.0046230443 0.21289714 -0.72692263 0.65288454
-0.0031934655 0.019819794 0.0046230443 0.12291873 0.04254006 0.9915046
-0.0031965906 0.019328827 0.0040745493 0.21237469 -0.727463 0.6524527
0.0012953265 0.02044994 0.003748199 0.2351325 -0.687054 0.68750966
0.0012953265 0.02044994 0.003748199 0.24047448 0.105377205 0.96491843
0.006235092 0.020789273 0.002196338 0.2715415 -0.5652164 0.77897084
0.006235092 0.020789273 0.002196338 0.27095827 0.60269004 0.750564
0.0013039825 0.019910127 0.0031967703 0.23241298 -0.69477236 0.68064344
0.0012407282 0.020671796 0.00373731 0.23124589 0.111049086 0.96653676
0.0012407282 0.020671796 0.00373731 -0.094154485 0.9949849 -0.033764005
0.006268095 0.020951748 0.002052011 0.30111563 0.594799 0.7453479
0.006268095 0.020951748 0.002052011 -0.018500086 0.9928173 -0.118201375
0.0008082683 0.020483991 0.00025264733 -0.10294584 0.97027975 -0.21899614
0.000560428 0.018494701 -0.004453033 -0.11006958 0.8875801 -0.44731003
0.0056239106 0.020496788 -0.0012070332 -0.04242046 0.9538247 -0.2973532
-0.0035075815 0.02006155 0.0010637492 -0.1555712 0.9722359 -0.17480023
-0.0035973843 0.018292941 -0.0035137385 -0.15613419 0.89193 -0.42436194
-0.0033973637 0.015802087 -0.0079927845 -0.13128334 0.8554105 -0.5010365
-0.008131826 0.017617835 -0.0030961316 -0.18216804 0.8952248 -0.40667847
-0.01302517 0.016426345 -0.003374774 -0.20650369 0.8947296 -0.3959988
-0.0070784264 0.01522183 -0.007882443 -0.15407354 0.8606988 -0.48524094
-0.010598229 0.0141147915 -0.008664785 -0.16756824 0.8631225 -0.47638252
-0.0057712775 0.012952094 -0.012165642 -0.12145113 0.8535211 -0.5067064
-0.008278817 0.012204261 -0.012797468 -0.13584715 0.8556068 -0.49948215
-0.0031397124 0.01344373 -0.011920509 -0.09578413 0.8474812 -0.5221121
-0.004690898 0.011423827 -0.0148256235 0.4874239 -0.4985812 -0.71682274
-0.004690898 0.011423827 -0.0148256235 -0.09473713 0.84281164 -0.529805
-0.004751582 0.009964159 -0.013851627 0.5066625 -0.49300835 -0.70727366
-0.0028354055 0.011883236 -0.014374294 0.12160096 -0.55442536 -0.82330185
-0.0028354055 0.011883236 -0.014374294 -0.07094482 0.8335175 -0.5479191
-0.0061313394 0.010650877 -0.015801392 0.7818805 -0.3681987 -0.50308305
-0.0061313394 0.010650877 -0.015801392 -0.11781737 0.84329915 -0.52437174
-0.00619202 0.00919121 -0.014827393 0.7914473 -0.36169273 -0.49273703
-0.007086326 0.009562216 -0.017322471 0.9631661 -0.17581283 -0.20347215
-0.007086326 0.009562216 -0.017322471 -0.13695554 0.83137566 -0.53857005
-0.007147008 0.008102547 -0.016348474 0.96500665 -0.17212304 -0.19782776
-0.0072184657 0.008378478 -0.019074133 0.9905645 0.045157477 0.1293943
-0.0072184657 0.008378478 -0.019074133 -0.12473804 0.81211644 -0.5700064
-0.010389127 0.011005701 -0.014262342 -0.13916099 0.8533048 -0.5024988
-0.013904285 0.012625617 -0.010189242 -0.17408834 0.8651955 -0.4702447
-0.01175029 0.009122361 -0.01707647 -0.121927164 0.85040176 -0.51181114
-0.014787493 0.0075374274 -0.01896035 -0.13313763 0.8549611 -0.50131416
-0.008645965 0.0072091 -0.020657009 -0.05339228 0.8385687 -0.5421732
-0.016766446 0.010644416 -0.012778542 -0.1736762 0.864632 -0.4714321
-0.0063633504 0.0060497383 -0.022433123 -0.0095258225 0.81318295 -0.5819302
-0.010465454 0.0063341283 -0.021744674 -0.07231968 0.83119553 -0.55125666
-0.0065711704 0.007320584 -0.0206524 0.86549926 0.25263128 0.43253735
-0.0065711704 0.007320584 -0.0206524 -0.056615394 0.8077203 -0.58684105
-0.006631856 0.005860914 -0.019678423 0.865908 0.25222608 0.4319552
-0.0052734804 0.0064541874 -0.021860858 0.6111158 0.42160183 0.66991735
-0.0052734804 0.0064541874 -0.021860858 0.0030071991 0.80584985 -0.59211224
-0.0053341645 0.0049945214 -0.020886881 0.60951227 0.42233497 0.6709158
-0.0033891536 0.005856108 -0.022588806 0.2531477 0.52965873 0.8095542
-0.0033891536 0.005856108 -0.022588806 0.018702107 0.81620467 -0.57746005
-0.0034498386 0.004396443 -0.021614831 0.25361922 0.5295767 0.8094603
-0.0012969449 0.005766091 -0.022658253 0.01892121 0.8121423 -0.58315253
-0.0012969449 0.005766091 -0.022658253 -0.14828204 0.5531645 0.81976926
-0.0040813964 0.00526372 -0.023455128 0.01686291 0.80501735 -0.59301144
-0.0052448716 0.0045134793 -0.02446832 0.008533728 0.79478717 -0.6068283
-0.001750082 0.005068363 -0.023641884 0.016263835 0.80281293 -0.59600914
-0.0026519818 0.0039333883 -0.02515053 0.017151065 0.79101765 -0.61155295
0.000652646 0.005431758 -0.023110202 0.0026145424 0.8047347 -0.59362876
0.00052042084 0.004109015 -0.024828617 0.018248618 0.7897381 -0.61317253
0.0027919884 0.006328131 -0.021901153 0.010616985 0.7927789 -0.60941684
0.0005798054 0.006129642 -0.022093706 -0.040757336 0.8210911 -0.56934005
0.0005798054 0.006129642 -0.022093706 -0.5177455 0.48964798 0.70155853
0.0005191191 0.0046699774 -0.021119729 -0.5054817 0.49335375 0.7078772
0.0020576683 0.0069649704 -0.02106195 -0.009187223 0.7979126 -0.60270315
0.0020576683 0.0069649704 -0.02106195 -0.8052268 0.35192186 0.47724295
0.0019969805 0.0055052987 -0.020087976 -0.79278356 0.36076254 0.49126843
0.0029612463 0.008107285 -0.019584004 0.007710729 0.7936042 -0.60838556
0.0029612463 0.008107285 -0.019584004 -0.9707212 0.15994275 0.17921717
0.0029005585 0.006647618 -0.018610032 -0.9661593 0.1697584 0.1942122
0.0030682324 0.009362749 -0.01794136 -0.0025612542 0.7905178 -0.6124336
0.0030682324 0.009362749 -0.01794136 -0.98734045 -0.057573106 -0.14779776
0.0048790965 0.0076621566 -0.020134408 0.013719354 0.7898312 -0.61317074
0.00467934 0.009429493 -0.01786928 0.006236207 0.78902954 -0.6143236
0.007967101 0.008385146 -0.019112596 0.02506022 0.79022235 -0.61230755
0.006485825 0.0061129965 -0.022072513 0.018704304 0.78853595 -0.61470413
0.009152571 0.007232682 -0.020553421 0.020966467 0.7898374 -0.6129579
0.008420233 0.004450848 -0.024143534 0.019247705 0.7879866 -0.61539143
0.0035359636 0.0050341203 -0.023548128 0.01847022 0.7892295 -0.6138204
0.004440506 0.003570897 -0.025396224 0.019626293 0.7878993 -0.6154912
0.0053102593 0.0024534457 -0.026795443 0.23247087 0.4644296 -0.85455394
0.0053102593 0.0024534457 -0.026795443 0.02010904 0.78732413 -0.6162113
0.0004882377 0.0021070964 -0.027396668 0.01968268 0.7879486 -0.6154263
0.002686392 0.0010354434 -0.028694065 0.3731626 0.53939843 -0.7548504
0.002686392 0.0010354434 -0.028694065 0.019985937 0.78718746 -0.6163899
-0.0011007381 -0.00027090323 -0.030494643 0.021018257 0.78790426 -0.6154388
-0.004192056 0.0022643232 -0.027339146 0.010047273 0.7880091 -0.6155816
-0.0065937154 0.003494949 -0.02580986 -0.002116059 0.78519446 -0.6192456
-0.0045933546 0.00011890882 -0.030102506 0.0086255465 0.78987 -0.6132136
-0.0075429496 0.0016921897 -0.028057437 -0.0030363693 0.7891246 -0.6142257
-0.0075429496 0.0016921897 -0.028057437 -0.9903957 -0.08853642 -0.10619628
-0.00752469 0.00026180712 -0.027035188 -0.9917483 -0.082679465 -0.09797638
-0.0076664505 0.0004261221 -0.029689237 -0.0016143755 0.7920833 -0.6104108
-0.0076664505 0.0004261221 -0.029689237 -0.96669805 0.14052278 0.2138884
-0.008169096 0.0028285366 -0.026600884 -0.010647192 0.78102535 -0.6244084
-0.008169096 0.0028285366 -0.026600884 -0.8667224 -0.2972939 -0.40051046
-0.008150842 0.001398154 -0.025578635 -0.8715861 -0.29236385 -0.39352408
-0.009456415 0.0037518307 -0.025412336 -0.021052033 0.78586674 -0.6180374
-0.009456415 0.0037518307 -0.025412336 -0.62018245 -0.4613431 -0.63445735
-0.009438155 0.0023214477 -0.024390087 -0.62424904 -0.45949858 -0.6318024
-0.011276113 0.004296058 -0.02463629 -0.039082784 0.81386524 -0.5797378
-0.011276113 0.004296058 -0.02463629 -0.27558506 -0.56125546 -0.7804135
-0.008661697 0.0043681827 -0.024653831 -0.019701047 0.79980445 -0.59993726
-0.007678865 0.005349849 -0.023352247 -0.024107456 0.8092139 -0.58701944
-0.010992635 0.005051111 -0.02358123 -0.05071978 0.82581925 -0.5616494
-0.016023433 0.0055883066 -0.021933846 -0.118383154 0.85098064 -0.51168084
-0.019159997 0.0042781495 -0.023365002 -0.13354307 0.8582802 -0.49550113
-0.013384184 0.004293821 -0.024444742 0.11440545 -0.5766594 -0.80893475
-0.013384184 0.004293821 -0.024444742 -0.07679505 0.8445399 -0.5299575
-0.013365924 0.0028634383 -0.023422495 0.1256252 -0.57577604 -0.80789864
-0.015244745 0.0038512363 -0.024870962 0.48016903 -0.50596505 -0.71654516
-0.015244745 0.0038512363 -0.024870962 -0.0968999 0.8475772 -0.52175015
-0.0152264945 0.0024208555 -0.02384871 0.48781684 -0.5034411 -0.71314913
-0.016715132 0.0030868966 -0.025837198 0.7771212 -0.3593385 -0.51668036
-0.016715132 0.0030868966 -0.025837198 -0.10772495 0.84767437 -0.5194645
-0.016696878 0.0016565165 -0.02481495 0.77849346 -0.35833958 -0.5153063
-0.01769304 0.0020099701 -0.027348306 0.9614504 -0.15165932 -0.22937429
-0.01769304 0.0020099701 -0.027348306 -0.1036771 0.8385388 -0.5348867
-0.020555058 0.0029727786 -0.025214106 -0.13209115 0.8524479 -0.50585014
-0.021130634 0.0015968723 -0.027356826 -0.11982809 0.8456822 -0.52006036
-0.025455467 0.0026276703 -0.024318371 -0.16588764 0.86131054 -0.4802347
-0.025709799 0.00089668285 -0.027304742 -0.15347381 0.85535383 -0.4947884
-0.031340625 -0.00014036626 -0.027162738 -0.27165517 0.8379059 -0.47341013
-0.025090434 -0.00076100335 -0.030293392 -0.13173093 0.84528106 -0.517829
-0.03042404 -0.0021047867 -0.031013994 -0.24841549 0.8212537 -0.5136458
-0.02364374 -0.002388856 -0.03314422 -0.09165238 0.8256858 -0.55663526
-0.02099249 0.00017862825 -0.029638508 -0.09265389 0.83823484 -0.5373804
-0.020146834 -0.0012200115 -0.031849544 -0.053992156 0.82282895 -0.5657185
-0.017854104 0.0008360852 -0.029090628 0.9925021 0.07920072 0.093095206
-0.017854104 0.0008360852 -0.029090628 -0.08211394 0.82566845 -0.5581477
-0.017835844 -0.00059426937 -0.02806838 0.9932507 0.07556554 0.087993465
-0.01723335 -0.00023472367 -0.030675756 0.8720698 0.291871 0.3928175
-0.01723335 -0.00023472367 -0.030675756 -0.048702978 0.8130631 -0.5801348
-0.01721509 -0.0016650778 -0.029653508 0.87352973 0.29036477 0.39068422
-0.01594509 -0.0011004069 -0.031916544 0.62262344 0.4602424 0.6328642
-0.01594509 -0.0011004069 -0.031916544 -0.013225994 0.80040526 -0.5993134
-0.015926834 -0.0025307573 -0.030894302 0.62011075 0.46138015 0.6345006
-0.014078025 -0.0016904672 -0.03267666 0.27125403 0.5619412 0.78143674
-0.014078025 -0.0016904672 -0.03267666 0.019061526 0.790346 -0.6123642
-0.018473634 -0.00245748 -0.033692256 -0.018477619 0.80555207 -0.5922369
-0.021353818 -0.004016516 -0.035707124 -0.03798864 0.80565804 -0.5911616
-0.015984725 -0.0035616243 -0.035159737 0.008220112 0.7944457 -0.60727954
-0.018275348 -0.005663091 -0.03792287 0.00091210275 0.7916426 -0.6109837
-0.012741195 -0.0044204337 -0.036179647 0.018645909 0.792028 -0.61019987
-0.014183501 -0.007081912 -0.039638367 0.01690595 0.79307854 -0.6088847
-0.007844081 -0.0044420906 -0.036054906 0.017259292 0.79081523 -0.6118116
-0.011980578 -0.001828513 -0.032743216 0.022151433 0.79416853 -0.6072937
-0.011980578 -0.001828513 -0.032743216 -0.12857883 0.5755373 0.80760413
-0.011962319 -0.0032588704 -0.031720966 -0.13665457 0.57484114 0.8067734
-0.010105304 -0.0014694101 -0.032210503 0.016476626 0.7955903 -0.6056109
-0.010105304 -0.0014694101 -0.032210503 -0.49608964 0.5006581 0.70939165
-0.0100870505 -0.00289976 -0.031188253 -0.4978983 0.50004065 0.7085597
-0.008597065 -0.0006994823 -0.03116617 0.005558809 0.7946156 -0.6070874
-0.008597065 -0.0006994823 -0.03116617 -0.78922427 0.35037258 0.50434536
-0.008578807 -0.0021298341 -0.030143924 -0.78730434 0.3518184 0.5063355
-0.005595494 -0.0017663062 -0.03255043 0.010360639 0.7911198 -0.6115735
-0.001648105 -0.0025901687 -0.03348515 0.021635877 0.7884744 -0.6146869
0.001365428 -0.0026624082 -0.03345567 0.4619232 0.75004846 -0.4733436
0.001365428 -0.0026624082 -0.03345567 0.024590453 0.78869396 -0.61429393
-0.0012829611 -0.0057279672 -0.037498977 0.0204562 0.7889011 -0.61417955
0.003455589 -0.0073164525 -0.039386623 0.020085076 0.78980136 -0.6130338
0.0024865272 -0.0044713076 -0.03574019 0.3947762 0.8453672 -0.35986957
0.0024865272 -0.0044713076 -0.03574019 0.022884266 0.78996885 -0.6127197
-0.0027390376 -0.0089369835 -0.04165977 0.018398074 0.7860688 -0.61786515
0.0028716917 -0.0097595 -0.042539105 0.0200543 0.78316444 -0.62149113
-0.003768566 -0.01288946 -0.04667737 0.017448084 0.7058949 -0.70810163
-0.008850612 -0.008014479 -0.04066769 0.021076115 0.7863489 -0.6174231
0.0028285861 -0.013025473 -0.046567995 0.051574018 0.67905796 -0.73227066
0.008875273 -0.012316237 -0.045343608 0.09814396 0.6572632 -0.7472434
0.0027738656 -0.016193947 -0.04890494 0.13909248 0.31540984 -0.9387065
0.009900399 -0.014876538 -0.046916377 0.2601474 0.30699447 -0.91546583
0.0030915933 -0.019024903 -0.04892799 0.20328715 -0.88799495 -0.41247967
0.0030915933 -0.019024903 -0.04892799 0.18761404 0.028268546 -0.9818359
0.010712493 -0.01750971 -0.046776332 0.33117577 -0.9192526 -0.2128321
0.010712493 -0.01750971 -0.046776332 0.346104 0.05959144 -0.93630165
0.0030412641 -0.019141395 -0.048702266 0.19431166 -0.88943297 -0.41370508
0.0030412641 -0.019141395 -0.048702266 -0.016895967 -0.79101354 0.61156535
0.0029918188 -0.01871198 -0.048147164 -0.015717601 -0.79153496 0.6109217
0.01070204 -0.017569404 -0.046532497 0.35769677 -0.91035914 -0.20808522
0.01070204 -0.017569404 -0.046532497 -0.008012929 -0.7905049 0.61240333
0.010447878 -0.01718978 -0.046045803 -0.007952744 -0.7902696 0.61270756
0.016217565 -0.015491509 -0.04381226 0.5037685 -0.84003615 -0.20138654
0.016217565 -0.015491509 -0.04381226 -0.008820043 -0.7838011 0.6209492
0.015839279 -0.015151718 -0.04338911 -0.009479565 -0.7831213 0.62179667
0.020742819 -0.012971706 -0.0405763 0.63365406 -0.7584742 -0.15231356
0.020742819 -0.012971706 -0.0405763 -0.024553776 -0.7720458 0.6350924
0.01631133 -0.015386735 -0.044015385 0.5086123 -0.8381906 -0.19685037
0.01631133 -0.015386735 -0.044015385 0.4678875 0.12419445 -0.8750183
0.015253909 -0.012769175 -0.044212528 0.35892096 0.35176176 -0.8645457
0.020831328 -0.012862595 -0.040754147 0.6348018 -0.75827 -0.14850366
0.020831328 -0.012862595 -0.040754147 0.5627925 0.18488206 -0.805657
0.01939486 -0.010489744 -0.041208174 0.4234715 0.40482718 -0.81042385
0.023777451 -0.010496687 -0.037786722 0.7567872 -0.63805217 -0.141995
0.023777451 -0.010496687 -0.037786722 0.6328179 0.23541045 -0.73764724
0.022343814 -0.0083621275 -0.03833369 0.48119575 0.44020718 -0.7580688
0.025823284 -0.008334547 -0.03507915 0.80518466 -0.59006995 -0.059117895
0.025823284 -0.008334547 -0.03507915 0.6831819 0.29321548 -0.66879535
0.023669565 -0.010659551 -0.03763292 0.7502338 -0.6429273 -0.15425257
0.023669565 -0.010659551 -0.03763292 -0.048911914 -0.7616373 0.646155
0.023033908 -0.0104016 -0.03737863 -0.05147698 -0.7595749 0.6483796
0.025727699 -0.008484047 -0.034888074 0.8049878 -0.59067607 -0.05564693
0.025727699 -0.008484047 -0.034888074 -0.08500757 -0.749496 0.6565283
0.02750067 -0.0059098112 -0.031664707 0.78150344 -0.6054846 0.15046899
0.02750067 -0.0059098112 -0.031664707 -0.06986008 -0.76317203 0.6424079
0.025084056 -0.008153339 -0.034596674 -0.0862964 -0.74966687 0.65616494
0.026766257 -0.0057107825 -0.031506233 -0.06441415 -0.76510304 0.6406779
0.028243221 -0.0022521834 -0.027106447 0.043605484 -0.7836233 0.6197041
0.028965922 -0.002346892 -0.027273206 0.8839618 -0.4330494 0.17629446
0.028965922 -0.002346892 -0.027273206 0.035335064 -0.7832441 0.6207093
0.028782725 0.0018219315 -0.022012189 0.15363024 -0.7663983 0.6237238
0.02941768 0.0019258258 -0.022038411 0.923409 -0.28004557 0.26246998
0.02941768 0.0019258258 -0.022038411 0.14709002 -0.76580334 0.626027
0.028205015 0.004928748 -0.018169641 0.2084349 -0.7317084 0.6489665
0.028851144 0.005110489 -0.018170252 0.91576767 -0.15918681 0.36882144
0.028851144 0.005110489 -0.018170252 0.20406282 -0.7328143 0.6491082
0.026926233 0.007857885 -0.014556827 0.24316223 -0.69325715 0.67842954
0.02755308 0.008100673 -0.0145315025 0.80550385 -0.21674967 0.551528
0.02755308 0.008100673 -0.0145315025 0.23982927 -0.695612 0.6772043
0.024954835 0.010786432 -0.010967561 0.26869518 -0.64501673 0.7153714
0.025551235 0.011101246 -0.010906679 0.8682244 0.108612336 0.48413822
0.025551235 0.011101246 -0.010906679 0.26689383 -0.6479682 0.7133757
0.02280452 0.013026542 -0.008273353 0.2618447 -0.60999745 0.7478907
0.023329714 0.013488891 -0.008081112 0.82295537 0.34929454 0.4480376
0.023329714 0.013488891 -0.008081112 0.26006 -0.6087256 0.7495478
0.020188222 0.015199797 -0.005735662 0.21734811 -0.60070246 0.76936096
0.020675018 0.015658222 -0.0055153538 0.7446127 0.30247077 0.5950322
0.020675018 0.015658222 -0.0055153538 0.21785635 -0.5996787 0.7700157
0.01719816 0.0171537 -0.0034737047 0.1885999 -0.5835667 0.78986067
0.017610056 0.017613743 -0.003230676 0.5453498 0.006983147 0.8381795
0.017610056 0.017613743 -0.003230676 0.187031 -0.5844151 0.78960645
0.014122134 0.018717429 -0.0016560741 0.19926779 -0.55651146 0.80658984
0.014497835 0.019265149 -0.0013704058 0.5552819 0.3416666 0.7582387
0.014497835 0.019265149 -0.0013704058 0.19759491 -0.55815196 0.8058676
0.010966182 0.01972144 -0.00015491247 0.2362655 -0.5555745 0.7971923
0.011213923 0.020320583 0.00018896721 0.4283563 0.29418728 0.8543797
0.011213923 0.020320583 0.00018896721 0.23687452 -0.5560482 0.7966811
0.0060231606 0.02012263 0.0017862208 0.27036014 -0.5715404 0.774756
0.011219023 0.02055321 0.00010737963 0.42718834 0.29286015 0.8554198
0.011219023 0.02055321 0.00010737963 0.09658321 0.96281546 -0.25230563
0.010224814 0.019821348 -0.00279939 0.06821367 0.9290712 -0.36355695
0.014511181 0.019496715 -0.0014851466 0.5489818 0.33960146 0.7637341
0.014511181 0.019496715 -0.0014851466 0.21267793 0.92223907 -0.3228671
0.013524469 0.018704968 -0.004342621 0.17676742 0.9050059 -0.38693362
0.017714083 0.017816713 -0.0032981355 0.55102265 0.0041595846 0.83448
0.017714083 0.017816713 -0.0032981355 0.29483518 0.9000781 -0.3208294
0.016633615 0.017223435 -0.006044725 0.24634211 0.8939026 -0.37450466
0.020685596 0.015876092 -0.005642401 0.7414777 0.31262067 0.5936996
0.020685596 0.015876092 -0.005642401 0.3503169 0.8768982 -0.32913142
0.019374091 0.01549614 -0.008055685 0.30849046 0.87295187 -0.37787393
0.023342282 0.013656772 -0.008236266 0.82578063 0.3449467 0.44620416
0.023342282 0.013656772 -0.008236266 0.40511185 0.84983855 -0.33713332
0.025585618 0.011326447 -0.011016944 0.85931325 0.1081292 0.4998888
0.025585618 0.011326447 -0.011016944 0.45914334 0.81424785 -0.35522905
0.021862127 0.013519478 -0.010397148 0.3515594 0.8527176 -0.386366
0.023953248 0.0113875205 -0.013010316 0.3926567 0.82444066 -0.40757608
0.020460252 0.013044385 -0.012215739 0.2234664 0.8413832 -0.4920743
0.022222502 0.011192482 -0.014482457 0.23935813 0.8285389 -0.50619256
0.019508133 0.012572841 -0.013214444 0.11794033 0.81813717 -0.5627981
0.018168077 0.014724205 -0.010321891 0.1842395 0.84833676 -0.49636734
0.01749826 0.013949719 -0.011606409 0.085203774 0.8132763 -0.5756058
0.015539352 0.01604795 -0.008912619 0.13067482 0.8521502 -0.506719
0.0150539335 0.014900097 -0.010558253 0.051760625 0.79970044 -0.59816384
0.0125603825 0.017059479 -0.007827748 0.07158514 0.8488936 -0.5236939
0.012203682 0.015345795 -0.010089656 0.012981627 0.79064643 -0.6121354
0.009106433 0.017783249 -0.006878767 -0.008442356 0.8517482 -0.5238832
0.00885564 0.015657118 -0.009717252 -0.01207569 0.7989076 -0.6013325
0.0049929805 0.018133722 -0.005938858 -0.061481405 0.8666197 -0.4951669
0.0049094623 0.015015281 -0.010479462 -0.030333824 0.8130603 -0.58138865
0.00038089772 0.015819468 -0.008815797 -0.095131196 0.8384861 -0.5365549
0.0020344735 0.012052712 -0.014467262 -0.017375479 0.80655503 -0.59090364
0.00872652 0.011377952 -0.015249249 0.03288047 0.7862091 -0.6170852
0.007904328 0.009816257 -0.017279394 0.034630567 0.7887446 -0.6137448
0.003568421 0.010849306 -0.01605827 -0.0011253802 0.7911133 -0.61166865
0.010140136 0.012483061 -0.013788342 0.020966249 0.7827902 -0.6219323
0.010054972 0.010991553 -0.015594761 0.88498646 -0.30825573 -0.3489662
0.010054972 0.010991553 -0.015594761 0.056658186 0.7732528 -0.6315615
0.009978199 0.009567296 -0.014531355 0.8888807 -0.30389294 -0.3428411
0.009511566 0.009903693 -0.017004486 0.99531657 -0.086249694 -0.04365876
0.009511566 0.009903693 -0.017004486 0.0617503 0.7880515 -0.61250436
0.011094255 0.011812476 -0.01454475 0.65641975 -0.47373566 -0.5871012
0.011094255 0.011812476 -0.01454475 0.034824364 0.7701029 -0.63696843
0.011017486 0.010388221 -0.0134813385 0.66363937 -0.47018102 -0.58181846
0.012710771 0.012381304 -0.013777713 0.33790928 -0.5747105 -0.74533564
0.012710771 0.012381304 -0.013777713 0.028569026 0.7679883 -0.63982624
0.012633996 0.010957044 -0.012714306 0.3430913 -0.5737648 -0.74369496
0.014546657 0.012512575 -0.0135018835 0.024595952 0.75534195 -0.6548691
0.014546657 0.012512575 -0.0135018835 -0.077906616 -0.59375703 -0.8008641
0.012386428 0.01324519 -0.012742325 0.01789751 0.7797418 -0.62584543
0.014762439 0.013519458 -0.012344377 0.02417086 0.7761828 -0.6300445
0.016948804 0.0130126085 -0.0129075255 0.030478803 0.78814626 -0.61473286
0.01860504 0.011998696 -0.0141221825 0.046717618 0.7963311 -0.603054
0.016480565 0.012125128 -0.013988908 0.001719181 0.77570975 -0.6310874
0.016480565 0.012125128 -0.013988908 -0.47522697 -0.50980896 -0.7171152
0.016403794 0.010700868 -0.012925505 -0.47044483 -0.5115132 -0.71905214
0.017722515 0.011506548 -0.014766892 0.0141592575 0.78794795 -0.615579
0.017722515 0.011506548 -0.014766892 -0.74688274 -0.37150863 -0.55149573
0.017645745 0.010082287 -0.013703485 -0.7458708 -0.37222514 -0.5523813
0.018593855 0.0106396405 -0.015862972 0.02454899 0.79285145 -0.60892016
0.018593855 0.0106396405 -0.015862972 -0.9311359 -0.18461612 -0.31448847
0.01851708 0.009215381 -0.014799565 -0.93197197 -0.18329518 -0.31277996
0.018958455 0.009400717 -0.01743336 0.016599031 0.7900713 -0.61279017
0.018958455 0.009400717 -0.01743336 -0.9977221 0.06558114 0.01580559
0.019785533 0.010790647 -0.015613474 0.05553656 0.79902816 -0.5987233
0.020964641 0.010973803 -0.0151957795 0.12567288 0.8141061 -0.5669547
0.020220349 0.0093721235 -0.017445004 0.037260532 0.792948 -0.60814893
0.021660421 0.009182678 -0.017553834 0.09576607 0.8018862 -0.58975196
0.019692937 0.0079483995 -0.019303298 0.028062591 0.7893528 -0.6132981
0.021407267 0.0070648454 -0.020360773 0.051457796 0.7886369 -0.61270213
0.01836528 0.006860138 -0.020743297 0.023210177 0.78607595 -0.61769396
0.018411502 0.008307884 -0.01891169 0.03410861 0.7899146 -0.61226743
0.018411502 0.008307884 -0.01891169 -0.8872388 0.30574307 0.34543943
0.01833473 0.0068836263 -0.017848285 -0.8850317 0.30820483 0.3488962
0.017256014 0.007431768 -0.02007152 0.020275699 0.7846024 -0.6196676
0.017256014 0.007431768 -0.02007152 -0.65809 0.47292027 0.5858873
0.017179241 0.0060075074 -0.01900811 -0.6503699 0.4766588 0.59145206
0.015824586 0.0069103832 -0.02072262 0.0057210308 0.7933797 -0.6087001
0.015824586 0.0069103832 -0.02072262 -0.34318933 0.5737465 0.743664
0.015747815 0.0054861233 -0.019659214 -0.3356336 0.5751195 0.746048
0.01389944 0.0067620412 -0.02101257 0.06451419 0.59479415 0.8012852
0.01389944 0.0067620412 -0.02101257 0.025647067 0.7871385 -0.61624277
0.016345805 0.006135074 -0.021736242 0.015581796 0.7903351 -0.61247665
0.015847603 0.002685397 -0.026175454 0.018722916 0.7880797 -0.61528844
0.013726391 0.0059209005 -0.02209271 0.020504495 0.7887315 -0.61439586
0.012534568 0.0039282967 -0.024685116 0.01894005 0.78796285 -0.6154313
0.011023037 0.006394827 -0.021569407 0.01920967 0.78869444 -0.61448514
0.012082988 0.0071314937 -0.020588342 0.46826583 0.5122842 0.719925
0.012082988 0.0071314937 -0.020588342 0.018725993 0.790962 -0.6115787
0.012006216 0.005707238 -0.019524934 0.47162 0.5110981 0.71857727
0.010650329 0.00785637 -0.019683566 0.76296324 0.35984007 0.53703094
0.010650329 0.00785637 -0.019683566 0.023966614 0.7956609 -0.605268
0.010573557 0.0064321104 -0.018620165 0.7644093 0.3587637 0.535693
0.009729659 0.008862602 -0.018382454 0.94882166 0.15450765 0.27543592
0.009729659 0.008862602 -0.018382454 0.039984666 0.7970115 -0.6026391
0.009652888 0.007438341 -0.017319042 0.94905376 0.15407702 0.27487653
0.009434789 0.008479433 -0.015941076 0.9956398 -0.08398299 -0.04060007
0.013822671 0.005337786 -0.019949166 0.06955014 0.5944164 0.8011442
0.011935657 0.0026445158 -0.026343616 0.018590316 0.7873801 -0.6161874
0.011935657 0.0026445158 -0.026343616 -0.12760772 0.4637683 -0.87671834
0.011487868 0.001429634 -0.026922312 -0.12752543 0.46553028 -0.875796
0.011487868 0.001429634 -0.026922312 -0.34196055 -0.6626905 -0.66626155
0.008474232 0.003006351 -0.02598779 0.05116617 0.44556278 -0.8937874
0.008474232 0.003006351 -0.02598779 0.01930908 0.7873792 -0.6161664
0.014431369 0.0016938626 -0.027484749 0.017961876 0.7876027 -0.61592144
0.014431369 0.0016938626 -0.027484749 -0.26265022 0.51592004 -0.815378
0.013601573 0.00055635953 -0.027939353 -0.266117 0.5213272 -0.8108018
0.013601573 0.00055635953 -0.027939353 -0.66288906 -0.53802186 -0.5206829
0.01614854 0.00036999688 -0.029128883 0.0174955 0.7878775 -0.61558336
0.01614854 0.00036999688 -0.029128883 -0.36077765 0.59333843 -0.71957546
0.015051363 -0.00056556484 -0.029355459 -0.36617798 0.6012074 -0.71025586
0.015051363 -0.00056556484 -0.029355459 -0.8766651 -0.37152025 -0.30566472
0.017123336 -0.0016680731 -0.031711627 0.01716913 0.7882936 -0.61505973
0.017123336 -0.0016680731 -0.031711627 -0.41333392 0.69296485 -0.59072393
0.018085329 0.0007440826 -0.028594974 0.019128766 0.7881814 -0.6151456
0.018852353 -0.0016380191 -0.031624757 0.022511654 0.7875762 -0.61580586
0.021344062 0.0008033059 -0.028409012 0.043303464 0.7867817 -0.6157103
0.021238495 -0.0019494094 -0.031911958 0.059774216 0.7802728 -0.6225765
0.024017585 0.000498379 -0.028543383 0.18253398 0.7645261 -0.61820805
0.020300714 0.0042380146 -0.024044238 0.031764913 0.78875494 -0.6138865
0.023588592 0.003913294 -0.024251966 0.14195053 0.7814816 -0.6075661
0.023610476 0.006771709 -0.02048958 0.1684825 0.79173166 -0.5871752
0.027316649 0.0033935308 -0.023415662 0.46449164 0.70423144 -0.53694093
0.02726322 -0.00044910086 -0.028172728 0.52220845 0.628419 -0.57653093
0.026665233 0.0063176625 -0.019675521 0.43809727 0.75466245 -0.48842135
0.02950305 0.0020746773 -0.022179905 0.9231187 -0.28600383 0.25700876
0.02950305 0.0020746773 -0.022179905 0.62681997 0.6180184 -0.4744997
0.029056763 -0.0022214362 -0.027419819 0.8810049 -0.44124702 0.17067897
0.029056763 -0.0022214362 -0.027419819 0.6903794 0.49373683 -0.5287724
0.02894464 0.005250135 -0.018344086 0.9189022 -0.17551683 0.3532883
0.02894464 0.005250135 -0.018344086 0.57152313 0.6990903 -0.42969066
0.027670303 0.008292787 -0.014625037 0.80359036 -0.21656583 0.55438423
0.027670303 0.008292787 -0.014625037 0.5228247 0.7612359 -0.383633
0.025632944 0.008938777 -0.016158346 0.4269001 0.7919253 -0.4365896
0.023309862 0.009159936 -0.017203415 0.22272302 0.8118006 -0.5397909
0.027622433 -0.0057939203 -0.03182855 0.7806886 -0.6076913 0.14572755
0.027622433 -0.0057939203 -0.03182855 0.70467305 0.38130856 -0.5983642
0.026011935 -0.003952282 -0.03258858 0.5335313 0.546715 -0.645327
0.024437904 -0.0063794283 -0.035656776 0.5255986 0.48127925 -0.70151013
0.023259604 -0.0024840953 -0.03230808 0.20080447 0.73741645 -0.64489883
0.02205211 -0.0048503703 -0.035298374 0.21359433 0.71023107 -0.6707827
0.02012726 -0.0068500834 -0.037903305 0.19604002 0.69067895 -0.6960825
0.020205166 -0.00415821 -0.034752946 0.06914276 0.77170265 -0.63221383
0.018466167 -0.006083832 -0.037264246 0.06839957 0.7655288 -0.63975555
0.018368132 -0.003622897 -0.03418448 0.026706748 0.78604 -0.6175984
0.01688682 -0.0032072193 -0.033692203 0.01709892 0.78874576 -0.61448157
0.01688682 -0.0032072193 -0.033692203 -0.41034445 0.78017193 -0.47217482
0.01697436 -0.0053727794 -0.036472112 0.028665384 0.78372383 -0.6204476
0.014632368 -0.006849258 -0.038439512 0.025584169 0.7851119 -0.6188253
0.015748724 -0.004756504 -0.035714455 0.017232059 0.78927565 -0.61379725
0.015748724 -0.004756504 -0.035714455 -0.35093412 0.86741966 -0.352744
0.014683817 -0.0048580966 -0.03491043 -0.3433916 0.8736548 -0.3446874
0.014683817 -0.0048580966 -0.03491043 -0.8135426 0.24979316 0.5251209
0.013472905 -0.006058177 -0.037452146 0.017019082 0.7901106 -0.61272794
0.013472905 -0.006058177 -0.037452146 -0.23482698 0.94086593 -0.2441877
0.010628391 -0.0067053894 -0.03836614 0.017701661 0.7910219 -0.6115316
0.010628391 -0.0067053894 -0.03836614 -0.080069296 0.97999346 -0.18221354
0.012759881 -0.005960261 -0.036390107 -0.22613446 0.94417566 -0.23957361
0.012759881 -0.005960261 -0.036390107 -0.53222835 0.39963084 0.74634314
0.010334499 -0.006498155 -0.03712671 -0.07133563 0.9797225 -0.18722974
0.010334499 -0.006498155 -0.03712671 -0.17363292 0.47985694 0.8599935
0.012781454 -0.0064323135 -0.036121942 -0.4462197 0.0086491015 0.89488167
0.012781454 -0.0064323135 -0.036121942 -0.52560717 0.4024611 0.74950796
0.010329517 -0.0069744242 -0.0368616 -0.15155631 0.037950937 0.9877198
0.010329517 -0.0069744242 -0.0368616 -0.16838689 0.48206922 0.85979956
0.014724707 -0.0053197895 -0.034627404 -0.67274284 -0.15890191 0.72261137
0.014724707 -0.0053197895 -0.034627404 -0.8087895 0.2536574 0.53058213
0.013023008 -0.0071773073 -0.035991903 -0.45273387 0.0041174693 0.8916361
0.0150968 -0.006016786 -0.034430392 -0.6749583 -0.15296726 0.7218256
0.010400504 -0.007756698 -0.036823977 -0.15348326 0.030674743 0.987675
0.007704468 -0.0076989634 -0.036836535 0.15340479 -0.0025691988 0.9881601
0.0078013907 -0.0069091124 -0.036851328 0.21050048 0.48466972 0.84899044
0.0078013907 -0.0069091124 -0.036851328 0.15933228 0.0015862656 0.98722374
0.004934648 -0.0069305794 -0.0359279 0.43266413 -0.1034113 0.8956048
0.0052270363 -0.006189135 -0.03598639 0.5658574 0.37676746 0.7333838
0.0052270363 -0.006189135 -0.03598639 0.4359709 -0.099152155 0.894482
0.0031038069 -0.005754902 -0.0344789 0.6252358 -0.2707251 0.73197544
0.0035745203 -0.005123942 -0.034649048 0.8246419 0.20492342 0.5272307
0.0035745203 -0.005123942 -0.034649048 0.62312293 -0.2623724 0.73680294
0.0019747773 -0.004022385 -0.032285642 0.71772695 -0.45709786 0.5252899
0.0025088242 -0.0035000797 -0.032567408 0.97090614 -0.015917607 0.2389306
0.0025088242 -0.0035000797 -0.032567408 0.72172797 -0.4545134 0.52204055
0.0019978853 -0.0023544454 -0.030143175 0.6870459 -0.65159917 0.32153794
0.0025534225 -0.0020012823 -0.030604701 0.9680956 -0.24248956 -0.063163295
0.0025534225 -0.0020012823 -0.030604701 0.68891513 -0.6466277 0.32751867
0.003190652 -0.0006784684 -0.02795675 0.5807966 -0.8092421 0.088331684
0.0036318663 -0.00042490987 -0.028571675 0.80911124 -0.45283082 -0.37454417
0.0036318663 -0.00042490987 -0.028571675 0.58352274 -0.8070331 0.0905465
0.005447971 0.0005785718 -0.026274296 0.34784448 -0.93689317 -0.035148855
0.0057272664 0.000702203 -0.027026707 0.50873387 -0.6360528 -0.5801954
0.0057272664 0.000702203 -0.027026707 0.35443154 -0.9347231 -0.025905766
0.008559909 0.001140721 -0.025456242 0.053589877 -0.97754854 -0.20378189
0.008597206 0.0013073885 -0.026254185 0.09656308 -0.70393425 -0.7036705
0.008597206 0.0013073885 -0.026254185 0.05960243 -0.97936624 -0.19310486
0.011663565 0.0008338385 -0.02575283 -0.27643085 -0.9436188 -0.18212524
0.011499267 0.0010413491 -0.026542166 -0.280873 -0.94133246 -0.18709245
0.011499267 0.0010413491 -0.026542166 -0.3420141 -0.66228026 -0.6666418
0.01400326 -6.676931e-05 -0.026834626 -0.49350843 -0.86945236 -0.0224062
0.013641223 0.00015438173 -0.02757478 -0.49735987 -0.8672118 -0.024019439
0.013641223 0.00015438173 -0.02757478 -0.66619915 -0.5356831 -0.5188664
0.015582588 -0.0013270191 -0.028401367 -0.68141496 -0.72267026 0.115850866
0.015109472 -0.0009839787 -0.02901436 -0.67784923 -0.7250155 0.12195419
0.015109472 -0.0009839787 -0.02901436 -0.88049924 -0.36689985 -0.3001757
0.016416274 -0.0030684606 -0.030608434 -0.7903852 -0.5272392 0.31194556
0.015907878 -0.002568828 -0.031045413 -0.7860338 -0.5341776 0.3111351
0.015907878 -0.002568828 -0.031045413 -0.98819345 -0.15159346 -0.022206813
0.016188897 -0.0045889737 -0.032565355 -0.7819384 -0.33996263 0.52249193
0.015718183 -0.003990194 -0.03287451 -0.7788601 -0.34511337 0.52371156
0.015718183 -0.003990194 -0.03287451 -0.9616519 0.0661608 0.26617357
0.01566404 -0.0035433904 -0.033181075 -0.4089815 0.78453946 -0.4660815
0.01566404 -0.0035433904 -0.033181075 -0.9631312 0.06313594 0.26151904
0.015852146 -0.0021536122 -0.031391367 -0.4142245 0.6879808 -0.5959031
0.015852146 -0.0021536122 -0.031391367 -0.98880976 -0.14805658 -0.018291228
0.00860629 0.0016916002 -0.026637496 0.096789226 -0.7044823 -0.7030908
0.00860629 0.0016916002 -0.026637496 0.047987398 0.44699755 -0.89324707
0.005796465 0.0010945898 -0.0273967 0.49762943 -0.63826996 -0.5873469
0.005796465 0.0010945898 -0.0273967 0.25282946 0.4665572 -0.8475858
0.003696968 -8.092844e-06 -0.028931376 0.8065912 -0.45393807 -0.37861702
0.003696968 -8.092844e-06 -0.028931376 0.3844116 0.5387777 -0.7496308
0.0026395987 -0.0015752484 -0.030927617 0.9661349 -0.24828677 -0.07026522
0.0026395987 -0.0015752484 -0.030927617 0.44651347 0.6491745 -0.61579067
0.0025932877 -0.0030636052 -0.032882284 0.9711788 -0.015927164 0.23781905
0.0025932877 -0.0030636052 -0.032882284 0.46321994 0.75196564 -0.4690149
0.0013123536 -0.00072000234 -0.0309784 0.43895057 0.6417091 -0.6289131
0.0013123536 -0.00072000234 -0.0309784 0.022361744 0.7870797 -0.61644596
0.0036366973 -0.004662022 -0.03492621 0.83058673 0.20065981 0.5194817
0.0036366973 -0.004662022 -0.03492621 0.38981485 0.8538111 -0.34503776
0.0052913195 -0.0057307896 -0.036271956 0.560561 0.37994102 0.73580986
0.0052913195 -0.0057307896 -0.036271956 0.2763551 0.9274154 -0.2520489
0.004697632 -0.0058849687 -0.03748982 0.26878208 0.92994905 -0.25090057
0.004697632 -0.0058849687 -0.03748982 0.02096493 0.79132205 -0.61104
0.007829111 -0.0064430153 -0.037124354 0.20860347 0.48377895 0.84996617
0.007829111 -0.0064430153 -0.037124354 0.11053727 0.9697862 -0.21747696
0.00760401 -0.0067243734 -0.038482353 0.105862536 0.9713876 -0.21260111
0.00760401 -0.0067243734 -0.038482353 0.019472366 0.791277 -0.61114776
0.0075661982 -0.008014665 -0.040153623 0.019298635 0.7896666 -0.6132327
0.011358485 -0.007756776 -0.039705 0.020112025 0.78804886 -0.615284
0.0079272 -0.009857277 -0.04250536 0.027481234 0.7755126 -0.63073367
0.01232782 -0.009109166 -0.04138436 0.042357754 0.76671416 -0.6405897
0.013791779 -0.010825163 -0.043192454 0.14493237 0.6603748 -0.7368173
0.015860086 -0.007770475 -0.039527275 0.054169834 0.76510245 -0.64162594
0.017189685 -0.008688475 -0.04042993 0.15844777 0.6878401 -0.70835745
0.018881682 0.007976461 -0.016369954 -0.99750817 0.067948446 0.01898891
0.014469886 0.011088313 -0.012438473 -0.071454644 -0.59427 -0.8010852
0.002410301 0.010489001 -0.016481549 -0.014971924 0.78478026 -0.61959326
0.002410301 0.010489001 -0.016481549 -0.8575176 -0.26040468 -0.44368106
0.002349617 0.0090293335 -0.0155075565 -0.86240166 -0.25568333 -0.4369089
0.0011100466 0.01138708 -0.015308192 -0.021542087 0.79409903 -0.60740656
0.0011100466 0.01138708 -0.015308192 -0.6103347 -0.42196605 -0.67039996
0.0010493649 0.0099274125 -0.014334195 -0.6098855 -0.42217204 -0.6706792
-0.0007260846 0.011900475 -0.014540766 -0.039733134 0.8183695 -0.57331717
-0.0007260846 0.011900475 -0.014540766 -0.26786664 -0.52703696 -0.806523
-0.0007867698 0.010440807 -0.013566765 -0.25331613 -0.5296385 -0.8095147
-0.000369914 0.013379103 -0.012429626 -0.050997928 0.83316547 -0.55066735
-0.002896092 0.0104235755 -0.013400298 0.14459242 -0.5533701 -0.8202893
0.0030075472 0.007903082 -0.01696736 -0.9895687 -0.04920626 -0.13539758
0.020211335 -0.012647733 -0.04020405 -0.026049372 -0.77089953 0.6364238
-0.003979638 -0.019147348 -0.048960328 -0.01971293 -0.77626103 0.63010335
-0.0076481956 -0.0010042469 -0.028666992 -0.9646176 0.14504004 0.22017312
-0.01405976 -0.0031208163 -0.031654418 0.26192996 0.5633626 0.78359133
-0.017594133 -0.010207025 -0.043909274 -0.040604662 0.7277535 -0.6846357
-0.022054536 -0.00834467 -0.04138787 -0.080387145 0.7421856 -0.6653559
-0.025887838 -0.0061614662 -0.03833446 -0.13744918 0.7674038 -0.6262581
-0.028680192 -0.004047039 -0.034751453 -0.20434986 0.79825926 -0.5665892
-0.017674793 0.00057959044 -0.026326057 0.9601991 -0.15419398 -0.23289901
-0.034248125 -0.0038335281 -0.031093847 -0.59592074 0.62004924 -0.51031107
-0.011257857 0.0028656768 -0.023614038 -0.27076674 -0.5620101 -0.7815561
-0.0013576304 0.0043064263 -0.021684276 -0.14272004 0.55345917 0.8205572
-0.0072791516 0.0069188117 -0.01810016 0.9905824 0.045082197 0.1292825
-0.017669825 0.014544516 -0.0050135534 -0.22390494 0.88681316 -0.40426353
-0.014630444 0.016432276 0.0040909816 0.11348934 -0.70350224 0.701573
-0.034597814 0.0036312286 -0.011061734 0.015300568 -0.8467846 0.53171587
-0.03606746 0.00087611785 -0.015671942 0.027078552 -0.8679224 0.49596107
-0.036788203 0.0008931559 -0.015603243 0.025913116 -0.86853856 0.49494368
-0.036788203 0.0008931559 -0.015603243 -0.88766366 -0.27090323 0.372377
-0.036706638 -0.0021154042 -0.021050243 0.02861614 -0.8844179 0.46581784
-0.030278243 -0.010966977 -0.038803216 0.08038678 -0.8060227 0.58640033
0.0038214226 -0.013340105 -0.00072184205 0.23208772 0.6643845 0.7104426
0.0038214226 -0.013340105 -0.00072184205 -0.95855415 -0.2627286 0.11021628
0.00672244 -0.016289081 0.019397544 0.21401438 0.8968904 -0.38702133
0.00672244 -0.016289081 0.019397544 -0.9734265 -0.20029996 0.11099976
0.005647578 -0.015472877 0.004242828 0.3172372 0.93852234 0.13614875
0.005647578 -0.015472877 0.004242828 -0.83225965 -0.54996526 0.0698712
0.003054163 -0.008385475 0.0006962139 -0.03371098 -0.337175 0.9408382
0.003054163 -0.008385475 0.0006962139 -0.9896651 -0.04274335 0.13687979
-0.010101629 -0.010043439 -0.00052629225 0.062179886 -0.044419482 0.99707603
-0.004017306 -0.012177333 0.0047656894 0.28082836 0.9518779 0.122735046
-0.010147613 -0.007191431 0.00093777664 -0.014710193 -0.4202155 0.9073051
-0.0041731256 0.011992958 0.009216631 0.009149965 -0.50830096 0.86113083
0.0074103368 0.010916842 0.008458352 -0.0048110886 -0.56231266 0.8269107
0.0074103368 0.010916842 0.008458352 -0.9448693 0.26912114 0.18653625
0.00017876684 0.015706962 0.01274105 -0.038403746 -0.8179039 0.5740717
0.010108136 0.014784518 0.01209105 -0.05088934 -0.8802359 0.47179985
0.010108136 0.014784518 0.01209105 -0.9073764 0.3749597 0.18992996
0.0025808848 0.017439377 0.019829964 -0.097718365 -0.9915231 -0.08563452
0.01211201 0.01655393 0.019206034 -0.0981423 -0.990806 -0.093121074
0.01211201 0.01655393 0.019206034 -0.90766966 0.40010685 0.12669015
0.0014532238 0.015003008 0.025269834 -0.0992832 -0.4397123 -0.8926343
0.0014532238 0.015003008 0.025269834 -0.11128219 -0.898169 -0.4253335
0.011382597 0.014080566 0.024619838 -0.09928186 -0.4397121 -0.8926346
0.011382597 0.014080566 0.024619838 -0.1112832 -0.8981691 -0.4253333
0.011382597 0.014080566 0.024619838 -0.955052 0.29636207 0.006720477
-0.0011400632 0.008553396 0.02873536 -0.073613085 -0.09269014 -0.9929701
0.009388063 0.007575319 0.028046167 -0.080445535 -0.17440987 -0.98138165
0.009388063 0.007575319 0.028046167 -0.9602274 0.27050087 0.069229096
-0.0032260069 0.00021596544 0.02734976 -0.03719467 0.27633026 -0.9603427
0.007302118 -0.0007621114 0.026660567 -0.037931524 0.26970187 -0.96219647
0.007302118 -0.0007621114 0.026660567 -0.9833557 0.16552658 0.07491643
-0.003703774 -0.0092414385 0.0236034 0.026925704 0.48077163 -0.8764323
0.0062094266 -0.010162369 0.022954466 -0.017861055 0.4402863 -0.89767975
0.0062094266 -0.010162369 0.022954466 -0.99383134 0.018702295 0.10931353
-0.0028194785 -0.0133670205 0.019928945 0.24498765 0.8724265 -0.42291027
-0.002994881 -0.0129673425 0.011631219 0.3075323 0.9505386 0.04359258
0.0065290304 -0.015935196 0.011103181 0.29760888 0.9541753 0.03128148
0.0065290304 -0.015935196 0.011103181 -0.66351163 -0.7480658 -0.012242966
0.0116230585 0.008945825 -0.018041208 0.098494194 0.801714 -0.58953667
0.011579521 0.009729757 -0.01701469 0.09808726 0.7800149 -0.61802554
0.010144429 0.008987541 -0.01826758 -0.3275035 0.6777014 -0.6583786
0.012885593 0.008818051 -0.018044956 0.05954819 0.8071135 -0.5873855
0.011833584 0.008461115 -0.018683393 0.09350427 0.8176181 -0.5681177
0.012761474 0.008129591 -0.019043868 0.06053961 0.8285074 -0.5566958
0.011025226 0.008034921 -0.01945668 -0.18452236 0.66308403 -0.72544545
0.012299484 0.0073540714 -0.02028515 -0.11352951 0.61050737 -0.78383154
0.010867493 0.007855817 -0.019484747 -0.6615937 0.04688233 -0.74839556
0.009993138 0.008811433 -0.018249076 -0.8520284 0.1640743 -0.49711886
0.01222809 0.0071674017 -0.020344008 -0.40077147 -0.09162686 -0.9115847
0.010701779 0.0063984795 -0.018344969 -0.77188027 -0.33286974 -0.5416628
0.009847704 0.007376044 -0.017110858 -0.9502221 -0.12787576 -0.2841229
0.012125008 0.005657297 -0.019257454 -0.4744662 -0.49344414 -0.7289682
0.013958616 0.0052950243 -0.019682596 -0.061485708 -0.5719055 -0.818012
0.013953183 0.006816536 -0.0207469 -0.04762999 -0.11198235 -0.9925681
0.01574141 0.005453432 -0.01943241 0.33626732 -0.5415004 -0.77052045
0.01578149 0.006957413 -0.020471534 0.30780074 -0.118547715 -0.9440366
0.017189663 0.005953936 -0.018753033 0.65585876 -0.43321562 -0.61820185
0.017140923 0.007452568 -0.019853186 0.551456 0.029439623 -0.83368427
0.018285599 0.0067894575 -0.017648159 0.8867739 -0.2557917 -0.384971
0.01823829 0.008284622 -0.018751694 0.7570918 0.16934201 -0.6309796
0.018819766 0.0078841355 -0.016228117 0.9980884 -0.0064791986 -0.061460726
0.018757727 0.009322486 -0.017347721 0.90004265 0.31347835 -0.3027451
0.0184517 0.009086264 -0.014672034 0.92915946 0.25266328 0.26985934
0.018411467 0.010499094 -0.015856316 0.86578065 0.49774626 0.05169757
0.017602235 0.009915332 -0.01361214 0.7439293 0.44086853 0.5021991
0.01758396 0.011322393 -0.0148153715 0.69039196 0.68891925 0.22079271
0.016431862 0.0105007375 -0.012884478 0.47416306 0.57467914 0.66701823
0.016404472 0.011909856 -0.014076524 0.4525486 0.7682739 0.45271966
0.014542151 0.010906558 -0.012425399 0.078829855 0.6527549 0.7534566
0.014567843 0.012277812 -0.0136139905 0.07809252 0.83162427 0.5498206
0.01277169 0.010770282 -0.012674748 -0.33459878 0.62611705 0.70428777
0.012824301 0.012153149 -0.013875952 -0.3117383 0.80771047 0.50042295
0.011228286 0.010230487 -0.013396446 -0.6493591 0.5163827 0.55828464
0.0112890955 0.011612934 -0.014604405 -0.61949074 0.72030973 0.31206608
0.010237388 0.009490484 -0.014390533 -0.87887055 0.3422626 0.33232954
0.010302091 0.0108333025 -0.015601603 -0.80381745 0.5909698 0.06806104
0.009657318 0.008386331 -0.015818756 -0.99263406 0.11656066 0.033034373
0.00978601 0.009800159 -0.016940417 -0.92504597 0.34186086 -0.1655929
0.009943651 0.009943132 -0.017048366 -0.4102283 0.7437994 -0.5277074
0.0104895905 0.010925956 -0.01576159 -0.2874354 0.84729666 -0.44661972
0.011804273 0.010533879 -0.016007489 0.089978814 0.7592294 -0.6445731
0.011419723 0.011694448 -0.014754574 -0.25631583 0.91676414 -0.30634245
0.012103066 0.011140247 -0.015273938 0.07588876 0.7429026 -0.66508394
0.012848742 0.012206609 -0.01405483 -0.14769538 0.96773046 -0.20416589
0.014559004 0.012339676 -0.013828203 0.05128713 0.98307323 -0.17588884
0.013094425 0.011224461 -0.015085982 0.050961737 0.73834103 -0.67249936
0.014451221 0.011221156 -0.015017547 0.0141889155 0.73759735 -0.6750917
0.013049528 0.010397334 -0.01602295 0.056959245 0.75905836 -0.6485261
0.014360182 0.010316885 -0.01603985 0.0164636 0.7601209 -0.64957297
0.012945874 0.009585446 -0.017019756 0.06175208 0.78430915 -0.6172891
0.014273349 0.00948076 -0.017056894 0.019137077 0.78813255 -0.615208
0.0155996345 0.009429777 -0.01713669 -0.023360757 0.78944325 -0.6133789
0.014188444 0.008698866 -0.018113654 0.021487148 0.81237334 -0.5827417
0.015494278 0.008657815 -0.018170625 -0.017749121 0.81281394 -0.5822529
0.014091872 0.007927552 -0.01923569 0.024553932 0.83398527 -0.55124015
0.013953228 0.007042166 -0.020635344 0.00013251632 0.6388255 -0.76935166
0.015438929 0.007948038 -0.0191985 -0.012960721 0.8329522 -0.5531933
0.015709328 0.0071915095 -0.020389052 0.10757606 0.6181996 -0.77862483
0.016433077 0.008081297 -0.01904627 -0.044506114 0.82671285 -0.560861
0.01674219 0.008632751 -0.018284176 -0.05420042 0.8118709 -0.58131576
0.017015856 0.0076430114 -0.01976892 0.13697338 0.6870355 -0.71359676
0.018063117 0.008440079 -0.018715223 0.18774661 0.7174845 -0.67079604
0.018571114 0.009418668 -0.017448787 0.3181295 0.73244923 -0.60192335
0.016960066 0.009412899 -0.017251533 -0.058950424 0.79051334 -0.609601
0.018327001 0.010546712 -0.015991181 0.40623125 0.7975069 -0.44604805
0.016917428 0.010259478 -0.016200755 -0.05120736 0.76749545 -0.6390059
0.017452735 0.0113792615 -0.014967134 0.26898944 0.87576157 -0.400857
0.016711565 0.0108784195 -0.015462281 -0.043196872 0.7505327 -0.65942
0.016333383 0.011973678 -0.01424478 0.21831185 0.94674253 -0.23668216
0.015791342 0.01106711 -0.015202189 -0.02192736 0.7424328 -0.6695617
0.015667908 0.010250236 -0.016129965 -0.024152985 0.7638 -0.64500093
-0.031246014 -0.005044825 -0.031080123 -0.008543041 0.8201881 -0.5720301
-0.018144296 0.0121302465 -0.006950889 -0.07277366 0.79540557 -0.60169256
0.0142347645 -0.011119158 -0.04170268 -0.02171098 0.79606116 -0.6048266
-0.020947183 -0.012646172 -0.042622294 -0.020713344 0.82091165 -0.5706795
-0.027726335 0.002664275 -0.020924307 0.8233936 0.27673024 -0.49542224
-0.024240132 0.008229434 -0.01202169 -0.055024937 0.8287076 -0.5569705
0.001684594 -0.015336831 -0.046502396 -0.01694634 0.77263266 -0.63462716
0.023494765 0.005469102 -0.018646918 0.14231534 0.7754895 -0.6151116
0.012547912 0.014885399 -0.009308231 -0.05381983 0.768734 -0.63730013
0.00033996766 0.017435089 -0.004621187 -0.11709095 0.71203333 -0.6923137
-0.009495066 0.009616505 0.02298813 -0.30464065 0.70856965 0.6364929
-0.009952438 0.009428211 0.022745844 -0.703406 0.6033364 0.37577268
-0.010009572 0.007938011 0.024219573 -0.30776617 0.42249796 0.8525113
-0.009084089 0.010819146 0.021389429 -0.34350628 0.84632725 0.407104
-0.005656805 0.009645956 0.023216356 -0.026240692 0.62500453 0.78018004
-0.001302735 0.009606354 0.023383979 -0.025927009 0.5893468 0.80746406
-0.0051990193 0.011167783 0.02154975 -0.069306776 0.83395505 0.5474628
-0.006293481 0.0075354506 0.024335813 0.005138754 0.2816877 0.95949244
-0.0020820019 0.007066429 0.024427 0.023612402 0.21824527 0.9756082
-0.0069317715 0.0044102953 0.024605513 0.031773627 -0.113879465 0.9929864
-0.0028507938 0.0040849806 0.024379868 0.048555348 -0.15985104 0.98594624
-0.007760871 0.0007062056 0.023479145 0.05413146 -0.33930618 0.9391172
-0.010799631 0.004841449 0.024737362 -0.3313419 0.038908433 0.9427082
-0.011261268 0.004773921 0.024362754 -0.8160607 0.13536508 0.5618908
-0.01131034 0.0012084083 0.023898419 -0.29074863 -0.265792 0.91914076
-0.011809575 0.0013236483 0.023553189 -0.8178122 -0.09536074 0.56752944
-0.011635898 -0.0034154165 0.022065151 -0.35673368 -0.35662317 0.86345875
-0.011057797 -0.007839194 0.020245668 -0.33361927 -0.45845264 0.82372296
-0.012065377 -0.0033027022 0.021684933 -0.86499363 -0.21095207 0.45528576
-0.00823607 -0.003548169 0.021820478 0.049951967 -0.3720133 0.9268824
-0.008067915 -0.0079173725 0.02002174 0.062022384 -0.3957437 0.9162642
-0.004379484 -0.00368089 0.02157884 0.05088119 -0.3756153 0.92537785
-0.004680344 -0.00793881 0.019739434 0.070227765 -0.39933333 0.9141121
-0.0038017202 0.00016155513 0.023056503 0.051218733 -0.34849694 0.9359095
-0.004222258 -0.010979429 0.018402848 0.038478907 -0.63592774 0.7707888
-0.007685289 -0.01070603 0.018753275 -0.011740659 -0.58846915 0.8084344
-0.004157931 -0.011387851 0.017876852 -0.017723618 -0.9253313 0.37874514
-0.0077059586 -0.011173451 0.01826803 -0.18858756 -0.89898133 0.39530662
-0.0041000126 -0.011495566 0.01732115 -0.07931828 -0.99673593 0.01503525
-0.007656199 -0.01125323 0.017731115 -0.27059788 -0.9624952 -0.019486314
-0.0043095318 -0.011206664 0.014892973 -0.13132335 -0.9840306 -0.12015822
-0.007913819 -0.010844009 0.015478324 -0.3540528 -0.925202 -0.13655739
-0.004680147 -0.01072651 0.010990072 -0.17938644 -0.976817 -0.11682925
-0.008096722 -0.010222446 0.011734236 -0.39448407 -0.9115687 -0.11586593
-0.005277899 -0.010140426 0.006765902 -0.21170376 -0.9710837 -0.11035431
-0.008456304 -0.009553824 0.007676456 -0.42704856 -0.8996413 -0.09096797
-0.005863755 -0.009773275 0.0047338232 -0.24325028 -0.9460094 -0.21423267
-0.008792088 -0.009208607 0.0054394305 -0.4435843 -0.8667588 -0.22795248
-0.006197568 -0.009504056 0.004292924 -0.3391663 -0.7869007 -0.5155129
-0.008983478 -0.00888397 0.0049652196 -0.5079384 -0.52184135 -0.6853323
-0.006467273 -0.008955359 0.004019901 -0.39552027 -0.28517392 -0.87306327
-0.008881872 -0.008144164 0.004847821 -0.32896513 0.10377336 -0.93862295
-0.00684393 -0.0059169685 0.005296223 -0.19456622 0.36737984 -0.90949225
-0.00924593 -0.0055237715 0.0059620366 -0.20129023 0.3704826 -0.9067661
-0.0066464725 -0.0013842839 0.0071155354 -0.20420423 0.38163164 -0.90147537
-0.009438527 -0.0010708501 0.007884067 -0.20968644 0.3846543 -0.8989286
-0.0055819913 0.0035472545 0.009045985 -0.20465593 0.39622042 -0.89505607
-0.008643363 0.0036134147 0.009744588 -0.20601508 0.4003466 -0.8929056
-0.0042132162 0.0070599946 0.01021662 -0.21665902 0.48591426 -0.8467267
-0.007784521 0.0070741973 0.011140205 -0.20700584 0.48159614 -0.85159475
-0.0027582033 0.010082383 0.011918783 -0.18951504 0.7188503 -0.6688335
-0.0063082203 0.00983401 0.012651265 -0.19945282 0.6971573 -0.68861485
-0.0014602067 0.011966394 0.014222581 -0.16096516 0.9015133 -0.40170154
-0.0053499243 0.011517493 0.014794011 -0.18223453 0.88748926 -0.4232653
-0.00060704444 0.012801003 0.01656479 -0.12986352 0.98595047 -0.10505805
-0.004894785 0.012258608 0.016960956 -0.15705533 0.97915065 -0.12883236
-0.0005302334 0.012644459 0.01934385 -0.0941091 0.9649758 0.24487835
-0.00489662 0.012167767 0.0193898 -0.12020779 0.9675091 0.22243261
-0.00078435463 0.011441685 0.021654021 -0.06409334 0.8124218 0.5795368
-0.008728811 0.01158479 0.019393709 -0.36594945 0.9200268 0.14011341
-0.009207957 0.0112390015 0.01931445 -0.7174555 0.69498324 0.047496915
-0.008647264 0.011586031 0.017334446 -0.37208304 0.91988075 -0.12399045
-0.009104472 0.011278285 0.01739657 -0.687108 0.72187763 -0.08231181
-0.008761306 0.01101796 0.015345547 -0.3309061 0.8737439 -0.35647252
-0.009242285 0.010792708 0.015512947 -0.6433355 0.73358274 -0.21903348
-0.009436393 0.0096010845 0.01331098 -0.4054822 0.70107645 -0.5865799
-0.009850262 0.0093842335 0.013586495 -0.7569055 0.5722237 -0.31568044
-0.010293363 0.0071854084 0.0117835365 -0.4564352 0.5099756 -0.72910345
-0.010658084 0.0070531913 0.012127746 -0.8248574 0.42955565 -0.36754903
-0.011275805 0.003657103 0.010402527 -0.56929487 0.39282575 -0.72221273
-0.011530431 0.0036000903 0.010815863 -0.9358198 0.2606597 -0.23727147
-0.01179719 -0.0008115177 0.008562464 -0.60062426 0.31603 -0.7344219
-0.012081507 -0.00092118094 0.0090293065 -0.97291505 0.09998823 -0.20841934
-0.011356935 -0.005192598 0.006587237 -0.55561954 0.24393152 -0.7948486
-0.010725787 -0.006840819 0.005756732 -0.48846015 0.12853181 -0.8630679
-0.011701322 -0.005382553 0.007009836 -0.9357771 -0.04488315 -0.34972358
-0.010991271 -0.007267037 0.0060442984 -0.8050769 -0.3154395 -0.5023436
-0.011713887 -0.0055293706 0.0074689053 -0.97455335 -0.22352189 0.016843908
-0.010957239 -0.0075289137 0.0064618587 -0.8084823 -0.5778808 -0.111400925
-0.011410387 -0.005820356 0.00937767 -0.9713697 -0.23070176 0.056723073
-0.012048906 -0.0010488047 0.009495035 -0.9902634 -0.042748027 0.13247994
-0.0116507625 -0.001471207 0.011258181 -0.9932597 -0.032962605 0.11112392
-0.011548336 0.003494144 0.011221152 -0.98760694 0.12334233 0.09705199
-0.011203031 0.003077826 0.013076093 -0.9892462 0.09763964 0.108896516
-0.010793241 0.006857187 0.012485277 -0.9627521 0.26966515 -0.019722775
-0.010620516 0.0063729226 0.014224786 -0.98093265 0.17373817 0.087098576
-0.010051676 0.009090815 0.013876922 -0.9245967 0.37678307 -0.056172077
-0.009980529 0.008886721 0.015685067 -0.9697643 0.24131379 0.036397636
-0.0095096305 0.010467228 0.01569343 -0.85823214 0.50645 -0.08334119
-0.009374905 0.010904262 0.017461944 -0.8838113 0.46618822 -0.039320312
-0.009474494 0.010818066 0.019237902 -0.9029163 0.42942655 -0.018301219
-0.010198967 0.008231064 0.01836393 -0.96807384 0.24733117 -0.040747266
-0.009753809 0.0102557335 0.020931054 -0.903119 0.42858917 0.026218515
-0.010515338 0.007749787 0.021463305 -0.9661762 0.2500525 -0.06306473
-0.010186411 0.0091483295 0.022467952 -0.91187286 0.40027237 0.090939365
-0.0095178075 0.010577191 0.021159682 -0.7106299 0.673638 0.20301962
-0.010662751 0.007681212 0.023433853 -0.94424886 0.3085934 0.11473496
-0.011412246 0.0046788906 0.023884188 -0.975516 0.1856984 0.117832236
-0.01047635 0.007857962 0.023862857 -0.75945723 0.41695392 0.4993737
-0.01113087 0.005037707 0.02123348 -0.976543 0.20241807 -0.07342108
-0.011946435 0.0014513475 0.023071904 -0.99195254 0.074963816 0.10203172
-0.01159835 0.001992038 0.02015869 -0.9864768 0.13891207 -0.08698713
-0.0121792825 -0.0031412183 0.021223065 -0.9975399 -0.046623435 0.052348837
-0.0118766995 -0.0026629283 0.01842416 -0.99541926 0.022773597 -0.092852846
-0.0116400225 -0.007647279 0.019319411 -0.9579931 -0.28678784 0.0014069938
-0.01148366 -0.007095859 0.01686852 -0.969473 -0.22466809 -0.09821565
-0.010619816 -0.009609228 0.018455166 -0.74009967 -0.6653324 -0.09790431
-0.011519638 -0.0078071724 0.019808955 -0.82676125 -0.41586363 0.3788446
-0.010574491 -0.009686422 0.01897769 -0.6529156 -0.72475255 0.22007938
-0.010330824 -0.009547185 0.01943088 -0.3069991 -0.6193104 0.7226383
-0.010593035 -0.0091503095 0.016199853 -0.77117527 -0.62268776 -0.13247122
-0.010540178 -0.008423507 0.012566462 -0.8055295 -0.58657753 -0.08395839
-0.0113101825 -0.006386424 0.013312228 -0.97893727 -0.19936922 -0.04397386
-0.010681803 -0.0077603594 0.008583475 -0.8095974 -0.5868229 -0.013812331
-0.01154843 -0.0021158992 0.014850963 -0.9993933 0.017158087 -0.03030772
-0.011212049 0.0025153575 0.016572557 -0.9908192 0.13048571 -0.03536684
-0.010726632 0.0056973123 0.017638471 -0.98010814 0.19455537 -0.039194718
0.010956036 0.0060545453 -0.03277858 0.0573413 0.8559108 -0.5139346
0.010956036 0.0060545453 -0.03277858 0.09352096 0.8460043 -0.52491003
0.010956036 0.0060545453 -0.03277858 -0.12107271 0.45569372 -0.88186425
0.011165695 0.0063145724 -0.032322135 0.11682041 0.9646519 -0.23621981
0.011165695 0.0063145724 -0.032322135 0.2234621 0.9350554 -0.275202
0.012131343 0.0056259767 -0.033259913 0.10530578 0.8369311 -0.53708196
0.012131343 0.0056259767 -0.033259913 -0.22899579 0.49275026 -0.83949876
0.009699618 0.0062449942 -0.032601587 0.040101677 0.8594625 -0.5096236
0.009699618 0.0062449942 -0.032601587 -0.004463347 0.4360359 -0.8999182
0.010774721 0.0055676918 -0.03300526 -0.06715151 0.5886901 -0.80556476
0.009651349 0.005737973 -0.032847013 0.008942511 0.5778963 -0.81606126
0.011825567 0.005184506 -0.033435628 -0.1365733 0.6143655 -0.7771117
0.00980742 0.0034410865 -0.035258964 0.005159926 0.7547857 -0.65595114
0.0102309445 0.0031779902 -0.035569407 -0.013815019 0.7666439 -0.6419239
0.008952684 0.0035041212 -0.03522242 0.049898203 0.75193626 -0.65734464
0.009388682 0.0035329843 -0.035164125 0.026356844 0.74999136 -0.6609222
0.008471445 0.003310727 -0.035490423 0.070992656 0.76027036 -0.645716
0.007382713 0.005520336 -0.03323535 0.15625693 0.5918907 -0.79072696
0.008486466 0.0057282825 -0.03291771 0.08353089 0.5777814 -0.81190604
0.008396774 0.006234157 -0.032680657 0.110770464 0.437745 -0.8922495
0.008396774 0.006234157 -0.032680657 0.0016010116 0.8636815 -0.5040356
0.008281676 0.0065276814 -0.03217661 -0.054180574 0.9698361 -0.23766044
0.007162298 0.006001583 -0.033035915 0.22301245 0.45861554 -0.8601962
0.007162298 0.006001583 -0.033035915 -0.040306374 0.8610565 -0.5069095
0.0068936474 0.006264011 -0.032567322 -0.16478647 0.9494141 -0.26731685
0.0060834284 0.005569445 -0.033634946 0.32004884 0.49770188 -0.80613995
0.0060834284 0.005569445 -0.033634946 -0.080317914 0.8501068 -0.5204492
0.0056816945 0.0057725213 -0.033240035 -0.26059228 0.91164327 -0.3178021
0.0052370406 0.0049629593 -0.034442127 0.39592335 0.55230594 -0.7336231
0.0052370406 0.0049629593 -0.034442127 -0.09257396 0.82815987 -0.55279404
0.0064180833 0.005133962 -0.033770945 0.21889135 0.6169631 -0.75593853
0.0056613283 0.004591697 -0.03449265 0.26812086 0.6524558 -0.70881075
0.005176792 0.003939087 -0.035339803 0.2996785 0.6951533 -0.6534175
0.004695124 0.004233058 -0.035389606 0.4445554 0.6186446 -0.64780366
0.004695124 0.004233058 -0.035389606 -0.091295466 0.80419946 -0.5873061
0.005002595 0.0032229442 -0.03625147 0.31099594 0.7424683 -0.59331465
0.008230163 0.0029851813 -0.03591299 0.0818035 0.7748589 -0.62681884
0.010381328 0.002821925 -0.03601079 -0.020097647 0.7822482 -0.6226427
0.008244336 0.0027115555 -0.03625728 0.081288934 0.78865767 -0.60943514
0.010294607 0.0025539384 -0.036353026 -0.015842754 0.7967963 -0.6040402
0.008450955 0.0024630055 -0.036560275 0.07047687 0.80082935 -0.5947312
0.0051454827 0.0025035432 -0.03715131 0.30165076 0.7895918 -0.5343704
0.0046601053 0.0026275017 -0.03741566 0.44789374 0.76424885 -0.46402022
0.0046601053 0.0026275017 -0.03741566 -0.07972382 0.7636786 -0.64065516
0.005596448 0.0018202201 -0.037990216 0.27250886 0.8340857 -0.4796248
0.0051644794 0.0018632454 -0.03835392 0.40266138 0.83287734 -0.37970918
0.0051644794 0.0018632454 -0.03835392 -0.06483154 0.74587744 -0.66292065
0.0063216877 0.0012296471 -0.03869841 0.22502272 0.8725205 -0.43367347
0.0059756115 0.00120273 -0.03914599 0.32969314 0.89223266 -0.30858266
0.0059756115 0.00120273 -0.03914599 -0.054499354 0.7212936 -0.6904819
0.0072681443 0.00077618985 -0.03922259 0.16323215 0.90213484 -0.39938438
0.0070341607 0.00069557084 -0.039732262 0.23375474 0.9380706 -0.25569978
0.0070341607 0.00069557084 -0.039732262 -0.03805396 0.6889046 -0.7238526
0.008369991 0.00049498305 -0.039521806 0.0911704 0.92062104 -0.37966433
0.008783422 0.0022728508 -0.03678333 0.05619883 0.809529 -0.5843837
0.009652079 0.0022072303 -0.03682244 0.015108802 0.8129867 -0.5820863
0.009211495 0.0021900828 -0.036866184 0.03470799 0.813323 -0.58077615
0.009537368 0.00040561752 -0.039575838 0.014290665 0.926433 -0.37618822
0.009572132 0.00028110528 -0.040127333 0.03514183 0.6805743 -0.73183596
0.009572132 0.00028110528 -0.040127333 0.004275133 0.9754972 -0.21997023
0.010688501 0.0005178042 -0.039376583 -0.060810905 0.9191689 -0.38914067
0.010859606 0.0004065768 -0.039904483 0.0699446 0.6980398 -0.7126346
0.010859606 0.0004065768 -0.039904483 -0.11226385 0.9643647 -0.23957808
0.011732321 0.0008172854 -0.038946584 -0.12870686 0.89984214 -0.41679558
0.0120270485 0.00074152835 -0.039423555 0.10510628 0.70746666 -0.6988875
0.0120270485 0.00074152835 -0.039423555 -0.2169877 0.93440646 -0.2824906
0.012601275 0.001282726 -0.03831607 -0.18606856 0.8690499 -0.45840016
0.010027533 0.0023423852 -0.036633167 -0.0032925971 0.80600154 -0.5919044
0.012998913 0.0012620958 -0.038718373 0.13863268 0.7180299 -0.68206596
0.012998913 0.0012620958 -0.038718373 -0.30497822 0.8869219 -0.34692615
0.013218419 0.0018829894 -0.037528284 -0.2266426 0.8296611 -0.51019186
0.013689157 0.0019334443 -0.03783728 0.14424944 0.74035436 -0.6565573
0.013689157 0.0019334443 -0.03783728 -0.36855933 0.8259359 -0.4266074
0.013552709 0.0025724783 -0.036642164 -0.24913892 0.7844067 -0.5680104
0.014063031 0.002704593 -0.036846217 0.15963888 0.76182 -0.62781024
0.014063031 0.002704593 -0.036846217 -0.40215603 0.7562123 -0.5161527
0.013567111 0.0033038529 -0.035719328 -0.2499186 0.7363788 -0.62871855
0.014079136 0.003522588 -0.03581408 0.17986841 0.7844051 -0.5935958
0.014079136 0.003522588 -0.03581408 -0.40415213 0.68203 -0.60950476
0.0132644735 0.004019499 -0.03483223 -0.23042789 0.69012344 -0.68602663
0.013740657 0.0043229978 -0.03482192 0.166911 0.80595326 -0.56796134
0.013740657 0.0043229978 -0.03482192 -0.37380403 0.6102249 -0.6984956
0.01267107 0.004660868 -0.034053385 -0.19119914 0.6477189 -0.7374979
0.013076976 0.0050403164 -0.033950835 0.13997278 0.8254212 -0.54688895
0.013076976 0.0050403164 -0.033950835 -0.3132357 0.5452193 -0.7775728
0.0135274995 0.005186119 -0.03361666 0.3535706 0.8636282 -0.3593522
0.014260619 0.0043755043 -0.03459539 0.408854 0.80022484 -0.4387239
0.012470253 0.00585354 -0.03284183 0.27316183 0.9143378 -0.29894638
0.014156509 0.004971097 -0.032791987 0.6827986 0.7238906 0.09883429
0.012932041 0.0057260813 -0.03189086 0.51789284 0.82500595 0.2261687
0.01501224 0.004045515 -0.03393 0.79902774 0.5982579 -0.060348846
0.014339798 0.004196747 -0.031958863 0.78227943 0.3141661 0.53790206
0.013063937 0.0049763657 -0.031021424 0.5859665 0.4343965 0.6840635
0.015225842 0.0032295943 -0.03314338 0.91868335 0.16756918 0.35768902
0.013972648 0.0031932835 -0.031499196 0.5791145 -0.22972757 0.78220946
0.014808459 0.0022894912 -0.032598592 0.6839524 -0.340952 0.64495033
0.012783888 0.0039250446 -0.030625472 0.4286434 -0.13783085 0.8928983
0.013143315 0.002373892 -0.031671215 0.23136191 -0.621408 0.74854785
0.013837308 0.0016323808 -0.032586344 0.27561653 -0.6681797 0.6910655
0.012157467 0.0029806958 -0.030943897 0.1632765 -0.5821385 0.7965272
0.012513073 0.0020036167 -0.03198617 0.08142201 -0.7242213 0.6847438
0.01309736 0.0013708062 -0.03275468 0.11010865 -0.7424268 0.6608165
0.011681305 0.0025209505 -0.0313757 0.048129857 -0.7098632 0.70269334
0.010718715 0.002927627 -0.030930007 -0.00040659856 -0.6929236 0.721011
0.010718715 0.002927627 -0.030930007 0.03270762 -0.70212466 0.7113024
0.010966713 0.0034209867 -0.030454416 0.04266316 -0.54191375 0.8393506
0.010966713 0.0034209867 -0.030454416 0.1294527 -0.5597652 0.81847733
0.009542056 0.0030688734 -0.03079232 -0.019758837 -0.6889608 0.72452927
0.00962399 0.0036332046 -0.030252531 -0.004235828 -0.5398633 0.84174216
0.008387217 0.0030612315 -0.030859914 -0.058311127 -0.68586284 0.7253909
0.008251325 0.0036239307 -0.030338677 -0.091875605 -0.537982 0.8379345
0.007288409 0.0028554392 -0.031174587 -0.0989361 -0.69167066 0.71540445
0.006951066 0.0033856144 -0.03070686 -0.17896321 -0.5541737 0.8129352
0.006333689 0.0024720188 -0.031705964 -0.13641931 -0.6991641 0.7018258
0.0058215675 0.0029358345 -0.03134293 -0.25315675 -0.58122563 0.7733618
0.005591333 0.0019395784 -0.032414563 -0.16161361 -0.71671873 0.6783769
0.0049433494 0.002306359 -0.032184076 -0.3075242 -0.6227491 0.719453
0.005112859 0.001296286 -0.033249654 -0.1694833 -0.7460642 0.6439437
0.0043752086 0.0015357882 -0.033166144 -0.34557578 -0.67197514 0.6550013
0.0049416977 0.000590296 -0.03414838 -0.17475314 -0.76916695 0.6146898
0.0041637113 0.0007017059 -0.034231618 -0.36316147 -0.72561044 0.5844683
0.0050806943 -0.00012295414 -0.035040688 -0.16444184 -0.79478514 0.5841878
0.0043276846 -0.00015004817 -0.035288483 -0.3489873 -0.78360754 0.5139719
0.005526271 -0.00079674553 -0.035867825 -0.1533867 -0.8180456 0.55432284
0.004854864 -0.000947671 -0.036274217 -0.31393266 -0.8374845 0.44728732
0.0062410324 -0.0013787393 -0.03656571 -0.13478938 -0.83955014 0.52629584
0.0057005254 -0.0016375724 -0.037115294 -0.25928304 -0.8833682 0.39042658
0.007175059 -0.0018264716 -0.037083294 -0.10515183 -0.8564299 0.5054413
0.0068087443 -0.002166213 -0.0377359 -0.18881303 -0.9187353 0.34680682
0.008262105 -0.0021045431 -0.037379295 -0.06573431 -0.8645034 0.49831015
0.008100908 -0.0024953415 -0.03808081 -0.10577574 -0.93991804 0.3246007
0.009415061 -0.0021928633 -0.037432764 -0.024490923 -0.8637614 0.5033054
0.009470673 -0.0026012482 -0.03813234 -0.013698574 -0.9450721 0.32657477
0.01055346 -0.0020832033 -0.037237328 0.012384115 -0.8576539 0.5140781
0.010819837 -0.0024737334 -0.037896328 0.07539133 -0.9362378 0.34318346
0.011582152 -0.0017880104 -0.036813483 0.045267873 -0.84653145 0.5304105
0.0120481085 -0.0021246113 -0.037389472 0.15886879 -0.9127576 0.37634352
0.012442699 -0.0013271752 -0.03618921 0.075307354 -0.8327536 0.5484982
0.0130671505 -0.0015780102 -0.03665471 0.22816823 -0.87859684 0.41953158
0.013050713 -0.0007347544 -0.035411753 0.09872721 -0.8141835 0.5721523
0.013794291 -0.00086927786 -0.03573081 0.27339968 -0.8292232 0.48748487
0.013381377 -5.205581e-05 -0.034534406 0.11240138 -0.7913201 0.6009812
0.014175947 -5.794689e-05 -0.034690067 0.3001721 -0.7763423 0.55424666
0.013394329 0.000668671 -0.033625048 0.1166263 -0.7656581 0.6325867
0.014190387 0.0007952377 -0.03361754 0.29983056 -0.7209372 0.62478095
0.015238607 0.0012972844 -0.033852153 0.73938966 -0.4644325 0.4874478
0.0152148865 0.00027070893 -0.035147022 0.7389035 -0.5908927 0.3238324
0.015684586 0.002157824 -0.03446335 0.9883073 0.0022247597 0.15245897
0.015644025 0.0010481179 -0.035852954 0.98389983 -0.16878124 -0.058771554
0.015444344 0.0030158204 -0.035191655 0.8552562 0.46027303 -0.23808698
0.015427019 0.0019605383 -0.03651483 0.85873306 0.31144142 -0.40691736
0.014604391 0.0034844475 -0.035703026 0.4331829 0.73576754 -0.5205752
0.014607414 0.0025897636 -0.036846325 0.43617508 0.66929835 -0.6014908
0.0142181525 0.001716285 -0.0379677 0.41034004 0.5949541 -0.6911227
0.013444169 0.00095153414 -0.038953863 0.35753858 0.52916044 -0.76951635
0.014948758 0.0009525423 -0.037793394 0.7969055 0.17199455 -0.5791023
0.014072953 3.3638906e-05 -0.03892066 0.6725713 0.043304753 -0.7387642
0.015153167 8.942094e-06 -0.037170652 0.9126096 -0.3229085 -0.25074652
0.014257635 -0.00095134694 -0.038371637 0.7639366 -0.47628 -0.43538275
0.014752665 -0.0007114825 -0.036398463 0.68004125 -0.7135301 0.16857761
0.013901473 -0.0015414399 -0.03755229 0.5675321 -0.82277876 0.030698778
0.012647854 -0.0022191303 -0.038402945 0.40402076 -0.9111887 -0.08063771
0.011166376 -0.0026414227 -0.038991954 0.22292516 -0.96225524 -0.15610646
0.012906676 -0.0016266205 -0.039320193 0.5488165 -0.5862138 -0.59594786
0.011330894 -0.0020651328 -0.039963238 0.31389704 -0.653428 -0.68884
0.01280541 -0.0006069881 -0.039845765 0.5000778 -0.05185673 -0.86442643
0.0112853 -0.001030799 -0.040471934 0.2895332 -0.11175234 -0.9506219
0.012362154 0.00036805635 -0.0397509 0.2688371 0.487186 -0.83088905
0.011042546 -3.7006103e-06 -0.040290333 0.1594939 0.4611029 -0.8728951
0.009598105 -0.00014813105 -0.040527485 0.045556024 0.44595897 -0.89389324
0.008136184 -5.094288e-05 -0.04045435 -0.06674236 0.44675514 -0.8921632
0.009620232 -0.0011970773 -0.040750626 0.060614754 -0.13554576 -0.9889152
0.007931648 -0.0010753111 -0.04067284 -0.17375895 -0.11577719 -0.97795886
0.009602127 -0.002227955 -0.040248897 0.05052058 -0.67874056 -0.7326384
0.007841571 -0.0020889924 -0.04017467 -0.2212669 -0.65491986 -0.7225793
0.009547691 -0.0027965927 -0.039274134 0.019851057 -0.98065567 -0.1947316
0.007902077 -0.002662994 -0.039218448 -0.18599167 -0.9637403 -0.19134195
0.00634218 -0.0022705626 -0.038806465 -0.38456008 -0.9114687 -0.14607695
0.0050010085 -0.0016348977 -0.0380622 -0.55254245 -0.831952 -0.050525364
0.006196279 -0.0016598012 -0.039712407 -0.47451472 -0.58573276 -0.6570791
0.004766904 -0.0009778091 -0.038948216 -0.6882061 -0.47955775 -0.54442334
0.00634788 -0.0006479295 -0.040237375 -0.3893332 -0.057390872 -0.91930735
0.0049954513 2.6659109e-05 -0.039489493 -0.5713343 0.042367246 -0.8196231
0.006764085 0.00031048292 -0.040081628 -0.1694202 0.4759884 -0.8629786
0.0055715623 0.0008933614 -0.039435573 -0.25911084 0.52750474 -0.80907375
0.004670251 0.0016452698 -0.038551036 -0.32442653 0.59181327 -0.7379055
0.004098734 0.002495131 -0.03750474 -0.3677746 0.6602918 -0.6547951
0.0039468957 0.00087078847 -0.03847023 -0.7138228 0.1622929 -0.68126214
0.0032837703 0.0018566032 -0.037269913 -0.8038368 0.29448512 -0.5168413
0.0036536548 -9.391783e-05 -0.037906885 -0.85903674 -0.33805436 -0.3844154
0.0029758122 0.00092992233 -0.03663609 -0.9646625 -0.18525514 -0.18736793
0.0039752442 -0.00080195116 -0.03706485 -0.677936 -0.7307727 0.07983819
0.0033314363 0.00016092788 -0.03588123 -0.7611274 -0.60588944 0.23147985
0.0031322776 0.001192179 -0.03460136 -0.78011876 -0.48367438 0.39682966
0.0034018068 0.002182718 -0.03330139 -0.7458005 -0.35754883 0.56208575
0.0027303807 0.0020272643 -0.03525219 -0.9993517 -0.014519054 0.03294638
0.0030331179 0.0031050118 -0.03387446 -0.95559776 0.154689 0.25080755
0.0030664662 0.0028863722 -0.035943612 -0.8330058 0.44319022 -0.33118525
0.0033268088 0.003927839 -0.034635678 -0.80175513 0.5789534 -0.14832984
0.0039244844 0.00339759 -0.036366515 -0.38574097 0.7273475 -0.5675998
0.0041439603 0.0042916136 -0.035225987 -0.3666438 0.79732955 -0.47941405
0.004500293 0.0034320946 -0.03640925 0.46228564 0.6912573 -0.55538756
0.004500293 0.0034320946 -0.03640925 -0.09294955 0.7813177 -0.61717343
0.004750628 0.005102809 -0.034153603 -0.32245836 0.86100113 -0.3933162
0.0040229755 0.0048673316 -0.03341016 -0.70694685 0.70702064 0.018649824
0.0050954474 0.005637638 -0.032345142 -0.56010675 0.81155807 0.16629483
0.0037657504 0.004080776 -0.032618463 -0.84690124 0.29830527 0.4401957
0.004892968 0.004905455 -0.031520788 -0.6725212 0.4182937 0.6105289
0.0040836944 0.003097803 -0.03210519 -0.6624065 -0.2393722 0.70987225
0.0051445 0.003869192 -0.031103022 -0.5320896 -0.14484209 0.83420706
0.0065123565 0.004399474 -0.03034012 -0.35946515 -0.077344865 0.92994756
0.00807089 0.004690259 -0.029898522 -0.16582103 -0.04289121 0.98522276
0.0063573457 0.005470078 -0.030715413 -0.44687474 0.50525624 0.73825413
0.008026933 0.0057897656 -0.030232059 -0.1942874 0.5514811 0.81124663
0.0065027704 0.0062071984 -0.031578984 -0.36848077 0.88832176 0.27405566
0.008108318 0.006506053 -0.031115856 -0.14648025 0.92983425 0.3375677
0.009798284 0.0065198047 -0.031026063 0.08719252 0.9339871 0.346505
0.011444526 0.0062584183 -0.031278048 0.1983725 0.91783255 0.3438485
0.011444526 0.0062584183 -0.031278048 0.4219703 0.8629143 0.27806437
0.009744573 0.0065402067 -0.032099575 0.060548503 0.96984714 -0.2360731
0.009784634 0.0058001573 -0.030111812 0.07860562 0.55613303 0.8273676
0.011512244 0.0055240705 -0.030383838 0.2135054 0.5424854 0.8124809
0.011512244 0.0055240705 -0.030383838 0.47170138 0.478358 0.7407236
0.009721813 0.00470357 -0.029791791 0.03973606 -0.044573296 0.99821556
0.011335861 0.0044548856 -0.030042779 0.14767447 -0.04650495 0.98794216
0.011335861 0.0044548856 -0.030042779 0.3431852 -0.09427341 0.93452466
0.008266506 0.00038105482 -0.040066905 0.12267535 0.9665353 -0.2253005
0.008266506 0.00038105482 -0.040066905 -0.00404987 0.66947556 -0.74282306
0.016948674 -0.0031767515 -0.026520818 0.8159613 0.5775751 0.02478052
0.013222917 -0.0006670859 -0.023509646 0.44326392 0.82488793 0.35082343
0.007906137 4.919409e-05 -0.02282733 -0.105854064 0.89429927 0.43476886
0.003029129 -0.0013015284 -0.024734499 -0.6130588 0.7536799 0.23690818
0.00045477913 -0.0042033056 -0.028502686 -0.87295485 0.4598088 -0.16286716
0.0011663644 -0.007547757 -0.032692555 -0.7877579 0.13241085 -0.60158527
0.0048921183 -0.010057433 -0.035703737 -0.14843108 -0.17451733 -0.97340226
0.0048921183 -0.010057433 -0.035703737 -0.63587326 -0.018227194 -0.77157813
0.0102089 -0.010773713 -0.036386054 0.12945685 -0.16026413 -0.97854805
0.015085893 -0.009422999 -0.03447889 0.613541 -0.025725173 -0.7892437
0.017660253 -0.006521221 -0.030710708 0.8762731 0.25327897 -0.4098721
0.016142942 -0.001980103 -0.027881205 0.7506552 0.657423 -0.065663
0.012802917 0.00026975572 -0.02518176 0.40382066 0.8869749 0.22406366
0.008036545 0.0009118803 -0.024570085 -0.09594148 0.95113635 0.2934875
0.0036644433 -0.00029900263 -0.026279818 -0.5552489 0.8238251 0.11406476
0.0013565929 -0.0029003778 -0.029657897 -0.7954506 0.5545168 -0.24447776
0.0019945144 -0.0058985925 -0.033414006 -0.7250969 0.24821793 -0.6423569
0.0053345533 -0.00814846 -0.036113456 -0.13415954 -0.05322595 -0.9895294
0.0053345533 -0.00814846 -0.036113456 -0.5860822 0.09534009 -0.8046229
0.010100922 -0.0087905675 -0.036725134 0.12016754 -0.038342062 -0.992013
0.014473022 -0.007579696 -0.035015404 0.57274395 0.08720169 -0.8150829
0.016780872 -0.0049783294 -0.031637333 0.81376594 0.35208884 -0.46240506
0.0146371005 -0.0010615648 -0.029555848 0.59200984 0.7644261 -0.25529787
0.012029043 0.00069524464 -0.027447978 0.32058936 0.946368 -0.040127728
0.008307225 0.0011966429 -0.026970353 -0.063052505 0.9979792 0.007872965
0.0048932675 0.00025112717 -0.0283054 -0.4152727 0.9005718 -0.12852627
0.0030911788 -0.0017801581 -0.03094317 -0.6039335 0.6899864 -0.3989776
0.003589306 -0.0041213166 -0.03387613 -0.55564654 0.4446819 -0.70250607
0.0061973804 -0.005878112 -0.035984002 -0.10020104 0.18710268 -0.97721666
0.0061973804 -0.005878112 -0.035984002 -0.45688725 0.31832603 -0.8306158
0.009919189 -0.00637952 -0.03646163 0.104206264 0.20465387 -0.9732717
0.013333159 -0.005434001 -0.035126586 0.46136996 0.30496877 -0.83314574
0.015135239 -0.0034027188 -0.032488815 0.6470686 0.5195564 -0.5579994
0.013036399 -0.0006621685 -0.030948509 0.43004423 0.81169045 -0.3952476
0.011201636 0.0005737408 -0.029465627 0.23394789 0.9398323 -0.24896507
0.008583341 0.0009264762 -0.029129623 -0.034440346 0.9754373 -0.21756865
0.0061816406 0.0002613007 -0.030068818 -0.28212842 0.90790516 -0.31001872
0.0049138647 -0.0011676953 -0.031924486 -0.4220828 0.75841415 -0.4966428
0.0052642995 -0.002814691 -0.033987828 -0.39664274 0.5772609 -0.7137538
0.0070990697 -0.004050608 -0.035470698 -0.068271026 0.37422046 -0.9248234
0.0070990697 -0.004050608 -0.035470698 -0.33113363 0.4818253 -0.8112921
0.009717366 -0.004403329 -0.03580671 0.085959494 0.39096916 -0.91638106
0.0121190725 -0.0037381765 -0.034867503 0.34983608 0.46948534 -0.81067765
0.013386843 -0.002309166 -0.033011846 0.4785173 0.6328378 -0.60871786
0.012156696 -0.0006840909 -0.031609684 0.90652835 0.25443763 0.3368497
0.012156696 -0.0006840909 -0.031609684 0.33318964 0.81712747 -0.47041187
0.010744778 0.00026697014 -0.030468572 0.48103392 0.5233659 0.70334524
0.010744778 0.00026697014 -0.030468572 0.18265715 0.9138239 -0.36271504
0.008729947 0.00053840945 -0.030209996 -0.018195322 0.94018465 -0.34017912
0.008729947 0.00053840945 -0.030209996 -0.13267322 0.5995506 0.7892635
0.006881765 2.6541296e-05 -0.030932747 -0.20459409 0.88993216 -0.40762982
0.006881765 2.6541296e-05 -0.030932747 -0.69424164 0.45236248 0.5598183
0.005906192 -0.0010731078 -0.032360718 -0.31430194 0.7761109 -0.5466866
0.005906192 -0.0010731078 -0.032360718 -0.9843657 0.14044484 0.10629849
0.0061758654 -0.0023405196 -0.033948503 -0.29913408 0.6341884 -0.71296835
0.0061758654 -0.0023405196 -0.033948503 -0.89463073 -0.21321985 -0.39264888
0.007587752 -0.0032915766 -0.035089623 -0.049127024 0.47322512 -0.8795706
0.007587752 -0.0032915766 -0.035089623 -0.2578998 0.5609752 -0.786635
0.007587752 -0.0032915766 -0.035089623 -0.17818259 -0.5374812 -0.824236
0.007587752 -0.0032915766 -0.035089623 -0.72102016 -0.3600414 -0.59203047
0.009602593 -0.0035630115 -0.035348184 0.1328821 -0.54569304 -0.8273823
0.009602593 -0.0035630115 -0.035348184 0.07367663 0.48542264 -0.87116975
0.01145077 -0.0030511483 -0.03462545 0.68391234 -0.4046221 -0.607079
0.01145077 -0.0030511483 -0.03462545 0.27818447 0.54843205 -0.7885655
0.012426347 -0.001951505 -0.033197477 0.98123926 -0.10053086 -0.16450816
0.012426347 -0.001951505 -0.033197477 0.3747213 0.67822415 -0.6321361
0.012131094 0.001639572 -0.033295967 0.8974733 0.26548907 0.35221753
0.010759613 0.0025634146 -0.032187518 0.47018984 0.52692467 0.7080057
0.008802457 0.002827082 -0.031936362 -0.13165492 0.59961104 0.7893882
0.0070071938 0.0023298594 -0.0326384 -0.6841159 0.45775458 0.5678435
0.0060595437 0.0012616948 -0.034025513 -0.98050535 0.15263346 0.1237431
0.006321471 3.0556694e-05 -0.03556785 -0.9037311 -0.2022046 -0.3773372
0.0076929727 -0.0008932641 -0.036676295 -0.17818548 -0.53747946 -0.8242366
0.0076929727 -0.0008932641 -0.036676295 -0.7210139 -0.36005145 -0.5920321
0.009650127 -0.001156935 -0.036927458 0.13388719 -0.5456312 -0.8272611
0.011445383 -0.000659721 -0.036225412 0.6939976 -0.39927408 -0.5991223
0.01239305 0.00040845992 -0.034838304 0.9851631 -0.08838348 -0.14711271
0.0060119187 0.0026254377 -0.031675126 -0.036235824 -0.7765248 0.62904394
0.004741635 0.001107607 -0.033642992 -0.040752113 -0.78145194 0.6226334
0.0070027756 0.0019464153 -0.032456283 -0.036277544 -0.77655685 0.6290019
0.0085968785 0.0033572875 -0.030644171 -0.02784653 -0.77419204 0.632338
0.0087882085 0.0024506045 -0.031745836 -0.027853167 -0.7741962 0.63233256
0.011403883 0.0029791181 -0.031004421 -0.01878299 -0.7753926 0.63120013
0.010725798 0.0021883785 -0.031995982 -0.018736832 -0.77541393 0.6311751
0.013360654 0.0016491814 -0.032600854 -0.012356599 -0.77969134 0.6260421
0.012075353 0.001269456 -0.033099156 -0.012305553 -0.77977115 0.6259436
0.013675743 -8.955086e-05 -0.034781385 -0.010973141 -0.78542984 0.6188536
0.012291066 6.897701e-05 -0.03460475 -0.011006536 -0.78553534 0.61871886
0.012329872 -0.0015781177 -0.036715463 -0.015321689 -0.7904715 0.61230713
0.011364465 -0.0009557945 -0.035936218 -0.015386185 -0.7905122 0.6122531
0.009833989 -0.0022619395 -0.03768212 -0.0238153 -0.79289776 0.60888916
0.009642067 -0.0014288295 -0.03660474 -0.023868777 -0.79290646 0.60887563
0.0070487643 -0.0018876707 -0.03732589 -0.033195436 -0.79163665 0.61008984
0.005136417 -0.0006159665 -0.035801083 -0.03961933 -0.7871975 0.615427
0.0077188923 -0.0011714813 -0.03636011 -0.03309104 -0.7916762 0.61004394
0.0063974466 -0.0002942076 -0.035308335 -0.039560433 -0.7872715 0.61533606
0.006124183 0.00089906994 -0.033814233 -0.04077308 -0.7815395 0.622522
-0.02371478 -0.02945299 -0.021257836 -0.63193023 -0.6577565 -0.40990314
-0.01991834 -0.02999496 -0.023168765 -0.38559312 -0.71149486 -0.5874461
-0.021722864 -0.032230742 -0.019617412 -0.52534115 -0.6904829 -0.49724236
-0.024899485 -0.026433015 -0.024151674 -0.69010264 -0.62301445 -0.36825448
-0.024082398 -0.029142343 -0.020769965 -0.8814472 -0.4707579 -0.03791942
-0.024219029 -0.02861534 -0.02025477 -0.9253548 -0.21689524 0.31092602
-0.022038046 -0.0322787 -0.018960945 -0.7288602 -0.67067325 -0.13769642
-0.025206346 -0.026026487 -0.0238186 -0.9471796 -0.3096161 -0.08359772
-0.02528964 -0.02544941 -0.023443647 -0.9901748 -0.042271316 0.1332931
-0.025176305 -0.023977157 -0.027413676 -0.9172758 -0.314296 -0.244588
-0.025304954 -0.02342493 -0.027170455 -0.9946811 0.012634795 -0.102224946
-0.024345089 -0.02281823 -0.031015765 -0.8586093 -0.34054604 -0.38316905
-0.024852425 -0.02438911 -0.027595859 -0.64698243 -0.6599262 -0.3819833
-0.02074145 -0.026033469 -0.028328335 -0.37982556 -0.8121288 -0.44292125
-0.02402932 -0.023249935 -0.031032033 -0.60273045 -0.6985237 -0.38572082
-0.020464731 -0.024821876 -0.031089358 -0.3620318 -0.85587996 -0.36932713
-0.02216736 -0.022716437 -0.03494253 -0.5704137 -0.69904304 -0.43123898
-0.019933423 -0.02415997 -0.033322334 -0.34086308 -0.88382465 -0.32041594
-0.018704595 -0.023095964 -0.038299687 -0.40999058 -0.78117853 -0.47081596
-0.022381062 -0.022320839 -0.035045497 -0.7740777 -0.30256918 -0.55610746
-0.022459503 -0.02181 -0.035036076 -0.816379 0.061527174 -0.5742298
-0.018854795 -0.02273646 -0.03856766 -0.5353323 -0.45189202 -0.71359146
-0.018901436 -0.022253267 -0.038699895 -0.5657811 -0.02713231 -0.824109
-0.013308041 -0.02371252 -0.040757038 -0.20756818 -0.6092154 -0.7653574
-0.013287945 -0.023191722 -0.041020624 -0.17452626 -0.13047361 -0.9759699
-0.006963705 -0.024551108 -0.04031357 0.14693372 -0.6667465 -0.73065704
-0.013273416 -0.024069792 -0.040297862 -0.19262199 -0.8662918 -0.4609069
-0.012684386 -0.025381232 -0.0361642 -0.14684257 -0.939634 -0.30907148
-0.0071031745 -0.024812885 -0.03995301 0.03959011 -0.90194356 -0.43003547
-0.007815555 -0.025701398 -0.036142632 -0.0092540495 -0.9611854 -0.27574787
-0.0021224828 -0.025222193 -0.03695844 0.19187695 -0.92842233 -0.31814334
-0.0040059295 -0.025823008 -0.035106637 0.08917455 -0.95933944 -0.267798
0.0011349628 -0.025537424 -0.03307981 0.34149718 -0.8796504 -0.33105102
-0.001799583 -0.024979975 -0.037276123 0.39291126 -0.7562701 -0.52314067
-0.0015531764 -0.024581518 -0.037491858 0.5848704 -0.37463155 -0.7194287
0.0016049028 -0.025198407 -0.033196405 0.6045864 -0.65995216 -0.4460251
0.001952186 -0.024674866 -0.033267707 0.787844 -0.33727834 -0.5153108
0.0034297546 -0.025784941 -0.029130865 0.74241185 -0.5664419 -0.35772663
0.0037738574 -0.025276903 -0.028952044 0.8948651 -0.313661 -0.31754243
0.0039613647 -0.027262826 -0.02489835 0.8188767 -0.52806145 -0.22492686
0.0029696939 -0.026127474 -0.029244479 0.459668 -0.8108107 -0.36234143
-0.0021459383 -0.027433401 -0.02957857 0.2214858 -0.89234895 -0.39326495
0.0034896312 -0.027681645 -0.025085587 0.54059255 -0.7479991 -0.3850417
-0.0019026115 -0.028922379 -0.02645539 0.2612178 -0.8334065 -0.4870307
0.0023332334 -0.030193549 -0.022014223 0.48562738 -0.7448511 -0.4575619
-0.0024450016 -0.030845053 -0.02386169 0.2676757 -0.763665 -0.58750784
-0.00022241066 -0.03318451 -0.020104215 0.4377704 -0.73283535 -0.5208736
0.00273483 -0.030037697 -0.021657255 0.7200298 -0.66024446 -0.21362244
0.0030170975 -0.02973207 -0.021235567 0.8670319 -0.49129513 0.08297489
0.00020580424 -0.033105522 -0.019691665 0.6259478 -0.7513479 -0.20896354
0.0005189046 -0.032831516 -0.019232249 0.74350524 -0.63224405 0.21787044
-0.0027737739 -0.035571497 -0.018739121 0.5170059 -0.82941574 -0.21159972
-0.002587074 -0.035457153 -0.018102832 0.57809055 -0.7498657 0.32173395
-0.0065879463 -0.037645463 -0.018371021 0.2776561 -0.91760844 -0.2844324
-0.003042359 -0.035401788 -0.019346546 0.37546277 -0.7396201 -0.55856043
-0.004547511 -0.034246758 -0.021003019 0.22929727 -0.66172343 -0.7138241
-0.0068278317 -0.03729369 -0.019048993 0.1871841 -0.75699794 -0.626032
-0.0075605423 -0.035087034 -0.021081008 0.12008833 -0.6670851 -0.73523885
-0.011580758 -0.038105603 -0.018699404 -0.05900389 -0.78077734 -0.62201715
-0.011523534 -0.035392385 -0.021022195 -0.06882097 -0.67255515 -0.73684
-0.015317434 -0.037154425 -0.01849139 -0.31347767 -0.7382663 -0.59723914
-0.011707453 -0.038531568 -0.017946953 -0.054140545 -0.96548605 -0.25476566
-0.011790749 -0.03853972 -0.01715104 -0.03178245 -0.91312784 0.40643248
-0.015506601 -0.03752957 -0.017724423 -0.38554186 -0.89075047 -0.24066818
-0.015648503 -0.037483674 -0.016926639 -0.38000983 -0.8205747 0.42690715
-0.019298967 -0.035037965 -0.017864982 -0.62430966 -0.77640975 -0.08617141
-0.019352268 -0.034857266 -0.01710109 -0.6152369 -0.6236819 0.4821872
-0.019084284 -0.03487466 -0.018620804 -0.47866413 -0.7245893 -0.49583364
-0.0178069 -0.03373539 -0.02041889 -0.33968857 -0.66446435 -0.66565657
-0.015097091 -0.03478947 -0.020692702 -0.25827837 -0.66253316 -0.70309466
-0.018831821 -0.032111295 -0.021479014 -0.37011376 -0.67161065 -0.6418371
-0.015457684 -0.03282302 -0.022508899 -0.26496202 -0.7026729 -0.6603376
-0.0116297025 -0.03331816 -0.023054093 -0.06997921 -0.726367 -0.68373525
-0.015992044 -0.030891344 -0.024459992 -0.28514713 -0.74317 -0.6053011
-0.011830365 -0.031463657 -0.02516414 -0.07929942 -0.7765671 -0.625024
-0.016397573 -0.029029883 -0.026743963 -0.29624662 -0.78785664 -0.53992563
-0.016543569 -0.027379598 -0.029319068 -0.29755557 -0.83420235 -0.46429205
-0.0119077135 -0.029765226 -0.027458534 -0.088879004 -0.82546514 -0.5574117
-0.020672612 -0.02778502 -0.025535155 -0.39105916 -0.75994235 -0.51919204
-0.0120029785 -0.02818617 -0.030017558 -0.100109994 -0.8719033 -0.47933558
-0.0070314207 -0.029650725 -0.027284317 0.11281999 -0.8380527 -0.53379714
-0.0071552373 -0.028109934 -0.030002559 0.074066974 -0.889416 -0.45105785
-0.00717786 -0.03138156 -0.024903793 0.13322784 -0.77750844 -0.6145982
-0.007444318 -0.03321136 -0.022868369 0.13369776 -0.7169022 -0.6842339
-0.0035305284 -0.032847654 -0.022004722 0.25301448 -0.70078486 -0.6669965
-0.0075127943 -0.026800528 -0.032930993 0.028155198 -0.9293669 -0.36808214
-0.012235712 -0.026737802 -0.03286264 -0.11547709 -0.9092321 -0.39995262
-0.0028565815 -0.026420325 -0.032607976 0.1611895 -0.93390316 -0.31912807
-0.01665857 -0.025954738 -0.03207325 -0.29394382 -0.8734934 -0.38808042
-0.01708677 -0.02465119 -0.034986358 -0.28771037 -0.9047873 -0.31397882
-0.022140674 -0.032098003 -0.018275533 -0.7964767 -0.47188842 0.3780822
-0.018595565 -0.029560508 -0.013398828 -0.55771786 -0.35879114 0.7484783
-0.021686615 -0.026926031 -0.01543819 -0.77828497 -0.19813104 0.59583277
-0.01468255 -0.031910326 -0.012600776 -0.28188503 -0.4895644 0.8251471
-0.017494163 -0.024550388 -0.0107134245 -0.43061203 -0.87695205 -0.21337378
-0.017494163 -0.024550388 -0.0107134245 -0.5569873 -0.29485863 0.7764172
-0.020825144 -0.022195876 -0.013285313 -0.55850863 -0.82310635 -0.10278187
-0.020825144 -0.022195876 -0.013285313 -0.7815518 -0.14248726 0.60735023
-0.013560969 -0.026403002 -0.009665273 -0.25354773 -0.40782717 0.8771491
-0.013560969 -0.026403002 -0.009665273 -0.29932943 -0.9243642 -0.23654309
-0.017791038 -0.024628915 -0.009836465 -0.4173689 -0.88119453 -0.22203465
-0.021533681 -0.021814242 -0.012508532 -0.55696315 -0.8221388 -0.11781262
-0.013585366 -0.026604217 -0.0088539785 -0.28380528 -0.9297171 -0.2346927
-0.0095489565 -0.027451776 -0.0089067 -0.12731162 -0.97374684 -0.18870297
-0.0047477284 -0.027519468 -0.009642586 0.040255178 -0.98314077 -0.17836428
-0.009601081 -0.027279781 -0.009748274 0.038960546 -0.45792782 0.8881353
-0.009601081 -0.027279781 -0.009748274 -0.12829079 -0.97246885 -0.19453992
-0.010612214 -0.03295794 -0.012595932 0.019003997 -0.55624706 0.8307997
-0.0048981113 -0.027360015 -0.01057479 0.28139934 -0.48719656 0.8267128
-0.0048981113 -0.027360015 -0.01057479 0.053898927 -0.98242456 -0.17870905
-0.0054261587 -0.03251406 -0.013345854 0.30439472 -0.56329423 0.7681429
-0.0009884192 -0.026540196 -0.011992307 0.5214253 -0.48908702 0.6992208
-0.0009884192 -0.026540196 -0.011992307 0.13831107 -0.9595756 -0.24512164
-0.0015447894 -0.030959286 -0.014587409 0.5500441 -0.52673084 0.6480789
0.002038307 -0.02543142 -0.014134836 0.72423595 -0.4595357 0.5141103
0.002038307 -0.02543142 -0.014134836 0.31235704 -0.941056 -0.12979499
-0.0006029096 -0.026699025 -0.011165719 0.1467568 -0.9607989 -0.23521857
0.0026405822 -0.025328824 -0.013327494 0.3217927 -0.93915576 -0.12014992
0.0053402847 -0.023903504 -0.017022002 0.32818282 -0.93775976 -0.113589935
0.0044749975 -0.024160393 -0.017400324 0.86416066 -0.42463854 0.27001554
0.0044749975 -0.024160393 -0.017400324 0.32789376 -0.93778455 -0.11421818
0.0064600757 -0.022808526 -0.023155099 0.32305804 -0.9406775 -0.10372707
0.005530241 -0.023133688 -0.023150932 0.9233721 -0.38337782 -0.020133194
0.005530241 -0.023133688 -0.023150932 0.3277533 -0.9388465 -0.10556919
0.005522755 -0.022633877 -0.02850043 0.24713702 -0.9659584 -0.07646922
0.004720486 -0.02287282 -0.028094534 0.90498775 -0.3440707 -0.25022525
0.004720486 -0.02287282 -0.028094534 0.2529824 -0.9642796 -0.07851638
0.0032237177 -0.022815127 -0.03383541 0.20274797 -0.97469586 -0.09413429
-0.00034676283 -0.022866223 -0.03894772 0.1218263 -0.96920043 -0.2140302
0.0024476938 -0.023047846 -0.033077855 0.83662605 -0.23925088 -0.49276352
0.0024476938 -0.023047846 -0.033077855 0.2091333 -0.9740295 -0.08677444
0.0021868409 -0.023807514 -0.033149857 0.83296025 -0.19774227 -0.51679325
-0.0013499714 -0.023246266 -0.037546623 0.6308497 -0.14903627 -0.761457
-0.0013499714 -0.023246266 -0.037546623 0.12523142 -0.9767318 -0.17410378
-0.0014407311 -0.023868408 -0.03749658 0.63476545 -0.12869692 -0.7619121
-0.0066527976 -0.02285865 -0.040429443 0.28462338 0.027199067 -0.9582535
-0.0066527976 -0.02285865 -0.040429443 -0.022513548 -0.8890569 -0.4572428
-0.006734689 -0.023463953 -0.040469 0.28904697 0.032035876 -0.95677876
-0.013019672 -0.021649787 -0.040774252 -0.1345691 0.17486702 -0.9753526
-0.013019672 -0.021649787 -0.040774252 -0.273832 -0.76621616 -0.5813166
-0.0057758885 -0.021666456 -0.04268591 -0.028285174 -0.8705149 -0.49132854
-0.012911968 -0.019726072 -0.04329007 -0.26330408 -0.7680412 -0.5837667
-0.018879322 -0.018866207 -0.040818542 -0.428415 -0.77507406 -0.46445736
-0.018458622 -0.02047442 -0.03862166 -0.49730465 -0.7365584 -0.45844266
-0.018458622 -0.02047442 -0.03862166 -0.5364677 0.1409016 -0.83207524
-0.023263287 -0.01842515 -0.035822015 -0.5255295 -0.81773216 -0.23480418
-0.022151483 -0.019490527 -0.03461664 -0.56376773 -0.79592985 -0.22059363
-0.022151483 -0.019490527 -0.03461664 -0.8222343 0.19394067 -0.5350868
-0.024900246 -0.017913366 -0.030674132 -0.61323845 -0.78651303 -0.07304675
-0.023957051 -0.01867497 -0.03030661 -0.61230147 -0.7874803 -0.0704404
-0.023957051 -0.01867497 -0.03030661 -0.95107174 0.1729537 -0.25602692
-0.02536061 -0.017659955 -0.024730742 -0.68417645 -0.7291569 -0.01526074
-0.024586717 -0.018380933 -0.02499561 -0.68060756 -0.7324411 -0.017421462
-0.024586717 -0.018380933 -0.02499561 -0.9896109 0.1432478 0.012262526
-0.024951685 -0.018108983 -0.020260617 -0.6769323 -0.73557436 -0.026327372
-0.024150895 -0.018847879 -0.020728532 -0.6837653 -0.7294866 -0.017729307
-0.024150895 -0.018847879 -0.020728532 -0.97117317 0.08186175 0.22387779
-0.023624891 -0.019745803 -0.015801694 -0.5909562 -0.7979268 -0.11867432
-0.022845035 -0.020229714 -0.016448602 -0.5991176 -0.79298306 -0.11061665
-0.022845035 -0.020229714 -0.016448602 -0.90938497 -0.013807318 0.4157263
-0.02361938 -0.024306739 -0.018225092 -0.91233903 -0.04328053 0.4071416
-0.02472937 -0.022106797 -0.022046298 -0.97621095 0.07669116 0.2028071
-0.024919657 -0.02077315 -0.02600866 -0.9880251 0.15193413 -0.026875388
-0.024177087 -0.020387061 -0.03059852 -0.9412389 0.18754053 -0.28088766
-0.024470048 -0.02224459 -0.030963432 -0.944598 0.031251896 -0.3267385
-0.022283394 -0.020656452 -0.03483472 -0.80050635 0.2081831 -0.5620049
-0.018653063 -0.021317111 -0.03863649 -0.5316879 0.16963935 -0.82977736
-0.013170376 -0.022388572 -0.040890075 -0.13535348 0.17670794 -0.97491217
-0.00682318 -0.024143802 -0.040525064 0.2598755 -0.24103434 -0.935076
0.004201413 -0.02395989 -0.028473355 0.9199734 -0.26762068 -0.2864056
0.004850154 -0.02475635 -0.023857772 0.94842356 -0.31308013 -0.04973696
0.0038017477 -0.02672697 -0.01916336 0.8976506 -0.37711638 0.22804967
0.0042947517 -0.02664879 -0.024664048 0.9382757 -0.33179152 -0.09773985
0.0014922398 -0.028947182 -0.01635831 0.749743 -0.4625868 0.47317964
-0.006358747 -0.03761975 -0.017652258 0.34146625 -0.8759406 0.3407771
3 1 6 3
3 1 3 0
3 0 2 79
3 0 79 1
3 4 2 0
3 4 0 3
3 3 5 63
3 3 63 4
3 3 6 8
3 3 8 5
3 1 78 7
3 1 7 6
3 8 6 7
3 8 7 9
3 10 12 5
3 10 5 8
3 9 13 10
3 9 10 8
3 11 10 13
3 11 13 14
3 12 10 11
3 12 11 62
3 15 17 14
3 15 14 13
3 16 15 13
3 16 13 9
3 16 20 18
3 16 18 15
3 15 18 19
3 15 19 17
3 22 21 20
3 22 20 16
3 24 23 21
3 24 21 22
3 26 25 23
3 26 23 24
3 28 27 25
3 28 25 26
3 30 29 27
3 30 27 28
3 32 31 29
3 32 29 30
3 34 33 31
3 34 31 32
3 36 35 33
3 36 33 34
3 38 37 35
3 38 35 36
3 40 39 37
3 40 37 38
3 42 41 39
3 42 39 40
3 44 43 41
3 44 41 42
3 46 45 43
3 46 43 44
3 17 19 45
3 17 45 46
3 47 46 44
3 47 44 49
3 14 17 46
3 14 46 47
3 50 48 47
3 50 47 49
3 11 14 47
3 11 47 48
3 49 51 53
3 49 53 50
3 44 42 51
3 44 51 49
3 42 40 52
3 42 52 51
3 54 53 51
3 54 51 52
3 55 53 54
3 55 54 56
3 53 55 58
3 53 58 50
3 57 55 56
3 57 56 86
3 57 59 58
3 57 58 55
3 60 58 59
3 60 59 61
3 60 48 50
3 60 50 58
3 61 12 62
3 61 62 60
3 11 48 60
3 11 60 62
3 61 63 5
3 61 5 12
3 61 59 64
3 61 64 63
3 4 63 64
3 4 64 66
3 57 65 64
3 57 64 59
3 67 66 64
3 67 64 65
3 70 68 66
3 70 66 67
3 4 66 68
3 4 68 2
3 79 2 68
3 79 68 69
3 68 70 72
3 68 72 69
3 67 88 71
3 67 71 70
3 73 72 70
3 73 70 71
3 73 75 74
3 73 74 72
3 69 72 74
3 69 74 76
3 75 32 30
3 75 30 74
3 74 30 28
3 74 28 76
3 76 77 79
3 76 79 69
3 28 26 77
3 28 77 76
3 26 24 78
3 26 78 77
3 1 79 77
3 1 77 78
3 78 24 22
3 78 22 7
3 73 81 80
3 73 80 75
3 34 32 75
3 34 75 80
3 82 80 81
3 82 81 83
3 36 34 80
3 36 80 82
3 83 85 84
3 83 84 82
3 84 38 36
3 84 36 82
3 54 52 84
3 54 84 85
3 52 40 38
3 52 38 84
3 86 85 83
3 86 83 87
3 54 85 86
3 54 86 56
3 86 87 65
3 86 65 57
3 81 88 87
3 81 87 83
3 67 65 87
3 67 87 88
3 88 81 73
3 88 73 71
3 7 22 16
3 7 16 9
3 90 95 92
3 90 92 89
3 89 91 168
3 89 168 90
3 93 91 89
3 93 89 92
3 92 94 152
3 92 152 93
3 92 95 97
3 92 97 94
3 90 167 96
3 90 96 95
3 97 95 96
3 97 96 98
3 99 101 94
3 99 94 97
3 98 102 99
3 98 99 97
3 100 99 102
3 100 102 103
3 101 99 100
3 101 100 151
3 104 106 103
3 104 103 102
3 105 104 102
3 105 102 98
3 105 109 107
3 105 107 104
3 104 107 108
3 104 108 106
3 111 110 109
3 111 109 105
3 113 112 110
3 113 110 111
3 115 114 112
3 115 112 113
3 117 116 114
3 117 114 115
3 119 118 116
3 119 116 117
3 121 120 118
3 121 118 119
3 123 122 120
3 123 120 121
3 125 124 122
3 125 122 123
3 127 126 124
3 127 124 125
3 129 128 126
3 129 126 127
3 131 130 128
3 131 128 129
3 133 132 130
3 133 130 131
3 135 134 132
3 135 132 133
3 106 108 134
3 106 134 135
3 136 135 133
3 136 133 138
3 103 106 135
3 103 135 136
3 139 137 136
3 139 136 138
3 100 103 136
3 100 136 137
3 138 140 142
3 138 142 139
3 133 131 140
3 133 140 138
3 131 129 141
3 131 141 140
3 143 142 140
3 143 140 141
3 144 142 143
3 144 143 145
3 142 144 147
3 142 147 139
3 146 144 145
3 146 145 175
3 146 148 147
3 146 147 144
3 149 147 148
3 149 148 150
3 149 137 139
3 149 139 147
3 150 101 151
3 150 151 149
3 100 137 149
3 100 149 151
3 150 152 94
3 150 94 101
3 150 148 153
3 150 153 152
3 93 152 153
3 93 153 155
3 146 154 153
3 146 153 148
3 156 155 153
3 156 153 154
3 159 157 155
3 159 155 156
3 93 155 157
3 93 157 91
3 168 91 157
3 168 157 158
3 157 159 161
3 157 161 158
3 156 177 160
3 156 160 159
3 162 161 159
3 162 159 160
3 162 164 163
3 162 163 161
3 158 161 163
3 158 163 165
3 164 121 119
3 164 119 163
3 163 119 117
3 163 117 165
3 165 166 168
3 165 168 158
3 117 115 166
3 117 166 165
3 115 113 167
3 115 167 166
3 90 168 166
3 90 166 167
3 167 113 111
3 167 111 96
3 162 170 169
3 162 169 164
3 123 121 164
3 123 164 169
3 171 169 170
3 171 170 172
3 125 123 169
3 125 169 171
3 172 174 173
3 172 173 171
3 173 127 125
3 173 125 171
3 143 141 173
3 143 173 174
3 141 129 127
3 141 127 173
3 175 174 172
3 175 172 176
3 143 174 175
3 143 175 145
3 175 176 154
3 175 154 146
3 170 177 176
3 170 176 172
3 156 154 176
3 156 176 177
3 177 170 162
3 177 162 160
3 96 111 105
3 96 105 98
3 178 181 244
3 178 244 179
3 183 178 179
3 183 179 184
3 215 181 178
3 215 178 182
3 178 183 185
3 178 185 182
3 186 183 184
3 186 184 187
3 183 186 189
3 183 189 185
3 187 329 188
3 187 188 186
3 190 186 188
3 190 188 191
3 189 186 190
3 189 190 193
3 348 192 190
3 348 190 191
3 190 192 194
3 190 194 193
3 196 195 193
3 196 193 194
3 195 199 189
3 195 189 193
3 362 198 195
3 362 195 196
3 198 201 199
3 198 199 195
3 202 199 201
3 202 201 204
3 189 199 202
3 189 202 185
3 204 207 205
3 204 205 202
3 185 202 205
3 185 205 182
3 207 212 208
3 207 208 205
3 208 215 182
3 208 182 205
3 216 209 213
3 216 213 220
3 222 214 209
3 222 209 216
3 225 217 221
3 225 221 230
3 217 225 227
3 217 227 223
3 233 226 224
3 233 224 231
3 231 224 229
3 231 229 232
3 226 233 234
3 226 234 236
3 235 239 236
3 235 236 234
3 238 242 241
3 238 241 237
3 237 241 223
3 237 223 227
3 214 222 240
3 214 240 180
3 180 240 243
3 180 243 245
3 247 249 245
3 247 245 243
3 252 246 242
3 252 242 238
3 251 711 249
3 251 249 247
3 255 250 246
3 255 246 252
3 259 256 253
3 259 253 254
3 254 253 239
3 254 239 235
3 250 255 257
3 250 257 271
3 260 258 256
3 260 256 259
3 261 264 258
3 261 258 260
3 264 261 262
3 264 262 268
3 265 275 269
3 265 269 263
3 271 257 263
3 271 263 269
3 270 274 713
3 270 713 272
3 274 270 278
3 274 278 282
3 279 276 283
3 279 283 289
3 284 277 266
3 267 714 287
3 267 287 285
3 288 294 292
3 288 292 286
3 291 293 301
3 291 301 296
3 280 290 295
3 280 295 297
3 299 314 297
3 299 297 295
3 296 301 302
3 296 302 300
3 300 302 303
3 300 303 306
3 306 303 304
3 306 304 308
3 307 312 309
3 307 309 305
3 305 309 314
3 305 314 299
3 310 313 319
3 310 319 311
3 315 310 311
3 315 311 316
3 298 315 316
3 298 316 317
3 316 311 319
3 316 319 318
3 317 316 318
3 317 318 321
3 548 320 318
3 548 318 319
3 318 320 324
3 318 324 322
3 321 318 322
3 321 322 323
3 325 326 323
3 325 323 322
3 327 325 322
3 327 322 324
3 184 179 326
3 184 326 325
3 187 184 325
3 187 325 327
3 329 187 327
3 329 327 328
3 324 330 328
3 324 328 327
3 335 329 328
3 335 328 331
3 331 328 330
3 331 330 332
3 334 331 332
3 334 332 506
3 337 335 331
3 337 331 334
3 340 338 335
3 340 335 337
3 338 188 329
3 338 329 335
3 338 340 343
3 338 343 341
3 188 338 341
3 188 341 191
3 346 344 341
3 346 341 343
3 344 348 191
3 344 191 341
3 498 347 344
3 498 344 346
3 347 349 348
3 347 348 344
3 351 192 348
3 351 348 349
3 350 352 351
3 350 351 349
3 552 350 349
3 552 349 347
3 354 353 351
3 354 351 352
3 353 194 192
3 353 192 351
3 354 356 355
3 354 355 353
3 355 196 194
3 355 194 353
3 356 360 358
3 356 358 355
3 358 362 196
3 358 196 355
3 359 368 363
3 359 363 357
3 365 361 357
3 365 357 363
3 364 367 686
3 364 686 366
3 369 372 367
3 369 367 364
3 368 359 622
3 368 622 370
3 372 369 371
3 372 371 373
3 373 371 376
3 373 376 374
3 374 376 379
3 374 379 377
3 382 380 377
3 382 377 379
3 380 382 385
3 380 385 383
3 383 385 388
3 383 388 386
3 386 388 391
3 386 391 389
3 389 391 397
3 389 397 394
3 393 396 627
3 393 627 399
3 400 392 398
3 400 398 401
3 398 406 402
3 398 402 401
3 402 406 636
3 402 636 404
3 408 403 405
3 408 405 409
3 409 405 412
3 409 412 410
3 410 412 415
3 410 415 413
3 411 419 416
3 411 416 414
3 422 417 420
3 422 420 635
3 423 427 424
3 423 424 418
3 424 427 429
3 424 429 425
3 426 430 435
3 426 435 428
3 421 433 430
3 421 430 426
3 431 434 641
3 431 641 432
3 437 436 431
3 437 431 432
3 440 439 436
3 440 436 437
3 428 435 438
3 428 438 443
3 648 442 439
3 648 439 440
3 443 438 441
3 443 441 445
3 446 448 447
3 446 447 444
3 425 429 444
3 425 444 447
3 448 446 451
3 448 451 449
3 454 452 449
3 454 449 451
3 452 454 457
3 452 457 455
3 455 457 460
3 455 460 458
3 458 460 463
3 458 463 461
3 461 463 466
3 461 466 464
3 464 466 469
3 464 469 467
3 474 473 468
3 474 468 470
3 476 475 474
3 476 474 470
3 475 476 479
3 475 479 478
3 478 479 482
3 478 482 481
3 481 482 485
3 481 485 484
3 484 485 488
3 484 488 487
3 487 488 491
3 487 491 490
3 491 494 493
3 491 493 490
3 493 494 497
3 493 497 496
3 345 499 496
3 345 496 497
3 499 345 342
3 499 342 500
3 339 501 500
3 339 500 342
3 336 502 501
3 336 501 339
3 502 336 333
3 502 333 503
3 505 504 503
3 505 503 333
3 504 505 508
3 504 508 507
3 507 508 511
3 507 511 510
3 510 511 514
3 510 514 513
3 517 513 514
3 517 514 518
3 518 523 521
3 518 521 517
3 526 522 524
3 526 524 527
3 529 526 527
3 529 527 530
3 532 536 540
3 532 540 533
3 542 535 531
3 542 531 528
3 550 539 534
3 550 534 537
3 543 537 534
3 543 534 541
3 515 543 541
3 515 541 519
3 525 520 542
3 525 542 528
3 544 516 512
3 544 512 545
3 538 544 545
3 538 545 547
3 509 546 545
3 509 545 512
3 546 549 547
3 546 547 545
3 551 538 547
3 551 547 548
3 549 320 548
3 549 548 547
3 330 324 320
3 330 320 549
3 332 330 549
3 332 549 546
3 313 551 548
3 313 548 319
3 312 307 539
3 312 539 550
3 506 332 546
3 506 546 509
3 533 540 308
3 533 308 304
3 495 552 347
3 495 347 498
3 553 552 495
3 553 495 492
3 554 350 552
3 554 552 553
3 489 555 553
3 489 553 492
3 555 557 554
3 555 554 553
3 486 556 555
3 486 555 489
3 556 558 557
3 556 557 555
3 558 560 559
3 558 559 557
3 557 559 562
3 557 562 554
3 559 560 683
3 559 683 561
3 562 559 561
3 562 561 563
3 562 352 350
3 562 350 554
3 352 562 563
3 352 563 564
3 565 566 564
3 565 564 563
3 568 565 563
3 568 563 561
3 567 618 566
3 567 566 565
3 568 570 567
3 568 567 565
3 561 683 569
3 561 569 568
3 569 571 570
3 569 570 568
3 571 573 572
3 571 572 570
3 570 572 575
3 570 575 567
3 573 651 574
3 573 574 572
3 572 574 577
3 572 577 575
3 575 576 618
3 575 618 567
3 577 578 576
3 577 576 575
3 579 580 578
3 579 578 577
3 582 579 577
3 582 577 574
3 581 597 580
3 581 580 579
3 584 581 579
3 584 579 582
3 583 582 574
3 583 574 651
3 585 584 582
3 585 582 583
3 584 585 587
3 584 587 586
3 581 584 586
3 581 586 590
3 587 633 589
3 587 589 586
3 586 589 592
3 586 592 590
3 592 596 593
3 592 593 590
3 597 581 590
3 597 590 593
3 593 596 608
3 593 608 594
3 594 598 597
3 594 597 593
3 580 597 598
3 580 598 599
3 599 598 594
3 599 594 601
3 600 578 580
3 600 580 599
3 602 600 599
3 602 599 601
3 601 604 606
3 601 606 602
3 594 608 604
3 594 604 601
3 384 605 603
3 384 603 387
3 387 603 607
3 387 607 390
3 595 395 390
3 595 390 607
3 602 606 610
3 602 610 613
3 381 609 605
3 381 605 384
3 613 610 612
3 613 612 614
3 378 611 609
3 378 609 381
3 616 615 613
3 616 613 614
3 615 600 602
3 615 602 613
3 618 576 615
3 618 615 616
3 576 578 600
3 576 600 615
3 617 616 614
3 617 614 619
3 566 618 616
3 566 616 617
3 619 621 620
3 619 620 617
3 617 620 564
3 617 564 566
3 354 620 621
3 354 621 356
3 352 564 620
3 352 620 354
3 621 623 360
3 621 360 356
3 625 623 621
3 625 621 619
3 370 622 624
3 370 624 375
3 614 612 625
3 614 625 619
3 375 624 611
3 375 611 378
3 395 595 591
3 395 591 626
3 591 588 628
3 591 628 626
3 627 629 407
3 627 407 399
3 628 588 632
3 628 632 630
3 631 637 407
3 631 407 629
3 630 632 638
3 630 638 634
3 635 420 637
3 635 637 631
3 404 636 419
3 404 419 411
3 634 638 433
3 634 433 421
3 641 434 639
3 641 639 640
3 633 587 640
3 633 640 639
3 642 644 641
3 642 641 640
3 640 587 585
3 640 585 642
3 642 585 583
3 642 583 643
3 642 643 645
3 642 645 644
3 440 437 644
3 440 644 645
3 432 641 644
3 432 644 437
3 645 646 648
3 645 648 440
3 649 646 645
3 649 645 643
3 657 648 646
3 657 646 647
3 647 646 649
3 647 649 650
3 650 649 651
3 650 651 573
3 651 649 643
3 651 643 583
3 654 647 650
3 654 650 652
3 652 650 573
3 652 573 571
3 655 654 652
3 655 652 653
3 653 652 571
3 653 571 569
3 660 656 654
3 660 654 655
3 656 657 647
3 656 647 654
3 656 659 685
3 656 685 657
3 660 663 659
3 660 659 656
3 661 665 663
3 661 663 660
3 660 655 681
3 660 681 661
3 664 459 456
3 664 456 662
3 662 456 453
3 662 453 658
3 668 667 665
3 668 665 661
3 459 664 666
3 459 666 462
3 668 671 670
3 668 670 667
3 669 465 462
3 669 462 666
3 671 674 673
3 671 673 670
3 672 471 465
3 672 465 669
3 674 477 472
3 674 472 673
3 675 480 477
3 675 477 674
3 677 675 674
3 677 674 671
3 480 675 676
3 480 676 483
3 675 677 678
3 675 678 676
3 677 679 680
3 677 680 678
3 679 677 671
3 679 671 668
3 680 679 681
3 680 681 682
3 679 668 661
3 679 661 681
3 682 681 655
3 682 655 653
3 560 680 682
3 560 682 683
3 653 569 683
3 653 683 682
3 678 680 560
3 678 560 558
3 676 678 558
3 676 558 556
3 483 676 556
3 483 556 486
3 658 453 450
3 658 450 684
3 657 685 442
3 657 442 648
3 445 441 684
3 445 684 450
3 687 690 366
3 687 366 686
3 690 687 688
3 690 688 692
3 691 200 197
3 691 197 689
3 361 365 689
3 361 689 197
3 697 694 692
3 697 692 688
3 693 203 200
3 693 200 691
3 694 697 698
3 694 698 696
3 695 206 203
3 695 203 693
3 696 698 699
3 696 699 703
3 700 706 703
3 700 703 699
3 702 704 218
3 702 218 211
3 701 210 206
3 701 206 695
3 707 228 219
3 707 219 705
3 706 700 709
3 706 709 708
3 326 248 710
3 326 710 323
3 179 244 248
3 179 248 326
3 323 710 712
3 323 712 321
3 272 713 711
3 272 711 251
3 712 273 317
3 712 317 321
3 317 273 281
3 317 281 298
3 727 717 716
3 727 716 723
3 720 716 717
3 720 717 1011
3 715 719 758
3 715 758 721
3 721 724 722
3 721 722 715
3 724 813 725
3 724 725 722
3 726 729 727
3 726 727 723
3 728 730 735
3 728 735 732
3 737 718 728
3 737 728 732
3 740 736 731
3 740 731 733
3 731 734 1004
3 731 1004 733
3 1012 718 737
3 1012 737 739
3 736 740 741
3 736 741 738
3 741 742 743
3 741 743 738
3 744 747 1012
3 744 1012 739
3 754 748 745
3 754 745 749
3 751 757 755
3 751 755 750
3 719 752 756
3 719 756 758
3 746 753 720
3 746 720 1011
3 756 759 761
3 756 761 758
3 757 751 764
3 757 764 760
3 759 762 818
3 759 818 761
3 760 764 765
3 760 765 763
3 766 768 763
3 766 763 765
3 769 771 768
3 769 768 766
3 772 774 771
3 772 771 769
3 775 777 774
3 775 774 772
3 777 775 778
3 777 778 780
3 780 778 781
3 780 781 784
3 782 786 784
3 782 784 781
3 785 788 787
3 785 787 783
3 790 779 783
3 790 783 787
3 788 846 789
3 788 789 787
3 787 789 792
3 787 792 791
3 787 791 794
3 787 794 790
3 792 834 793
3 792 793 791
3 793 795 794
3 793 794 791
3 795 797 790
3 795 790 794
3 795 793 804
3 795 804 796
3 797 795 796
3 797 796 798
3 776 797 798
3 776 798 773
3 797 776 779
3 797 779 790
3 798 796 801
3 798 801 799
3 770 773 798
3 770 798 799
3 767 770 799
3 767 799 800
3 799 801 802
3 799 802 800
3 806 802 801
3 806 801 803
3 796 804 803
3 796 803 801
3 804 832 805
3 804 805 803
3 805 808 806
3 805 806 803
3 817 802 806
3 817 806 807
3 806 808 810
3 806 810 807
3 809 808 805
3 809 805 830
3 810 808 809
3 810 809 811
3 812 810 811
3 812 811 814
3 807 810 812
3 807 812 815
3 815 812 813
3 815 813 724
3 812 814 819
3 812 819 813
3 721 816 815
3 721 815 724
3 816 817 807
3 816 807 815
3 761 816 721
3 761 721 758
3 818 817 816
3 818 816 761
3 800 802 817
3 800 817 818
3 762 767 800
3 762 800 818
3 814 820 821
3 814 821 819
3 811 823 820
3 811 820 814
3 820 822 980
3 820 980 821
3 820 823 824
3 820 824 822
3 823 825 826
3 823 826 824
3 809 825 823
3 809 823 811
3 826 825 827
3 826 827 829
3 827 825 809
3 827 809 830
3 831 828 827
3 831 827 830
3 828 1007 829
3 828 829 827
3 832 831 830
3 832 830 805
3 834 833 831
3 834 831 832
3 833 836 828
3 833 828 831
3 833 834 792
3 833 792 835
3 838 836 833
3 838 833 835
3 836 837 1007
3 836 1007 828
3 837 836 838
3 837 838 839
3 839 838 835
3 839 835 841
3 840 1006 837
3 840 837 839
3 841 842 840
3 841 840 839
3 841 843 844
3 841 844 842
3 846 843 841
3 846 841 789
3 835 792 789
3 835 789 841
3 843 845 1008
3 843 1008 844
3 847 845 843
3 847 843 846
3 848 847 846
3 848 846 788
3 851 849 847
3 851 847 848
3 845 847 849
3 845 849 850
3 850 849 852
3 850 852 853
3 849 851 854
3 849 854 852
3 853 852 855
3 853 855 858
3 852 854 857
3 852 857 855
3 858 855 856
3 858 856 859
3 855 857 900
3 855 900 856
3 860 853 858
3 860 858 859
3 859 861 862
3 859 862 860
3 859 856 863
3 859 863 861
3 861 864 866
3 861 866 862
3 863 868 864
3 863 864 861
3 871 867 865
3 871 865 870
3 869 873 870
3 869 870 865
3 873 869 897
3 873 897 875
3 874 877 876
3 874 876 872
3 880 878 877
3 880 877 874
3 885 884 879
3 885 879 882
3 886 889 892
3 886 892 887
3 883 895 889
3 883 889 886
3 893 896 890
3 893 890 888
3 890 900 891
3 890 891 888
3 894 881 875
3 894 875 897
3 890 896 868
3 890 868 863
3 887 892 899
3 887 899 903
3 891 900 857
3 891 857 898
3 856 900 890
3 856 890 863
3 898 857 854
3 898 854 901
3 903 899 902
3 903 902 904
3 904 902 908
3 904 908 905
3 905 908 910
3 905 910 906
3 851 907 901
3 851 901 854
3 848 909 907
3 848 907 851
3 906 910 786
3 906 786 782
3 909 848 788
3 909 788 785
3 911 913 867
3 911 867 871
3 914 917 913
3 914 913 911
3 915 920 917
3 915 917 914
3 1009 912 916
3 1009 916 918
3 916 919 923
3 916 923 918
3 933 922 920
3 933 920 915
3 921 924 923
3 921 923 919
3 924 842 844
3 924 844 923
3 923 844 1008
3 923 1008 918
3 924 921 927
3 924 927 925
3 842 924 925
3 842 925 840
3 926 1006 840
3 926 840 925
3 927 929 926
3 927 926 925
3 928 931 932
3 928 932 930
3 931 928 922
3 931 922 933
3 930 932 934
3 930 934 936
3 936 934 937
3 936 937 940
3 938 942 940
3 938 940 937
3 941 946 943
3 941 943 939
3 945 935 939
3 945 939 943
3 946 948 944
3 946 944 943
3 944 1005 945
3 944 945 943
3 946 941 958
3 946 958 947
3 949 948 946
3 949 946 947
3 826 948 949
3 826 949 824
3 944 948 826
3 944 826 829
3 950 949 947
3 950 947 952
3 824 949 950
3 824 950 822
3 822 950 951
3 822 951 980
3 950 952 953
3 950 953 951
3 952 954 956
3 952 956 953
3 947 958 954
3 947 954 952
3 955 960 961
3 955 961 957
3 960 955 959
3 960 959 962
3 942 938 962
3 942 962 959
3 964 968 957
3 964 957 961
3 967 963 965
3 967 965 970
3 953 956 966
3 953 966 969
3 970 965 974
3 970 974 973
3 951 953 969
3 951 969 971
3 971 978 980
3 971 980 951
3 976 973 974
3 976 974 993
3 979 972 975
3 979 975 983
3 978 981 821
3 978 821 980
3 985 982 979
3 985 979 983
3 991 986 984
3 991 984 988
3 984 977 994
3 984 994 988
3 987 992 995
3 987 995 989
3 996 990 987
3 996 987 989
3 997 990 996
3 997 996 999
3 1001 986 991
3 1001 991 998
3 1004 734 997
3 1004 997 999
3 735 730 1001
3 735 1001 998
3 729 726 1003
3 729 1003 1000
3 1003 982 985
3 1003 985 1000
3 981 1002 819
3 981 819 821
3 1002 725 813
3 1002 813 819
3 1006 926 945
3 1006 945 1005
3 926 929 935
3 926 935 945
3 1007 1005 944
3 1007 944 829
3 837 1006 1005
3 837 1005 1007
3 1010 1009 918
3 1010 918 1008
3 1009 1010 860
3 1009 860 862
3 866 912 1009
3 866 1009 862
3 845 850 1010
3 845 1010 1008
3 850 853 860
3 850 860 1010
3 793 834 832
3 793 832 804
3 1013 1015 1031
3 1013 1031 1014
3 1016 1013 1014
3 1016 1014 1048
3 1013 1017 1021
3 1013 1021 1015
3 1017 1013 1016
3 1017 1016 1018
3 1389 1019 1017
3 1389 1017 1018
3 1017 1019 1022
3 1017 1022 1021
3 1022 1025 1024
3 1022 1024 1021
3 1024 1028 1015
3 1024 1015 1021
3 1024 1025 1387
3 1024 1387 1027
3 1029 1028 1024
3 1029 1024 1027
3 1030 1028 1029
3 1030 1029 1033
3 1015 1028 1030
3 1015 1030 1031
3 1030 1032 1045
3 1030 1045 1031
3 1032 1030 1033
3 1032 1033 1035
3 1034 1036 1035
3 1034 1035 1033
3 1029 1385 1034
3 1029 1034 1033
3 1035 1036 1038
3 1035 1038 1037
3 1040 1032 1035
3 1040 1035 1037
3 1038 1276 1039
3 1038 1039 1037
3 1039 1041 1040
3 1039 1040 1037
3 1042 1040 1041
3 1042 1041 1043
3 1045 1032 1040
3 1045 1040 1042
3 1384 1044 1042
3 1384 1042 1043
3 1046 1045 1042
3 1046 1042 1044
3 1031 1045 1046
3 1031 1046 1014
3 1014 1046 1047
3 1014 1047 1048
3 1044 1050 1047
3 1044 1047 1046
3 1048 1047 1049
3 1048 1049 1139
3 1050 1052 1049
3 1050 1049 1047
3 1044 1384 1051
3 1044 1051 1050
3 1051 1053 1052
3 1051 1052 1050
3 1053 1057 1054
3 1053 1054 1052
3 1052 1054 1056
3 1052 1056 1049
3 1123 1056 1054
3 1123 1054 1055
3 1057 1058 1055
3 1057 1055 1054
3 1058 1057 1059
3 1058 1059 1109
3 1061 1059 1057
3 1061 1057 1064
3 1069 1064 1057
3 1069 1057 1053
3 1092 1060 1062
3 1092 1062 1065
3 1080 1066 1063
3 1080 1063 1067
3 1071 1068 1064
3 1071 1064 1069
3 1051 1070 1069
3 1051 1069 1053
3 1070 1072 1071
3 1070 1071 1069
3 1072 1074 1073
3 1072 1073 1071
3 1073 1077 1068
3 1073 1068 1071
3 1074 1366 1075
3 1074 1075 1073
3 1075 1078 1077
3 1075 1077 1073
3 1076 1079 1080
3 1076 1080 1067
3 1081 1082 1080
3 1081 1080 1079
3 1083 1081 1078
3 1083 1078 1075
3 1085 1082 1081
3 1085 1081 1083
3 1366 1084 1083
3 1366 1083 1075
3 1084 1086 1085
3 1084 1085 1083
3 1085 1086 1088
3 1085 1088 1087
3 1089 1082 1085
3 1089 1085 1087
3 1082 1090 1066
3 1082 1066 1080
3 1092 1065 1091
3 1093 1094 1060
3 1093 1060 1092
3 1096 1098 1094
3 1096 1094 1093
3 1097 1100 1098
3 1097 1098 1096
3 1102 1099 1101
3 1102 1101 1103
3 1104 1095 1099
3 1104 1099 1102
3 1106 1105 1102
3 1106 1102 1103
3 1105 1108 1104
3 1105 1104 1102
3 1552 1107 1105
3 1552 1105 1106
3 1105 1107 1110
3 1105 1110 1108
3 1108 1110 1111
3 1108 1111 1109
3 1104 1108 1109
3 1104 1109 1059
3 1115 1111 1110
3 1115 1110 1112
3 1112 1110 1107
3 1112 1107 1113
3 1114 1112 1113
3 1114 1113 1558
3 1116 1115 1112
3 1116 1112 1114
3 1119 1117 1115
3 1119 1115 1116
3 1117 1120 1111
3 1117 1111 1115
3 1117 1119 1675
3 1117 1675 1118
3 1121 1120 1117
3 1121 1117 1118
3 1120 1121 1055
3 1120 1055 1058
3 1109 1111 1120
3 1109 1120 1058
3 1055 1121 1122
3 1055 1122 1123
3 1121 1118 1125
3 1121 1125 1122
3 1137 1123 1122
3 1137 1122 1124
3 1122 1125 1127
3 1122 1127 1124
3 1118 1675 1126
3 1118 1126 1125
3 1125 1126 1128
3 1125 1128 1127
3 1128 1130 1129
3 1128 1129 1127
3 1129 1132 1124
3 1129 1124 1127
3 1676 1131 1129
3 1676 1129 1130
3 1131 1133 1132
3 1131 1132 1129
3 1134 1132 1133
3 1134 1133 1135
3 1132 1134 1137
3 1132 1137 1124
3 1134 1135 1688
3 1134 1688 1136
3 1136 1138 1137
3 1136 1137 1134
3 1138 1056 1123
3 1138 1123 1137
3 1049 1056 1138
3 1049 1138 1139
3 1136 1140 1139
3 1136 1139 1138
3 1140 1016 1048
3 1140 1048 1139
3 1141 1018 1016
3 1141 1016 1140
3 1136 1144 1141
3 1136 1141 1140
3 1142 1389 1018
3 1142 1018 1141
3 1144 1146 1142
3 1144 1142 1141
3 1145 1148 1146
3 1145 1146 1144
3 1688 1145 1144
3 1688 1144 1136
3 1151 1147 1149
3 1151 1149 1153
3 1143 1147 1151
3 1143 1151 1156
3 1154 1150 1152
3 1154 1152 1391
3 1155 1150 1154
3 1155 1154 1159
3 1158 1390 1143
3 1158 1143 1156
3 1160 1157 1155
3 1160 1155 1159
3 1157 1160 1161
3 1157 1161 1163
3 1163 1161 1162
3 1163 1162 1165
3 1164 1020 1390
3 1164 1390 1158
3 1166 1023 1020
3 1166 1020 1164
3 1023 1166 1168
3 1023 1168 1026
3 1165 1162 1171
3 1165 1171 1167
3 1170 1388 1026
3 1170 1026 1168
3 1172 1169 1167
3 1172 1167 1171
3 1173 1175 1169
3 1173 1169 1172
3 1174 1179 1175
3 1174 1175 1173
3 1176 1178 1388
3 1176 1388 1170
3 1180 1182 1178
3 1180 1178 1176
3 1184 1186 1182
3 1184 1182 1180
3 1189 1183 1179
3 1189 1179 1174
3 1188 1247 1186
3 1188 1186 1184
3 1190 1187 1183
3 1190 1183 1189
3 1191 1193 1187
3 1191 1187 1190
3 1192 1197 1193
3 1192 1193 1191
3 1194 1196 1247
3 1194 1247 1188
3 1198 1200 1196
3 1198 1196 1194
3 1202 1204 1200
3 1202 1200 1198
3 1207 1201 1197
3 1207 1197 1192
3 1206 1237 1204
3 1206 1204 1202
3 1208 1205 1201
3 1208 1201 1207
3 1205 1208 1209
3 1205 1209 1210
3 1211 1213 1237
3 1211 1237 1206
3 1227 1213 1211
3 1227 1211 1212
3 1211 1215 1218
3 1211 1218 1212
3 1219 1216 1217
3 1219 1217 1220
3 1222 1219 1220
3 1222 1220 1223
3 1224 1212 1218
3 1224 1218 1221
3 1223 1226 1225
3 1223 1225 1222
3 1228 1225 1226
3 1228 1226 1229
3 1224 1227 1212
3 1214 1228 1229
3 1214 1229 1231
3 1318 1230 1229
3 1318 1229 1226
3 1230 1232 1231
3 1230 1231 1229
3 1232 1234 1233
3 1232 1233 1231
3 1233 1236 1214
3 1233 1214 1231
3 1238 1235 1233
3 1238 1233 1234
3 1235 1203 1236
3 1235 1236 1233
3 1239 1235 1238
3 1239 1238 1240
3 1199 1203 1235
3 1199 1235 1239
3 1242 1241 1239
3 1242 1239 1240
3 1241 1195 1199
3 1241 1199 1239
3 1243 1246 1195
3 1243 1195 1241
3 1244 1243 1241
3 1244 1241 1242
3 1249 1245 1243
3 1249 1243 1244
3 1246 1243 1245
3 1246 1245 1185
3 1248 1181 1185
3 1248 1185 1245
3 1249 1250 1248
3 1249 1248 1245
3 1249 1251 1252
3 1249 1252 1250
3 1251 1249 1244
3 1251 1244 1254
3 1251 1253 1278
3 1251 1278 1252
3 1253 1251 1254
3 1253 1254 1256
3 1256 1254 1255
3 1256 1255 1258
3 1254 1244 1242
3 1254 1242 1255
3 1256 1258 1260
3 1256 1260 1257
3 1257 1270 1253
3 1257 1253 1256
3 1258 1255 1345
3 1258 1345 1259
3 1260 1258 1259
3 1260 1259 1261
3 1262 1260 1261
3 1262 1261 1263
3 1266 1257 1260
3 1266 1260 1262
3 1290 1264 1262
3 1290 1262 1263
3 1267 1266 1262
3 1267 1262 1264
3 1266 1267 1271
3 1266 1271 1269
3 1270 1257 1266
3 1270 1266 1269
3 1270 1269 1273
3 1270 1273 1277
3 1269 1271 1274
3 1269 1274 1273
3 1280 1276 1273
3 1280 1273 1274
3 1276 1038 1277
3 1276 1277 1273
3 1278 1277 1038
3 1278 1038 1036
3 1253 1270 1277
3 1253 1277 1278
3 1252 1278 1036
3 1252 1036 1034
3 1276 1280 1282
3 1276 1282 1039
3 1283 1279 1275
3 1283 1275 1285
3 1284 1281 1279
3 1284 1279 1283
3 1285 1275 1272
3 1285 1272 1286
3 1286 1272 1268
3 1286 1268 1287
3 1287 1268 1265
3 1287 1265 1288
3 1288 1265 1291
3 1288 1291 1289
3 1289 1291 1294
3 1289 1294 1292
3 1292 1294 1297
3 1292 1297 1295
3 1295 1297 1300
3 1295 1300 1298
3 1303 1301 1298
3 1303 1298 1300
3 1305 1303 1300
3 1305 1300 1334
3 1307 1306 1302
3 1307 1302 1304
3 1309 1308 1306
3 1309 1306 1307
3 1310 1308 1309
3 1310 1309 1311
3 1310 1311 1313
3 1310 1313 1312
3 1315 1314 1312
3 1315 1312 1313
3 1314 1315 1220
3 1314 1220 1217
3 1316 1315 1313
3 1316 1313 1317
3 1315 1316 1223
3 1315 1223 1220
3 1318 1316 1317
3 1318 1317 1319
3 1226 1223 1316
3 1226 1316 1318
3 1319 1320 1230
3 1319 1230 1318
3 1321 1323 1320
3 1321 1320 1319
3 1321 1319 1317
3 1321 1317 1324
3 1323 1321 1322
3 1323 1322 1335
3 1324 1325 1322
3 1324 1322 1321
3 1309 1325 1324
3 1309 1324 1311
3 1311 1324 1317
3 1311 1317 1313
3 1329 1322 1325
3 1329 1325 1326
3 1326 1325 1309
3 1326 1309 1307
3 1329 1326 1327
3 1329 1327 1331
3 1326 1307 1304
3 1326 1304 1327
3 1322 1329 1330
3 1322 1330 1335
3 1330 1329 1331
3 1330 1331 1333
3 1328 1305 1334
3 1328 1334 1332
3 1336 1330 1333
3 1336 1333 1299
3 1330 1336 1338
3 1330 1338 1335
3 1296 1337 1336
3 1296 1336 1299
3 1337 1339 1338
3 1337 1338 1336
3 1340 1338 1339
3 1340 1339 1341
3 1338 1340 1323
3 1338 1323 1335
3 1342 1340 1341
3 1342 1341 1343
3 1323 1340 1342
3 1323 1342 1320
3 1232 1342 1343
3 1232 1343 1234
3 1320 1342 1232
3 1320 1232 1230
3 1234 1343 1344
3 1234 1344 1238
3 1346 1344 1343
3 1346 1343 1341
3 1240 1238 1344
3 1240 1344 1345
3 1345 1344 1346
3 1345 1346 1259
3 1347 1346 1341
3 1347 1341 1339
3 1259 1346 1347
3 1259 1347 1261
3 1339 1337 1348
3 1339 1348 1347
3 1261 1347 1348
3 1261 1348 1263
3 1293 1348 1337
3 1293 1337 1296
3 1348 1293 1290
3 1348 1290 1263
3 1255 1242 1240
3 1255 1240 1345
3 1281 1284 1350
3 1281 1350 1380
3 1351 1353 1350
3 1351 1350 1284
3 1376 1349 1354
3 1376 1354 1356
3 1355 1352 1357
3 1355 1357 1359
3 1358 1361 1359
3 1358 1359 1357
3 1359 1360 1377
3 1359 1377 1355
3 1361 1362 1360
3 1361 1360 1359
3 1088 1086 1361
3 1088 1361 1358
3 1086 1084 1362
3 1086 1362 1361
3 1364 1360 1362
3 1364 1362 1363
3 1084 1366 1363
3 1084 1363 1362
3 1363 1365 1368
3 1363 1368 1364
3 1365 1363 1366
3 1365 1366 1074
3 1074 1072 1367
3 1074 1367 1365
3 1365 1367 1369
3 1365 1369 1368
3 1368 1369 1373
3 1368 1373 1371
3 1364 1368 1371
3 1364 1371 1374
3 1376 1375 1370
3 1376 1370 1372
3 1375 1376 1356
3 1375 1356 1378
3 1360 1364 1374
3 1360 1374 1377
3 1379 1349 1376
3 1379 1376 1372
3 1369 1382 1381
3 1369 1381 1373
3 1043 1041 1381
3 1043 1381 1382
3 1039 1282 1381
3 1039 1381 1041
3 1383 1384 1043
3 1383 1043 1382
3 1382 1369 1367
3 1382 1367 1383
3 1070 1051 1384
3 1070 1384 1383
3 1383 1367 1072
3 1383 1072 1070
3 1385 1250 1252
3 1385 1252 1034
3 1250 1385 1386
3 1250 1386 1248
3 1385 1029 1027
3 1385 1027 1386
3 1386 1177 1181
3 1386 1181 1248
3 1027 1387 1177
3 1027 1177 1386
3 1395 1392 1391
3 1395 1391 1152
3 1393 1397 1398
3 1393 1398 1394
3 1399 1396 1402
3 1399 1402 1406
3 1401 1396 1153
3 1401 1153 1149
3 1408 1402 1396
3 1408 1396 1401
3 1406 1402 1404
3 1406 1404 1432
3 1402 1408 1412
3 1402 1412 1404
3 1415 1411 1407
3 1415 1407 1409
3 1407 1400 1689
3 1407 1689 1409
3 1414 1419 1416
3 1414 1416 1410
3 1422 1403 1413
3 1422 1413 1417
3 1424 1418 1420
3 1424 1420 1426
3 1427 1421 1425
3 1427 1425 1433
3 1429 1423 1428
3 1429 1428 1430
3 1405 1423 1429
3 1405 1429 1431
3 1433 1425 1436
3 1433 1436 1434
3 1434 1436 1438
3 1434 1438 1435
3 1437 1441 1445
3 1437 1445 1439
3 1426 1420 1441
3 1426 1441 1437
3 1442 1440 1419
3 1442 1419 1414
3 1446 1444 1440
3 1446 1440 1442
3 1444 1446 1450
3 1444 1450 1448
3 1439 1445 1449
3 1439 1449 1455
3 1693 1452 1448
3 1693 1448 1450
3 1455 1449 1453
3 1455 1453 1457
3 1458 1454 1456
3 1458 1456 1459
3 1435 1438 1454
3 1435 1454 1458
3 1459 1456 1462
3 1459 1462 1460
3 1460 1462 1465
3 1460 1465 1461
3 1463 1467 1471
3 1463 1471 1464
3 1457 1453 1467
3 1457 1467 1463
3 1452 1693 1469
3 1452 1469 1466
3 1473 1470 1466
3 1473 1466 1469
3 1477 1470 1473
3 1477 1473 1483
3 1475 1485 1464
3 1475 1464 1471
3 1476 1482 1710
3 1476 1710 1479
3 1484 1474 1478
3 1484 1478 1488
3 1461 1465 1487
3 1461 1487 1491
3 1490 1486 1489
3 1490 1489 1492
3 1492 1489 1496
3 1492 1496 1493
3 1493 1496 1500
3 1493 1500 1494
3 1488 1478 1497
3 1488 1497 1495
3 1495 1497 1501
3 1495 1501 1499
3 1505 1503 1499
3 1505 1499 1501
3 1494 1500 1504
3 1494 1504 1509
3 1503 1505 1720
3 1503 1720 1507
3 1509 1504 1508
3 1509 1508 1510
3 1510 1508 1514
3 1510 1514 1511
3 1511 1514 1518
3 1511 1518 1512
3 1515 1513 1507
3 1515 1507 1720
3 1513 1515 1519
3 1513 1519 1517
3 1517 1519 1523
3 1517 1523 1521
3 1512 1518 1522
3 1512 1522 1528
3 1531 1526 1521
3 1531 1521 1523
3 1528 1522 1527
3 1528 1527 1529
3 1530 1537 1534
3 1530 1534 1525
3 1533 1536 1542
3 1533 1542 1535
3 1543 1538 1540
3 1543 1540 1544
3 1524 1541 1539
3 1524 1539 1532
3 1101 1543 1544
3 1101 1544 1103
3 1535 1542 1100
3 1535 1100 1097
3 1540 1546 1545
3 1540 1545 1544
3 1544 1545 1106
3 1544 1106 1103
3 1549 1548 1545
3 1549 1545 1546
3 1106 1545 1548
3 1106 1548 1552
3 1551 1548 1549
3 1551 1549 1718
3 1553 1552 1548
3 1553 1548 1551
3 1554 1552 1553
3 1554 1553 1555
3 1552 1554 1113
3 1552 1113 1107
3 1556 1554 1555
3 1556 1555 1559
3 1554 1556 1558
3 1554 1558 1113
3 1668 1558 1556
3 1668 1556 1557
3 1557 1556 1559
3 1557 1559 1560
3 1561 1563 1560
3 1561 1560 1559
3 1564 1561 1559
3 1564 1559 1555
3 1563 1561 1562
3 1563 1562 1579
3 1562 1561 1564
3 1562 1564 1565
3 1564 1566 1568
3 1564 1568 1565
3 1553 1566 1564
3 1553 1564 1555
3 1568 1566 1567
3 1568 1567 1569
3 1567 1566 1553
3 1567 1553 1551
3 1572 1570 1568
3 1572 1568 1569
3 1570 1573 1565
3 1570 1565 1568
3 1570 1572 1709
3 1570 1709 1571
3 1573 1570 1571
3 1573 1571 1574
3 1575 1573 1574
3 1575 1574 1576
3 1573 1575 1562
3 1573 1562 1565
3 1576 1578 1577
3 1576 1577 1575
3 1562 1575 1577
3 1562 1577 1579
3 1578 1585 1581
3 1578 1581 1577
3 1577 1581 1583
3 1577 1583 1579
3 1591 1582 1580
3 1591 1580 1587
3 1587 1580 1584
3 1587 1584 1589
3 1588 1593 1592
3 1588 1592 1586
3 1594 1590 1586
3 1594 1586 1592
3 1590 1594 1595
3 1590 1595 1596
3 1596 1595 1598
3 1596 1598 1599
3 1599 1598 1601
3 1599 1601 1602
3 1604 1605 1602
3 1604 1602 1601
3 1607 1608 1605
3 1607 1605 1604
3 1610 1611 1608
3 1610 1608 1607
3 1613 1614 1611
3 1613 1611 1610
3 1616 1618 1614
3 1616 1614 1613
3 1618 1616 1619
3 1618 1619 1621
3 1621 1619 1622
3 1621 1622 1624
3 1625 1627 1624
3 1625 1624 1622
3 1627 1625 1628
3 1627 1628 1630
3 1630 1628 1631
3 1630 1631 1634
3 1632 1636 1634
3 1632 1634 1631
3 1635 1640 1638
3 1635 1638 1633
3 1643 1629 1633
3 1643 1633 1638
3 1639 1746 1641
3 1639 1641 1637
3 1637 1641 1644
3 1637 1644 1642
3 1642 1644 1647
3 1642 1647 1645
3 1646 1626 1629
3 1646 1629 1643
3 1645 1647 1650
3 1645 1650 1648
3 1649 1623 1626
3 1649 1626 1646
3 1648 1650 1653
3 1648 1653 1651
3 1623 1649 1652
3 1623 1652 1620
3 1651 1653 1656
3 1651 1656 1654
3 1620 1652 1655
3 1620 1655 1617
3 1659 1658 1654
3 1659 1654 1656
3 1657 1615 1617
3 1657 1617 1655
3 1662 1661 1658
3 1662 1658 1659
3 1660 1612 1615
3 1660 1615 1657
3 1661 1662 1665
3 1661 1665 1664
3 1612 1660 1663
3 1612 1663 1609
3 1664 1665 1668
3 1664 1668 1667
3 1609 1663 1666
3 1609 1666 1606
3 1667 1668 1557
3 1667 1557 1670
3 1669 1603 1606
3 1669 1606 1666
3 1672 1670 1557
3 1672 1557 1560
3 1603 1669 1671
3 1603 1671 1600
3 1563 1674 1672
3 1563 1672 1560
3 1600 1671 1673
3 1600 1673 1597
3 1674 1563 1579
3 1674 1579 1583
3 1582 1591 1597
3 1582 1597 1673
3 1665 1114 1558
3 1665 1558 1668
3 1662 1116 1114
3 1662 1114 1665
3 1116 1662 1659
3 1116 1659 1119
3 1119 1659 1656
3 1119 1656 1675
3 1653 1126 1675
3 1653 1675 1656
3 1650 1128 1126
3 1650 1126 1653
3 1647 1130 1128
3 1647 1128 1650
3 1644 1676 1130
3 1644 1130 1647
3 1641 1677 1676
3 1641 1676 1644
3 1131 1676 1677
3 1131 1677 1679
3 1678 1680 1679
3 1678 1679 1677
3 1746 1678 1677
3 1746 1677 1641
3 1680 1682 1681
3 1680 1681 1679
3 1133 1131 1679
3 1133 1679 1681
3 1682 1690 1683
3 1682 1683 1681
3 1684 1681 1683
3 1684 1683 1686
3 1135 1133 1681
3 1135 1681 1684
3 1688 1135 1684
3 1688 1684 1685
3 1685 1684 1686
3 1685 1686 1687
3 1686 1683 1451
3 1686 1451 1447
3 1687 1686 1447
3 1687 1447 1443
3 1443 1415 1409
3 1443 1409 1687
3 1689 1685 1687
3 1689 1687 1409
3 1685 1689 1145
3 1685 1145 1688
3 1689 1400 1148
3 1689 1148 1145
3 1690 1692 1451
3 1690 1451 1683
3 1692 1690 1691
3 1692 1691 1468
3 1695 1691 1690
3 1695 1690 1682
3 1468 1691 1694
3 1468 1694 1472
3 1691 1695 1696
3 1691 1696 1694
3 1699 1696 1695
3 1699 1695 1697
3 1697 1695 1682
3 1697 1682 1680
3 1700 1699 1697
3 1700 1697 1698
3 1698 1697 1680
3 1698 1680 1678
3 1704 1702 1699
3 1704 1699 1700
3 1702 1706 1696
3 1702 1696 1699
3 1576 1574 1701
3 1576 1701 1703
3 1574 1571 1705
3 1574 1705 1701
3 1696 1706 1708
3 1696 1708 1694
3 1571 1709 1707
3 1571 1707 1705
3 1694 1708 1481
3 1694 1481 1472
3 1480 1707 1709
3 1480 1709 1711
3 1711 1709 1572
3 1711 1572 1712
3 1479 1710 1713
3 1479 1713 1498
3 1712 1572 1569
3 1712 1569 1714
3 1498 1713 1715
3 1498 1715 1502
3 1569 1567 1716
3 1569 1716 1714
3 1717 1506 1502
3 1717 1502 1715
3 1716 1567 1551
3 1716 1551 1718
3 1506 1717 1719
3 1506 1719 1721
3 1721 1719 1550
3 1721 1550 1516
3 1724 1723 1704
3 1724 1704 1700
3 1703 1722 1578
3 1703 1578 1576
3 1729 1728 1723
3 1729 1723 1724
3 1722 1727 1585
3 1722 1585 1578
3 1589 1584 1725
3 1589 1725 1733
3 1735 1734 1726
3 1735 1726 1730
3 1736 1739 1738
3 1736 1738 1732
3 1593 1588 1731
3 1593 1731 1737
3 1739 1736 1742
3 1739 1742 1740
3 1740 1742 1636
3 1740 1636 1632
3 1741 1744 1640
3 1741 1640 1635
3 1735 1730 1744
3 1735 1744 1741
3 1729 1724 1745
3 1729 1745 1743
3 1743 1745 1746
3 1743 1746 1639
3 1724 1700 1698
3 1724 1698 1745
3 1745 1698 1678
3 1745 1678 1746
3 1516 1550 1547
3 1516 1547 1520
3 1520 1547 1541
3 1520 1541 1524
3 1095 1104 1059
3 1095 1059 1061
3 1747 1754 1835
3 1747 1835 1750
3 1820 1756 1749
3 1820 1749 1751
3 1762 1755 1748
3 1762 1748 1759
3 1759 1748 1757
3 1759 1757 1760
3 1761 1759 1760
3 1761 1760 1794
3 1763 1762 1759
3 1763 1759 1761
3 1765 1764 1762
3 1765 1762 1763
3 1764 1769 1755
3 1764 1755 1762
3 1785 1766 1764
3 1785 1764 1765
3 1766 1773 1769
3 1766 1769 1764
3 1768 1770 1835
3 1768 1835 1754
3 1770 1768 1772
3 1770 1772 1775
3 1777 1840 1775
3 1777 1775 1772
3 1772 1778 1780
3 1772 1780 1777
3 1781 1779 1774
3 1781 1774 1767
3 1782 1781 1767
3 1782 1767 1784
3 1782 1784 1786
3 1782 1786 1783
3 1790 1787 1785
3 1790 1785 1765
3 1786 1788 1874
3 1786 1874 1783
3 1790 1791 1789
3 1790 1789 1787
3 1792 1793 1791
3 1792 1791 1790
3 1792 1790 1765
3 1792 1765 1763
3 1794 1760 1793
3 1794 1793 1792
3 1763 1761 1794
3 1763 1794 1792
3 1793 1795 1800
3 1793 1800 1791
3 1760 1757 1795
3 1760 1795 1793
3 1797 1809 1801
3 1797 1801 1796
3 1758 1823 1797
3 1758 1797 1796
3 1799 1807 1869
3 1799 1869 1803
3 1791 1800 1804
3 1791 1804 1789
3 1806 1798 1808
3 1806 1808 1810
3 1811 1813 1810
3 1811 1810 1808
3 1812 1809 1797
3 1812 1797 1815
3 1813 1811 1814
3 1813 1814 1816
3 1814 1817 1826
3 1814 1826 1816
3 1797 1823 1819
3 1797 1819 1815
3 1829 1825 1818
3 1829 1818 1822
3 1826 1817 1824
3 1826 1824 1827
3 1752 1830 1828
3 1752 1828 1821
3 1832 1831 1753
3 1832 1753 1833
3 1833 1753 1836
3 1833 1836 1834
3 1771 1837 1834
3 1771 1834 1836
3 1776 1838 1837
3 1776 1837 1771
3 1841 1839 1838
3 1841 1838 1776
3 1844 1842 1839
3 1844 1839 1841
3 1844 1849 1846
3 1844 1846 1842
3 1852 1850 1845
3 1852 1845 1848
3 1847 1843 1854
3 1847 1854 1851
3 1853 1855 1858
3 1853 1858 1857
3 1861 1860 1857
3 1861 1857 1858
3 1864 1863 1860
3 1864 1860 1861
3 1867 1866 1863
3 1867 1863 1864
3 1866 1867 1803
3 1866 1803 1869
3 1871 1870 1868
3 1871 1868 1865
3 1873 1805 1868
3 1873 1868 1870
3 1788 1802 1872
3 1788 1872 1874
3 1865 1862 1875
3 1865 1875 1871
3 1876 1875 1862
3 1876 1862 1859
3 1876 1859 1856
3 1876 1856 1878
3 1854 1777 1780
3 1854 1780 1877
3 1840 1777 1854
3 1840 1854 1843
3 1881 1918 1882
3 1881 1882 1879
3 1921 1881 1879
3 1921 1879 1886
3 1889 1880 1884
3 1889 1884 1891
3 1880 1889 1892
3 1880 1892 1887
3 1901 1888 1893
3 1901 1893 1896
3 1900 1895 1898
3 1900 1898 1923
3 1894 1902 1903
3 1894 1903 1897
3 1897 1903 1904
3 1897 1904 1905
3 1923 1898 1907
3 1923 1907 1910
3 1906 1912 1916
3 1906 1916 1909
3 1915 1911 1917
3 1915 1917 1919
3 1919 1917 1890
3 1919 1890 1883
3 1881 1921 1914
3 1881 1914 1918
3 1908 1913 1920
3 1908 1920 1922
3 1922 1920 1885
3 1922 1885 1899
3 1984 1927 1924
3 1984 1924 1925
3 1925 1924 1928
3 1925 1928 1930
3 1930 1928 1929
3 1930 1929 1932
3 1985 1926 1931
3 1931 1933 1935
3 1935 1939 1943
3 1943 1945 1948
3 1948 1950 1955
3 1955 1958 1961
3 1961 1964 1967
3 1967 1971 1974
3 1974 1976 1978
3 1978 1983 1985
3 1985 1931 1935
3 1935 1943 1948
3 1948 1955 1961
3 1961 1967 1974
3 1974 1978 1985
3 1985 1935 1948
3 1948 1961 1974
3 1948 1974 1985
3 1932 1929 1936
3 1932 1936 1934
3 1934 1936 1941
3 1934 1941 1938
3 1937 1940 1944
3 1937 1944 1942
3 1946 1942 1944
3 1946 1944 1947
3 1946 1947 1952
3 1946 1952 1949
3 1949 1952 1953
3 1949 1953 1951
3 1951 1953 1954
3 1951 1954 1956
3 1959 1956 1954
3 1959 1954 1957
3 1959 1957 1960
3 1959 1960 1962
3 1962 1960 1963
3 1962 1963 1965
3 1965 1963 1966
3 1965 1966 1968
3 1968 1966 1969
3 1968 1969 1972
3 1973 1972 1969
3 1973 1969 1970
3 1973 1970 1979
3 1973 1979 1975
3 1975 1979 1980
3 1975 1980 1977
3 1977 1980 1981
3 1977 1981 1982
3 1982 1981 1927
3 1982 1927 1984
3 1986 1988 2585
3 1986 2585 1987
3 2252 1989 1986
3 2252 1986 1987
3 1994 1988 1986
3 1994 1986 1991
3 1991 1986 1989
3 1991 1989 1993
3 1996 1990 1992
3 1996 1992 1998
3 2002 1995 1990
3 2002 1990 1996
3 1999 2582 2000
3 1999 2000 1997
3 1997 2000 2003
3 1997 2003 2001
3 2001 2003 2006
3 2001 2006 2004
3 1995 2002 2005
3 1995 2005 2010
3 2004 2006 2601
3 2004 2601 2007
3 2008 2013 2010
3 2008 2010 2005
3 2009 2011 1988
3 2009 1988 1994
3 2012 2014 2011
3 2012 2011 2009
3 2016 2019 2014
3 2016 2014 2012
3 2013 2008 2021
3 2013 2021 2015
3 2018 2590 2019
3 2018 2019 2016
3 2015 2021 2024
3 2015 2024 2017
3 2007 2601 2022
3 2007 2022 2020
3 2020 2022 2025
3 2020 2025 2023
3 2023 2025 2028
3 2023 2028 2026
3 2027 2031 2017
3 2027 2017 2024
3 2026 2028 2600
3 2026 2600 2029
3 2030 2034 2031
3 2030 2031 2027
3 2032 2033 2590
3 2032 2590 2018
3 2035 2038 2033
3 2035 2033 2032
3 2036 2040 2038
3 2036 2038 2035
3 2599 2037 2034
3 2599 2034 2030
3 2038 2040 2042
3 2038 2042 2039
3 2033 2038 2039
3 2033 2039 2209
3 2042 2040 2041
3 2042 2041 2044
3 2054 2041 2040
3 2054 2040 2036
3 2042 2043 2207
3 2042 2207 2039
3 2045 2043 2042
3 2045 2042 2044
3 2047 2045 2044
3 2047 2044 2046
3 2044 2041 2049
3 2044 2049 2046
3 2127 2047 2046
3 2127 2046 2048
3 2046 2049 2050
3 2046 2050 2048
3 2056 2050 2049
3 2056 2049 2052
3 2052 2049 2041
3 2052 2041 2054
3 2058 2051 2053
3 2058 2053 2060
3 2063 2055 2051
3 2063 2051 2058
3 2059 2596 2061
3 2059 2061 2057
3 2057 2061 2064
3 2057 2064 2062
3 2062 2064 2067
3 2062 2067 2065
3 2066 2070 2055
3 2066 2055 2063
3 2065 2067 2595
3 2065 2595 2068
3 2070 2066 2069
3 2070 2069 2073
3 2071 2072 2050
3 2071 2050 2056
3 2074 2075 2072
3 2074 2072 2071
3 2077 2078 2075
3 2077 2075 2074
3 2073 2069 2082
3 2073 2082 2076
3 2080 2099 2078
3 2080 2078 2077
3 2085 2079 2076
3 2085 2076 2082
3 2068 2595 2083
3 2068 2083 2081
3 2081 2083 2086
3 2081 2086 2084
3 2084 2086 2091
3 2084 2091 2087
3 2079 2085 2088
3 2079 2088 2092
3 2087 2091 2323
3 2087 2323 2089
3 2090 2094 2092
3 2090 2092 2088
3 2095 2098 2096
3 2095 2096 2093
3 2093 2096 2099
3 2093 2099 2080
3 2096 2098 2353
3 2096 2353 2097
3 2100 2099 2096
3 2100 2096 2097
3 2102 2078 2099
3 2102 2099 2100
3 2355 2101 2100
3 2355 2100 2097
3 2101 2104 2102
3 2101 2102 2100
3 2102 2104 2105
3 2102 2105 2103
3 2075 2078 2102
3 2075 2102 2103
3 2106 2107 2105
3 2106 2105 2104
3 2108 2106 2104
3 2108 2104 2101
3 2115 2107 2106
3 2115 2106 2110
3 2110 2106 2108
3 2110 2108 2113
3 2109 2112 2579
3 2109 2579 2111
3 2114 2109 2111
3 2114 2111 2116
3 2117 2114 2116
3 2117 2116 2119
3 2118 2122 2107
3 2118 2107 2115
3 2120 2117 2119
3 2120 2119 2593
3 2121 2124 2122
3 2121 2122 2118
3 2122 2124 2127
3 2122 2127 2123
3 2123 2105 2107
3 2123 2107 2122
3 2124 2126 2129
3 2124 2129 2125
3 2124 2125 2047
3 2124 2047 2127
3 2131 2126 2124
3 2131 2124 2121
3 2594 2123 2127
3 2594 2127 2048
3 2129 2126 2128
3 2129 2128 2190
3 2134 2128 2126
3 2134 2126 2131
3 2133 2130 2132
3 2133 2132 2135
3 2130 2120 2593
3 2130 2593 2132
3 2136 2133 2135
3 2136 2135 2138
3 2137 2141 2128
3 2137 2128 2134
3 2140 2136 2138
3 2140 2138 2592
3 2139 2143 2141
3 2139 2141 2137
3 2128 2141 2142
3 2128 2142 2190
3 2143 2144 2142
3 2143 2142 2141
3 2144 2143 2145
3 2144 2145 2146
3 2148 2145 2143
3 2148 2143 2139
3 2147 2165 2146
3 2147 2146 2145
3 2151 2147 2145
3 2151 2145 2148
3 2152 2149 2150
3 2152 2150 2153
3 2149 2140 2592
3 2149 2592 2150
3 2155 2152 2153
3 2155 2153 2156
3 2154 2159 2147
3 2154 2147 2151
3 2158 2155 2156
3 2158 2156 2580
3 2157 2160 2159
3 2157 2159 2154
3 2358 2161 2159
3 2358 2159 2160
3 2162 2159 2161
3 2162 2161 2163
3 2147 2159 2162
3 2147 2162 2165
3 2163 2411 2164
3 2163 2164 2162
3 2162 2164 2166
3 2162 2166 2165
3 2169 2146 2165
3 2169 2165 2166
3 2168 2166 2164
3 2168 2164 2428
3 2171 2169 2166
3 2171 2166 2168
3 2549 2172 2169
3 2549 2169 2171
3 2172 2175 2173
3 2172 2173 2169
3 2146 2169 2173
3 2146 2173 2144
3 2144 2173 2174
3 2144 2174 2142
3 2181 2174 2173
3 2181 2173 2176
3 2176 2173 2175
3 2176 2175 2179
3 2177 2180 2583
3 2177 2583 2178
3 2182 2177 2178
3 2182 2178 2183
3 2185 2182 2183
3 2185 2183 2186
3 2184 2189 2174
3 2184 2174 2181
3 2188 2185 2186
3 2188 2186 2591
3 2187 2191 2189
3 2187 2189 2184
3 2189 2191 2129
3 2189 2129 2190
3 2142 2174 2189
3 2142 2189 2190
3 2192 2125 2129
3 2192 2129 2191
3 2195 2192 2191
3 2195 2191 2187
3 2045 2047 2125
3 2045 2125 2192
3 2043 2045 2192
3 2043 2192 2193
3 2198 2193 2192
3 2198 2192 2195
3 2194 2188 2591
3 2194 2591 2196
3 2197 2194 2196
3 2197 2196 2199
3 2200 2197 2199
3 2200 2199 2202
3 2201 2205 2193
3 2201 2193 2198
3 2203 2200 2202
3 2203 2202 2589
3 2204 2206 2205
3 2204 2205 2201
3 2207 2205 2206
3 2207 2206 2208
3 2043 2193 2205
3 2043 2205 2207
3 2039 2207 2208
3 2039 2208 2209
3 2209 2208 2210
3 2209 2210 2211
3 2208 2206 2213
3 2208 2213 2210
3 2212 2588 2211
3 2212 2211 2210
3 2213 2214 2212
3 2213 2212 2210
3 2219 2214 2213
3 2219 2213 2216
3 2216 2213 2206
3 2216 2206 2204
3 2215 2203 2589
3 2215 2589 2217
3 2218 2215 2217
3 2218 2217 2220
3 2221 2218 2220
3 2221 2220 2223
3 2222 2226 2214
3 2222 2214 2219
3 2224 2221 2223
3 2224 2223 2584
3 2225 2228 2226
3 2225 2226 2222
3 2214 2226 2227
3 2214 2227 2212
3 2227 2226 2228
3 2227 2228 2229
3 2229 2228 2230
3 2229 2230 2231
3 2233 2230 2228
3 2233 2228 2225
3 2230 2232 2253
3 2230 2253 2231
3 2236 2232 2230
3 2236 2230 2233
3 2237 2234 2235
3 2237 2235 2238
3 2234 2224 2584
3 2234 2584 2235
3 2240 2237 2238
3 2240 2238 2241
3 2239 2242 2232
3 2239 2232 2236
3 2180 2240 2241
3 2180 2241 2583
3 2179 2175 2242
3 2179 2242 2239
3 2172 2243 2242
3 2172 2242 2175
3 2243 2246 2232
3 2243 2232 2242
3 2172 2549 2245
3 2172 2245 2243
3 2249 2246 2243
3 2249 2243 2245
3 2246 2249 2555
3 2246 2555 2247
3 2250 2246 2247
3 2250 2247 2251
3 2232 2246 2250
3 2232 2250 2253
3 2252 2250 2251
3 2252 2251 2254
3 2253 2250 2252
3 2253 2252 1987
3 2585 2231 2253
3 2585 2253 1987
3 2256 1989 2252
3 2256 2252 2254
3 2254 2251 2562
3 2254 2562 2255
3 2257 2256 2254
3 2257 2254 2255
3 1993 1989 2256
3 1993 2256 2259
3 2259 2256 2257
3 2259 2257 2261
3 1998 1992 2258
3 1998 2258 2262
3 2260 2265 2262
3 2260 2262 2258
3 2263 2264 2582
3 2263 2582 1999
3 2266 2267 2264
3 2266 2264 2263
3 2269 2270 2267
3 2269 2267 2266
3 2265 2260 2273
3 2265 2273 2268
3 2272 2581 2270
3 2272 2270 2269
3 2268 2273 2276
3 2268 2276 2271
3 2261 2257 2275
3 2261 2275 2274
3 2274 2275 2278
3 2274 2278 2277
3 2277 2278 2281
3 2277 2281 2280
3 2271 2276 2279
3 2271 2279 2284
3 2280 2281 2463
3 2280 2463 2283
3 2282 2287 2284
3 2282 2284 2279
3 2285 2286 2581
3 2285 2581 2272
3 2288 2291 2286
3 2288 2286 2285
3 2290 2292 2291
3 2290 2291 2288
3 2460 2289 2287
3 2460 2287 2282
3 2295 2293 2292
3 2295 2292 2290
3 2298 2296 2293
3 2298 2293 2295
3 2301 2299 2296
3 2301 2296 2298
3 2304 2302 2299
3 2304 2299 2301
3 2307 2305 2302
3 2307 2302 2304
3 2310 2308 2305
3 2310 2305 2307
3 2313 2311 2308
3 2313 2308 2310
3 2316 2314 2311
3 2316 2311 2313
3 2319 2317 2314
3 2319 2314 2316
3 2322 2320 2317
3 2322 2317 2319
3 2089 2323 2320
3 2089 2320 2322
3 2318 2327 2324
3 2318 2324 2321
3 2094 2090 2321
3 2094 2321 2324
3 2325 2326 2098
3 2325 2098 2095
3 2328 2329 2326
3 2328 2326 2325
3 2331 2332 2329
3 2331 2329 2328
3 2327 2318 2315
3 2327 2315 2330
3 2334 2335 2332
3 2334 2332 2331
3 2312 2333 2330
3 2312 2330 2315
3 2337 2340 2335
3 2337 2335 2334
3 2309 2336 2333
3 2309 2333 2312
3 2339 2341 2340
3 2339 2340 2337
3 2336 2309 2306
3 2336 2306 2338
3 2342 2340 2341
3 2342 2341 2343
3 2345 2335 2340
3 2345 2340 2342
3 2344 2342 2343
3 2344 2343 2390
3 2346 2345 2342
3 2346 2342 2344
3 2345 2346 2348
3 2345 2348 2347
3 2332 2335 2345
3 2332 2345 2347
3 2348 2350 2349
3 2348 2349 2347
3 2349 2329 2332
3 2349 2332 2347
3 2349 2350 2352
3 2349 2352 2351
3 2326 2329 2349
3 2326 2349 2351
3 2352 2354 2353
3 2352 2353 2351
3 2353 2098 2326
3 2353 2326 2351
3 2353 2354 2355
3 2353 2355 2097
3 2356 2578 2355
3 2356 2355 2354
3 2360 2357 2354
3 2360 2354 2352
3 2354 2357 2359
3 2354 2359 2356
3 2160 2359 2357
3 2160 2357 2358
3 2365 2358 2357
3 2365 2357 2362
3 2362 2357 2360
3 2362 2360 2367
3 2364 2361 2363
3 2364 2363 2421
3 2361 2366 2368
3 2361 2368 2363
3 2366 2369 2371
3 2366 2371 2368
3 2367 2360 2374
3 2367 2374 2370
3 2369 2373 2568
3 2369 2568 2371
3 2370 2374 2375
3 2370 2375 2372
3 2375 2374 2350
3 2375 2350 2348
3 2374 2360 2352
3 2374 2352 2350
3 2375 2348 2346
3 2375 2346 2376
3 2372 2375 2376
3 2372 2376 2378
3 2344 2377 2376
3 2344 2376 2346
3 2378 2376 2377
3 2378 2377 2381
3 2373 2379 2380
3 2373 2380 2568
3 2379 2382 2383
3 2379 2383 2380
3 2382 2385 2386
3 2382 2386 2383
3 2381 2377 2389
3 2381 2389 2384
3 2385 2388 2567
3 2385 2567 2386
3 2384 2389 2391
3 2384 2391 2387
3 2377 2344 2390
3 2377 2390 2389
3 2389 2390 2392
3 2389 2392 2391
3 2394 2393 2391
3 2394 2391 2392
3 2387 2391 2393
3 2387 2393 2396
3 2444 2395 2393
3 2444 2393 2394
3 2396 2393 2395
3 2396 2395 2399
3 2397 2400 2401
3 2397 2401 2398
3 2388 2397 2398
3 2388 2398 2567
3 2400 2403 2404
3 2400 2404 2401
3 2399 2395 2407
3 2399 2407 2402
3 2403 2405 2422
3 2403 2422 2404
3 2402 2407 2409
3 2402 2409 2406
3 2409 2407 2408
3 2409 2408 2410
3 2407 2395 2444
3 2407 2444 2408
3 2164 2411 2409
3 2164 2409 2410
3 2406 2409 2411
3 2406 2411 2413
3 2413 2411 2163
3 2413 2163 2416
3 2412 2415 2417
3 2412 2417 2414
3 2405 2412 2414
3 2405 2414 2422
3 2415 2418 2420
3 2415 2420 2417
3 2416 2163 2161
3 2416 2161 2419
3 2418 2364 2421
3 2418 2421 2420
3 2419 2161 2358
3 2419 2358 2365
3 2410 2423 2428
3 2410 2428 2164
3 2423 2410 2408
3 2423 2408 2429
3 2539 2427 2424
3 2539 2424 2425
3 2425 2424 2430
3 2425 2430 2431
3 2434 2435 2431
3 2434 2431 2430
3 2429 2408 2439
3 2429 2439 2433
3 2435 2434 2438
3 2435 2438 2536
3 2433 2439 2440
3 2433 2440 2437
3 2439 2408 2444
3 2439 2444 2441
3 2440 2439 2441
3 2440 2441 2442
3 2441 2443 2464
3 2441 2464 2442
3 2444 2445 2443
3 2444 2443 2441
3 2444 2394 2446
3 2444 2446 2445
3 2445 2447 2448
3 2445 2448 2443
3 2446 2449 2447
3 2446 2447 2445
3 2453 2448 2447
3 2453 2447 2451
3 2451 2447 2449
3 2451 2449 2455
3 2294 2452 2450
3 2294 2450 2297
3 2454 2300 2297
3 2454 2297 2450
3 2455 2449 2458
3 2455 2458 2457
3 2300 2454 2456
3 2300 2456 2303
3 2457 2458 2341
3 2457 2341 2339
3 2303 2456 2338
3 2303 2338 2306
3 2459 2458 2449
3 2459 2449 2446
3 2343 2341 2458
3 2343 2458 2459
3 2392 2459 2446
3 2392 2446 2394
3 2390 2343 2459
3 2390 2459 2392
3 2461 2462 2448
3 2461 2448 2453
3 2452 2294 2289
3 2452 2289 2460
3 2283 2463 2462
3 2283 2462 2461
3 2464 2462 2463
3 2464 2463 2465
3 2443 2448 2462
3 2443 2462 2464
3 2442 2464 2465
3 2442 2465 2467
3 2467 2465 2466
3 2467 2466 2468
3 2465 2463 2281
3 2465 2281 2466
3 2472 2469 2467
3 2472 2467 2468
3 2469 2440 2442
3 2469 2442 2467
3 2437 2440 2469
3 2437 2469 2470
3 2470 2469 2472
3 2470 2472 2474
3 2474 2472 2473
3 2474 2473 2478
3 2473 2472 2468
3 2473 2468 2565
3 2534 2471 2475
3 2534 2475 2476
3 2476 2475 2479
3 2476 2479 2482
3 2482 2479 2481
3 2482 2481 2484
3 2561 2480 2478
3 2561 2478 2473
3 2485 2489 2487
3 2485 2487 2483
3 2483 2487 2491
3 2483 2491 2477
3 2488 2494 2492
3 2488 2492 2486
3 2486 2492 2493
3 2486 2493 2490
3 2497 2495 2494
3 2497 2494 2488
3 2500 2498 2495
3 2500 2495 2497
3 2503 2501 2498
3 2503 2498 2500
3 2506 2504 2501
3 2506 2501 2503
3 2509 2507 2504
3 2509 2504 2506
3 2512 2510 2507
3 2512 2507 2509
3 2515 2513 2510
3 2515 2510 2512
3 2518 2516 2513
3 2518 2513 2515
3 2520 2519 2516
3 2520 2516 2518
3 2523 2522 2519
3 2523 2519 2520
3 2526 2525 2522
3 2526 2522 2523
3 2529 2528 2525
3 2529 2525 2526
3 2532 2531 2528
3 2532 2528 2529
3 2490 2493 2531
3 2490 2531 2532
3 2535 2533 2530
3 2535 2530 2537
3 2477 2491 2533
3 2477 2533 2535
3 2536 2438 2471
3 2536 2471 2534
3 2537 2530 2527
3 2537 2527 2436
3 2436 2527 2524
3 2436 2524 2432
3 2432 2524 2521
3 2432 2521 2426
3 2426 2521 2517
3 2426 2517 2538
3 2538 2517 2514
3 2538 2514 2540
3 2541 2167 2427
3 2541 2427 2539
3 2543 2170 2167
3 2543 2167 2541
3 2540 2514 2511
3 2540 2511 2542
3 2545 2548 2170
3 2545 2170 2543
3 2542 2511 2508
3 2542 2508 2544
3 2547 2244 2548
3 2547 2548 2545
3 2544 2508 2505
3 2544 2505 2546
3 2244 2547 2551
3 2244 2551 2248
3 2546 2505 2502
3 2546 2502 2550
3 2553 2554 2248
3 2553 2248 2551
3 2550 2502 2499
3 2550 2499 2552
3 2557 2558 2554
3 2557 2554 2553
3 2552 2499 2496
3 2552 2496 2556
3 2484 2481 2558
3 2484 2558 2557
3 2556 2496 2489
3 2556 2489 2485
3 2560 2559 2480
3 2560 2480 2561
3 2559 2560 2247
3 2559 2247 2555
3 2251 2247 2560
3 2251 2560 2562
3 2562 2560 2561
3 2562 2561 2563
3 2255 2562 2563
3 2255 2563 2564
3 2564 2563 2565
3 2564 2565 2566
3 2563 2561 2473
3 2563 2473 2565
3 2468 2466 2566
3 2468 2566 2565
3 2278 2275 2564
3 2278 2564 2566
3 2466 2281 2278
3 2466 2278 2566
3 2275 2257 2255
3 2275 2255 2564
3 2569 2359 2160
3 2569 2160 2157
3 2572 2356 2359
3 2572 2359 2569
3 2570 2158 2580
3 2570 2580 2571
3 2573 2570 2571
3 2573 2571 2574
3 2576 2573 2574
3 2576 2574 2577
3 2575 2578 2356
3 2575 2356 2572
3 2112 2576 2577
3 2112 2577 2579
3 2113 2108 2578
3 2113 2578 2575
3 2101 2355 2578
3 2101 2578 2108
3 2586 2229 2231
3 2586 2231 2585
3 1988 2011 2586
3 1988 2586 2585
3 2587 2227 2229
3 2587 2229 2586
3 2011 2014 2587
3 2011 2587 2586
3 2227 2587 2588
3 2227 2588 2212
3 2587 2014 2019
3 2587 2019 2588
3 2588 2019 2590
3 2588 2590 2211
3 2590 2033 2209
3 2590 2209 2211
3 2103 2105 2123
3 2103 2123 2594
3 2050 2072 2594
3 2050 2594 2048
3 2072 2075 2103
3 2072 2103 2594
3 2598 2597 2596
3 2598 2596 2059
3 2029 2600 2597
3 2029 2597 2598
3 2060 2053 2037
3 2060 2037 2599
3 2603 2605 2635
3 2603 2635 2609
3 2603 2607 2639
3 2603 2639 2605
3 2602 2610 2611
3 2602 2611 2606
3 2608 2612 2610
3 2608 2610 2602
3 2614 2613 2612
3 2614 2612 2608
3 2617 2616 2613
3 2617 2613 2614
3 2620 2619 2616
3 2620 2616 2617
3 2625 2623 2619
3 2625 2619 2620
3 2628 2627 2622
3 2628 2622 2624
3 2631 2630 2627
3 2631 2627 2628
3 2634 2633 2630
3 2634 2630 2631
3 2604 2636 2633
3 2604 2633 2634
3 2638 2637 2636
3 2638 2636 2604
3 2606 2611 2637
3 2606 2637 2638
3 2635 2632 2615
3 2635 2615 2609
3 2632 2629 2618
3 2632 2618 2615
3 2629 2626 2621
3 2629 2621 2618
3 2640 2642 2680
3 2640 2680 2641
3 2640 2641 2691
3 2640 2691 2643
3 2646 2642 2640
3 2646 2640 2644
3 2644 2640 2643
3 2644 2643 2645
3 2644 2645 2647
3 2644 2647 2646
3 2646 2648 2649
3 2646 2649 2642
3 2647 2650 2648
3 2647 2648 2646
3 2652 2649 2648
3 2652 2648 2651
3 2650 2653 2651
3 2650 2651 2648
3 2655 2654 2653
3 2655 2653 2650
3 2654 2655 2657
3 2654 2657 2656
3 2659 2658 2656
3 2659 2656 2657
3 2661 2660 2658
3 2661 2658 2659
3 2663 2662 2660
3 2663 2660 2661
3 2662 2663 2665
3 2662 2665 2664
3 2665 2667 2666
3 2665 2666 2664
3 2667 2669 2668
3 2667 2668 2666
3 2668 2669 2671
3 2668 2671 2670
3 2670 2671 2673
3 2670 2673 2672
3 2672 2673 2675
3 2672 2675 2674
3 2676 2674 2675
3 2676 2675 2677
3 2676 2677 2679
3 2676 2679 2678
3 2652 2678 2679
3 2652 2679 2649
3 2680 2679 2677
3 2680 2677 2681
3 2642 2649 2679
3 2642 2679 2680
3 2680 2681 2682
3 2680 2682 2641
3 2684 2682 2681
3 2684 2681 2683
3 2675 2683 2681
3 2675 2681 2677
3 2683 2685 2687
3 2683 2687 2684
3 2683 2675 2673
3 2683 2673 2685
3 2686 2688 2687
3 2686 2687 2685
3 2685 2673 2671
3 2685 2671 2686
3 2689 2687 2688
3 2689 2688 2690
3 2687 2689 2682
3 2687 2682 2684
3 2692 2691 2689
3 2692 2689 2690
3 2641 2682 2689
3 2641 2689 2691
3 2694 2643 2691
3 2694 2691 2692
3 2692 2690 2712
3 2692 2712 2693
3 2693 2695 2694
3 2693 2694 2692
3 2696 2694 2695
3 2696 2695 2698
3 2645 2643 2694
3 2645 2694 2696
3 2696 2698 2699
3 2696 2699 2697
3 2697 2647 2645
3 2697 2645 2696
3 2698 2700 2702
3 2698 2702 2699
3 2698 2695 2701
3 2698 2701 2700
3 2701 2703 2702
3 2701 2702 2700
3 2657 2699 2702
3 2657 2702 2659
3 2703 2661 2659
3 2703 2659 2702
3 2704 2703 2701
3 2704 2701 2705
3 2661 2703 2704
3 2661 2704 2663
3 2705 2707 2706
3 2705 2706 2704
3 2706 2665 2663
3 2706 2663 2704
3 2706 2707 2709
3 2706 2709 2708
3 2665 2706 2708
3 2665 2708 2667
3 2709 2711 2710
3 2709 2710 2708
3 2710 2669 2667
3 2710 2667 2708
3 2710 2711 2688
3 2710 2688 2686
3 2686 2671 2669
3 2686 2669 2710
3 2690 2688 2711
3 2690 2711 2712
3 2707 2712 2711
3 2707 2711 2709
3 2693 2712 2707
3 2693 2707 2705
3 2701 2695 2693
3 2701 2693 2705
3 2699 2657 2655
3 2699 2655 2697
3 2697 2655 2650
3 2697 2650 2647
3 2713 2717 2718
3 2713 2718 2714
3 2714 2722 2721
3 2721 2720 2715
3 2715 2713 2714
3 2721 2715 2714
3 2715 2719 2716
3 2715 2716 2713
3 2724 2723 2726
3 2724 2726 2818
3 2821 2725 2723
3 2821 2723 2724
3 2727 2723 2725
3 2727 2725 2730
3 2723 2727 2729
3 2723 2729 2726
3 2730 2731 2728
3 2730 2728 2727
3 2728 2781 2729
3 2728 2729 2727
3 2732 2733 2731
3 2732 2731 2730
3 2730 2725 2735
3 2730 2735 2732
3 2734 2746 2733
3 2734 2733 2732
3 2732 2735 2737
3 2732 2737 2734
3 2736 2735 2725
3 2736 2725 2821
3 2738 2737 2735
3 2738 2735 2736
3 2741 2739 2737
3 2741 2737 2738
3 2734 2737 2739
3 2734 2739 2742
3 2742 2739 2740
3 2742 2740 2743
3 2739 2741 2830
3 2739 2830 2740
3 2743 2745 2744
3 2743 2744 2742
3 2742 2744 2746
3 2742 2746 2734
3 2748 2747 2745
3 2748 2745 2743
3 2750 2749 2747
3 2750 2747 2748
3 2752 2751 2749
3 2752 2749 2750
3 2754 2753 2751
3 2754 2751 2752
3 2756 2755 2753
3 2756 2753 2754
3 2758 2757 2755
3 2758 2755 2756
3 2760 2759 2757
3 2760 2757 2758
3 2762 2761 2759
3 2762 2759 2760
3 2764 2763 2761
3 2764 2761 2762
3 2766 2765 2763
3 2766 2763 2764
3 2768 2767 2765
3 2768 2765 2766
3 2770 2769 2767
3 2770 2767 2768
3 2772 2771 2769
3 2772 2769 2770
3 2774 2773 2771
3 2774 2771 2772
3 2776 2775 2773
3 2776 2773 2774
3 2778 2777 2775
3 2778 2775 2776
3 2780 2779 2777
3 2780 2777 2778
3 2729 2781 2779
3 2729 2779 2780
3 2780 2782 2726
3 2780 2726 2729
3 2778 2784 2782
3 2778 2782 2780
3 2783 2782 2784
3 2783 2784 2785
3 2818 2726 2782
3 2818 2782 2783
3 2785 2784 2786
3 2785 2786 2787
3 2776 2786 2784
3 2776 2784 2778
3 2787 2786 2788
3 2787 2788 2789
3 2774 2788 2786
3 2774 2786 2776
3 2789 2788 2790
3 2789 2790 2791
3 2772 2790 2788
3 2772 2788 2774
3 2791 2790 2792
3 2791 2792 2793
3 2770 2792 2790
3 2770 2790 2772
3 2793 2792 2794
3 2793 2794 2795
3 2768 2794 2792
3 2768 2792 2770
3 2795 2794 2796
3 2795 2796 2798
3 2794 2768 2766
3 2794 2766 2796
3 2796 2766 2764
3 2796 2764 2797
3 2797 2799 2798
3 2797 2798 2796
3 2799 2801 2800
3 2799 2800 2798
3 2803 2795 2798
3 2803 2798 2800
3 2836 2802 2800
3 2836 2800 2801
3 2800 2802 2804
3 2800 2804 2803
3 2803 2804 2806
3 2803 2806 2805
3 2805 2793 2795
3 2805 2795 2803
3 2805 2806 2808
3 2805 2808 2807
3 2807 2791 2793
3 2807 2793 2805
3 2807 2808 2810
3 2807 2810 2809
3 2809 2789 2791
3 2809 2791 2807
3 2809 2810 2812
3 2809 2812 2811
3 2811 2787 2789
3 2811 2789 2809
3 2812 2785 2787
3 2812 2787 2811
3 2813 2812 2810
3 2813 2810 2814
3 2813 2783 2785
3 2813 2785 2812
3 2815 2813 2814
3 2815 2814 2816
3 2815 2818 2783
3 2815 2783 2813
3 2817 2815 2816
3 2817 2816 2819
3 2817 2724 2818
3 2817 2818 2815
3 2819 2821 2724
3 2819 2724 2817
3 2822 2820 2819
3 2822 2819 2816
3 2820 2736 2821
3 2820 2821 2819
3 2824 2823 2820
3 2824 2820 2822
3 2823 2738 2736
3 2823 2736 2820
3 2826 2825 2823
3 2826 2823 2824
3 2825 2741 2738
3 2825 2738 2823
3 2828 2827 2825
3 2828 2825 2826
3 2741 2825 2827
3 2741 2827 2830
3 2829 2827 2828
3 2829 2828 2833
3 2830 2827 2829
3 2830 2829 2831
3 2740 2830 2831
3 2740 2831 2832
3 2832 2831 2750
3 2832 2750 2748
3 2831 2829 2752
3 2831 2752 2750
3 2743 2740 2832
3 2743 2832 2748
3 2752 2829 2833
3 2752 2833 2754
3 2833 2828 2835
3 2833 2835 2834
3 2754 2833 2834
3 2754 2834 2756
3 2834 2835 2802
3 2834 2802 2836
3 2834 2836 2758
3 2834 2758 2756
3 2836 2801 2760
3 2836 2760 2758
3 2835 2828 2826
3 2835 2826 2837
3 2837 2804 2802
3 2837 2802 2835
3 2838 2806 2804
3 2838 2804 2837
3 2837 2826 2824
3 2837 2824 2838
3 2838 2839 2808
3 2838 2808 2806
3 2839 2838 2824
3 2839 2824 2822
3 2822 2816 2814
3 2822 2814 2839
3 2839 2814 2810
3 2839 2810 2808
3 2760 2801 2799
3 2760 2799 2762
3 2799 2797 2764
3 2799 2764 2762
3 2847 3059 2843
3 2847 2843 2840
3 2844 2927 2845
3 2844 2845 2841
3 2842 2846 2851
3 2842 2851 2849
3 2848 2842 2849
3 2848 2849 2850
3 2850 2849 2852
3 2850 2852 2855
3 2849 2851 2852
3 2851 2922 2853
3 2851 2853 2852
3 2856 2854 2852
3 2856 2852 2853
3 2852 2854 2855
3 2858 2850 2855
3 2858 2855 2854
3 2870 2857 2854
3 2870 2854 2856
3 2857 2858 2854
3 2862 2859 2858
3 2862 2858 2857
3 2859 2848 2850
3 2859 2850 2858
3 2860 2861 3059
3 2860 3059 2847
3 2863 2864 2861
3 2863 2861 2860
3 2866 2867 2864
3 2866 2864 2863
3 2865 2862 2857
3 2865 2857 2870
3 2869 3043 2867
3 2869 2867 2866
3 2868 2865 2870
3 2868 2870 2871
3 2871 2870 2856
3 2873 2868 2871
3 2873 2871 2872
3 2872 2871 2856
3 2872 2856 2876
3 3041 2873 2872
3 3041 2872 2875
3 2875 2872 2876
3 2876 2856 2853
3 2876 2853 2877
3 2878 2876 2877
3 2878 2877 2879
3 2881 2875 2876
3 2881 2876 2878
3 2880 2878 2879
3 2880 2879 2907
3 2884 2881 2878
3 2884 2878 2880
3 2885 2882 2881
3 2885 2881 2884
3 2882 3041 2875
3 2882 2875 2881
3 2888 2885 2884
3 2888 2884 2887
3 2887 2884 2880
3 2891 2888 2887
3 2891 2887 2890
3 2890 2887 2880
3 2890 2880 2894
3 3066 2891 2890
3 3066 2890 2893
3 2893 2890 2894
3 2893 2894 2896
3 2894 2895 2896
3 2894 2880 2907
3 2894 2907 2895
3 2900 2897 2896
3 2900 2896 2895
3 2897 2893 2896
3 2902 2899 2897
3 2902 2897 2900
3 2899 3066 2893
3 2899 2893 2897
3 2905 2902 2900
3 2905 2900 2903
3 2903 2900 2895
3 2903 2895 2907
3 2909 2905 2903
3 2909 2903 2906
3 2906 2903 2907
3 2910 2906 2907
3 2910 2907 2879
3 2912 2909 2906
3 2912 2906 2910
3 2915 2912 2910
3 2915 2910 2913
3 2913 2910 2879
3 2913 2879 2877
3 2918 2915 2913
3 2918 2913 2916
3 2916 2913 2877
3 2921 2918 2916
3 2921 2916 2919
3 2919 2916 2877
3 2919 2877 2853
3 2924 2921 2919
3 2924 2919 2922
3 2922 2919 2853
3 2846 2924 2922
3 2846 2922 2851
3 2923 2925 2926
3 2923 2926 2920
3 2845 2927 2925
3 2845 2925 2923
3 2925 2928 2930
3 2925 2930 2926
3 2929 2928 2925
3 2929 2925 2927
3 2929 2932 2931
3 2929 2931 2928
3 2928 2931 2933
3 2928 2933 2930
3 2932 2936 2934
3 2932 2934 2931
3 2934 2935 2933
3 2934 2933 2931
3 2934 2937 2938
3 2934 2938 2935
3 2936 2939 2937
3 2936 2937 2934
3 2937 2940 2941
3 2937 2941 2938
3 2939 2942 2940
3 2939 2940 2937
3 2946 2944 2942
3 2946 2942 2939
3 2948 2947 2943
3 2948 2943 2945
3 2950 2949 2947
3 2950 2947 2948
3 2952 2951 2949
3 2952 2949 2950
3 2954 2953 2951
3 2954 2951 2952
3 2956 2955 2953
3 2956 2953 2954
3 2958 2957 2955
3 2958 2955 2956
3 2960 2959 2957
3 2960 2957 2958
3 2962 2961 2959
3 2962 2959 2960
3 2964 2963 2961
3 2964 2961 2962
3 2966 2965 2963
3 2966 2963 2964
3 2968 2967 2965
3 2968 2965 2966
3 2970 2969 2967
3 2970 2967 2968
3 2972 2971 2969
3 2972 2969 2970
3 2974 2973 2971
3 2974 2971 2972
3 2976 2975 2973
3 2976 2973 2974
3 2978 2977 2975
3 2978 2975 2976
3 2980 2979 2977
3 2980 2977 2978
3 2982 2981 2979
3 2982 2979 2980
3 2984 2983 2981
3 2984 2981 2982
3 2983 2984 2938
3 2983 2938 2941
3 2985 2984 2982
3 2985 2982 2986
3 2935 2938 2984
3 2935 2984 2985
3 2987 2985 2986
3 2987 2986 2988
3 2933 2935 2985
3 2933 2985 2987
3 2989 2987 2988
3 2989 2988 2990
3 2930 2933 2987
3 2930 2987 2989
3 2991 2989 2990
3 2991 2990 2992
3 2926 2930 2989
3 2926 2989 2991
3 2917 2991 2992
3 2917 2992 2914
3 2920 2926 2991
3 2920 2991 2917
3 2992 2990 2995
3 2992 2995 2993
3 2914 2992 2993
3 2914 2993 2911
3 2993 2995 2996
3 2993 2996 2994
3 2911 2993 2994
3 2911 2994 2908
3 2995 2997 2998
3 2995 2998 2996
3 2990 2988 2997
3 2990 2997 2995
3 2997 2999 3000
3 2997 3000 2998
3 2988 2986 2999
3 2988 2999 2997
3 2999 2980 2978
3 2999 2978 3000
3 2986 2982 2980
3 2986 2980 2999
3 3000 2978 2976
3 3000 2976 3001
3 2998 3000 3001
3 2998 3001 3003
3 3001 2976 2974
3 3001 2974 3002
3 3003 3001 3002
3 3003 3002 3004
3 3005 3003 3004
3 3005 3004 3006
3 2996 2998 3003
3 2996 3003 3005
3 3007 3005 3006
3 3007 3006 3008
3 2994 2996 3005
3 2994 3005 3007
3 2904 3007 3008
3 2904 3008 2901
3 2908 2994 3007
3 2908 3007 2904
3 3008 3006 3011
3 3008 3011 3009
3 2901 3008 3009
3 2901 3009 2898
3 3009 3011 3012
3 3009 3012 3010
3 2898 3009 3010
3 2898 3010 3067
3 3011 3013 3014
3 3011 3014 3012
3 3006 3004 3013
3 3006 3013 3011
3 3013 3015 3016
3 3013 3016 3014
3 3004 3002 3015
3 3004 3015 3013
3 3015 2972 2970
3 3015 2970 3016
3 3002 2974 2972
3 3002 2972 3015
3 3016 2970 2968
3 3016 2968 3017
3 3014 3016 3017
3 3014 3017 3019
3 3017 2968 2966
3 3017 2966 3018
3 3019 3017 3018
3 3019 3018 3020
3 3021 3019 3020
3 3021 3020 3022
3 3012 3014 3019
3 3012 3019 3021
3 3023 3021 3022
3 3023 3022 3024
3 3010 3012 3021
3 3010 3021 3023
3 2892 3023 3024
3 2892 3024 2889
3 3067 3010 3023
3 3067 3023 2892
3 3024 3022 3027
3 3024 3027 3025
3 2889 3024 3025
3 2889 3025 2886
3 3025 3027 3028
3 3025 3028 3026
3 2886 3025 3026
3 2886 3026 2883
3 3027 3029 3030
3 3027 3030 3028
3 3022 3020 3029
3 3022 3029 3027
3 3029 3031 3032
3 3029 3032 3030
3 3020 3018 3031
3 3020 3031 3029
3 3031 2964 2962
3 3031 2962 3032
3 3018 2966 2964
3 3018 2964 3031
3 3032 2962 2960
3 3032 2960 3033
3 3030 3032 3033
3 3030 3033 3035
3 3033 2960 2958
3 3033 2958 3034
3 3035 3033 3034
3 3035 3034 3036
3 3037 3035 3036
3 3037 3036 3038
3 3028 3030 3035
3 3028 3035 3037
3 3039 3037 3038
3 3039 3038 3040
3 3026 3028 3037
3 3026 3037 3039
3 3042 3039 3040
3 3042 3040 2874
3 2883 3026 3039
3 2883 3039 3042
3 3040 3038 3044
3 3040 3044 3043
3 2874 3040 3043
3 2874 3043 2869
3 3043 3044 3045
3 3043 3045 2867
3 3044 3046 3047
3 3044 3047 3045
3 3038 3036 3046
3 3038 3046 3044
3 3046 3048 3049
3 3046 3049 3047
3 3036 3034 3048
3 3036 3048 3046
3 3048 2956 2954
3 3048 2954 3049
3 3034 2958 2956
3 3034 2956 3048
3 3049 2954 2952
3 3049 2952 3050
3 3047 3049 3050
3 3047 3050 3052
3 3050 2952 2950
3 3050 2950 3051
3 3052 3050 3051
3 3052 3051 3053
3 3054 3052 3053
3 3054 3053 3055
3 3045 3047 3052
3 3045 3052 3054
3 2864 3054 3055
3 2864 3055 2861
3 2867 3045 3054
3 2867 3054 2864
3 3055 3053 3060
3 3055 3060 3056
3 2861 3055 3056
3 2861 3056 3059
3 3056 3060 3061
3 3056 3061 3057
3 3059 3056 3057
3 3059 3057 2843
3 3060 3063 3064
3 3060 3064 3061
3 3053 3051 3063
3 3053 3063 3060
3 3063 2948 2945
3 3063 2945 3064
3 3051 2950 2948
3 3051 2948 3063
3 3065 2946 2939
3 3065 2939 2936
3 3062 3065 2936
3 3062 2936 2932
3 3058 3062 2932
3 3058 2932 2929
3 2844 3058 2929
3 2844 2929 2927
3 3068 3078 3089
3 3068 3089 3079
3 3079 3080 3069
3 3079 3069 3068
3 3080 3081 3070
3 3080 3070 3069
3 3081 3082 3071
3 3081 3071 3070
3 3082 3083 3072
3 3082 3072 3071
3 3083 3084 3073
3 3083 3073 3072
3 3084 3086 3075
3 3084 3075 3073
3 3085 3087 3076
3 3085 3076 3074
3 3087 3088 3077
3 3087 3077 3076
3 3088 3089 3078
3 3088 3078 3077
3 3089 3100 3090
3 3089 3090 3079
3 3090 3091 3080
3 3090 3080 3079
3 3091 3092 3081
3 3091 3081 3080
3 3092 3093 3082
3 3092 3082 3081
3 3093 3094 3083
3 3093 3083 3082
3 3094 3095 3084
3 3094 3084 3083
3 3095 3097 3086
3 3095 3086 3084
3 3096 3098 3087
3 3096 3087 3085
3 3098 3099 3088
3 3098 3088 3087
3 3099 3100 3089
3 3099 3089 3088
3 3100 3111 3101
3 3100 3101 3090
3 3101 3102 3091
3 3101 3091 3090
3 3102 3103 3092
3 3102 3092 3091
3 3103 3104 3093
3 3103 3093 3092
3 3104 3105 3094
3 3104 3094 3093
3 3105 3106 3095
3 3105 3095 3094
3 3106 3108 3097
3 3106 3097 3095
3 3107 3109 3098
3 3107 3098 3096
3 3109 3110 3099
3 3109 3099 3098
3 3110 3111 3100
3 3110 3100 3099
3 3111 3133 3113
3 3111 3113 3101
3 3113 3115 3102
3 3113 3102 3101
3 3115 3116 3103
3 3115 3103 3102
3 3116 3118 3104
3 3116 3104 3103
3 3118 3120 3105
3 3118 3105 3104
3 3120 3122 3106
3 3120 3106 3105
3 3122 3125 3108
3 3122 3108 3106
3 3124 3129 3109
3 3124 3109 3107
3 3129 3131 3110
3 3129 3110 3109
3 3131 3133 3111
3 3131 3111 3110
3 3137 3119 3117
3 3137 3117 3136
3 3114 3135 3136
3 3114 3136 3117
3 3112 3134 3135
3 3112 3135 3114
3 3132 3144 3134
3 3132 3134 3112
3 3130 3143 3144
3 3130 3144 3132
3 3142 3143 3130
3 3142 3130 3128
3 3126 3140 3142
3 3126 3142 3128
3 3123 3139 3141
3 3123 3141 3127
3 3121 3138 3139
3 3121 3139 3123
3 3119 3137 3138
3 3119 3138 3121
3 3164 3147 3145
3 3164 3145 3146
3 3147 3149 3148
3 3147 3148 3145
3 3149 3151 3150
3 3149 3150 3148
3 3151 3153 3152
3 3151 3152 3150
3 3153 3155 3154
3 3153 3154 3152
3 3155 3157 3156
3 3155 3156 3154
3 3157 3159 3158
3 3157 3158 3156
3 3159 3162 3160
3 3159 3160 3158
3 3160 3162 3163
3 3160 3163 3161
3 3163 3164 3146
3 3163 3146 3161
3 3168 3243 3166
3 3168 3166 3165
3 3235 3167 3165
3 3235 3165 3166
3 3165 3167 3171
3 3165 3171 3169
3 3165 3169 3172
3 3165 3172 3168
3 3169 3170 3173
3 3169 3173 3172
3 3169 3171 3255
3 3169 3255 3170
3 3174 3172 3173
3 3174 3173 3175
3 3177 3168 3172
3 3177 3172 3174
3 3329 3176 3174
3 3329 3174 3175
3 3176 3179 3177
3 3176 3177 3174
3 3177 3178 3243
3 3177 3243 3168
3 3179 3180 3178
3 3179 3178 3177
3 3181 3182 3180
3 3181 3180 3179
3 3184 3181 3179
3 3184 3179 3176
3 3183 3254 3182
3 3183 3182 3181
3 3181 3184 3186
3 3181 3186 3183
3 3185 3184 3176
3 3185 3176 3329
3 3184 3185 3187
3 3184 3187 3186
3 3189 3188 3186
3 3189 3186 3187
3 3188 3191 3183
3 3188 3183 3186
3 3188 3189 3333
3 3188 3333 3190
3 3191 3188 3190
3 3191 3190 3193
3 3191 3192 3254
3 3191 3254 3183
3 3192 3191 3193
3 3192 3193 3194
3 3194 3193 3195
3 3194 3195 3196
3 3193 3190 3198
3 3193 3198 3195
3 3196 3195 3197
3 3196 3197 3252
3 3195 3198 3200
3 3195 3200 3197
3 3190 3333 3199
3 3190 3199 3198
3 3198 3199 3201
3 3198 3201 3200
3 3200 3201 3203
3 3200 3203 3202
3 3197 3200 3202
3 3197 3202 3205
3 3337 3204 3202
3 3337 3202 3203
3 3204 3207 3205
3 3204 3205 3202
3 3206 3205 3207
3 3206 3207 3208
3 3252 3197 3205
3 3252 3205 3206
3 3208 3207 3209
3 3208 3209 3210
3 3212 3209 3207
3 3212 3207 3204
3 3211 3249 3210
3 3211 3210 3209
3 3214 3211 3209
3 3214 3209 3212
3 3213 3212 3204
3 3213 3204 3337
3 3215 3214 3212
3 3215 3212 3213
3 3217 3216 3214
3 3217 3214 3215
3 3216 3219 3211
3 3216 3211 3214
3 3339 3218 3216
3 3339 3216 3217
3 3218 3221 3219
3 3218 3219 3216
3 3219 3220 3249
3 3219 3249 3211
3 3221 3222 3220
3 3221 3220 3219
3 3223 3224 3222
3 3223 3222 3221
3 3226 3223 3221
3 3226 3221 3218
3 3223 3225 3234
3 3223 3234 3224
3 3225 3223 3226
3 3225 3226 3228
3 3227 3226 3218
3 3227 3218 3339
3 3228 3226 3227
3 3228 3227 3229
3 3230 3228 3229
3 3230 3229 3231
3 3232 3225 3228
3 3232 3228 3230
3 3171 3230 3231
3 3171 3231 3255
3 3167 3232 3230
3 3167 3230 3171
3 3232 3167 3235
3 3232 3235 3233
3 3234 3225 3232
3 3234 3232 3233
3 3233 3235 3236
3 3233 3236 3234
3 3235 3166 3238
3 3235 3238 3236
3 3236 3238 3239
3 3236 3239 3237
3 3224 3234 3236
3 3224 3236 3237
3 3238 3240 3242
3 3238 3242 3239
3 3240 3238 3166
3 3240 3166 3243
3 3243 3178 3241
3 3243 3241 3240
3 3242 3240 3241
3 3242 3241 3244
3 3244 3246 3245
3 3244 3245 3242
3 3242 3245 3247
3 3242 3247 3239
3 3245 3246 3206
3 3245 3206 3208
3 3208 3210 3247
3 3208 3247 3245
3 3248 3247 3210
3 3248 3210 3249
3 3239 3247 3248
3 3239 3248 3237
3 3222 3248 3249
3 3222 3249 3220
3 3237 3248 3222
3 3237 3222 3224
3 3251 3250 3246
3 3251 3246 3244
3 3246 3250 3252
3 3246 3252 3206
3 3192 3194 3250
3 3192 3250 3251
3 3196 3252 3250
3 3196 3250 3194
3 3241 3253 3251
3 3241 3251 3244
3 3253 3254 3192
3 3253 3192 3251
3 3254 3253 3180
3 3254 3180 3182
3 3253 3241 3178
3 3253 3178 3180
3 3231 3256 3257
3 3231 3257 3255
3 3229 3258 3256
3 3229 3256 3231
3 3256 3260 3262
3 3256 3262 3257
3 3258 3263 3260
3 3258 3260 3256
3 3259 3265 3266
3 3259 3266 3261
3 3264 3267 3265
3 3264 3265 3259
3 3267 3264 3271
3 3267 3271 3268
3 3268 3271 3274
3 3268 3274 3269
3 3272 3270 3263
3 3272 3263 3258
3 3275 3273 3270
3 3275 3270 3272
3 3278 3276 3273
3 3278 3273 3275
3 3269 3274 3277
3 3269 3277 3281
3 3338 3279 3276
3 3338 3276 3278
3 3281 3277 3280
3 3281 3280 3282
3 3285 3283 3282
3 3285 3282 3280
3 3288 3286 3283
3 3288 3283 3285
3 3291 3289 3286
3 3291 3286 3288
3 3295 3292 3289
3 3295 3289 3291
3 3292 3295 3298
3 3292 3298 3293
3 3296 3294 3290
3 3296 3290 3334
3 3299 3297 3294
3 3299 3294 3296
3 3302 3300 3297
3 3302 3297 3299
3 3293 3298 3301
3 3293 3301 3305
3 3332 3303 3300
3 3332 3300 3302
3 3305 3301 3304
3 3305 3304 3306
3 3306 3304 3308
3 3306 3308 3307
3 3307 3308 3311
3 3307 3311 3310
3 3310 3311 3314
3 3310 3314 3313
3 3317 3316 3313
3 3317 3313 3314
3 3316 3317 3320
3 3316 3320 3319
3 3319 3320 3323
3 3319 3323 3322
3 3322 3323 3261
3 3322 3261 3266
3 3324 3321 3326
3 3324 3326 3325
3 3257 3262 3324
3 3257 3324 3325
3 3170 3325 3326
3 3170 3326 3173
3 3255 3257 3325
3 3255 3325 3170
3 3173 3326 3327
3 3173 3327 3175
3 3326 3321 3318
3 3326 3318 3327
3 3328 3329 3175
3 3328 3175 3327
3 3327 3318 3315
3 3327 3315 3328
3 3330 3185 3329
3 3330 3329 3328
3 3328 3315 3312
3 3328 3312 3330
3 3185 3330 3331
3 3185 3331 3187
3 3330 3312 3309
3 3330 3309 3331
3 3332 3189 3187
3 3332 3187 3331
3 3331 3309 3303
3 3331 3303 3332
3 3189 3332 3302
3 3189 3302 3333
3 3333 3302 3299
3 3333 3299 3199
3 3199 3299 3296
3 3199 3296 3201
3 3201 3296 3334
3 3201 3334 3203
3 3334 3290 3287
3 3334 3287 3335
3 3335 3337 3203
3 3335 3203 3334
3 3335 3287 3284
3 3335 3284 3336
3 3336 3213 3337
3 3336 3337 3335
3 3336 3284 3279
3 3336 3279 3338
3 3338 3215 3213
3 3338 3213 3336
3 3278 3217 3215
3 3278 3215 3338
3 3275 3339 3217
3 3275 3217 3278
3 3272 3227 3339
3 3272 3339 3275
3 3227 3272 3258
3 3227 3258 3229
