# Blender 4.3.2
# www.blender.org
o trigger
v 0.010788 -0.024784 -0.026471
v 0.010406 -0.029124 -0.025078
v 0.010099 -0.028536 -0.027401
v 0.011135 -0.024839 -0.023802
v 0.009334 -0.029857 -0.025193
v 0.008815 -0.029274 -0.027549
v 0.010406 -0.029124 -0.025078
v 0.010099 -0.028536 -0.027401
v 0.000119 -0.029789 -0.036925
v 0.002280 -0.029138 -0.037179
v 0.002489 -0.029516 -0.036096
v 0.000037 -0.029297 -0.038046
v 0.004459 -0.028914 -0.035595
v 0.002280 -0.029138 -0.037179
v 0.002901 -0.026595 -0.036962
v 0.005109 -0.026195 -0.035289
v 0.002489 -0.029516 -0.036096
v 0.004459 -0.028914 -0.035595
v 0.004242 -0.029232 -0.034980
v 0.002280 -0.029138 -0.037179
v 0.005839 -0.029091 -0.033072
v 0.004459 -0.028914 -0.035595
v 0.006923 -0.028584 -0.032945
v 0.004242 -0.029232 -0.034980
v 0.000573 -0.026849 -0.037883
v 0.002901 -0.026595 -0.036962
v 0.002280 -0.029138 -0.037179
v 0.000037 -0.029297 -0.038046
v 0.009021 -0.028380 -0.029968
v 0.006923 -0.028584 -0.032945
v 0.007597 -0.025593 -0.032487
v 0.009708 -0.025039 -0.029300
v 0.007696 -0.029009 -0.030187
v 0.006923 -0.028584 -0.032945
v 0.009021 -0.028380 -0.029968
v 0.005839 -0.029091 -0.033072
v 0.009334 -0.029857 -0.025193
v 0.010187 -0.030217 -0.022833
v 0.009395 -0.030724 -0.023158
v 0.010406 -0.029124 -0.025078
v 0.011135 -0.024839 -0.023802
v 0.010187 -0.030217 -0.022833
v 0.010406 -0.029124 -0.025078
v 0.011051 -0.025214 -0.021096
v 0.009252 -0.026974 -0.015927
v 0.009457 -0.031767 -0.020752
v 0.010451 -0.025922 -0.018441
v 0.008232 -0.033730 -0.018925
v 0.009395 -0.030724 -0.023158
v 0.009457 -0.031767 -0.020752
v 0.008563 -0.032191 -0.021411
v 0.010187 -0.030217 -0.022833
v 0.008563 -0.032191 -0.021411
v 0.008232 -0.033730 -0.018925
v 0.007346 -0.034156 -0.019649
v 0.009457 -0.031767 -0.020752
v 0.010451 -0.025922 -0.018441
v 0.010187 -0.030217 -0.022833
v 0.011051 -0.025214 -0.021096
v 0.009457 -0.031767 -0.020752
v 0.005443 -0.029120 -0.012077
v 0.006535 -0.035866 -0.017645
v 0.007551 -0.028123 -0.013743
v 0.004391 -0.037941 -0.017208
v 0.007346 -0.034156 -0.019649
v 0.006535 -0.035866 -0.017645
v 0.005840 -0.036218 -0.018308
v 0.008232 -0.033730 -0.018925
v 0.004137 -0.037975 -0.017826
v 0.005840 -0.036218 -0.018308
v 0.004391 -0.037941 -0.017208
v 0.006535 -0.035866 -0.017645
v 0.007551 -0.028123 -0.013743
v 0.008232 -0.033730 -0.018925
v 0.009252 -0.026974 -0.015927
v 0.006535 -0.035866 -0.017645
v 0.000934 -0.030309 -0.010133
v 0.002006 -0.039674 -0.017142
v 0.003160 -0.029878 -0.010888
v -0.000415 -0.040786 -0.016976
v 0.004391 -0.037941 -0.017208
v 0.002015 -0.039370 -0.017870
v 0.004137 -0.037975 -0.017826
v 0.002006 -0.039674 -0.017142
v 0.002006 -0.039674 -0.017142
v -0.000430 -0.040409 -0.017749
v 0.002015 -0.039370 -0.017870
v -0.000415 -0.040786 -0.016976
v 0.003160 -0.029878 -0.010888
v 0.004391 -0.037941 -0.017208
v 0.005443 -0.029120 -0.012077
v 0.002006 -0.039674 -0.017142
v -0.001276 -0.030465 -0.009713
v -0.000415 -0.040786 -0.016976
v 0.000934 -0.030309 -0.010133
v -0.002821 -0.041301 -0.016774
v -0.002941 -0.040967 -0.017567
v -0.000415 -0.040786 -0.016976
v -0.002821 -0.041301 -0.016774
v -0.000430 -0.040409 -0.017749
v -0.005261 -0.040919 -0.017427
v -0.002941 -0.040967 -0.017567
v -0.005159 -0.041244 -0.016597
v -0.002821 -0.041301 -0.016774
v -0.003507 -0.030396 -0.009528
v -0.002821 -0.041301 -0.016774
v -0.001276 -0.030465 -0.009713
v -0.005159 -0.041244 -0.016597
v -0.005933 -0.029992 -0.009696
v -0.005159 -0.041244 -0.016597
v -0.003507 -0.030396 -0.009528
v -0.007438 -0.040728 -0.016552
v -0.007515 -0.040389 -0.017401
v -0.005261 -0.040919 -0.017427
v -0.007438 -0.040728 -0.016552
v -0.005159 -0.041244 -0.016597
v -0.009828 -0.039501 -0.017564
v -0.007515 -0.040389 -0.017401
v -0.009665 -0.039865 -0.016743
v -0.007438 -0.040728 -0.016552
v -0.009665 -0.039865 -0.016743
v -0.005933 -0.029992 -0.009696
v -0.008727 -0.029144 -0.010332
v -0.007438 -0.040728 -0.016552
v -0.011800 -0.038659 -0.017273
v -0.008727 -0.029144 -0.010332
v -0.011466 -0.028069 -0.011467
v -0.009665 -0.039865 -0.016743
v -0.009828 -0.039501 -0.017564
v -0.011800 -0.038659 -0.017273
v -0.011518 -0.038587 -0.017877
v -0.009665 -0.039865 -0.016743
v -0.012841 -0.037503 -0.018653
v -0.011800 -0.038659 -0.017273
v -0.013805 -0.037109 -0.018247
v -0.011518 -0.038587 -0.017877
v -0.013805 -0.037109 -0.018247
v -0.011466 -0.028069 -0.011467
v -0.013728 -0.026985 -0.013128
v -0.011800 -0.038659 -0.017273
v -0.016710 -0.033610 -0.021628
v -0.015533 -0.026022 -0.015342
v -0.016899 -0.025310 -0.018134
v -0.015501 -0.035374 -0.019690
v -0.013805 -0.037109 -0.018247
v -0.014365 -0.035864 -0.020073
v -0.012841 -0.037503 -0.018653
v -0.015501 -0.035374 -0.019690
v -0.015501 -0.035374 -0.019690
v -0.015602 -0.034128 -0.021947
v -0.014365 -0.035864 -0.020073
v -0.016710 -0.033610 -0.021628
v -0.015501 -0.035374 -0.019690
v -0.013728 -0.026985 -0.013128
v -0.015533 -0.026022 -0.015342
v -0.013805 -0.037109 -0.018247
v -0.017757 -0.024977 -0.025010
v -0.017394 -0.031982 -0.023937
v -0.017687 -0.024934 -0.021394
v -0.017510 -0.030656 -0.026494
v -0.016710 -0.033610 -0.021628
v -0.016353 -0.032502 -0.024192
v -0.015602 -0.034128 -0.021947
v -0.017394 -0.031982 -0.023937
v -0.017394 -0.031982 -0.023937
v -0.016417 -0.031191 -0.026724
v -0.016353 -0.032502 -0.024192
v -0.017510 -0.030656 -0.026494
v -0.016710 -0.033610 -0.021628
v -0.017687 -0.024934 -0.021394
v -0.017394 -0.031982 -0.023937
v -0.016899 -0.025310 -0.018134
v -0.015981 -0.025738 -0.031368
v -0.017097 -0.029727 -0.029024
v -0.017168 -0.025294 -0.028497
v -0.016195 -0.029292 -0.031252
v -0.017510 -0.030656 -0.026494
v -0.015979 -0.030258 -0.029248
v -0.016417 -0.031191 -0.026724
v -0.017097 -0.029727 -0.029024
v -0.015979 -0.030258 -0.029248
v -0.017097 -0.029727 -0.029024
v -0.016195 -0.029292 -0.031252
v -0.015223 -0.029764 -0.031469
v -0.017510 -0.030656 -0.026494
v -0.017168 -0.025294 -0.028497
v -0.017097 -0.029727 -0.029024
v -0.017757 -0.024977 -0.025010
v -0.014356 -0.026198 -0.033698
v -0.013041 -0.029210 -0.035115
v -0.014833 -0.029177 -0.033257
v -0.012454 -0.026564 -0.035560
v -0.015223 -0.029764 -0.031469
v -0.014833 -0.029177 -0.033257
v -0.014377 -0.029594 -0.032980
v -0.016195 -0.029292 -0.031252
v -0.012973 -0.029698 -0.034237
v -0.014833 -0.029177 -0.033257
v -0.013041 -0.029210 -0.035115
v -0.014377 -0.029594 -0.032980
v -0.015981 -0.025738 -0.031368
v -0.014833 -0.029177 -0.033257
v -0.016195 -0.029292 -0.031252
v -0.014356 -0.026198 -0.033698
v -0.007895 -0.027008 -0.037988
v -0.010841 -0.029319 -0.036697
v -0.010295 -0.026835 -0.036982
v -0.008256 -0.029433 -0.037875
v -0.010717 -0.029869 -0.035673
v -0.013041 -0.029210 -0.035115
v -0.010841 -0.029319 -0.036697
v -0.012973 -0.029698 -0.034237
v -0.008101 -0.030012 -0.036760
v -0.010841 -0.029319 -0.036697
v -0.008256 -0.029433 -0.037875
v -0.010717 -0.029869 -0.035673
v -0.005308 -0.030069 -0.037373
v -0.008256 -0.029433 -0.037875
v -0.005459 -0.029491 -0.038529
v -0.008101 -0.030012 -0.036760
v -0.002618 -0.029430 -0.038541
v 0.000037 -0.029297 -0.038046
v -0.002524 -0.029984 -0.037390
v 0.000119 -0.029789 -0.036925
v -0.005459 -0.029491 -0.038529
v -0.007895 -0.027008 -0.037988
v -0.005229 -0.027071 -0.038498
v -0.008256 -0.029433 -0.037875
v -0.002271 -0.027013 -0.038429
v 0.000573 -0.026849 -0.037883
v 0.000037 -0.029297 -0.038046
v -0.002618 -0.029430 -0.038541
v -0.011764 -0.036899 -0.020148
v -0.010588 -0.038449 -0.018619
v -0.012841 -0.037503 -0.018653
v -0.014365 -0.035864 -0.020073
v -0.010588 -0.038449 -0.018619
v -0.009828 -0.039501 -0.017564
v -0.011518 -0.038587 -0.017877
v -0.012841 -0.037503 -0.018653
v -0.010588 -0.038449 -0.018619
v -0.007836 -0.039495 -0.018521
v -0.009828 -0.039501 -0.017564
v -0.007515 -0.040389 -0.017401
v -0.008622 -0.038050 -0.020155
v -0.007836 -0.039495 -0.018521
v -0.010588 -0.038449 -0.018619
v -0.011764 -0.036899 -0.020148
v -0.014256 -0.033213 -0.024482
v -0.013218 -0.035027 -0.022116
v -0.015602 -0.034128 -0.021947
v -0.016353 -0.032502 -0.024192
v -0.013218 -0.035027 -0.022116
v -0.011764 -0.036899 -0.020148
v -0.014365 -0.035864 -0.020073
v -0.015602 -0.034128 -0.021947
v -0.010105 -0.036057 -0.022265
v -0.008622 -0.038050 -0.020155
v -0.011764 -0.036899 -0.020148
v -0.013218 -0.035027 -0.022116
v -0.011273 -0.034050 -0.024817
v -0.010105 -0.036057 -0.022265
v -0.013218 -0.035027 -0.022116
v -0.014256 -0.033213 -0.024482
v -0.011114 -0.032558 -0.027776
v -0.014182 -0.031835 -0.027207
v -0.013624 -0.030832 -0.029968
v -0.010555 -0.031432 -0.030816
v -0.014182 -0.031835 -0.027207
v -0.016417 -0.031191 -0.026724
v -0.015979 -0.030258 -0.029248
v -0.013624 -0.030832 -0.029968
v -0.016353 -0.032502 -0.024192
v -0.014182 -0.031835 -0.027207
v -0.014256 -0.033213 -0.024482
v -0.016417 -0.031191 -0.026724
v -0.014256 -0.033213 -0.024482
v -0.011114 -0.032558 -0.027776
v -0.011273 -0.034050 -0.024817
v -0.014182 -0.031835 -0.027207
v -0.010528 -0.030519 -0.033611
v -0.013207 -0.030143 -0.032442
v -0.012973 -0.029698 -0.034237
v -0.010717 -0.029869 -0.035673
v -0.013207 -0.030143 -0.032442
v -0.015223 -0.029764 -0.031469
v -0.014377 -0.029594 -0.032980
v -0.012973 -0.029698 -0.034237
v -0.013624 -0.030832 -0.029968
v -0.015979 -0.030258 -0.029248
v -0.015223 -0.029764 -0.031469
v -0.013207 -0.030143 -0.032442
v -0.010555 -0.031432 -0.030816
v -0.013624 -0.030832 -0.029968
v -0.013207 -0.030143 -0.032442
v -0.010528 -0.030519 -0.033611
v -0.007483 -0.031830 -0.031429
v -0.004909 -0.030835 -0.034958
v -0.004468 -0.031935 -0.031759
v -0.007730 -0.030766 -0.034477
v -0.007730 -0.030766 -0.034477
v -0.005308 -0.030069 -0.037373
v -0.004909 -0.030835 -0.034958
v -0.008101 -0.030012 -0.036760
v -0.007730 -0.030766 -0.034477
v -0.010717 -0.029869 -0.035673
v -0.008101 -0.030012 -0.036760
v -0.010528 -0.030519 -0.033611
v -0.007483 -0.031830 -0.031429
v -0.010528 -0.030519 -0.033611
v -0.007730 -0.030766 -0.034477
v -0.010555 -0.031432 -0.030816
v -0.001573 -0.031657 -0.031758
v 0.000621 -0.030295 -0.034569
v 0.001463 -0.031000 -0.031432
v -0.002161 -0.030679 -0.034975
v -0.002161 -0.030679 -0.034975
v 0.000119 -0.029789 -0.036925
v 0.000621 -0.030295 -0.034569
v -0.002524 -0.029984 -0.037390
v -0.004909 -0.030835 -0.034958
v -0.002524 -0.029984 -0.037390
v -0.002161 -0.030679 -0.034975
v -0.005308 -0.030069 -0.037373
v -0.004468 -0.031935 -0.031759
v -0.002161 -0.030679 -0.034975
v -0.001573 -0.031657 -0.031758
v -0.004909 -0.030835 -0.034958
v 0.004903 -0.029967 -0.030789
v 0.005839 -0.029091 -0.033072
v 0.007696 -0.029009 -0.030187
v 0.003544 -0.029681 -0.033784
v 0.003544 -0.029681 -0.033784
v 0.004242 -0.029232 -0.034980
v 0.005839 -0.029091 -0.033072
v 0.002489 -0.029516 -0.036096
v 0.000621 -0.030295 -0.034569
v 0.002489 -0.029516 -0.036096
v 0.003544 -0.029681 -0.033784
v 0.000119 -0.029789 -0.036925
v 0.001463 -0.031000 -0.031432
v 0.003544 -0.029681 -0.033784
v 0.004903 -0.029967 -0.030789
v 0.000621 -0.030295 -0.034569
v -0.005261 -0.040919 -0.017427
v -0.003173 -0.040216 -0.018529
v -0.002941 -0.040967 -0.017567
v -0.005485 -0.040127 -0.018489
v -0.005485 -0.040127 -0.018489
v -0.003467 -0.038935 -0.020090
v -0.003173 -0.040216 -0.018529
v -0.006007 -0.038786 -0.020118
v -0.007836 -0.039495 -0.018521
v -0.006007 -0.038786 -0.020118
v -0.005485 -0.040127 -0.018489
v -0.008622 -0.038050 -0.020155
v -0.007515 -0.040389 -0.017401
v -0.005485 -0.040127 -0.018489
v -0.005261 -0.040919 -0.017427
v -0.007836 -0.039495 -0.018521
v 0.008563 -0.032191 -0.021411
v 0.006756 -0.032731 -0.022522
v 0.007933 -0.031385 -0.023594
v 0.009395 -0.030724 -0.023158
v 0.009334 -0.029857 -0.025193
v 0.009395 -0.030724 -0.023158
v 0.007933 -0.031385 -0.023594
v 0.007120 -0.031056 -0.025300
v 0.007120 -0.031056 -0.025300
v 0.006756 -0.032731 -0.022522
v 0.004000 -0.033063 -0.024647
v 0.007933 -0.031385 -0.023594
v 0.004903 -0.029967 -0.030789
v 0.006102 -0.030505 -0.027829
v 0.002611 -0.031882 -0.028154
v 0.001463 -0.031000 -0.031432
v 0.004000 -0.033063 -0.024647
v 0.006102 -0.030505 -0.027829
v 0.007120 -0.031056 -0.025300
v 0.002611 -0.031882 -0.028154
v 0.008815 -0.029274 -0.027549
v 0.009334 -0.029857 -0.025193
v 0.007120 -0.031056 -0.025300
v 0.006102 -0.030505 -0.027829
v 0.007696 -0.029009 -0.030187
v 0.008815 -0.029274 -0.027549
v 0.006102 -0.030505 -0.027829
v 0.004903 -0.029967 -0.030789
v 0.002015 -0.039370 -0.017870
v -0.000536 -0.039632 -0.018647
v 0.001907 -0.038735 -0.018668
v -0.000430 -0.040409 -0.017749
v 0.001907 -0.038735 -0.018668
v -0.000548 -0.038323 -0.020123
v 0.002265 -0.037399 -0.019919
v -0.000536 -0.039632 -0.018647
v -0.000536 -0.039632 -0.018647
v -0.003467 -0.038935 -0.020090
v -0.000548 -0.038323 -0.020123
v -0.003173 -0.040216 -0.018529
v -0.000430 -0.040409 -0.017749
v -0.003173 -0.040216 -0.018529
v -0.000536 -0.039632 -0.018647
v -0.002941 -0.040967 -0.017567
v 0.005568 -0.034682 -0.020799
v 0.005840 -0.036218 -0.018308
v 0.004488 -0.036610 -0.019180
v 0.007346 -0.034156 -0.019649
v 0.006756 -0.032731 -0.022522
v 0.007346 -0.034156 -0.019649
v 0.005568 -0.034682 -0.020799
v 0.008563 -0.032191 -0.021411
v 0.004000 -0.033063 -0.024647
v 0.005568 -0.034682 -0.020799
v 0.002950 -0.035439 -0.021920
v 0.006756 -0.032731 -0.022522
v 0.002950 -0.035439 -0.021920
v 0.004488 -0.036610 -0.019180
v 0.002265 -0.037399 -0.019919
v 0.005568 -0.034682 -0.020799
v 0.002015 -0.039370 -0.017870
v 0.003638 -0.037885 -0.018421
v 0.004137 -0.037975 -0.017826
v 0.001907 -0.038735 -0.018668
v 0.004488 -0.036610 -0.019180
v 0.004137 -0.037975 -0.017826
v 0.003638 -0.037885 -0.018421
v 0.005840 -0.036218 -0.018308
v 0.002265 -0.037399 -0.019919
v 0.003638 -0.037885 -0.018421
v 0.001907 -0.038735 -0.018668
v 0.004488 -0.036610 -0.019180
v 0.005109 -0.026195 -0.035289
v 0.006923 -0.028584 -0.032945
v 0.004459 -0.028914 -0.035595
v 0.007597 -0.025593 -0.032487
v -0.010295 -0.026835 -0.036982
v -0.013041 -0.029210 -0.035115
v -0.012454 -0.026564 -0.035560
v -0.010841 -0.029319 -0.036697
v -0.005229 -0.027071 -0.038498
v -0.002618 -0.029430 -0.038541
v -0.005459 -0.029491 -0.038529
v -0.002271 -0.027013 -0.038429
v 0.009708 -0.025039 -0.029300
v 0.010099 -0.028536 -0.027401
v 0.009021 -0.028380 -0.029968
v 0.010788 -0.024784 -0.026471
v -0.005459 -0.029491 -0.038529
v -0.002618 -0.029430 -0.038541
v -0.005308 -0.030069 -0.037373
v -0.002524 -0.029984 -0.037390
v 0.008815 -0.029274 -0.027549
v 0.009021 -0.028380 -0.029968
v 0.010099 -0.028536 -0.027401
v 0.007696 -0.029009 -0.030187
v -0.007766 -0.034766 -0.025105
v -0.006982 -0.036825 -0.022365
v -0.010105 -0.036057 -0.022265
v -0.011273 -0.034050 -0.024817
v -0.006982 -0.036825 -0.022365
v -0.006007 -0.038786 -0.020118
v -0.008622 -0.038050 -0.020155
v -0.010105 -0.036057 -0.022265
v -0.003747 -0.037037 -0.022398
v -0.003467 -0.038935 -0.020090
v -0.006007 -0.038786 -0.020118
v -0.006982 -0.036825 -0.022365
v -0.003997 -0.035003 -0.025252
v -0.003747 -0.037037 -0.022398
v -0.006982 -0.036825 -0.022365
v -0.007766 -0.034766 -0.025105
v -0.007483 -0.031830 -0.031429
v -0.004201 -0.033313 -0.028448
v -0.007714 -0.033132 -0.028216
v -0.004468 -0.031935 -0.031759
v -0.007714 -0.033132 -0.028216
v -0.011114 -0.032558 -0.027776
v -0.010555 -0.031432 -0.030816
v -0.007483 -0.031830 -0.031429
v -0.011273 -0.034050 -0.024817
v -0.007714 -0.033132 -0.028216
v -0.007766 -0.034766 -0.025105
v -0.011114 -0.032558 -0.027776
v -0.007766 -0.034766 -0.025105
v -0.004201 -0.033313 -0.028448
v -0.003997 -0.035003 -0.025252
v -0.007714 -0.033132 -0.028216
v -0.000228 -0.034399 -0.025165
v 0.002611 -0.031882 -0.028154
v 0.004000 -0.033063 -0.024647
v -0.000791 -0.032858 -0.028394
v -0.000791 -0.032858 -0.028394
v 0.001463 -0.031000 -0.031432
v 0.002611 -0.031882 -0.028154
v -0.001573 -0.031657 -0.031758
v -0.004201 -0.033313 -0.028448
v -0.001573 -0.031657 -0.031758
v -0.000791 -0.032858 -0.028394
v -0.004468 -0.031935 -0.031759
v -0.003997 -0.035003 -0.025252
v -0.000791 -0.032858 -0.028394
v -0.000228 -0.034399 -0.025165
v -0.004201 -0.033313 -0.028448
v -0.000228 -0.034399 -0.025165
v 0.004000 -0.033063 -0.024647
v 0.002950 -0.035439 -0.021920
v -0.000296 -0.036400 -0.022352
v -0.003997 -0.035003 -0.025252
v -0.000228 -0.034399 -0.025165
v -0.000296 -0.036400 -0.022352
v -0.003747 -0.037037 -0.022398
v -0.003747 -0.037037 -0.022398
v -0.000296 -0.036400 -0.022352
v -0.000548 -0.038323 -0.020123
v -0.003467 -0.038935 -0.020090
v -0.000296 -0.036400 -0.022352
v 0.002950 -0.035439 -0.021920
v 0.002265 -0.037399 -0.019919
v -0.000548 -0.038323 -0.020123
v -0.009127 0.007956 -0.014810
v -0.008390 0.006478 -0.011626
v -0.008705 0.008914 -0.013765
v -0.008822 0.005496 -0.012696
v 0.000712 0.005569 -0.014402
v -0.000240 0.007068 -0.017520
v 0.000182 0.008027 -0.016476
v 0.000279 0.004587 -0.015471
v 0.000279 0.004587 -0.015471
v -0.001066 0.006198 -0.018385
v -0.000240 0.007068 -0.017520
v -0.000567 0.003696 -0.016358
v 0.000666 0.006547 -0.013246
v -0.000348 0.009841 -0.014248
v 0.000169 0.007428 -0.012120
v 0.000137 0.008981 -0.015348
v 0.000712 0.005569 -0.014402
v 0.000137 0.008981 -0.015348
v 0.000666 0.006547 -0.013246
v 0.000182 0.008027 -0.016476
v -0.002234 0.005508 -0.018975
v -0.001762 0.002989 -0.016962
v -0.003177 0.002525 -0.017241
v -0.003615 0.005054 -0.019247
v -0.001066 0.006198 -0.018385
v -0.000567 0.003696 -0.016358
v -0.001762 0.002989 -0.016962
v -0.002234 0.005508 -0.018975
v -0.000751 0.008119 -0.011137
v -0.001247 0.010516 -0.013288
v -0.002454 0.010950 -0.012553
v -0.001987 0.008563 -0.010384
v 0.000169 0.007428 -0.012120
v -0.001247 0.010516 -0.013288
v -0.000751 0.008119 -0.011137
v -0.000348 0.009841 -0.014248
v -0.003615 0.005054 -0.019247
v -0.003177 0.002525 -0.017241
v -0.004680 0.002362 -0.017149
v -0.005083 0.004896 -0.019158
v -0.004680 0.002362 -0.017149
v -0.006492 0.005033 -0.018733
v -0.005083 0.004896 -0.019158
v -0.006123 0.002502 -0.016713
v -0.004933 0.008540 -0.009857
v -0.003863 0.011086 -0.012128
v -0.005330 0.010928 -0.012038
v -0.003430 0.008703 -0.009949
v -0.001987 0.008563 -0.010384
v -0.003863 0.011086 -0.012128
v -0.003430 0.008703 -0.009949
v -0.002454 0.010950 -0.012553
v -0.006123 0.002502 -0.016713
v -0.007699 0.005466 -0.017998
v -0.006492 0.005033 -0.018733
v -0.007359 0.002946 -0.015961
v -0.008597 0.006141 -0.017038
v -0.007359 0.002946 -0.015961
v -0.008279 0.003637 -0.014977
v -0.007699 0.005466 -0.017998
v -0.005330 0.010928 -0.012038
v -0.006348 0.008076 -0.010136
v -0.004933 0.008540 -0.009857
v -0.006712 0.010474 -0.012310
v -0.006712 0.010474 -0.012310
v -0.007544 0.007369 -0.010740
v -0.006348 0.008076 -0.010136
v -0.007879 0.009784 -0.012900
v -0.009127 0.007956 -0.014810
v -0.008776 0.004518 -0.013851
v -0.008822 0.005496 -0.012696
v -0.009082 0.007001 -0.015938
v -0.009082 0.007001 -0.015938
v -0.008279 0.003637 -0.014977
v -0.008776 0.004518 -0.013851
v -0.008597 0.006141 -0.017038
v -0.008705 0.008914 -0.013765
v -0.007544 0.007369 -0.010740
v -0.007879 0.009784 -0.012900
v -0.008390 0.006478 -0.011626
v -0.006402 0.010327 -0.013038
v -0.005153 0.010483 -0.013387
v -0.005890 0.010161 -0.013752
v -0.005237 0.010709 -0.012809
v -0.006712 0.010474 -0.012310
v -0.005237 0.010709 -0.012809
v -0.006402 0.010327 -0.013038
v -0.005330 0.010928 -0.012038
v -0.007879 0.009784 -0.012900
v -0.006402 0.010327 -0.013038
v -0.007386 0.009745 -0.013536
v -0.006712 0.010474 -0.012310
v -0.006402 0.010327 -0.013038
v -0.006754 0.009611 -0.014260
v -0.007386 0.009745 -0.013536
v -0.005890 0.010161 -0.013752
v -0.007652 0.007886 -0.016089
v -0.006111 0.007936 -0.016698
v -0.007219 0.007254 -0.016937
v -0.006768 0.008556 -0.015745
v -0.006111 0.007936 -0.016698
v -0.005844 0.009288 -0.015163
v -0.004598 0.008731 -0.016273
v -0.006768 0.008556 -0.015745
v -0.007443 0.008946 -0.014885
v -0.005844 0.009288 -0.015163
v -0.006768 0.008556 -0.015745
v -0.006754 0.009611 -0.014260
v -0.007876 0.008352 -0.015375
v -0.006768 0.008556 -0.015745
v -0.007652 0.007886 -0.016089
v -0.007443 0.008946 -0.014885
v -0.003831 0.009720 -0.015034
v -0.004312 0.010500 -0.013651
v -0.003245 0.010365 -0.014035
v -0.004976 0.009959 -0.014437
v -0.004976 0.009959 -0.014437
v -0.005153 0.010483 -0.013387
v -0.004312 0.010500 -0.013651
v -0.005890 0.010161 -0.013752
v -0.005890 0.010161 -0.013752
v -0.005844 0.009288 -0.015163
v -0.006754 0.009611 -0.014260
v -0.004976 0.009959 -0.014437
v -0.005844 0.009288 -0.015163
v -0.003831 0.009720 -0.015034
v -0.004598 0.008731 -0.016273
v -0.004976 0.009959 -0.014437
v -0.008705 0.008914 -0.013765
v -0.008083 0.009011 -0.014265
v -0.008439 0.008203 -0.015146
v -0.009127 0.007956 -0.014810
v -0.008083 0.009011 -0.014265
v -0.007443 0.008946 -0.014885
v -0.007876 0.008352 -0.015375
v -0.008439 0.008203 -0.015146
v -0.008083 0.009011 -0.014265
v -0.006754 0.009611 -0.014260
v -0.007443 0.008946 -0.014885
v -0.007386 0.009745 -0.013536
v -0.008705 0.008914 -0.013765
v -0.007879 0.009784 -0.012900
v -0.008083 0.009011 -0.014265
v -0.007386 0.009745 -0.013536
v -0.002811 0.010727 -0.013243
v -0.003863 0.011086 -0.012128
v -0.002454 0.010950 -0.012553
v -0.003999 0.010843 -0.012884
v -0.003999 0.010843 -0.012884
v -0.005237 0.010709 -0.012809
v -0.005330 0.010928 -0.012038
v -0.003863 0.011086 -0.012128
v -0.004312 0.010500 -0.013651
v -0.005237 0.010709 -0.012809
v -0.003999 0.010843 -0.012884
v -0.005153 0.010483 -0.013387
v -0.003245 0.010365 -0.014035
v -0.003999 0.010843 -0.012884
v -0.002811 0.010727 -0.013243
v -0.004312 0.010500 -0.013651
v -0.007992 0.006672 -0.017025
v -0.009082 0.007001 -0.015938
v -0.008401 0.007398 -0.016097
v -0.008597 0.006141 -0.017038
v -0.008401 0.007398 -0.016097
v -0.007219 0.007254 -0.016937
v -0.007992 0.006672 -0.017025
v -0.007652 0.007886 -0.016089
v -0.007652 0.007886 -0.016089
v -0.008401 0.007398 -0.016097
v -0.008439 0.008203 -0.015146
v -0.007876 0.008352 -0.015375
v -0.008401 0.007398 -0.016097
v -0.009127 0.007956 -0.014810
v -0.008439 0.008203 -0.015146
v -0.009082 0.007001 -0.015938
v -0.001247 0.010516 -0.013288
v -0.001036 0.009793 -0.014672
v -0.001794 0.010362 -0.013863
v -0.000348 0.009841 -0.014248
v -0.001794 0.010362 -0.013863
v -0.002454 0.010950 -0.012553
v -0.001247 0.010516 -0.013288
v -0.002811 0.010727 -0.013243
v -0.001794 0.010362 -0.013863
v -0.003245 0.010365 -0.014035
v -0.002811 0.010727 -0.013243
v -0.002275 0.010056 -0.014554
v -0.001794 0.010362 -0.013863
v -0.001036 0.009793 -0.014672
v -0.001581 0.009705 -0.014972
v -0.002275 0.010056 -0.014554
v -0.002853 0.008636 -0.016490
v -0.002625 0.009446 -0.015480
v -0.001508 0.009205 -0.015696
v -0.001540 0.008474 -0.016573
v -0.001508 0.009205 -0.015696
v -0.002625 0.009446 -0.015480
v -0.001581 0.009705 -0.014972
v -0.002275 0.010056 -0.014554
v -0.003831 0.009720 -0.015034
v -0.002275 0.010056 -0.014554
v -0.002625 0.009446 -0.015480
v -0.003245 0.010365 -0.014035
v -0.002853 0.008636 -0.016490
v -0.003831 0.009720 -0.015034
v -0.002625 0.009446 -0.015480
v -0.004598 0.008731 -0.016273
v -0.005125 0.006374 -0.018336
v -0.005524 0.007177 -0.017596
v -0.004262 0.007533 -0.017518
v -0.003996 0.006551 -0.018366
v -0.006111 0.007936 -0.016698
v -0.004262 0.007533 -0.017518
v -0.005524 0.007177 -0.017596
v -0.004598 0.008731 -0.016273
v -0.006111 0.007936 -0.016698
v -0.005524 0.007177 -0.017596
v -0.006574 0.006690 -0.017693
v -0.007219 0.007254 -0.016937
v -0.005986 0.006256 -0.018188
v -0.006574 0.006690 -0.017693
v -0.005524 0.007177 -0.017596
v -0.005125 0.006374 -0.018336
v -0.002906 0.006851 -0.018194
v -0.004262 0.007533 -0.017518
v -0.002964 0.007727 -0.017433
v -0.003996 0.006551 -0.018366
v -0.002964 0.007727 -0.017433
v -0.001802 0.007716 -0.017388
v -0.002096 0.007092 -0.017939
v -0.002906 0.006851 -0.018194
v -0.002853 0.008636 -0.016490
v -0.001540 0.008474 -0.016573
v -0.001802 0.007716 -0.017388
v -0.002964 0.007727 -0.017433
v -0.002853 0.008636 -0.016490
v -0.004262 0.007533 -0.017518
v -0.004598 0.008731 -0.016273
v -0.002964 0.007727 -0.017433
v -0.000589 0.008263 -0.016551
v -0.000627 0.009068 -0.015600
v 0.000137 0.008981 -0.015348
v 0.000182 0.008027 -0.016476
v -0.000348 0.009841 -0.014248
v -0.000627 0.009068 -0.015600
v -0.001036 0.009793 -0.014672
v 0.000137 0.008981 -0.015348
v -0.001581 0.009705 -0.014972
v -0.000627 0.009068 -0.015600
v -0.001508 0.009205 -0.015696
v -0.001036 0.009793 -0.014672
v -0.001540 0.008474 -0.016573
v -0.001508 0.009205 -0.015696
v -0.000627 0.009068 -0.015600
v -0.000589 0.008263 -0.016551
v -0.007699 0.005466 -0.017998
v -0.006216 0.005738 -0.018454
v -0.006492 0.005033 -0.018733
v -0.007234 0.006103 -0.017834
v -0.007234 0.006103 -0.017834
v -0.005986 0.006256 -0.018188
v -0.006216 0.005738 -0.018454
v -0.006574 0.006690 -0.017693
v -0.007234 0.006103 -0.017834
v -0.007219 0.007254 -0.016937
v -0.006574 0.006690 -0.017693
v -0.007992 0.006672 -0.017025
v -0.008597 0.006141 -0.017038
v -0.007234 0.006103 -0.017834
v -0.007699 0.005466 -0.017998
v -0.007992 0.006672 -0.017025
v -0.001641 0.006721 -0.018161
v -0.000240 0.007068 -0.017520
v -0.001066 0.006198 -0.018385
v -0.000945 0.007454 -0.017431
v -0.000945 0.007454 -0.017431
v -0.000589 0.008263 -0.016551
v 0.000182 0.008027 -0.016476
v -0.000240 0.007068 -0.017520
v -0.000945 0.007454 -0.017431
v -0.001540 0.008474 -0.016573
v -0.000589 0.008263 -0.016551
v -0.001802 0.007716 -0.017388
v -0.002096 0.007092 -0.017939
v -0.001802 0.007716 -0.017388
v -0.000945 0.007454 -0.017431
v -0.001641 0.006721 -0.018161
v -0.005083 0.004896 -0.019158
v -0.005028 0.005622 -0.018813
v -0.003791 0.005756 -0.018888
v -0.003615 0.005054 -0.019247
v -0.005028 0.005622 -0.018813
v -0.005125 0.006374 -0.018336
v -0.003996 0.006551 -0.018366
v -0.003791 0.005756 -0.018888
v -0.006216 0.005738 -0.018454
v -0.005986 0.006256 -0.018188
v -0.005125 0.006374 -0.018336
v -0.005028 0.005622 -0.018813
v -0.005083 0.004896 -0.019158
v -0.006492 0.005033 -0.018733
v -0.005028 0.005622 -0.018813
v -0.006216 0.005738 -0.018454
v -0.002626 0.006138 -0.018659
v -0.003615 0.005054 -0.019247
v -0.003791 0.005756 -0.018888
v -0.002234 0.005508 -0.018975
v -0.002234 0.005508 -0.018975
v -0.001641 0.006721 -0.018161
v -0.001066 0.006198 -0.018385
v -0.002626 0.006138 -0.018659
v -0.002626 0.006138 -0.018659
v -0.002096 0.007092 -0.017939
v -0.001641 0.006721 -0.018161
v -0.002906 0.006851 -0.018194
v -0.002626 0.006138 -0.018659
v -0.003996 0.006551 -0.018366
v -0.002906 0.006851 -0.018194
v -0.003791 0.005756 -0.018888
v -0.014284 0.000990 -0.022010
v -0.015444 0.000294 -0.022608
v -0.015109 -0.002122 -0.020447
v -0.013921 -0.001409 -0.019835
v -0.016280 -0.000573 -0.023467
v -0.015109 -0.002122 -0.020447
v -0.015444 0.000294 -0.022608
v -0.015965 -0.003009 -0.021328
v -0.013921 -0.001409 -0.019835
v -0.012899 0.001436 -0.021746
v -0.014284 0.000990 -0.022010
v -0.012502 -0.000952 -0.019566
v -0.012502 -0.000952 -0.019566
v -0.011432 0.001602 -0.021827
v -0.012899 0.001436 -0.021746
v -0.010999 -0.000781 -0.019648
v -0.016691 -0.001532 -0.024515
v -0.016386 -0.003992 -0.022401
v -0.015965 -0.003009 -0.021328
v -0.016280 -0.000573 -0.023467
v -0.016691 -0.001532 -0.024515
v -0.016352 -0.004971 -0.023555
v -0.016386 -0.003992 -0.022401
v -0.016658 -0.002488 -0.025642
v -0.008317 -0.001366 -0.020838
v -0.010026 0.001458 -0.022260
v -0.009559 -0.000929 -0.020092
v -0.008813 0.001031 -0.022989
v -0.009559 -0.000929 -0.020092
v -0.011432 0.001602 -0.021827
v -0.010999 -0.000781 -0.019648
v -0.010026 0.001458 -0.022260
v -0.016162 -0.003345 -0.026740
v -0.014933 -0.006545 -0.025667
v -0.015844 -0.005848 -0.024680
v -0.015272 -0.004025 -0.027704
v -0.016658 -0.002488 -0.025642
v -0.015844 -0.005848 -0.024680
v -0.016352 -0.004971 -0.023555
v -0.016162 -0.003345 -0.026740
v -0.006898 -0.002940 -0.022950
v -0.007923 0.000351 -0.023953
v -0.007406 -0.002063 -0.021826
v -0.007427 -0.000505 -0.025051
v -0.007406 -0.002063 -0.021826
v -0.008813 0.001031 -0.022989
v -0.008317 -0.001366 -0.020838
v -0.007923 0.000351 -0.023953
v -0.013690 -0.006982 -0.026413
v -0.015272 -0.004025 -0.027704
v -0.014059 -0.004452 -0.028433
v -0.014933 -0.006545 -0.025667
v -0.012250 -0.007130 -0.026857
v -0.014059 -0.004452 -0.028433
v -0.012653 -0.004596 -0.028866
v -0.013690 -0.006982 -0.026413
v -0.006864 -0.003919 -0.024104
v -0.007394 -0.001462 -0.026178
v -0.007427 -0.000505 -0.025051
v -0.006898 -0.002940 -0.022950
v -0.006864 -0.003919 -0.024104
v -0.007805 -0.002421 -0.027226
v -0.007394 -0.001462 -0.026178
v -0.007285 -0.004902 -0.025178
v -0.010748 -0.006959 -0.026940
v -0.009801 -0.003983 -0.028683
v -0.009329 -0.006502 -0.026670
v -0.011186 -0.004430 -0.028947
v -0.012250 -0.007130 -0.026857
v -0.011186 -0.004430 -0.028947
v -0.010748 -0.006959 -0.026940
v -0.012653 -0.004596 -0.028866
v -0.007285 -0.004902 -0.025178
v -0.008640 -0.003288 -0.028086
v -0.007805 -0.002421 -0.027226
v -0.008140 -0.005789 -0.026058
v -0.012805 0.001218 -0.022516
v -0.011725 0.000968 -0.023461
v -0.012857 0.000869 -0.023339
v -0.011568 0.001358 -0.022584
v -0.011568 0.001358 -0.022584
v -0.012899 0.001436 -0.021746
v -0.011432 0.001602 -0.021827
v -0.012805 0.001218 -0.022516
v -0.014284 0.000990 -0.022010
v -0.012805 0.001218 -0.022516
v -0.013974 0.000841 -0.022738
v -0.012899 0.001436 -0.021746
v -0.013974 0.000841 -0.022738
v -0.012857 0.000869 -0.023339
v -0.013715 0.000673 -0.023283
v -0.012805 0.001218 -0.022516
v -0.014268 0.000236 -0.023816
v -0.013199 0.000258 -0.024268
v -0.013722 -0.000523 -0.025187
v -0.014862 -0.000440 -0.024522
v -0.011923 0.000285 -0.024578
v -0.013722 -0.000523 -0.025187
v -0.013199 0.000258 -0.024268
v -0.012168 -0.000757 -0.025977
v -0.011923 0.000285 -0.024578
v -0.012857 0.000869 -0.023339
v -0.011725 0.000968 -0.023461
v -0.013199 0.000258 -0.024268
v -0.013715 0.000673 -0.023283
v -0.012857 0.000869 -0.023339
v -0.013199 0.000258 -0.024268
v -0.014268 0.000236 -0.023816
v -0.016280 -0.000573 -0.023467
v -0.015444 0.000294 -0.022608
v -0.015657 -0.000476 -0.023967
v -0.014952 0.000255 -0.023242
v -0.014952 0.000255 -0.023242
v -0.014268 0.000236 -0.023816
v -0.014862 -0.000440 -0.024522
v -0.015657 -0.000476 -0.023967
v -0.014952 0.000255 -0.023242
v -0.013715 0.000673 -0.023283
v -0.014268 0.000236 -0.023816
v -0.013974 0.000841 -0.022738
v -0.015444 0.000294 -0.022608
v -0.013974 0.000841 -0.022738
v -0.014952 0.000255 -0.023242
v -0.014284 0.000990 -0.022010
v -0.009360 0.000877 -0.023564
v -0.010026 0.001458 -0.022260
v -0.008813 0.001031 -0.022989
v -0.010383 0.001236 -0.022950
v -0.010383 0.001236 -0.022950
v -0.011432 0.001602 -0.021827
v -0.010026 0.001458 -0.022260
v -0.011568 0.001358 -0.022584
v -0.010383 0.001236 -0.022950
v -0.011725 0.000968 -0.023461
v -0.011568 0.001358 -0.022584
v -0.010620 0.000886 -0.023739
v -0.009792 0.000703 -0.023985
v -0.010383 0.001236 -0.022950
v -0.009360 0.000877 -0.023564
v -0.010620 0.000886 -0.023739
v -0.010437 -0.000498 -0.025775
v -0.010617 0.000278 -0.024730
v -0.009455 0.000273 -0.024677
v -0.009135 -0.000396 -0.025547
v -0.010617 0.000278 -0.024730
v -0.010620 0.000886 -0.023739
v -0.009792 0.000703 -0.023985
v -0.009455 0.000273 -0.024677
v -0.011923 0.000285 -0.024578
v -0.011725 0.000968 -0.023461
v -0.010620 0.000886 -0.023739
v -0.010617 0.000278 -0.024730
v -0.011923 0.000285 -0.024578
v -0.010437 -0.000498 -0.025775
v -0.012168 -0.000757 -0.025977
v -0.010617 0.000278 -0.024730
v -0.015975 -0.002092 -0.025802
v -0.016691 -0.001532 -0.024515
v -0.016003 -0.001285 -0.024851
v -0.016658 -0.002488 -0.025642
v -0.016003 -0.001285 -0.024851
v -0.015239 -0.001186 -0.025302
v -0.015417 -0.001821 -0.025888
v -0.015975 -0.002092 -0.025802
v -0.014862 -0.000440 -0.024522
v -0.016003 -0.001285 -0.024851
v -0.015657 -0.000476 -0.023967
v -0.015239 -0.001186 -0.025302
v -0.016280 -0.000573 -0.023467
v -0.015657 -0.000476 -0.023967
v -0.016003 -0.001285 -0.024851
v -0.016691 -0.001532 -0.024515
v -0.014945 -0.002191 -0.026534
v -0.013348 -0.001804 -0.026759
v -0.014210 -0.002673 -0.027263
v -0.014319 -0.001383 -0.025982
v -0.013348 -0.001804 -0.026759
v -0.013722 -0.000523 -0.025187
v -0.012168 -0.000757 -0.025977
v -0.014319 -0.001383 -0.025982
v -0.015239 -0.001186 -0.025302
v -0.013722 -0.000523 -0.025187
v -0.014319 -0.001383 -0.025982
v -0.014862 -0.000440 -0.024522
v -0.015417 -0.001821 -0.025888
v -0.014319 -0.001383 -0.025982
v -0.014945 -0.002191 -0.026534
v -0.015239 -0.001186 -0.025302
v -0.007923 0.000351 -0.023953
v -0.007427 -0.000505 -0.025051
v -0.008191 -0.000419 -0.025303
v -0.008610 0.000303 -0.024377
v -0.008813 0.001031 -0.022989
v -0.007923 0.000351 -0.023953
v -0.008610 0.000303 -0.024377
v -0.009360 0.000877 -0.023564
v -0.009360 0.000877 -0.023564
v -0.009455 0.000273 -0.024677
v -0.009792 0.000703 -0.023985
v -0.008610 0.000303 -0.024377
v -0.009135 -0.000396 -0.025547
v -0.009455 0.000273 -0.024677
v -0.008610 0.000303 -0.024377
v -0.008191 -0.000419 -0.025303
v -0.011318 -0.001788 -0.027123
v -0.009733 -0.002151 -0.027467
v -0.010670 -0.002646 -0.027897
v -0.010141 -0.001351 -0.026729
v -0.009069 -0.001773 -0.027024
v -0.010141 -0.001351 -0.026729
v -0.009043 -0.001139 -0.026410
v -0.009733 -0.002151 -0.027467
v -0.009043 -0.001139 -0.026410
v -0.010437 -0.000498 -0.025775
v -0.009135 -0.000396 -0.025547
v -0.010141 -0.001351 -0.026729
v -0.010437 -0.000498 -0.025775
v -0.011318 -0.001788 -0.027123
v -0.012168 -0.000757 -0.025977
v -0.010141 -0.001351 -0.026729
v -0.011318 -0.001788 -0.027123
v -0.011716 -0.003040 -0.028138
v -0.012429 -0.002378 -0.027503
v -0.010670 -0.002646 -0.027897
v -0.013348 -0.001804 -0.026759
v -0.011318 -0.001788 -0.027123
v -0.012429 -0.002378 -0.027503
v -0.012168 -0.000757 -0.025977
v -0.013308 -0.003052 -0.027853
v -0.013348 -0.001804 -0.026759
v -0.012429 -0.002378 -0.027503
v -0.014210 -0.002673 -0.027263
v -0.012429 -0.002378 -0.027503
v -0.011716 -0.003040 -0.028138
v -0.012546 -0.003333 -0.028200
v -0.013308 -0.003052 -0.027853
v -0.008510 -0.002035 -0.027137
v -0.008163 -0.001226 -0.026254
v -0.007394 -0.001462 -0.026178
v -0.007805 -0.002421 -0.027226
v -0.008163 -0.001226 -0.026254
v -0.008191 -0.000419 -0.025303
v -0.007427 -0.000505 -0.025051
v -0.007394 -0.001462 -0.026178
v -0.009135 -0.000396 -0.025547
v -0.008163 -0.001226 -0.026254
v -0.009043 -0.001139 -0.026410
v -0.008191 -0.000419 -0.025303
v -0.009069 -0.001773 -0.027024
v -0.008163 -0.001226 -0.026254
v -0.008510 -0.002035 -0.027137
v -0.009043 -0.001139 -0.026410
v -0.016162 -0.003345 -0.026740
v -0.014807 -0.003387 -0.027541
v -0.015272 -0.004025 -0.027704
v -0.015557 -0.002814 -0.026727
v -0.015557 -0.002814 -0.026727
v -0.014210 -0.002673 -0.027263
v -0.014807 -0.003387 -0.027541
v -0.014945 -0.002191 -0.026534
v -0.014945 -0.002191 -0.026534
v -0.015975 -0.002092 -0.025802
v -0.015417 -0.001821 -0.025888
v -0.015557 -0.002814 -0.026727
v -0.015557 -0.002814 -0.026727
v -0.016658 -0.002488 -0.025642
v -0.015975 -0.002092 -0.025802
v -0.016162 -0.003345 -0.026740
v -0.009801 -0.003983 -0.028683
v -0.009214 -0.002766 -0.027862
v -0.008640 -0.003288 -0.028086
v -0.010193 -0.003352 -0.028366
v -0.008640 -0.003288 -0.028086
v -0.008510 -0.002035 -0.027137
v -0.007805 -0.002421 -0.027226
v -0.009214 -0.002766 -0.027862
v -0.009214 -0.002766 -0.027862
v -0.009069 -0.001773 -0.027024
v -0.008510 -0.002035 -0.027137
v -0.009733 -0.002151 -0.027467
v -0.010670 -0.002646 -0.027897
v -0.009214 -0.002766 -0.027862
v -0.010193 -0.003352 -0.028366
v -0.009733 -0.002151 -0.027467
v -0.012653 -0.004596 -0.028866
v -0.014059 -0.004452 -0.028433
v -0.012598 -0.003869 -0.028520
v -0.013784 -0.003747 -0.028155
v -0.012598 -0.003869 -0.028520
v -0.013784 -0.003747 -0.028155
v -0.012546 -0.003333 -0.028200
v -0.013308 -0.003052 -0.027853
v -0.013784 -0.003747 -0.028155
v -0.014210 -0.002673 -0.027263
v -0.013308 -0.003052 -0.027853
v -0.014807 -0.003387 -0.027541
v -0.015272 -0.004025 -0.027704
v -0.013784 -0.003747 -0.028155
v -0.014059 -0.004452 -0.028433
v -0.014807 -0.003387 -0.027541
v -0.011361 -0.003729 -0.028588
v -0.012653 -0.004596 -0.028866
v -0.012598 -0.003869 -0.028520
v -0.011186 -0.004430 -0.028947
v -0.010193 -0.003352 -0.028366
v -0.011186 -0.004430 -0.028947
v -0.011361 -0.003729 -0.028588
v -0.009801 -0.003983 -0.028683
v -0.011361 -0.003729 -0.028588
v -0.010670 -0.002646 -0.027897
v -0.010193 -0.003352 -0.028366
v -0.011716 -0.003040 -0.028138
v -0.011361 -0.003729 -0.028588
v -0.012546 -0.003333 -0.028200
v -0.011716 -0.003040 -0.028138
v -0.012598 -0.003869 -0.028520
v -0.008640 -0.003288 -0.028086
v -0.008140 -0.005789 -0.026058
v -0.009329 -0.006502 -0.026670
v -0.009801 -0.003983 -0.028683
v 0.013562 0.006544 -0.016324
v 0.014676 0.007569 -0.017045
v 0.014820 0.006656 -0.016410
v 0.013455 0.007460 -0.016962
v 0.013562 0.006544 -0.016324
v 0.012290 0.007599 -0.016603
v 0.013455 0.007460 -0.016962
v 0.012360 0.006688 -0.015955
v 0.016011 0.007025 -0.016189
v 0.016814 0.008488 -0.016352
v 0.017024 0.007603 -0.015696
v 0.015831 0.007927 -0.016830
v 0.014820 0.006656 -0.016410
v 0.015831 0.007927 -0.016830
v 0.016011 0.007025 -0.016189
v 0.014676 0.007569 -0.017045
v 0.012360 0.006688 -0.015955
v 0.011298 0.007985 -0.015990
v 0.012290 0.007599 -0.016603
v 0.011338 0.007085 -0.015323
v 0.010567 0.008567 -0.015195
v 0.011338 0.007085 -0.015323
v 0.010584 0.007685 -0.014503
v 0.011298 0.007985 -0.015990
v 0.018131 0.009167 -0.014085
v 0.017518 0.009206 -0.015645
v 0.017888 0.010005 -0.014789
v 0.017749 0.008344 -0.014968
v 0.017749 0.008344 -0.014968
v 0.016814 0.008488 -0.016352
v 0.017518 0.009206 -0.015645
v 0.017024 0.007603 -0.015696
v 0.010567 0.008567 -0.015195
v 0.010188 0.008440 -0.013567
v 0.010183 0.009299 -0.014287
v 0.010584 0.007685 -0.014503
v 0.010166 0.010103 -0.013359
v 0.010188 0.008440 -0.013567
v 0.010171 0.009268 -0.012610
v 0.010183 0.009299 -0.014287
v 0.018113 0.009996 -0.013128
v 0.017487 0.011540 -0.012953
v 0.017717 0.010750 -0.012192
v 0.017871 0.010809 -0.013861
v 0.018131 0.009167 -0.014085
v 0.017871 0.010809 -0.013861
v 0.018113 0.009996 -0.013128
v 0.017888 0.010005 -0.014789
v 0.010536 0.010902 -0.012502
v 0.010171 0.009268 -0.012610
v 0.010552 0.010092 -0.011727
v 0.010166 0.010103 -0.013359
v 0.010536 0.010902 -0.012502
v 0.011278 0.010832 -0.010999
v 0.011240 0.011620 -0.011796
v 0.010552 0.010092 -0.011727
v 0.016756 0.012123 -0.012157
v 0.015942 0.011748 -0.010741
v 0.016964 0.011351 -0.011372
v 0.015764 0.012508 -0.011545
v 0.017717 0.010750 -0.012192
v 0.016756 0.012123 -0.012157
v 0.016964 0.011351 -0.011372
v 0.017487 0.011540 -0.012953
v 0.011240 0.011620 -0.011796
v 0.012291 0.011410 -0.010506
v 0.012223 0.012181 -0.011318
v 0.011278 0.010832 -0.010999
v 0.012223 0.012181 -0.011318
v 0.013482 0.011779 -0.010285
v 0.013378 0.012539 -0.011103
v 0.012291 0.011410 -0.010506
v 0.014740 0.011891 -0.010371
v 0.014599 0.012647 -0.011186
v 0.013378 0.012539 -0.011103
v 0.013482 0.011779 -0.010285
v 0.011606 0.010476 -0.012821
v 0.010166 0.010103 -0.013359
v 0.010536 0.010902 -0.012502
v 0.011408 0.009911 -0.013430
v 0.011606 0.010476 -0.012821
v 0.011240 0.011620 -0.011796
v 0.012144 0.010950 -0.012358
v 0.010536 0.010902 -0.012502
v 0.011240 0.011620 -0.011796
v 0.012789 0.011373 -0.011990
v 0.012144 0.010950 -0.012358
v 0.012223 0.012181 -0.011318
v 0.015764 0.012508 -0.011545
v 0.014455 0.011700 -0.011898
v 0.014599 0.012647 -0.011186
v 0.015246 0.011560 -0.012186
v 0.012789 0.011373 -0.011990
v 0.012223 0.012181 -0.011318
v 0.013378 0.012539 -0.011103
v 0.013610 0.011580 -0.011883
v 0.014455 0.011700 -0.011898
v 0.013378 0.012539 -0.011103
v 0.014599 0.012647 -0.011186
v 0.013610 0.011580 -0.011883
v 0.015969 0.011332 -0.012579
v 0.017487 0.011540 -0.012953
v 0.016427 0.010896 -0.013152
v 0.016756 0.012123 -0.012157
v 0.016751 0.010410 -0.013774
v 0.017888 0.010005 -0.014789
v 0.016702 0.009843 -0.014410
v 0.017871 0.010809 -0.013861
v 0.015969 0.011332 -0.012579
v 0.015764 0.012508 -0.011545
v 0.016756 0.012123 -0.012157
v 0.015246 0.011560 -0.012186
v 0.016814 0.008488 -0.016352
v 0.016503 0.009286 -0.015026
v 0.017518 0.009206 -0.015645
v 0.015966 0.008803 -0.015482
v 0.017487 0.011540 -0.012953
v 0.016751 0.010410 -0.013774
v 0.016427 0.010896 -0.013152
v 0.017871 0.010809 -0.013861
v 0.015320 0.008389 -0.015857
v 0.014676 0.007569 -0.017045
v 0.014500 0.008173 -0.015957
v 0.015831 0.007927 -0.016830
v 0.016503 0.009286 -0.015026
v 0.017888 0.010005 -0.014789
v 0.017518 0.009206 -0.015645
v 0.016702 0.009843 -0.014410
v 0.016814 0.008488 -0.016352
v 0.015831 0.007927 -0.016830
v 0.015320 0.008389 -0.015857
v 0.015966 0.008803 -0.015482
v 0.013653 0.008061 -0.015949
v 0.014676 0.007569 -0.017045
v 0.013455 0.007460 -0.016962
v 0.014500 0.008173 -0.015957
v 0.013653 0.008061 -0.015949
v 0.012290 0.007599 -0.016603
v 0.012864 0.008194 -0.015654
v 0.013455 0.007460 -0.016962
v 0.012290 0.007599 -0.016603
v 0.012140 0.008429 -0.015268
v 0.012864 0.008194 -0.015654
v 0.011298 0.007985 -0.015990
v 0.012140 0.008429 -0.015268
v 0.011298 0.007985 -0.015990
v 0.010567 0.008567 -0.015195
v 0.011683 0.008858 -0.014689
v 0.011358 0.009351 -0.014073
v 0.010567 0.008567 -0.015195
v 0.010183 0.009299 -0.014287
v 0.011683 0.008858 -0.014689
v 0.011358 0.009351 -0.014073
v 0.014080 0.009717 -0.013781
v 0.011683 0.008858 -0.014689
v 0.011408 0.009911 -0.013430
v 0.012789 0.011373 -0.011990
v 0.014080 0.009717 -0.013781
v 0.012144 0.010950 -0.012358
v 0.013610 0.011580 -0.011883
v 0.014080 0.009717 -0.013781
v 0.013610 0.011580 -0.011883
v 0.014455 0.011700 -0.011898
v 0.015246 0.011560 -0.012186
v 0.011358 0.009351 -0.014073
v 0.010166 0.010103 -0.013359
v 0.011408 0.009911 -0.013430
v 0.010183 0.009299 -0.014287
v 0.014080 0.009717 -0.013781
v 0.015246 0.011560 -0.012186
v 0.015969 0.011332 -0.012579
v 0.016427 0.010896 -0.013152
v 0.011606 0.010476 -0.012821
v 0.014080 0.009717 -0.013781
v 0.011408 0.009911 -0.013430
v 0.012144 0.010950 -0.012358
v 0.016702 0.009843 -0.014410
v 0.014080 0.009717 -0.013781
v 0.016751 0.010410 -0.013774
v 0.016427 0.010896 -0.013152
v 0.012140 0.008429 -0.015268
v 0.014080 0.009717 -0.013781
v 0.012864 0.008194 -0.015654
v 0.011683 0.008858 -0.014689
v 0.012864 0.008194 -0.015654
v 0.014080 0.009717 -0.013781
v 0.013653 0.008061 -0.015949
v 0.014500 0.008173 -0.015957
v 0.014080 0.009717 -0.013781
v 0.015966 0.008803 -0.015482
v 0.015320 0.008389 -0.015857
v 0.014500 0.008173 -0.015957
v 0.014080 0.009717 -0.013781
v 0.016702 0.009843 -0.014410
v 0.016503 0.009286 -0.015026
v 0.015966 0.008803 -0.015482
v 0.015764 0.012508 -0.011545
v 0.014740 0.011891 -0.010371
v 0.015942 0.011748 -0.010741
v 0.014599 0.012647 -0.011186
v -0.016095 -0.002861 -0.021884
v -0.015847 -0.002503 -0.021510
v -0.012442 -0.006722 -0.027139
v -0.016280 -0.003229 -0.022282
v -0.016095 -0.002861 -0.021884
v -0.012442 -0.006722 -0.027139
v -0.016398 -0.003603 -0.022700
v -0.016280 -0.003229 -0.022282
v -0.012442 -0.006722 -0.027139
v -0.016449 -0.003977 -0.023132
v -0.016398 -0.003603 -0.022700
v -0.012442 -0.006722 -0.027139
v -0.016388 -0.004526 -0.023790
v -0.016449 -0.003977 -0.023132
v -0.012442 -0.006722 -0.027139
v -0.016191 -0.005047 -0.024442
v -0.016388 -0.004526 -0.023790
v -0.012442 -0.006722 -0.027139
v -0.015972 -0.005369 -0.024864
v -0.016191 -0.005047 -0.024442
v -0.012442 -0.006722 -0.027139
v -0.015692 -0.005665 -0.025267
v -0.015972 -0.005369 -0.024864
v -0.012442 -0.006722 -0.027139
v -0.015354 -0.005932 -0.025646
v -0.015692 -0.005665 -0.025267
v -0.012442 -0.006722 -0.027139
v -0.014964 -0.006164 -0.025995
v -0.015354 -0.005932 -0.025646
v -0.012442 -0.006722 -0.027139
v -0.014526 -0.006360 -0.026310
v -0.014964 -0.006164 -0.025995
v -0.012442 -0.006722 -0.027139
v -0.014048 -0.006515 -0.026585
v -0.014526 -0.006360 -0.026310
v -0.012442 -0.006722 -0.027139
v -0.013536 -0.006628 -0.026817
v -0.014048 -0.006515 -0.026585
v -0.012442 -0.006722 -0.027139
v -0.012998 -0.006697 -0.027003
v -0.013536 -0.006628 -0.026817
v -0.012442 -0.006722 -0.027139
v -0.011306 -0.006635 -0.027256
v -0.011875 -0.006701 -0.027224
v -0.012442 -0.006722 -0.027139
v -0.010744 -0.006525 -0.027235
v -0.011306 -0.006635 -0.027256
v -0.012442 -0.006722 -0.027139
v -0.010196 -0.006373 -0.027161
v -0.010744 -0.006525 -0.027235
v -0.012442 -0.006722 -0.027139
v -0.009671 -0.006180 -0.027035
v -0.010196 -0.006373 -0.027161
v -0.012442 -0.006722 -0.027139
v -0.009176 -0.005950 -0.026860
v -0.009671 -0.006180 -0.027035
v -0.012442 -0.006722 -0.027139
v -0.008718 -0.005686 -0.026637
v -0.009176 -0.005950 -0.026860
v -0.012442 -0.006722 -0.027139
v -0.008304 -0.005392 -0.026371
v -0.008718 -0.005686 -0.026637
v -0.012442 -0.006722 -0.027139
v -0.007941 -0.005072 -0.026064
v -0.008304 -0.005392 -0.026371
v -0.012442 -0.006722 -0.027139
v -0.007633 -0.004731 -0.025721
v -0.007941 -0.005072 -0.026064
v -0.012442 -0.006722 -0.027139
v -0.007384 -0.004374 -0.025348
v -0.007633 -0.004731 -0.025721
v -0.012442 -0.006722 -0.027139
v -0.007200 -0.004005 -0.024949
v -0.007384 -0.004374 -0.025348
v -0.012442 -0.006722 -0.027139
v -0.007081 -0.003631 -0.024531
v -0.007200 -0.004005 -0.024949
v -0.012442 -0.006722 -0.027139
v -0.007030 -0.003257 -0.024100
v -0.007081 -0.003631 -0.024531
v -0.012442 -0.006722 -0.027139
v -0.007049 -0.002888 -0.023662
v -0.007030 -0.003257 -0.024100
v -0.012442 -0.006722 -0.027139
v -0.007135 -0.002530 -0.023223
v -0.007049 -0.002888 -0.023662
v -0.012442 -0.006722 -0.027139
v -0.007289 -0.002187 -0.022789
v -0.007135 -0.002530 -0.023223
v -0.012442 -0.006722 -0.027139
v -0.007507 -0.001865 -0.022368
v -0.007289 -0.002187 -0.022789
v -0.012442 -0.006722 -0.027139
v -0.007787 -0.001569 -0.021965
v -0.007507 -0.001865 -0.022368
v -0.012442 -0.006722 -0.027139
v -0.008125 -0.001303 -0.021586
v -0.007787 -0.001569 -0.021965
v -0.012442 -0.006722 -0.027139
v -0.008516 -0.001070 -0.021236
v -0.008125 -0.001303 -0.021586
v -0.012442 -0.006722 -0.027139
v -0.008953 -0.000875 -0.020922
v -0.008516 -0.001070 -0.021236
v -0.012442 -0.006722 -0.027139
v -0.009432 -0.000720 -0.020646
v -0.008953 -0.000875 -0.020922
v -0.012442 -0.006722 -0.027139
v -0.009944 -0.000606 -0.020414
v -0.009432 -0.000720 -0.020646
v -0.012442 -0.006722 -0.027139
v -0.010482 -0.000537 -0.020229
v -0.009944 -0.000606 -0.020414
v -0.012442 -0.006722 -0.027139
v -0.011038 -0.000513 -0.020093
v -0.010482 -0.000537 -0.020229
v -0.012442 -0.006722 -0.027139
v -0.011605 -0.000534 -0.020008
v -0.011038 -0.000513 -0.020093
v -0.012442 -0.006722 -0.027139
v -0.012173 -0.000600 -0.019976
v -0.011605 -0.000534 -0.020008
v -0.012442 -0.006722 -0.027139
v -0.012736 -0.000710 -0.019997
v -0.012173 -0.000600 -0.019976
v -0.012442 -0.006722 -0.027139
v -0.013283 -0.000862 -0.020071
v -0.012736 -0.000710 -0.019997
v -0.012442 -0.006722 -0.027139
v -0.013809 -0.001054 -0.020196
v -0.013283 -0.000862 -0.020071
v -0.012442 -0.006722 -0.027139
v -0.014304 -0.001284 -0.020372
v -0.013809 -0.001054 -0.020196
v -0.012442 -0.006722 -0.027139
v -0.014762 -0.001548 -0.020594
v -0.014304 -0.001284 -0.020372
v -0.012442 -0.006722 -0.027139
v -0.015175 -0.001842 -0.020861
v -0.014762 -0.001548 -0.020594
v -0.012442 -0.006722 -0.027139
v -0.015539 -0.002162 -0.021168
v -0.015175 -0.001842 -0.020861
v -0.012442 -0.006722 -0.027139
v -0.001076 0.003846 -0.016900
v -0.001504 0.003590 -0.017119
v -0.004578 0.002774 -0.017491
v -0.000689 0.004128 -0.016643
v -0.001076 0.003846 -0.016900
v -0.004578 0.002774 -0.017491
v -0.000347 0.004434 -0.016350
v -0.000689 0.004128 -0.016643
v -0.004578 0.002774 -0.017491
v -0.000055 0.004758 -0.016026
v -0.000347 0.004434 -0.016350
v -0.004578 0.002774 -0.017491
v 0.000183 0.005098 -0.015674
v -0.000055 0.004758 -0.016026
v -0.004578 0.002774 -0.017491
v 0.000365 0.005447 -0.015299
v 0.000183 0.005098 -0.015674
v -0.004578 0.002774 -0.017491
v 0.000488 0.005803 -0.014905
v 0.000365 0.005447 -0.015299
v -0.004578 0.002774 -0.017491
v 0.000549 0.006160 -0.014499
v 0.000488 0.005803 -0.014905
v -0.004578 0.002774 -0.017491
v 0.000550 0.006513 -0.014086
v 0.000549 0.006160 -0.014499
v -0.004578 0.002774 -0.017491
v 0.000488 0.006858 -0.013670
v 0.000550 0.006513 -0.014086
v -0.004578 0.002774 -0.017491
v 0.000366 0.007191 -0.013257
v 0.000488 0.006858 -0.013670
v -0.004578 0.002774 -0.017491
v 0.000185 0.007507 -0.012853
v 0.000366 0.007191 -0.013257
v -0.004578 0.002774 -0.017491
v -0.000053 0.007801 -0.012462
v 0.000185 0.007507 -0.012853
v -0.004578 0.002774 -0.017491
v -0.000345 0.008071 -0.012091
v -0.000053 0.007801 -0.012462
v -0.004578 0.002774 -0.017491
v -0.000686 0.008313 -0.011743
v -0.000345 0.008071 -0.012091
v -0.004578 0.002774 -0.017491
v -0.001074 0.008523 -0.011423
v -0.000686 0.008313 -0.011743
v -0.004578 0.002774 -0.017491
v -0.001501 0.008698 -0.011136
v -0.001074 0.008523 -0.011423
v -0.004578 0.002774 -0.017491
v -0.001963 0.008838 -0.010886
v -0.001501 0.008698 -0.011136
v -0.004578 0.002774 -0.017491
v -0.002454 0.008938 -0.010674
v -0.001963 0.008838 -0.010886
v -0.004578 0.002774 -0.017491
v -0.002968 0.009000 -0.010505
v -0.002454 0.008938 -0.010674
v -0.004578 0.002774 -0.017491
v -0.003497 0.009020 -0.010381
v -0.002968 0.009000 -0.010505
v -0.004578 0.002774 -0.017491
v -0.004035 0.009000 -0.010302
v -0.003497 0.009020 -0.010381
v -0.004578 0.002774 -0.017491
v -0.004575 0.008940 -0.010270
v -0.004035 0.009000 -0.010302
v -0.004578 0.002774 -0.017491
v -0.005109 0.008839 -0.010286
v -0.004575 0.008940 -0.010270
v -0.004578 0.002774 -0.017491
v -0.005631 0.008701 -0.010349
v -0.005109 0.008839 -0.010286
v -0.004578 0.002774 -0.017491
v -0.006135 0.008526 -0.010459
v -0.005631 0.008701 -0.010349
v -0.004578 0.002774 -0.017491
v -0.006612 0.008316 -0.010614
v -0.006135 0.008526 -0.010459
v -0.004578 0.002774 -0.017491
v -0.007058 0.008075 -0.010812
v -0.006612 0.008316 -0.010614
v -0.004578 0.002774 -0.017491
v -0.007466 0.007805 -0.011050
v -0.007058 0.008075 -0.010812
v -0.004578 0.002774 -0.017491
v -0.007831 0.007511 -0.011325
v -0.007466 0.007805 -0.011050
v -0.004578 0.002774 -0.017491
v -0.008149 0.007196 -0.011634
v -0.007831 0.007511 -0.011325
v -0.004578 0.002774 -0.017491
v -0.008415 0.006863 -0.011973
v -0.008149 0.007196 -0.011634
v -0.004578 0.002774 -0.017491
v -0.008625 0.006518 -0.012337
v -0.008415 0.006863 -0.011973
v -0.004578 0.002774 -0.017491
v -0.008777 0.006165 -0.012722
v -0.008625 0.006518 -0.012337
v -0.004578 0.002774 -0.017491
v -0.008870 0.005808 -0.013122
v -0.008777 0.006165 -0.012722
v -0.004578 0.002774 -0.017491
v -0.008901 0.005453 -0.013533
v -0.008870 0.005808 -0.013122
v -0.004578 0.002774 -0.017491
v -0.008870 0.005103 -0.013949
v -0.008901 0.005453 -0.013533
v -0.004578 0.002774 -0.017491
v -0.008778 0.004763 -0.014364
v -0.008870 0.005103 -0.013949
v -0.004578 0.002774 -0.017491
v -0.008626 0.004439 -0.014773
v -0.008778 0.004763 -0.014364
v -0.004578 0.002774 -0.017491
v -0.008416 0.004133 -0.015171
v -0.008626 0.004439 -0.014773
v -0.004578 0.002774 -0.017491
v -0.008151 0.003850 -0.015552
v -0.008416 0.004133 -0.015171
v -0.004578 0.002774 -0.017491
v -0.007834 0.003594 -0.015913
v -0.008151 0.003850 -0.015552
v -0.004578 0.002774 -0.017491
v -0.007469 0.003368 -0.016247
v -0.007834 0.003594 -0.015913
v -0.004578 0.002774 -0.017491
v -0.007061 0.003175 -0.016551
v -0.007469 0.003368 -0.016247
v -0.004578 0.002774 -0.017491
v -0.006615 0.003017 -0.016820
v -0.007061 0.003175 -0.016551
v -0.004578 0.002774 -0.017491
v -0.006138 0.002897 -0.017051
v -0.006615 0.003017 -0.016820
v -0.004578 0.002774 -0.017491
v -0.005635 0.002816 -0.017242
v -0.006138 0.002897 -0.017051
v -0.004578 0.002774 -0.017491
v -0.005113 0.002775 -0.017389
v -0.005635 0.002816 -0.017242
v -0.004578 0.002774 -0.017491
v -0.003501 0.002895 -0.017554
v -0.004039 0.002815 -0.017546
v -0.004578 0.002774 -0.017491
v -0.002971 0.003015 -0.017514
v -0.003501 0.002895 -0.017554
v -0.004578 0.002774 -0.017491
v -0.002458 0.003172 -0.017428
v -0.002971 0.003015 -0.017514
v -0.004578 0.002774 -0.017491
v -0.001967 0.003365 -0.017295
v -0.002458 0.003172 -0.017428
v -0.004578 0.002774 -0.017491
v 0.011429 0.006930 -0.015646
v 0.011126 0.007085 -0.015407
v 0.013674 0.006513 -0.016556
v 0.011758 0.006797 -0.015862
v 0.011429 0.006930 -0.015646
v 0.013674 0.006513 -0.016556
v 0.012110 0.006689 -0.016055
v 0.011758 0.006797 -0.015862
v 0.013674 0.006513 -0.016556
v 0.012481 0.006606 -0.016223
v 0.012110 0.006689 -0.016055
v 0.013674 0.006513 -0.016556
v 0.012868 0.006548 -0.016363
v 0.012481 0.006606 -0.016223
v 0.013674 0.006513 -0.016556
v 0.013267 0.006517 -0.016474
v 0.012868 0.006548 -0.016363
v 0.013674 0.006513 -0.016556
v 0.014498 0.006584 -0.016627
v 0.014086 0.006535 -0.016607
v 0.013674 0.006513 -0.016556
v 0.014907 0.006659 -0.016616
v 0.014498 0.006584 -0.016627
v 0.013674 0.006513 -0.016556
v 0.015308 0.006759 -0.016574
v 0.014907 0.006659 -0.016616
v 0.013674 0.006513 -0.016556
v 0.015698 0.006884 -0.016501
v 0.015308 0.006759 -0.016574
v 0.013674 0.006513 -0.016556
v 0.016073 0.007031 -0.016399
v 0.015698 0.006884 -0.016501
v 0.013674 0.006513 -0.016556
v 0.016428 0.007201 -0.016267
v 0.016073 0.007031 -0.016399
v 0.013674 0.006513 -0.016556
v 0.016762 0.007390 -0.016107
v 0.016428 0.007201 -0.016267
v 0.013674 0.006513 -0.016556
v 0.017070 0.007598 -0.015922
v 0.016762 0.007390 -0.016107
v 0.013674 0.006513 -0.016556
v 0.017350 0.007822 -0.015712
v 0.017070 0.007598 -0.015922
v 0.013674 0.006513 -0.016556
v 0.017599 0.008060 -0.015479
v 0.017350 0.007822 -0.015712
v 0.013674 0.006513 -0.016556
v 0.017815 0.008310 -0.015227
v 0.017599 0.008060 -0.015479
v 0.013674 0.006513 -0.016556
v 0.017995 0.008570 -0.014957
v 0.017815 0.008310 -0.015227
v 0.013674 0.006513 -0.016556
v 0.018138 0.008836 -0.014671
v 0.017995 0.008570 -0.014957
v 0.013674 0.006513 -0.016556
v 0.018242 0.009107 -0.014374
v 0.018138 0.008836 -0.014671
v 0.013674 0.006513 -0.016556
v 0.018306 0.009379 -0.014067
v 0.018242 0.009107 -0.014374
v 0.013674 0.006513 -0.016556
v 0.018331 0.009651 -0.013753
v 0.018306 0.009379 -0.014067
v 0.013674 0.006513 -0.016556
v 0.018314 0.009919 -0.013436
v 0.018331 0.009651 -0.013753
v 0.013674 0.006513 -0.016556
v 0.018258 0.010181 -0.013118
v 0.018314 0.009919 -0.013436
v 0.013674 0.006513 -0.016556
v 0.018094 0.010555 -0.012648
v 0.018258 0.010181 -0.013118
v 0.013674 0.006513 -0.016556
v 0.017853 0.010905 -0.012193
v 0.018094 0.010555 -0.012648
v 0.013674 0.006513 -0.016556
v 0.017645 0.011119 -0.011904
v 0.017853 0.010905 -0.012193
v 0.013674 0.006513 -0.016556
v 0.017402 0.011314 -0.011629
v 0.017645 0.011119 -0.011904
v 0.013674 0.006513 -0.016556
v 0.017128 0.011491 -0.011371
v 0.017402 0.011314 -0.011629
v 0.013674 0.006513 -0.016556
v 0.016825 0.011646 -0.011132
v 0.017128 0.011491 -0.011371
v 0.013674 0.006513 -0.016556
v 0.016496 0.011778 -0.010915
v 0.016825 0.011646 -0.011132
v 0.013674 0.006513 -0.016556
v 0.016145 0.011886 -0.010722
v 0.016496 0.011778 -0.010915
v 0.013674 0.006513 -0.016556
v 0.015773 0.011969 -0.010555
v 0.016145 0.011886 -0.010722
v 0.013674 0.006513 -0.016556
v 0.015386 0.012027 -0.010415
v 0.015773 0.011969 -0.010555
v 0.013674 0.006513 -0.016556
v 0.014987 0.012058 -0.010304
v 0.015386 0.012027 -0.010415
v 0.013674 0.006513 -0.016556
v 0.014580 0.012062 -0.010222
v 0.014987 0.012058 -0.010304
v 0.013674 0.006513 -0.016556
v 0.014168 0.012040 -0.010171
v 0.014580 0.012062 -0.010222
v 0.013674 0.006513 -0.016556
v 0.013756 0.011991 -0.010151
v 0.014168 0.012040 -0.010171
v 0.013674 0.006513 -0.016556
v 0.013347 0.011916 -0.010162
v 0.013756 0.011991 -0.010151
v 0.013674 0.006513 -0.016556
v 0.012946 0.011816 -0.010204
v 0.013347 0.011916 -0.010162
v 0.013674 0.006513 -0.016556
v 0.012556 0.011691 -0.010276
v 0.012946 0.011816 -0.010204
v 0.013674 0.006513 -0.016556
v 0.012182 0.011544 -0.010379
v 0.012556 0.011691 -0.010276
v 0.013674 0.006513 -0.016556
v 0.011826 0.011374 -0.010511
v 0.012182 0.011544 -0.010379
v 0.013674 0.006513 -0.016556
v 0.011492 0.011185 -0.010670
v 0.011826 0.011374 -0.010511
v 0.013674 0.006513 -0.016556
v 0.011184 0.010977 -0.010856
v 0.011492 0.011185 -0.010670
v 0.013674 0.006513 -0.016556
v 0.010904 0.010753 -0.011066
v 0.011184 0.010977 -0.010856
v 0.013674 0.006513 -0.016556
v 0.010655 0.010515 -0.011298
v 0.010904 0.010753 -0.011066
v 0.013674 0.006513 -0.016556
v 0.010439 0.010265 -0.011551
v 0.010655 0.010515 -0.011298
v 0.013674 0.006513 -0.016556
v 0.010259 0.010005 -0.011821
v 0.010439 0.010265 -0.011551
v 0.013674 0.006513 -0.016556
v 0.010117 0.009739 -0.012106
v 0.010259 0.010005 -0.011821
v 0.013674 0.006513 -0.016556
v 0.010012 0.009468 -0.012404
v 0.010117 0.009739 -0.012106
v 0.013674 0.006513 -0.016556
v 0.009948 0.009196 -0.012711
v 0.010012 0.009468 -0.012404
v 0.013674 0.006513 -0.016556
v 0.009924 0.008924 -0.013025
v 0.009948 0.009196 -0.012711
v 0.013674 0.006513 -0.016556
v 0.009940 0.008656 -0.013342
v 0.009924 0.008924 -0.013025
v 0.013674 0.006513 -0.016556
v 0.009996 0.008394 -0.013660
v 0.009940 0.008656 -0.013342
v 0.013674 0.006513 -0.016556
v 0.010093 0.008141 -0.013975
v 0.009996 0.008394 -0.013660
v 0.013674 0.006513 -0.016556
v 0.010228 0.007899 -0.014284
v 0.010093 0.008141 -0.013975
v 0.013674 0.006513 -0.016556
v 0.010401 0.007670 -0.014585
v 0.010228 0.007899 -0.014284
v 0.013674 0.006513 -0.016556
v 0.010609 0.007456 -0.014874
v 0.010401 0.007670 -0.014585
v 0.013674 0.006513 -0.016556
v 0.010852 0.007261 -0.015149
v 0.010609 0.007456 -0.014874
v 0.013674 0.006513 -0.016556
v 0.011126 0.007085 -0.015407
v 0.010852 0.007261 -0.015149
v 0.013674 0.006513 -0.016556
v 0.003264 -0.000768 -0.023634
v 0.003622 -0.000373 -0.023244
v 0.009926 0.002017 -0.021708
v 0.002963 -0.001178 -0.024053
v 0.003264 -0.000768 -0.023634
v 0.009926 0.002017 -0.021708
v 0.002719 -0.001601 -0.024498
v 0.002963 -0.001178 -0.024053
v 0.009926 0.002017 -0.021708
v 0.002537 -0.002031 -0.024964
v 0.002719 -0.001601 -0.024498
v 0.009926 0.002017 -0.021708
v 0.002417 -0.002465 -0.025446
v 0.002537 -0.002031 -0.024964
v 0.009926 0.002017 -0.021708
v 0.002360 -0.002898 -0.025941
v 0.002417 -0.002465 -0.025446
v 0.009926 0.002017 -0.021708
v 0.002368 -0.003327 -0.026443
v 0.002360 -0.002898 -0.025941
v 0.009926 0.002017 -0.021708
v 0.002439 -0.003746 -0.026947
v 0.002368 -0.003327 -0.026443
v 0.009926 0.002017 -0.021708
v 0.002575 -0.004153 -0.027449
v 0.002439 -0.003746 -0.026947
v 0.009926 0.002017 -0.021708
v 0.002772 -0.004543 -0.027943
v 0.002575 -0.004153 -0.027449
v 0.009926 0.002017 -0.021708
v 0.003029 -0.004912 -0.028425
v 0.002772 -0.004543 -0.027943
v 0.009926 0.002017 -0.021708
v 0.003345 -0.005258 -0.028891
v 0.003029 -0.004912 -0.028425
v 0.009926 0.002017 -0.021708
v 0.003715 -0.005575 -0.029336
v 0.003345 -0.005258 -0.028891
v 0.009926 0.002017 -0.021708
v 0.004136 -0.005863 -0.029755
v 0.003715 -0.005575 -0.029336
v 0.009926 0.002017 -0.021708
v 0.004604 -0.006117 -0.030145
v 0.004136 -0.005863 -0.029755
v 0.009926 0.002017 -0.021708
v 0.005115 -0.006335 -0.030501
v 0.004604 -0.006117 -0.030145
v 0.009926 0.002017 -0.021708
v 0.005663 -0.006515 -0.030821
v 0.005115 -0.006335 -0.030501
v 0.009926 0.002017 -0.021708
v 0.006244 -0.006656 -0.031101
v 0.005663 -0.006515 -0.030821
v 0.009926 0.002017 -0.021708
v 0.006851 -0.006756 -0.031338
v 0.006244 -0.006656 -0.031101
v 0.009926 0.002017 -0.021708
v 0.007480 -0.006814 -0.031531
v 0.006851 -0.006756 -0.031338
v 0.009926 0.002017 -0.021708
v 0.008123 -0.006830 -0.031677
v 0.007480 -0.006814 -0.031531
v 0.009926 0.002017 -0.021708
v 0.008775 -0.006803 -0.031775
v 0.008123 -0.006830 -0.031677
v 0.009926 0.002017 -0.021708
v 0.009430 -0.006734 -0.031824
v 0.008775 -0.006803 -0.031775
v 0.009926 0.002017 -0.021708
v 0.010080 -0.006623 -0.031824
v 0.009430 -0.006734 -0.031824
v 0.009926 0.002017 -0.021708
v 0.010721 -0.006471 -0.031774
v 0.010080 -0.006623 -0.031824
v 0.009926 0.002017 -0.021708
v 0.011345 -0.006280 -0.031676
v 0.010721 -0.006471 -0.031774
v 0.009926 0.002017 -0.021708
v 0.011946 -0.006052 -0.031529
v 0.011345 -0.006280 -0.031676
v 0.009926 0.002017 -0.021708
v 0.012520 -0.005789 -0.031336
v 0.011946 -0.006052 -0.031529
v 0.009926 0.002017 -0.021708
v 0.013060 -0.005493 -0.031098
v 0.012520 -0.005789 -0.031336
v 0.009926 0.002017 -0.021708
v 0.013561 -0.005168 -0.030818
v 0.013060 -0.005493 -0.031098
v 0.009926 0.002017 -0.021708
v 0.014018 -0.004816 -0.030498
v 0.013561 -0.005168 -0.030818
v 0.009926 0.002017 -0.021708
v 0.014427 -0.004441 -0.030141
v 0.014018 -0.004816 -0.030498
v 0.009926 0.002017 -0.021708
v 0.014785 -0.004046 -0.029751
v 0.014427 -0.004441 -0.030141
v 0.009926 0.002017 -0.021708
v 0.015086 -0.003635 -0.029332
v 0.014785 -0.004046 -0.029751
v 0.009926 0.002017 -0.021708
v 0.015330 -0.003213 -0.028887
v 0.015086 -0.003635 -0.029332
v 0.009926 0.002017 -0.021708
v 0.015512 -0.002783 -0.028421
v 0.015330 -0.003213 -0.028887
v 0.009926 0.002017 -0.021708
v 0.015633 -0.002349 -0.027939
v 0.015512 -0.002783 -0.028421
v 0.009926 0.002017 -0.021708
v 0.015689 -0.001915 -0.027444
v 0.015633 -0.002349 -0.027939
v 0.009926 0.002017 -0.021708
v 0.015681 -0.001487 -0.026942
v 0.015689 -0.001915 -0.027444
v 0.009926 0.002017 -0.021708
v 0.015610 -0.001067 -0.026438
v 0.015681 -0.001487 -0.026942
v 0.009926 0.002017 -0.021708
v 0.015474 -0.000660 -0.025936
v 0.015610 -0.001067 -0.026438
v 0.009926 0.002017 -0.021708
v 0.015277 -0.000270 -0.025442
v 0.015474 -0.000660 -0.025936
v 0.009926 0.002017 -0.021708
v 0.015020 0.000099 -0.024959
v 0.015277 -0.000270 -0.025442
v 0.009926 0.002017 -0.021708
v 0.014704 0.000444 -0.024494
v 0.015020 0.000099 -0.024959
v 0.009926 0.002017 -0.021708
v 0.014334 0.000762 -0.024049
v 0.014704 0.000444 -0.024494
v 0.009926 0.002017 -0.021708
v 0.013913 0.001049 -0.023630
v 0.014334 0.000762 -0.024049
v 0.009926 0.002017 -0.021708
v 0.013445 0.001303 -0.023240
v 0.013913 0.001049 -0.023630
v 0.009926 0.002017 -0.021708
v 0.012934 0.001522 -0.022884
v 0.013445 0.001303 -0.023240
v 0.009926 0.002017 -0.021708
v 0.012386 0.001702 -0.022564
v 0.012934 0.001522 -0.022884
v 0.009926 0.002017 -0.021708
v 0.011805 0.001843 -0.022284
v 0.012386 0.001702 -0.022564
v 0.009926 0.002017 -0.021708
v 0.011198 0.001943 -0.022047
v 0.011805 0.001843 -0.022284
v 0.009926 0.002017 -0.021708
v 0.010569 0.002001 -0.021854
v 0.011198 0.001943 -0.022047
v 0.009926 0.002017 -0.021708
v 0.008619 0.001920 -0.021561
v 0.009274 0.001990 -0.021610
v 0.009926 0.002017 -0.021708
v 0.007969 0.001809 -0.021561
v 0.008619 0.001920 -0.021561
v 0.009926 0.002017 -0.021708
v 0.007328 0.001658 -0.021610
v 0.007969 0.001809 -0.021561
v 0.009926 0.002017 -0.021708
v 0.006704 0.001467 -0.021709
v 0.007328 0.001658 -0.021610
v 0.009926 0.002017 -0.021708
v 0.006103 0.001239 -0.021856
v 0.006704 0.001467 -0.021709
v 0.009926 0.002017 -0.021708
v 0.005529 0.000976 -0.022049
v 0.006103 0.001239 -0.021856
v 0.009926 0.002017 -0.021708
v 0.004989 0.000680 -0.022287
v 0.005529 0.000976 -0.022049
v 0.009926 0.002017 -0.021708
v 0.004488 0.000355 -0.022567
v 0.004989 0.000680 -0.022287
v 0.009926 0.002017 -0.021708
v 0.004031 0.000003 -0.022887
v 0.004488 0.000355 -0.022567
v 0.009926 0.002017 -0.021708
v 0.003622 -0.000373 -0.023244
v 0.004031 0.000003 -0.022887
v 0.009926 0.002017 -0.021708
v 0.026310 -0.002277 -0.008804
v 0.025175 -0.006136 -0.004503
v 0.025605 -0.006569 -0.011259
v 0.026159 -0.001858 -0.004027
v 0.025761 0.006060 -0.006466
v 0.026162 0.002218 -0.004868
v 0.026503 0.001584 -0.007657
v 0.026573 0.003780 -0.009049
v 0.025078 0.007766 -0.004537
v 0.025674 0.008929 -0.008588
v 0.024577 0.010473 -0.006748
v 0.025761 0.006060 -0.006466
v 0.029080 0.001239 -0.017762
v 0.028002 0.004495 -0.013826
v 0.027204 0.001217 -0.011808
v 0.027685 -0.001643 -0.015187
v 0.028153 -0.003940 -0.018446
v 0.029080 0.001239 -0.017762
v 0.027685 -0.001643 -0.015187
v 0.029544 -0.000708 -0.020407
v -0.004353 -0.015617 0.001239
v -0.000319 -0.015856 0.002220
v -0.001886 -0.015734 0.002797
v -0.004173 -0.015053 0.001824
v -0.004353 -0.015617 0.001239
v -0.000761 -0.016993 0.000118
v -0.000319 -0.015856 0.002220
v -0.004712 -0.016744 0.000068
v -0.001345 -0.019251 -0.002431
v -0.000761 -0.016993 0.000118
v -0.004712 -0.016744 0.000068
v -0.005457 -0.019082 -0.002359
v -0.005457 -0.019082 -0.002359
v -0.004712 -0.016744 0.000068
v -0.010088 -0.015529 -0.000881
v -0.009765 -0.019218 -0.002646
v 0.027353 -0.010664 -0.028153
v 0.025655 -0.013671 -0.031375
v 0.027683 -0.010736 -0.031815
v 0.025725 -0.013308 -0.027666
v 0.014447 -0.024284 -0.031183
v 0.018989 -0.020651 -0.032356
v 0.019387 -0.020655 -0.029016
v 0.014746 -0.024595 -0.028316
v 0.028002 0.004495 -0.013826
v 0.027000 0.006887 -0.011012
v 0.026573 0.003780 -0.009049
v 0.027204 0.001217 -0.011808
v 0.028002 0.004495 -0.013826
v 0.028264 0.008406 -0.015253
v 0.027000 0.006887 -0.011012
v 0.027001 0.010253 -0.012969
v 0.029398 0.006381 -0.017737
v 0.028264 0.008406 -0.015253
v 0.028002 0.004495 -0.013826
v 0.024577 0.010473 -0.006748
v 0.025589 0.011891 -0.010889
v 0.024117 0.013261 -0.009082
v 0.025674 0.008929 -0.008588
v 0.032501 -0.002682 -0.036673
v 0.030508 -0.005741 -0.032435
v 0.029710 -0.007977 -0.035459
v 0.032412 -0.001903 -0.033347
v 0.027000 0.006887 -0.011012
v 0.027001 0.010253 -0.012969
v 0.025674 0.008929 -0.008588
v 0.025589 0.011891 -0.010889
v 0.021129 0.014409 -0.002247
v 0.023695 0.009893 -0.002154
v 0.023205 0.012082 -0.004813
v 0.022114 0.012253 0.000580
v 0.022114 0.012253 0.000580
v 0.018397 0.016437 0.000310
v 0.020336 0.014439 0.003706
v 0.021129 0.014409 -0.002247
v 0.025835 -0.003605 -0.032262
v 0.016391 -0.002794 -0.029520
v 0.016603 -0.002289 -0.028969
v -0.033971 -0.013186 -0.032263
v -0.036588 -0.010258 -0.031881
v -0.036470 -0.008979 -0.026850
v -0.039199 -0.006708 -0.030946
v -0.037367 -0.004015 -0.020871
v -0.036470 -0.008979 -0.026850
v 0.006084 -0.030493 -0.012438
v 0.003090 -0.031436 -0.011050
v -0.004900 -0.025025 -0.023265
v -0.010027 -0.029809 -0.010667
v -0.004900 -0.025025 -0.023265
v -0.008426 -0.030498 -0.010089
v -0.011559 -0.029060 -0.011457
v -0.004900 -0.025025 -0.023265
v -0.010027 -0.029809 -0.010667
v -0.005472 -0.026011 -0.040243
v -0.003323 -0.025877 -0.040246
v -0.004900 -0.025025 -0.023265
v -0.007519 -0.026089 -0.039865
v -0.004900 -0.025025 -0.023265
v -0.009276 -0.026086 -0.039270
v -0.004900 -0.025025 -0.023265
v -0.010854 -0.026030 -0.038518
v -0.009276 -0.026086 -0.039270
v -0.002756 -0.031838 -0.009732
v -0.004972 -0.031518 -0.009626
v -0.004900 -0.025025 -0.023265
v -0.004972 -0.031518 -0.009626
v -0.006809 -0.031060 -0.009753
v -0.004900 -0.025025 -0.023265
v -0.004900 -0.025025 -0.023265
v -0.000086 -0.031873 -0.010159
v -0.002756 -0.031838 -0.009732
v -0.033543 -0.015434 -0.045024
v -0.031971 -0.015281 -0.035095
v -0.030517 -0.016657 -0.036980
v -0.031202 -0.017061 -0.045426
v -0.016519 -0.022011 -0.045891
v -0.018769 -0.022352 -0.047647
v -0.019089 -0.021458 -0.044758
v -0.016498 -0.022900 -0.048093
v -0.021660 -0.020905 -0.043626
v -0.023813 -0.020901 -0.046780
v -0.024027 -0.019966 -0.042081
v -0.021253 -0.021700 -0.047209
v -0.009348 0.005373 -0.015096
v -0.013555 0.000173 -0.020366
v -0.009455 0.005745 -0.014640
v -0.012954 0.000340 -0.020285
v 0.010133 0.011426 -0.011685
v 0.007455 0.019144 -0.002134
v 0.010413 0.011691 -0.011427
v -0.001404 0.009747 -0.011481
v 0.007455 0.019144 -0.002134
v 0.010133 0.011426 -0.011685
v 0.007455 0.019144 -0.002134
v -0.001404 0.009747 -0.011481
v -0.001916 0.009896 -0.011209
v -0.000931 0.009557 -0.011793
v 0.010133 0.011426 -0.011685
v 0.009890 0.011148 -0.011966
v 0.010133 0.011426 -0.011685
v -0.000931 0.009557 -0.011793
v -0.001404 0.009747 -0.011481
v 0.018304 0.009224 -0.015802
v 0.024604 0.008996 -0.017257
v 0.018101 0.008934 -0.016102
v 0.023532 0.010580 -0.015198
v 0.018466 0.009521 -0.015484
v 0.018584 0.009823 -0.015152
v 0.018466 0.009521 -0.015484
v 0.023532 0.010580 -0.015198
v 0.024604 0.008996 -0.017257
v 0.018584 0.009823 -0.015152
v 0.018659 0.010127 -0.014810
v 0.023532 0.010580 -0.015198
v 0.018612 0.011022 -0.013751
v 0.022211 0.012069 -0.013203
v 0.018673 0.010729 -0.014106
v 0.022211 0.012069 -0.013203
v 0.018612 0.011022 -0.013751
v 0.018433 0.011441 -0.013226
v 0.020775 0.013342 -0.011441
v 0.018433 0.011441 -0.013226
v 0.018168 0.011833 -0.012717
v 0.022211 0.012069 -0.013203
v 0.018433 0.011441 -0.013226
v 0.020775 0.013342 -0.011441
v 0.017937 0.012073 -0.012393
v 0.020775 0.013342 -0.011441
v 0.018168 0.011833 -0.012717
v 0.016662 0.012814 -0.011285
v 0.019285 0.014466 -0.009843
v 0.017028 0.012665 -0.011529
v 0.019285 0.014466 -0.009843
v 0.016662 0.012814 -0.011285
v 0.017509 0.015633 -0.008142
v 0.019285 0.014466 -0.009843
v 0.017364 0.012490 -0.011796
v 0.017028 0.012665 -0.011529
v 0.015426 0.013096 -0.010722
v 0.017509 0.015633 -0.008142
v 0.015857 0.013031 -0.010880
v 0.007683 0.003113 -0.020945
v 0.010054 0.008009 -0.015675
v 0.010323 0.007790 -0.015983
v 0.008449 0.003242 -0.020939
v 0.010627 0.007592 -0.016273
v 0.008449 0.003242 -0.020939
v 0.010323 0.007790 -0.015983
v 0.024604 0.008996 -0.017257
v 0.017578 0.008391 -0.016641
v 0.017858 0.008656 -0.016383
v 0.017578 0.008391 -0.016641
v 0.024604 0.008996 -0.017257
v 0.025582 0.007179 -0.019571
v 0.025582 0.007179 -0.019571
v 0.017264 0.008142 -0.016874
v 0.017578 0.008391 -0.016641
v 0.025582 0.007179 -0.019571
v 0.016918 0.007911 -0.017080
v 0.017264 0.008142 -0.016874
v 0.025582 0.007179 -0.019571
v 0.016002 0.001091 -0.024890
v 0.016544 0.007700 -0.017257
v 0.016918 0.007911 -0.017080
v 0.025582 0.007179 -0.019571
v 0.016544 0.007700 -0.017257
v 0.025582 0.007179 -0.019571
v 0.026325 0.005297 -0.021918
v 0.016002 0.001091 -0.024890
v 0.014139 0.002507 -0.022877
v 0.015290 0.007211 -0.017594
v 0.014692 0.002208 -0.023332
v 0.014842 0.007101 -0.017639
v 0.014692 0.002208 -0.023332
v 0.015726 0.007349 -0.017515
v 0.015191 0.001870 -0.023823
v 0.015290 0.007211 -0.017594
v 0.015191 0.001870 -0.023823
v 0.016145 0.007512 -0.017402
v 0.015629 0.001497 -0.024344
v 0.015726 0.007349 -0.017515
v -0.009494 0.006129 -0.014183
v -0.013555 0.000173 -0.020366
v -0.026359 0.012542 -0.003516
v -0.009455 0.005745 -0.014640
v -0.009494 0.006129 -0.014183
v -0.026359 0.012542 -0.003516
v -0.009466 0.006519 -0.013731
v -0.009466 0.006519 -0.013731
v -0.024046 0.013965 -0.002283
v -0.009371 0.006912 -0.013290
v -0.024046 0.013965 -0.002283
v -0.009209 0.007300 -0.012865
v -0.009371 0.006912 -0.013290
v -0.024046 0.013965 -0.002283
v -0.008984 0.007681 -0.012463
v -0.009209 0.007300 -0.012865
v -0.021942 0.015103 -0.001331
v -0.008984 0.007681 -0.012463
v -0.021942 0.015103 -0.001331
v -0.008697 0.008048 -0.012087
v -0.019879 0.016063 -0.000582
v -0.008697 0.008048 -0.012087
v -0.021942 0.015103 -0.001331
v -0.008353 0.008396 -0.011744
v -0.008353 0.008396 -0.011744
v -0.019879 0.016063 -0.000582
v -0.007956 0.008722 -0.011438
v -0.009466 0.006519 -0.013731
v -0.026359 0.012542 -0.003516
v -0.024046 0.013965 -0.002283
v -0.017672 0.016939 0.000022
v -0.007956 0.008722 -0.011438
v -0.019879 0.016063 -0.000582
v -0.007511 0.009021 -0.011172
v -0.036910 -0.000595 -0.016947
v -0.016640 -0.002019 -0.022354
v -0.016843 -0.002423 -0.022792
v -0.036394 0.000769 -0.015444
v -0.016640 -0.002019 -0.022354
v -0.036910 -0.000595 -0.016947
v -0.036394 0.000769 -0.015444
v -0.016368 -0.001627 -0.021945
v -0.016640 -0.002019 -0.022354
v -0.035825 0.002118 -0.013970
v -0.016368 -0.001627 -0.021945
v -0.036394 0.000769 -0.015444
v -0.016368 -0.001627 -0.021945
v -0.035175 0.003432 -0.012551
v -0.016029 -0.001253 -0.021569
v -0.035175 0.003432 -0.012551
v -0.016368 -0.001627 -0.021945
v -0.035825 0.002118 -0.013970
v -0.016029 -0.001253 -0.021569
v -0.034330 0.004835 -0.011063
v -0.015631 -0.000902 -0.021233
v -0.034330 0.004835 -0.011063
v -0.016029 -0.001253 -0.021569
v -0.035175 0.003432 -0.012551
v -0.015631 -0.000902 -0.021233
v -0.033174 0.006444 -0.009388
v -0.015177 -0.000579 -0.020940
v -0.034330 0.004835 -0.011063
v -0.015177 -0.000579 -0.020940
v -0.031787 0.008075 -0.007728
v -0.014674 -0.000290 -0.020696
v -0.033174 0.006444 -0.009388
v -0.030294 0.009553 -0.006269
v -0.036470 -0.008979 -0.026850
v -0.016962 -0.003845 -0.024445
v -0.016746 -0.004418 -0.025161
v -0.036470 -0.008979 -0.026850
v -0.016746 -0.004418 -0.025161
v -0.016506 -0.004771 -0.025623
v -0.016962 -0.003845 -0.024445
v -0.037367 -0.004015 -0.020871
v -0.017029 -0.003244 -0.023723
v -0.036470 -0.008979 -0.026850
v -0.037367 -0.004015 -0.020871
v -0.016973 -0.002833 -0.023250
v -0.017029 -0.003244 -0.023723
v -0.016843 -0.002423 -0.022792
v -0.037367 -0.004015 -0.020871
v -0.036910 -0.000595 -0.016947
v -0.037367 -0.004015 -0.020871
v -0.016843 -0.002423 -0.022792
v -0.016973 -0.002833 -0.023250
v -0.033971 -0.013186 -0.032263
v -0.016199 -0.005096 -0.026065
v -0.015829 -0.005388 -0.026481
v -0.033971 -0.013186 -0.032263
v -0.015829 -0.005388 -0.026481
v -0.031971 -0.015281 -0.035095
v -0.031971 -0.015281 -0.035095
v -0.015400 -0.005643 -0.026864
v -0.030517 -0.016657 -0.036980
v -0.015829 -0.005388 -0.026481
v -0.030517 -0.016657 -0.036980
v -0.014920 -0.005858 -0.027210
v -0.028456 -0.017842 -0.038758
v -0.015400 -0.005643 -0.026864
v -0.028456 -0.017842 -0.038758
v -0.014396 -0.006028 -0.027512
v -0.026395 -0.019026 -0.040535
v -0.014920 -0.005858 -0.027210
v -0.026395 -0.019026 -0.040535
v -0.013834 -0.006153 -0.027767
v -0.024027 -0.019966 -0.042081
v -0.014396 -0.006028 -0.027512
v -0.024027 -0.019966 -0.042081
v -0.013834 -0.006153 -0.027767
v -0.013244 -0.006229 -0.027970
v -0.021660 -0.020905 -0.043626
v -0.016506 -0.004771 -0.025623
v -0.033971 -0.013186 -0.032263
v -0.036470 -0.008979 -0.026850
v -0.016199 -0.005096 -0.026065
v -0.013244 -0.006229 -0.027970
v -0.019089 -0.021458 -0.044758
v -0.021660 -0.020905 -0.043626
v -0.012634 -0.006256 -0.028119
v -0.019089 -0.021458 -0.044758
v -0.012634 -0.006256 -0.028119
v -0.012012 -0.006233 -0.028212
v -0.016519 -0.022011 -0.045891
v -0.012012 -0.006233 -0.028212
v -0.013204 -0.022260 -0.046805
v -0.016519 -0.022011 -0.045891
v -0.011388 -0.006161 -0.028247
v -0.011388 -0.006161 -0.028247
v -0.009897 -0.022361 -0.047545
v -0.013204 -0.022260 -0.046805
v -0.009897 -0.022361 -0.047545
v -0.011388 -0.006161 -0.028247
v -0.010771 -0.006040 -0.028224
v -0.010771 -0.006040 -0.028224
v -0.007362 -0.022351 -0.048010
v -0.009897 -0.022361 -0.047545
v -0.010170 -0.005873 -0.028144
v -0.010170 -0.005873 -0.028144
v -0.004835 -0.022194 -0.048300
v -0.007362 -0.022351 -0.048010
v -0.009594 -0.005662 -0.028006
v -0.009594 -0.005662 -0.028006
v -0.001840 -0.021707 -0.048291
v -0.004835 -0.022194 -0.048300
v -0.001840 -0.021707 -0.048291
v -0.009594 -0.005662 -0.028006
v -0.009051 -0.005410 -0.027814
v -0.009051 -0.005410 -0.027814
v 0.001156 -0.021219 -0.048283
v -0.001840 -0.021707 -0.048291
v -0.008549 -0.005121 -0.027569
v -0.008549 -0.005121 -0.027569
v 0.002283 -0.005165 -0.029631
v 0.001156 -0.021219 -0.048283
v 0.003414 -0.020606 -0.047988
v -0.008095 -0.004798 -0.027277
v 0.003414 -0.020606 -0.047988
v 0.002283 -0.005165 -0.029631
v 0.002721 -0.005538 -0.030152
v 0.005672 -0.019992 -0.047693
v 0.001909 -0.004759 -0.029085
v -0.008095 -0.004798 -0.027277
v -0.007696 -0.004447 -0.026940
v 0.002283 -0.005165 -0.029631
v 0.001603 -0.004325 -0.028518
v -0.007696 -0.004447 -0.026940
v -0.007358 -0.004073 -0.026565
v 0.001909 -0.004759 -0.029085
v 0.001368 -0.003867 -0.027937
v -0.007358 -0.004073 -0.026565
v -0.007085 -0.003681 -0.026155
v 0.001603 -0.004325 -0.028518
v 0.001206 -0.003390 -0.027346
v -0.007085 -0.003681 -0.026155
v -0.006882 -0.003277 -0.025718
v -0.007085 -0.003681 -0.026155
v 0.001206 -0.003390 -0.027346
v 0.001368 -0.003867 -0.027937
v 0.001119 -0.002897 -0.026752
v -0.006882 -0.003277 -0.025718
v -0.006752 -0.002867 -0.025260
v 0.001206 -0.003390 -0.027346
v 0.001107 -0.002395 -0.026160
v -0.006752 -0.002867 -0.025260
v -0.006697 -0.002456 -0.024786
v 0.001119 -0.002897 -0.026752
v 0.001170 -0.001887 -0.025576
v -0.006697 -0.002456 -0.024786
v -0.006716 -0.002051 -0.024305
v 0.001107 -0.002395 -0.026160
v 0.001309 -0.001378 -0.025006
v -0.006716 -0.002051 -0.024305
v -0.006811 -0.001658 -0.023824
v 0.001170 -0.001887 -0.025576
v 0.001521 -0.000874 -0.024455
v -0.006811 -0.001658 -0.023824
v -0.006979 -0.001282 -0.023348
v 0.001309 -0.001378 -0.025006
v -0.005278 0.003218 -0.018393
v -0.007897 -0.000312 -0.022028
v -0.008325 -0.000057 -0.021645
v -0.004690 0.003222 -0.018500
v -0.004690 0.003222 -0.018500
v -0.007526 -0.000604 -0.022444
v -0.007897 -0.000312 -0.022028
v -0.004096 0.003270 -0.018556
v -0.004096 0.003270 -0.018556
v -0.007219 -0.000929 -0.022886
v -0.007526 -0.000604 -0.022444
v -0.003506 0.003362 -0.018560
v 0.001805 -0.000379 -0.023928
v -0.003506 0.003362 -0.018560
v -0.002925 0.003498 -0.018512
v -0.006979 -0.001282 -0.023348
v 0.001805 -0.000379 -0.023928
v 0.001521 -0.000874 -0.024455
v -0.006979 -0.001282 -0.023348
v -0.003506 0.003362 -0.018560
v 0.001805 -0.000379 -0.023928
v -0.003506 0.003362 -0.018560
v -0.006979 -0.001282 -0.023348
v -0.007219 -0.000929 -0.022886
v -0.008325 -0.000057 -0.021645
v -0.005854 0.003259 -0.018236
v -0.005278 0.003218 -0.018393
v -0.008805 0.000158 -0.021300
v -0.002925 0.003498 -0.018512
v 0.002158 0.000102 -0.023431
v 0.001805 -0.000379 -0.023928
v -0.002362 0.003674 -0.018412
v -0.002362 0.003674 -0.018412
v 0.002576 0.000564 -0.022968
v 0.002158 0.000102 -0.023431
v -0.001825 0.003889 -0.018262
v -0.001825 0.003889 -0.018262
v 0.003056 0.001003 -0.022544
v 0.002576 0.000564 -0.022968
v -0.001320 0.004140 -0.018064
v -0.001320 0.004140 -0.018064
v 0.003592 0.001415 -0.022162
v 0.003056 0.001003 -0.022544
v -0.000853 0.004424 -0.017820
v -0.000853 0.004424 -0.017820
v 0.004180 0.001796 -0.021827
v 0.003592 0.001415 -0.022162
v 0.004180 0.001796 -0.021827
v -0.000853 0.004424 -0.017820
v -0.000432 0.004737 -0.017534
v -0.000432 0.004737 -0.017534
v 0.004814 0.002141 -0.021542
v 0.004180 0.001796 -0.021827
v 0.004814 0.002141 -0.021542
v -0.000432 0.004737 -0.017534
v -0.000060 0.005075 -0.017209
v 0.000255 0.005433 -0.016849
v 0.004814 0.002141 -0.021542
v -0.000060 0.005075 -0.017209
v 0.000255 0.005433 -0.016849
v 0.005488 0.002448 -0.021309
v 0.004814 0.002141 -0.021542
v 0.000512 0.005808 -0.016459
v 0.005488 0.002448 -0.021309
v 0.000255 0.005433 -0.016849
v 0.000512 0.005808 -0.016459
v 0.006196 0.002715 -0.021131
v 0.005488 0.002448 -0.021309
v 0.000706 0.006193 -0.016045
v 0.006930 0.002937 -0.021009
v 0.006196 0.002715 -0.021131
v 0.000512 0.005808 -0.016459
v 0.000706 0.006193 -0.016045
v 0.010054 0.008009 -0.015675
v 0.006930 0.002937 -0.021009
v 0.000835 0.006584 -0.015611
v 0.010054 0.008009 -0.015675
v 0.000706 0.006193 -0.016045
v 0.009824 0.008249 -0.015352
v 0.006930 0.002937 -0.021009
v 0.010054 0.008009 -0.015675
v 0.007683 0.003113 -0.020945
v 0.000835 0.006584 -0.015611
v 0.009633 0.008505 -0.015015
v 0.009824 0.008249 -0.015352
v 0.000897 0.006976 -0.015164
v 0.000897 0.006976 -0.015164
v 0.009484 0.008776 -0.014669
v 0.009633 0.008505 -0.015015
v 0.009484 0.008776 -0.014669
v 0.000897 0.006976 -0.015164
v 0.000891 0.007364 -0.014709
v 0.000891 0.007364 -0.014709
v 0.009379 0.009060 -0.014317
v 0.009484 0.008776 -0.014669
v 0.009379 0.009060 -0.014317
v 0.000891 0.007364 -0.014709
v 0.000817 0.007742 -0.014251
v 0.013011 0.006949 -0.017473
v 0.013465 0.006943 -0.017566
v 0.012203 0.003144 -0.021764
v 0.011487 0.003263 -0.021489
v 0.013011 0.006949 -0.017473
v 0.012203 0.003144 -0.021764
v 0.013011 0.006949 -0.017473
v 0.011487 0.003263 -0.021489
v 0.012566 0.006986 -0.017347
v 0.012203 0.003144 -0.021764
v 0.013925 0.006966 -0.017625
v 0.012888 0.002977 -0.022089
v 0.013465 0.006943 -0.017566
v 0.012888 0.002977 -0.022089
v 0.014385 0.007019 -0.017650
v 0.013536 0.002764 -0.022461
v 0.013925 0.006966 -0.017625
v 0.013536 0.002764 -0.022461
v 0.014842 0.007101 -0.017639
v 0.014139 0.002507 -0.022877
v 0.014385 0.007019 -0.017650
v 0.010746 0.003332 -0.021267
v 0.012566 0.006986 -0.017347
v 0.011487 0.003263 -0.021489
v 0.010746 0.003332 -0.021267
v 0.012134 0.007051 -0.017189
v 0.012566 0.006986 -0.017347
v 0.010904 0.010753 -0.011066
v 0.010413 0.011691 -0.011427
v 0.011184 0.010977 -0.010856
v 0.010728 0.011940 -0.011194
v -0.028541 0.011003 -0.004899
v -0.014131 -0.000038 -0.020504
v -0.014674 -0.000290 -0.020696
v -0.030294 0.009553 -0.006269
v -0.012251 -0.023413 -0.048953
v -0.013204 -0.022260 -0.046805
v -0.009897 -0.022361 -0.047545
v -0.010036 -0.023367 -0.049366
v -0.011937 -0.026517 -0.046447
v -0.009852 -0.025997 -0.048472
v -0.009566 -0.026510 -0.046898
v -0.012174 -0.025960 -0.048041
v -0.009852 -0.025997 -0.048472
v -0.012251 -0.023413 -0.048953
v -0.010036 -0.023367 -0.049366
v -0.012174 -0.025960 -0.048041
v -0.005472 -0.026011 -0.040243
v -0.007532 -0.028060 -0.039951
v -0.005406 -0.027985 -0.040369
v -0.007519 -0.026089 -0.039865
v -0.007532 -0.028060 -0.039951
v -0.006174 -0.027711 -0.043267
v -0.005406 -0.027985 -0.040369
v -0.008447 -0.027749 -0.042878
v -0.011621 -0.027015 -0.044908
v -0.009566 -0.026510 -0.046898
v -0.009278 -0.027000 -0.045371
v -0.011937 -0.026517 -0.046447
v -0.026359 0.012542 -0.003516
v -0.014131 -0.000038 -0.020504
v -0.028541 0.011003 -0.004899
v -0.013555 0.000173 -0.020366
v -0.008938 0.004684 -0.015981
v -0.012954 0.000340 -0.020285
v -0.009175 0.005018 -0.015545
v -0.012337 0.000461 -0.020262
v -0.008938 0.004684 -0.015981
v -0.008641 0.004376 -0.016399
v -0.008938 0.004684 -0.015981
v -0.012337 0.000461 -0.020262
v -0.012954 0.000340 -0.020285
v -0.011713 0.000533 -0.020297
v -0.008641 0.004376 -0.016399
v -0.008288 0.004097 -0.016792
v -0.008641 0.004376 -0.016399
v -0.011713 0.000533 -0.020297
v -0.012337 0.000461 -0.020262
v -0.011092 0.000556 -0.020390
v -0.008288 0.004097 -0.016792
v -0.007882 0.003851 -0.017157
v -0.008288 0.004097 -0.016792
v -0.011092 0.000556 -0.020390
v -0.011713 0.000533 -0.020297
v -0.007511 0.009021 -0.011172
v -0.015324 0.017723 0.000484
v -0.007024 0.009289 -0.010951
v -0.017672 0.016939 0.000022
v 0.016145 0.011886 -0.010722
v 0.015773 0.011969 -0.010555
v 0.015857 0.013031 -0.010880
v 0.016270 0.012936 -0.011068
v -0.015829 -0.026513 -0.015963
v -0.017314 -0.027918 -0.017356
v -0.016519 -0.026090 -0.017227
v -0.016653 -0.028324 -0.016129
v 0.030370 0.005176 -0.029639
v 0.032244 -0.001000 -0.030123
v 0.033665 0.002849 -0.030759
v 0.028575 0.001958 -0.028963
v -0.000897 -0.014445 0.017956
v 0.002323 -0.013946 0.014762
v 0.001467 -0.017843 0.015869
v 0.001778 -0.013132 0.015545
v 0.003715 -0.005575 -0.029336
v 0.003219 -0.005876 -0.030643
v 0.002721 -0.005538 -0.030152
v 0.004136 -0.005863 -0.029755
v -0.002779 0.058088 -0.053007
v -0.006792 0.056027 -0.053065
v -0.006659 0.058602 -0.052341
v -0.003257 0.055504 -0.053722
v -0.014440 -0.025831 -0.047586
v -0.016498 -0.022900 -0.048093
v -0.014370 -0.023275 -0.048532
v -0.016767 -0.025553 -0.047090
v -0.021253 -0.021700 -0.047209
v -0.019174 -0.025086 -0.046612
v -0.021625 -0.024423 -0.046190
v -0.018769 -0.022352 -0.047647
v -0.028749 -0.018577 -0.045882
v -0.026863 -0.022498 -0.045215
v -0.029660 -0.021159 -0.044639
v -0.026303 -0.019868 -0.046340
v -0.031202 -0.017061 -0.045426
v -0.029660 -0.021159 -0.044639
v -0.032537 -0.019482 -0.044110
v -0.028749 -0.018577 -0.045882
v -0.035623 -0.013778 -0.044702
v -0.035242 -0.017609 -0.043677
v -0.037530 -0.015746 -0.043337
v -0.033543 -0.015434 -0.045024
v -0.039856 -0.013437 -0.043026
v -0.042521 -0.010234 -0.042710
v -0.040343 -0.008670 -0.043979
v -0.037845 -0.011620 -0.044367
v -0.044916 -0.002115 -0.043387
v -0.048686 -0.000270 -0.041868
v -0.046706 0.001344 -0.043240
v -0.047015 -0.003598 -0.042111
v -0.048155 0.005346 -0.043143
v -0.051350 0.008528 -0.041699
v -0.049178 0.009798 -0.043107
v -0.050208 0.003862 -0.041710
v -0.049703 0.014235 -0.043171
v -0.052154 0.017944 -0.041939
v -0.049746 0.018566 -0.043347
v -0.051998 0.013268 -0.041797
v -0.051872 0.022417 -0.042100
v -0.051195 0.026579 -0.042330
v -0.048559 0.026462 -0.043871
v -0.049343 0.022705 -0.043600
v -0.047520 0.029677 -0.044130
v -0.048652 0.034129 -0.043147
v -0.046105 0.032935 -0.044466
v -0.050166 0.030332 -0.042669
v -0.044060 0.036775 -0.044997
v -0.043573 0.042512 -0.044587
v -0.041516 0.040692 -0.045691
v -0.046408 0.038379 -0.043805
v -0.038651 0.044209 -0.046440
v -0.036993 0.049169 -0.046254
v -0.035463 0.047253 -0.047208
v -0.040433 0.046065 -0.045414
v -0.029453 0.054268 -0.047857
v -0.032023 0.049796 -0.047975
v -0.033259 0.051950 -0.047079
v -0.028490 0.051828 -0.048722
v -0.022171 0.057245 -0.049322
v -0.025031 0.053378 -0.049436
v -0.025798 0.055997 -0.048589
v -0.021581 0.054546 -0.050147
v -0.014606 0.058596 -0.050864
v -0.018048 0.055395 -0.050873
v -0.018442 0.058099 -0.050087
v -0.014393 0.055941 -0.051609
v -0.006659 0.058602 -0.052341
v -0.010574 0.056170 -0.052352
v -0.010643 0.058764 -0.051628
v -0.006792 0.056027 -0.053065
v -0.003101 -0.022726 -0.050690
v 0.000008 -0.024958 -0.050233
v -0.002515 -0.025513 -0.049754
v -0.000797 -0.022256 -0.051173
v 0.002890 -0.024095 -0.050843
v 0.004475 -0.020579 -0.052264
v 0.005773 -0.023018 -0.051468
v 0.001869 -0.021517 -0.051729
v 0.008727 -0.018509 -0.053157
v 0.008326 -0.021877 -0.051991
v 0.006636 -0.019617 -0.052713
v 0.010776 -0.020572 -0.052474
v 0.013635 -0.015187 -0.054234
v 0.013327 -0.018970 -0.052991
v 0.011081 -0.017067 -0.053670
v 0.016088 -0.016916 -0.053580
v 0.021214 -0.007023 -0.055973
v 0.021639 -0.011505 -0.054770
v 0.018885 -0.009993 -0.055420
v 0.023990 -0.008471 -0.055326
v 0.026838 0.004600 -0.057561
v 0.028201 -0.000317 -0.056644
v 0.025424 0.000650 -0.057108
v 0.029638 0.003890 -0.057113
v 0.029638 0.003890 -0.057113
v 0.026838 0.004600 -0.057561
v 0.027803 0.008693 -0.057915
v 0.030679 0.008167 -0.057450
v 0.028307 0.012946 -0.058173
v 0.031249 0.016949 -0.057997
v 0.031233 0.012574 -0.057740
v 0.028370 0.017133 -0.058343
v 0.028939 0.030094 -0.058014
v 0.027412 0.025365 -0.058461
v 0.026370 0.029326 -0.058402
v 0.030081 0.025813 -0.058134
v 0.026370 0.029326 -0.058402
v 0.024914 0.033044 -0.058261
v 0.027418 0.033951 -0.057866
v 0.028939 0.030094 -0.058014
v 0.023074 0.036499 -0.058048
v 0.023358 0.041039 -0.057335
v 0.025551 0.037549 -0.057657
v 0.020926 0.039699 -0.057773
v 0.018101 0.047288 -0.056481
v 0.020874 0.044325 -0.056922
v 0.018544 0.042669 -0.057435
v 0.015963 0.045406 -0.057035
v 0.013139 0.047859 -0.056581
v 0.011655 0.052154 -0.055578
v 0.015018 0.049893 -0.056040
v 0.010036 0.049994 -0.056078
v 0.006767 0.051820 -0.055532
v 0.004601 0.055814 -0.054379
v 0.008147 0.054120 -0.055033
v 0.003462 0.053365 -0.054953
v -0.002925 -0.033799 -0.010040
v 0.000314 -0.034430 -0.007935
v -0.002965 -0.034321 -0.007352
v -0.000056 -0.033859 -0.010471
v -0.005347 -0.033453 -0.009921
v -0.002965 -0.034321 -0.007352
v -0.005649 -0.033921 -0.007185
v -0.002925 -0.033799 -0.010040
v -0.009836 -0.032683 -0.007619
v -0.007330 -0.032969 -0.010026
v -0.007807 -0.033384 -0.007292
v -0.009063 -0.032373 -0.010346
v -0.012357 -0.030875 -0.011697
v -0.011968 -0.031743 -0.008213
v -0.013990 -0.030698 -0.009104
v -0.010759 -0.031650 -0.010915
v -0.013753 -0.030128 -0.012640
v -0.013990 -0.030698 -0.009104
v -0.015731 -0.029711 -0.010254
v -0.012357 -0.030875 -0.011697
v -0.017215 -0.028811 -0.011618
v -0.015858 -0.028834 -0.014915
v -0.014912 -0.029439 -0.013732
v -0.018469 -0.028015 -0.013132
v -0.019516 -0.027350 -0.014773
v -0.017314 -0.027918 -0.017356
v -0.016653 -0.028324 -0.016129
v -0.020386 -0.026832 -0.016538
v 0.004123 -0.034023 -0.009097
v -0.000056 -0.033859 -0.010471
v 0.003279 -0.033420 -0.011425
v 0.000314 -0.034430 -0.007935
v 0.010324 -0.029820 -0.016782
v 0.010567 -0.031375 -0.012920
v 0.008783 -0.031146 -0.014770
v 0.012461 -0.029642 -0.015284
v 0.011872 -0.027545 -0.021164
v 0.013733 -0.027897 -0.018112
v 0.011333 -0.028528 -0.019024
v 0.014361 -0.026572 -0.020939
v 0.014594 -0.025769 -0.023242
v 0.011972 -0.026577 -0.024594
v 0.014698 -0.025167 -0.025523
v 0.012051 -0.026960 -0.022898
v -0.005406 -0.027985 -0.040369
v -0.003816 -0.027614 -0.043447
v -0.003179 -0.027856 -0.040445
v -0.006174 -0.027711 -0.043267
v -0.003179 -0.027856 -0.040445
v -0.001513 -0.027426 -0.043373
v -0.001143 -0.027705 -0.040155
v -0.003816 -0.027614 -0.043447
v 0.000773 -0.027516 -0.039608
v 0.002995 -0.026788 -0.042628
v 0.002720 -0.027276 -0.038793
v 0.000735 -0.027150 -0.043091
v 0.005226 -0.026343 -0.041985
v 0.005690 -0.026842 -0.036926
v 0.004429 -0.027034 -0.037828
v 0.007341 -0.025851 -0.041112
v 0.009269 -0.025380 -0.039863
v 0.007992 -0.026474 -0.034675
v 0.006798 -0.026665 -0.035946
v 0.010960 -0.024975 -0.038120
v 0.011648 -0.026277 -0.026679
v 0.014746 -0.024595 -0.028316
v 0.014698 -0.025167 -0.025523
v 0.011972 -0.026577 -0.024594
v 0.014447 -0.024284 -0.031183
v 0.010245 -0.026144 -0.031129
v 0.013628 -0.024343 -0.033712
v 0.011071 -0.026124 -0.028941
v -0.022600 -0.025921 -0.023520
v -0.018951 -0.026986 -0.024993
v -0.018823 -0.027056 -0.022954
v -0.022965 -0.025883 -0.026037
v -0.023152 -0.025914 -0.028532
v -0.018577 -0.027104 -0.028570
v -0.018857 -0.027015 -0.026874
v -0.023127 -0.025978 -0.030963
v -0.019697 -0.026845 -0.036935
v -0.017444 -0.027401 -0.031935
v -0.021390 -0.026460 -0.035229
v -0.016530 -0.027569 -0.033594
v -0.016157 -0.027419 -0.039630
v -0.015405 -0.027711 -0.035096
v -0.017926 -0.027171 -0.038381
v -0.014095 -0.027828 -0.036470
v -0.021185 -0.026422 -0.018553
v -0.018461 -0.027253 -0.020788
v -0.017910 -0.027567 -0.018826
v -0.021976 -0.026100 -0.020956
v -0.001711 0.005710 0.049957
v -0.000802 0.009014 0.052852
v -0.001099 0.009142 0.049783
v -0.001396 0.005833 0.052841
v 0.000089 0.012113 0.053138
v -0.001099 0.009142 0.049783
v -0.000802 0.009014 0.052852
v -0.000175 0.012478 0.049792
v -0.000498 0.008686 0.055908
v 0.000089 0.012113 0.053138
v -0.000802 0.009014 0.052852
v 0.000338 0.011454 0.056512
v 0.003038 0.018996 0.046185
v 0.000639 0.016035 0.042321
v 0.000935 0.015953 0.046227
v 0.002770 0.019160 0.041916
v 0.000935 0.015953 0.046227
v 0.003216 0.018598 0.050327
v 0.003038 0.018996 0.046185
v 0.001170 0.015631 0.050005
v 0.001170 0.015631 0.050005
v -0.000446 0.012680 0.046350
v -0.000175 0.012478 0.049792
v 0.000935 0.015953 0.046227
v -0.002067 0.002283 0.050278
v -0.002181 -0.001148 0.050748
v -0.001851 -0.000574 0.053598
v -0.001742 0.002638 0.053089
v -0.001742 0.002638 0.053089
v -0.001711 0.005710 0.049957
v -0.002067 0.002283 0.050278
v -0.001396 0.005833 0.052841
v -0.001378 0.003017 0.055858
v -0.001396 0.005833 0.052841
v -0.001742 0.002638 0.053089
v -0.001056 0.005871 0.055674
v -0.001398 0.009153 0.046570
v -0.000175 0.012478 0.049792
v -0.000446 0.012680 0.046350
v -0.001099 0.009142 0.049783
v -0.001099 0.009142 0.049783
v -0.002025 0.005513 0.046872
v -0.001711 0.005710 0.049957
v -0.001398 0.009153 0.046570
v -0.002342 0.005208 0.043625
v -0.001398 0.009153 0.046570
v -0.001716 0.008988 0.043229
v -0.002025 0.005513 0.046872
v -0.002699 0.001466 0.044008
v -0.002809 -0.002245 0.044395
v -0.002499 -0.001704 0.047670
v -0.002385 0.001897 0.047238
v -0.002385 0.001897 0.047238
v -0.002342 0.005208 0.043625
v -0.002699 0.001466 0.044008
v -0.002025 0.005513 0.046872
v -0.002067 0.002283 0.050278
v -0.002025 0.005513 0.046872
v -0.002385 0.001897 0.047238
v -0.001711 0.005710 0.049957
v -0.032339 -0.012669 -0.012144
v -0.035540 -0.010185 -0.013954
v -0.033688 -0.013097 -0.014116
v -0.034368 -0.009393 -0.012017
v -0.030283 -0.015603 -0.012415
v -0.033688 -0.013097 -0.014116
v -0.031729 -0.015743 -0.014397
v -0.032339 -0.012669 -0.012144
v -0.035000 -0.013455 -0.016102
v -0.033037 -0.016089 -0.016422
v -0.031729 -0.015743 -0.014397
v -0.033688 -0.013097 -0.014116
v -0.027732 -0.018902 -0.012824
v -0.026293 -0.021899 -0.015302
v -0.024982 -0.022138 -0.013331
v -0.029159 -0.018829 -0.014817
v -0.027608 -0.021883 -0.017407
v -0.029159 -0.018829 -0.014817
v -0.030542 -0.018752 -0.016874
v -0.026293 -0.021899 -0.015302
v -0.029159 -0.018829 -0.014817
v -0.033037 -0.016089 -0.016422
v -0.030542 -0.018752 -0.016874
v -0.031729 -0.015743 -0.014397
v -0.029357 -0.011430 -0.008291
v -0.033149 -0.008406 -0.010096
v -0.030917 -0.012100 -0.010201
v -0.031801 -0.007255 -0.008170
v -0.027020 -0.015229 -0.008659
v -0.030917 -0.012100 -0.010201
v -0.028736 -0.015422 -0.010502
v -0.029357 -0.011430 -0.008291
v -0.032339 -0.012669 -0.012144
v -0.030283 -0.015603 -0.012415
v -0.028736 -0.015422 -0.010502
v -0.030917 -0.012100 -0.010201
v -0.036839 -0.005071 -0.012038
v -0.040267 -0.001936 -0.013878
v -0.037793 -0.006304 -0.013894
v -0.039558 -0.000216 -0.012129
v -0.034368 -0.009393 -0.012017
v -0.037793 -0.006304 -0.013894
v -0.035540 -0.010185 -0.013954
v -0.036839 -0.005071 -0.012038
v -0.038711 -0.007489 -0.015772
v -0.036750 -0.010896 -0.015852
v -0.035540 -0.010185 -0.013954
v -0.037793 -0.006304 -0.013894
v -0.010565 -0.027758 -0.042337
v -0.009278 -0.027000 -0.045371
v -0.008447 -0.027749 -0.042878
v -0.011621 -0.027015 -0.044908
v -0.023596 -0.022392 -0.011527
v -0.024512 -0.019064 -0.009182
v -0.026218 -0.018970 -0.010957
v -0.022004 -0.022694 -0.009829
v -0.024982 -0.022138 -0.013331
v -0.026218 -0.018970 -0.010957
v -0.027732 -0.018902 -0.012824
v -0.023596 -0.022392 -0.011527
v -0.028736 -0.015422 -0.010502
v -0.027732 -0.018902 -0.012824
v -0.026218 -0.018970 -0.010957
v -0.030283 -0.015603 -0.012415
v -0.034631 -0.002290 -0.008388
v -0.038743 0.001423 -0.010469
v -0.035817 -0.003741 -0.010227
v -0.037700 0.003082 -0.008759
v -0.031801 -0.007255 -0.008170
v -0.035817 -0.003741 -0.010227
v -0.033149 -0.008406 -0.010096
v -0.034631 -0.002290 -0.008388
v -0.036839 -0.005071 -0.012038
v -0.034368 -0.009393 -0.012017
v -0.033149 -0.008406 -0.010096
v -0.035817 -0.003741 -0.010227
v -0.025539 -0.009893 -0.004590
v -0.030244 -0.005973 -0.006217
v -0.027592 -0.010697 -0.006417
v -0.028511 -0.004574 -0.004314
v -0.027592 -0.010697 -0.006417
v -0.022718 -0.014850 -0.005174
v -0.025539 -0.009893 -0.004590
v -0.025068 -0.015050 -0.006887
v -0.025068 -0.015050 -0.006887
v -0.027592 -0.010697 -0.006417
v -0.029357 -0.011430 -0.008291
v -0.027020 -0.015229 -0.008659
v 0.014698 -0.025167 -0.025523
v 0.019220 -0.021163 -0.022751
v 0.014594 -0.025769 -0.023242
v 0.019690 -0.020843 -0.025567
v -0.020074 -0.023078 -0.008179
v -0.020126 -0.019366 -0.005870
v -0.022507 -0.019218 -0.007466
v -0.017838 -0.023468 -0.006714
v -0.022004 -0.022694 -0.009829
v -0.022507 -0.019218 -0.007466
v -0.024512 -0.019064 -0.009182
v -0.020074 -0.023078 -0.008179
v -0.022507 -0.019218 -0.007466
v -0.025068 -0.015050 -0.006887
v -0.024512 -0.019064 -0.009182
v -0.027020 -0.015229 -0.008659
v -0.019516 -0.027350 -0.014773
v -0.023596 -0.022392 -0.011527
v -0.024982 -0.022138 -0.013331
v -0.018469 -0.028015 -0.013132
v -0.015327 -0.023788 -0.005575
v -0.013864 -0.019406 -0.003367
v -0.017293 -0.019445 -0.004456
v -0.012443 -0.023951 -0.004737
v -0.017838 -0.023468 -0.006714
v -0.017293 -0.019445 -0.004456
v -0.020126 -0.019366 -0.005870
v -0.015327 -0.023788 -0.005575
v -0.019810 -0.014589 -0.003506
v -0.022718 -0.014850 -0.005174
v -0.020126 -0.019366 -0.005870
v -0.017293 -0.019445 -0.004456
v -0.017215 -0.028811 -0.011618
v -0.020074 -0.023078 -0.008179
v -0.022004 -0.022694 -0.009829
v -0.015731 -0.029711 -0.010254
v -0.013990 -0.030698 -0.009104
v -0.015327 -0.023788 -0.005575
v -0.017838 -0.023468 -0.006714
v -0.011968 -0.031743 -0.008213
v -0.021185 -0.026422 -0.018553
v -0.026293 -0.021899 -0.015302
v -0.027608 -0.021883 -0.017407
v -0.020386 -0.026832 -0.016538
v -0.031550 0.001030 -0.004538
v -0.036322 0.004877 -0.006878
v -0.033187 -0.000691 -0.006453
v -0.034669 0.006783 -0.004974
v -0.028511 -0.004574 -0.004314
v -0.033187 -0.000691 -0.006453
v -0.030244 -0.005973 -0.006217
v -0.031550 0.001030 -0.004538
v -0.034631 -0.002290 -0.008388
v -0.031801 -0.007255 -0.008170
v -0.030244 -0.005973 -0.006217
v -0.033187 -0.000691 -0.006453
v -0.023164 -0.009047 -0.002735
v -0.028511 -0.004574 -0.004314
v -0.025539 -0.009893 -0.004590
v -0.026634 -0.003074 -0.002536
v -0.019677 -0.008410 -0.000820
v -0.026634 -0.003074 -0.002536
v -0.023164 -0.009047 -0.002735
v -0.022542 -0.000630 0.000065
v -0.019810 -0.014589 -0.003506
v -0.019677 -0.008410 -0.000820
v -0.023164 -0.009047 -0.002735
v -0.015230 -0.014857 -0.001877
v -0.010088 -0.015529 -0.000881
v -0.004712 -0.016744 0.000068
v -0.009579 -0.013500 0.000432
v -0.004353 -0.015617 0.001239
v -0.009086 -0.023870 -0.004180
v -0.005457 -0.019082 -0.002359
v -0.009765 -0.019218 -0.002646
v -0.005542 -0.023720 -0.004177
v -0.012443 -0.023951 -0.004737
v -0.009765 -0.019218 -0.002646
v -0.013864 -0.019406 -0.003367
v -0.009086 -0.023870 -0.004180
v -0.009579 -0.013500 0.000432
v -0.007921 -0.011339 0.003373
v -0.011870 -0.011881 0.000521
v -0.006693 -0.013338 0.002289
v -0.006693 -0.013338 0.002289
v -0.004353 -0.015617 0.001239
v -0.004173 -0.015053 0.001824
v -0.009579 -0.013500 0.000432
v -0.016085 -0.004221 0.002211
v -0.022542 -0.000630 0.000065
v -0.019677 -0.008410 -0.000820
v -0.014395 -0.008263 0.001250
v -0.014395 -0.008263 0.001250
v -0.009106 -0.006255 0.005588
v -0.016085 -0.004221 0.002211
v -0.008652 -0.008831 0.004503
v -0.011870 -0.011881 0.000521
v -0.008652 -0.008831 0.004503
v -0.014395 -0.008263 0.001250
v -0.007921 -0.011339 0.003373
v -0.027838 0.004718 -0.001112
v -0.032799 0.008767 -0.003198
v -0.029782 0.002845 -0.002764
v -0.030676 0.010734 -0.001597
v -0.027838 0.004718 -0.001112
v -0.026634 -0.003074 -0.002536
v -0.022542 -0.000630 0.000065
v -0.029782 0.002845 -0.002764
v -0.031550 0.001030 -0.004538
v -0.028511 -0.004574 -0.004314
v -0.026634 -0.003074 -0.002536
v -0.029782 0.002845 -0.002764
v -0.023432 0.008456 0.001831
v -0.028290 0.012568 -0.000171
v -0.025674 0.006612 0.000437
v -0.025841 0.014145 0.001030
v -0.023432 0.008456 0.001831
v -0.021323 0.001921 0.001473
v -0.019767 0.004194 0.002892
v -0.025674 0.006612 0.000437
v -0.022542 -0.000630 0.000065
v -0.025674 0.006612 0.000437
v -0.027838 0.004718 -0.001112
v -0.021323 0.001921 0.001473
v -0.015936 -0.001417 0.003223
v -0.009246 -0.003908 0.006514
v -0.015162 0.001016 0.004528
v -0.009163 -0.001444 0.007429
v -0.015936 -0.001417 0.003223
v -0.009106 -0.006255 0.005588
v -0.009246 -0.003908 0.006514
v -0.016085 -0.004221 0.002211
v -0.021323 0.001921 0.001473
v -0.016085 -0.004221 0.002211
v -0.015936 -0.001417 0.003223
v -0.022542 -0.000630 0.000065
v -0.019767 0.004194 0.002892
v -0.021254 0.010182 0.003020
v -0.023432 0.008456 0.001831
v -0.018066 0.006311 0.004127
v -0.021254 0.010182 0.003020
v -0.025841 0.014145 0.001030
v -0.023432 0.008456 0.001831
v -0.023573 0.015397 0.001981
v -0.021254 0.010182 0.003020
v -0.021348 0.016434 0.002791
v -0.023573 0.015397 0.001981
v -0.019125 0.011739 0.004019
v -0.014086 0.003484 0.005688
v -0.008812 0.001523 0.008478
v -0.012704 0.005870 0.006730
v -0.008161 0.004246 0.009500
v -0.014086 0.003484 0.005688
v -0.009163 -0.001444 0.007429
v -0.008812 0.001523 0.008478
v -0.015162 0.001016 0.004528
v -0.018066 0.006311 0.004127
v -0.015162 0.001016 0.004528
v -0.014086 0.003484 0.005688
v -0.019767 0.004194 0.002892
v -0.014379 0.010117 0.006111
v -0.015033 0.014213 0.005492
v -0.017026 0.013077 0.004841
v -0.012571 0.011339 0.006727
v -0.016237 0.008275 0.005138
v -0.017026 0.013077 0.004841
v -0.019125 0.011739 0.004019
v -0.014379 0.010117 0.006111
v -0.018995 0.017349 0.003513
v -0.021348 0.016434 0.002791
v -0.019125 0.011739 0.004019
v -0.017026 0.013077 0.004841
v -0.011188 0.007951 0.007756
v -0.007458 0.006112 0.010320
v -0.009610 0.009283 0.008435
v -0.006715 0.007489 0.011067
v -0.011188 0.007951 0.007756
v -0.008161 0.004246 0.009500
v -0.007458 0.006112 0.010320
v -0.012704 0.005870 0.006730
v -0.014379 0.010117 0.006111
v -0.012704 0.005870 0.006730
v -0.011188 0.007951 0.007756
v -0.016237 0.008275 0.005138
v -0.010471 0.012695 0.007503
v -0.009478 0.016700 0.006711
v -0.012207 0.015595 0.006176
v -0.008293 0.014045 0.008364
v -0.012571 0.011339 0.006727
v -0.012207 0.015595 0.006176
v -0.015033 0.014213 0.005492
v -0.010471 0.012695 0.007503
v -0.013649 0.018969 0.004459
v -0.016454 0.018187 0.004088
v -0.015033 0.014213 0.005492
v -0.012207 0.015595 0.006176
v -0.008422 0.010304 0.009134
v -0.005998 0.008512 0.011810
v -0.006976 0.011546 0.010119
v -0.005387 0.009192 0.012518
v -0.008422 0.010304 0.009134
v -0.006715 0.007489 0.011067
v -0.005998 0.008512 0.011810
v -0.009610 0.009283 0.008435
v -0.008422 0.010304 0.009134
v -0.010471 0.012695 0.007503
v -0.009610 0.009283 0.008435
v -0.012571 0.011339 0.006727
v -0.006301 0.017756 0.007323
v -0.004402 0.020546 0.004488
v -0.007305 0.020208 0.004660
v -0.003690 0.018559 0.007770
v -0.009478 0.016700 0.006711
v -0.007305 0.020208 0.004660
v -0.010536 0.019667 0.004647
v -0.006301 0.017756 0.007323
v -0.007305 0.020208 0.004660
v -0.010046 0.018987 0.000969
v -0.010536 0.019667 0.004647
v -0.007106 0.019460 0.000972
v -0.003002 0.013694 0.013329
v -0.001218 0.017172 0.011895
v -0.003116 0.016349 0.010777
v -0.002137 0.014032 0.014894
v -0.003828 0.010338 0.015002
v -0.003250 0.010516 0.016634
v -0.002137 0.014032 0.014894
v -0.003002 0.013694 0.013329
v 0.002432 0.019146 0.037447
v -0.000236 0.015429 0.034026
v 0.000252 0.015874 0.038227
v 0.002052 0.019028 0.031946
v 0.000252 0.015874 0.038227
v 0.002770 0.019160 0.041916
v 0.002432 0.019146 0.037447
v 0.000639 0.016035 0.042321
v 0.000639 0.016035 0.042321
v -0.001139 0.012329 0.039126
v -0.000757 0.012650 0.042801
v 0.000252 0.015874 0.038227
v -0.002434 0.007989 0.036320
v -0.002994 0.004195 0.036822
v -0.002666 0.004760 0.040259
v -0.002066 0.008587 0.039779
v -0.001139 0.012329 0.039126
v -0.002434 0.007989 0.036320
v -0.002066 0.008587 0.039779
v -0.001568 0.011764 0.035447
v -0.002066 0.008587 0.039779
v -0.000757 0.012650 0.042801
v -0.001139 0.012329 0.039126
v -0.001716 0.008988 0.043229
v -0.001649 0.012725 0.021194
v -0.001668 0.013755 0.017873
v -0.002947 0.010186 0.018761
v -0.002997 0.009130 0.020855
v -0.003250 0.010516 0.016634
v -0.001668 0.013755 0.017873
v -0.002137 0.014032 0.014894
v -0.002947 0.010186 0.018761
v 0.000012 0.017063 0.017232
v -0.002137 0.014032 0.014894
v -0.001668 0.013755 0.017873
v -0.001218 0.017172 0.011895
v 0.000745 0.017590 0.027409
v -0.001551 0.013314 0.026185
v -0.000801 0.014703 0.029802
v -0.000019 0.016661 0.022400
v 0.002052 0.019028 0.031946
v -0.000801 0.014703 0.029802
v -0.000236 0.015429 0.034026
v 0.000745 0.017590 0.027409
v -0.000236 0.015429 0.034026
v -0.002020 0.010975 0.031887
v -0.001568 0.011764 0.035447
v -0.000801 0.014703 0.029802
v -0.003149 0.007958 0.022071
v -0.002802 0.008221 0.025564
v -0.002134 0.010803 0.023783
v -0.003350 0.006475 0.022880
v -0.002997 0.009130 0.020855
v -0.002134 0.010803 0.023783
v -0.001649 0.012725 0.021194
v -0.003149 0.007958 0.022071
v -0.001551 0.013314 0.026185
v -0.000019 0.016661 0.022400
v -0.001649 0.012725 0.021194
v -0.002134 0.010803 0.023783
v -0.003309 0.000450 0.037123
v -0.003392 -0.003280 0.037329
v -0.003104 -0.002775 0.040956
v -0.003008 0.000978 0.040631
v -0.003008 0.000978 0.040631
v -0.002994 0.004195 0.036822
v -0.003309 0.000450 0.037123
v -0.002666 0.004760 0.040259
v -0.002699 0.001466 0.044008
v -0.002666 0.004760 0.040259
v -0.003008 0.000978 0.040631
v -0.002342 0.005208 0.043625
v -0.002620 -0.005947 0.044796
v -0.001964 -0.009754 0.045139
v -0.001704 -0.009039 0.048645
v -0.002325 -0.005305 0.048165
v -0.002325 -0.005305 0.048165
v -0.002809 -0.002245 0.044395
v -0.002620 -0.005947 0.044796
v -0.002499 -0.001704 0.047670
v -0.002013 -0.004596 0.051363
v -0.002499 -0.001704 0.047670
v -0.002325 -0.005305 0.048165
v -0.002181 -0.001148 0.050748
v -0.003666 0.004070 0.023445
v -0.003951 0.001196 0.023414
v -0.003891 0.002026 0.026673
v -0.003332 0.005209 0.026460
v -0.003332 0.005209 0.026460
v -0.003350 0.006475 0.022880
v -0.003666 0.004070 0.023445
v -0.002802 0.008221 0.025564
v -0.003170 0.006325 0.029665
v -0.002802 0.008221 0.025564
v -0.003332 0.005209 0.026460
v -0.002512 0.009855 0.028560
v -0.002803 0.007238 0.032948
v -0.001568 0.011764 0.035447
v -0.002020 0.010975 0.031887
v -0.002434 0.007989 0.036320
v -0.002994 0.004195 0.036822
v -0.002803 0.007238 0.032948
v -0.003311 0.003534 0.033363
v -0.002434 0.007989 0.036320
v -0.003170 0.006325 0.029665
v -0.003614 0.002802 0.029955
v -0.003311 0.003534 0.033363
v -0.002803 0.007238 0.032948
v -0.003869 -0.000647 0.029882
v -0.003925 -0.004132 0.029586
v -0.003671 -0.003749 0.033489
v -0.003600 -0.000104 0.033502
v -0.003600 -0.000104 0.033502
v -0.003614 0.002802 0.029955
v -0.003869 -0.000647 0.029882
v -0.003311 0.003534 0.033363
v -0.003309 0.000450 0.037123
v -0.003311 0.003534 0.033363
v -0.003600 -0.000104 0.033502
v -0.002994 0.004195 0.036822
v -0.004090 -0.001625 0.022905
v -0.004054 -0.004554 0.022022
v -0.004152 -0.004370 0.025765
v -0.004104 -0.001132 0.026375
v -0.004104 -0.001132 0.026375
v -0.003951 0.001196 0.023414
v -0.004090 -0.001625 0.022905
v -0.003891 0.002026 0.026673
v -0.003869 -0.000647 0.029882
v -0.003891 0.002026 0.026673
v -0.004104 -0.001132 0.026375
v -0.003614 0.002802 0.029955
v -0.003166 -0.007052 0.037538
v -0.002457 -0.010874 0.037541
v -0.002208 -0.010361 0.041487
v -0.002896 -0.006529 0.041288
v -0.002896 -0.006529 0.041288
v -0.003392 -0.003280 0.037329
v -0.003166 -0.007052 0.037538
v -0.003104 -0.002775 0.040956
v -0.002620 -0.005947 0.044796
v -0.003104 -0.002775 0.040956
v -0.002896 -0.006529 0.041288
v -0.002809 -0.002245 0.044395
v -0.003433 -0.007489 0.033441
v -0.003925 -0.004132 0.029586
v -0.003688 -0.007772 0.029202
v -0.003671 -0.003749 0.033489
v -0.003166 -0.007052 0.037538
v -0.003671 -0.003749 0.033489
v -0.003433 -0.007489 0.033441
v -0.003392 -0.003280 0.037329
v -0.002457 -0.010874 0.037541
v -0.003433 -0.007489 0.033441
v -0.002712 -0.011280 0.033164
v -0.003166 -0.007052 0.037538
v 0.002530 -0.019475 -0.002830
v 0.003763 -0.017879 0.000239
v -0.000761 -0.016993 0.000118
v -0.001345 -0.019251 -0.002431
v -0.001345 -0.019251 -0.002431
v 0.001308 -0.023646 -0.004982
v 0.002530 -0.019475 -0.002830
v -0.002092 -0.023803 -0.004516
v -0.005457 -0.019082 -0.002359
v -0.002092 -0.023803 -0.004516
v -0.001345 -0.019251 -0.002431
v -0.005542 -0.023720 -0.004177
v -0.000761 -0.016993 0.000118
v 0.001408 -0.016530 0.003597
v -0.000319 -0.015856 0.002220
v 0.003763 -0.017879 0.000239
v 0.005233 -0.017587 0.003893
v 0.006413 -0.017952 0.006320
v 0.003399 -0.017359 0.007760
v 0.002568 -0.017062 0.005304
v 0.003763 -0.017879 0.000239
v 0.002568 -0.017062 0.005304
v 0.001408 -0.016530 0.003597
v 0.005233 -0.017587 0.003893
v 0.000434 -0.016471 0.006423
v 0.001408 -0.016530 0.003597
v 0.002568 -0.017062 0.005304
v -0.000364 -0.016107 0.004594
v -0.003705 -0.007706 0.020866
v -0.002885 -0.011083 0.019530
v -0.002609 -0.011264 0.024035
v -0.003929 -0.007828 0.025024
v -0.003929 -0.007828 0.025024
v -0.004054 -0.004554 0.022022
v -0.003705 -0.007706 0.020866
v -0.004152 -0.004370 0.025765
v -0.003688 -0.007772 0.029202
v -0.004152 -0.004370 0.025765
v -0.003929 -0.007828 0.025024
v -0.003925 -0.004132 0.029586
v -0.000897 -0.014445 0.017956
v 0.001467 -0.017843 0.015869
v 0.001560 -0.018149 0.021289
v -0.000693 -0.014693 0.022749
v -0.000693 -0.014693 0.022749
v -0.002885 -0.011083 0.019530
v -0.000897 -0.014445 0.017956
v -0.002609 -0.011264 0.024035
v -0.001247 -0.015325 0.027598
v -0.002609 -0.011264 0.024035
v -0.000693 -0.014693 0.022749
v -0.002969 -0.011497 0.028593
v 0.007282 -0.018722 0.009413
v 0.008154 -0.019377 0.012531
v 0.004754 -0.018520 0.014869
v 0.004119 -0.017956 0.010900
v 0.004119 -0.017956 0.010900
v 0.006413 -0.017952 0.006320
v 0.007282 -0.018722 0.009413
v 0.003399 -0.017359 0.007760
v 0.001514 -0.017454 0.012003
v 0.003399 -0.017359 0.007760
v 0.004119 -0.017956 0.010900
v 0.001081 -0.016892 0.008680
v 0.001924 -0.018285 0.026378
v 0.005280 -0.018865 0.019792
v 0.005614 -0.019659 0.025174
v 0.001560 -0.018149 0.021289
v 0.009544 -0.019898 0.024032
v 0.005280 -0.018865 0.019792
v 0.008852 -0.019686 0.018281
v 0.005614 -0.019659 0.025174
v 0.004754 -0.018520 0.014869
v 0.008852 -0.019686 0.018281
v 0.005280 -0.018865 0.019792
v 0.008154 -0.019377 0.012531
v 0.002226 -0.018228 0.031473
v 0.006066 -0.019663 0.030538
v 0.006449 -0.019489 0.035655
v 0.002517 -0.018012 0.036393
v 0.010770 -0.019611 0.035209
v 0.006066 -0.019663 0.030538
v 0.010169 -0.019861 0.029622
v 0.006449 -0.019489 0.035655
v 0.005614 -0.019659 0.025174
v 0.010169 -0.019861 0.029622
v 0.006066 -0.019663 0.030538
v 0.009544 -0.019898 0.024032
v -0.000740 -0.014864 0.037110
v -0.002712 -0.011280 0.033164
v -0.000990 -0.015180 0.032445
v -0.002457 -0.010874 0.037541
v 0.002517 -0.018012 0.036393
v -0.000990 -0.015180 0.032445
v 0.002226 -0.018228 0.031473
v -0.000740 -0.014864 0.037110
v -0.001247 -0.015325 0.027598
v 0.001924 -0.018285 0.026378
v 0.002226 -0.018228 0.031473
v -0.000990 -0.015180 0.032445
v 0.002791 -0.017656 0.040961
v 0.006708 -0.019155 0.040307
v 0.006819 -0.018672 0.044589
v 0.002998 -0.017149 0.045165
v 0.010880 -0.018882 0.043795
v 0.006708 -0.019155 0.040307
v 0.010835 -0.019318 0.039508
v 0.006819 -0.018672 0.044589
v 0.006449 -0.019489 0.035655
v 0.010835 -0.019318 0.039508
v 0.006708 -0.019155 0.040307
v 0.010770 -0.019611 0.035209
v -0.000265 -0.013865 0.045331
v -0.002208 -0.010361 0.041487
v -0.000494 -0.014429 0.041388
v -0.001964 -0.009754 0.045139
v 0.002998 -0.017149 0.045165
v -0.000494 -0.014429 0.041388
v 0.002791 -0.017656 0.040961
v -0.000265 -0.013865 0.045331
v -0.000740 -0.014864 0.037110
v 0.002517 -0.018012 0.036393
v 0.002791 -0.017656 0.040961
v -0.000494 -0.014429 0.041388
v 0.000105 -0.012277 0.052438
v -0.001704 -0.009039 0.048645
v -0.000084 -0.013138 0.048985
v -0.001425 -0.008217 0.051983
v 0.003055 -0.015599 0.052566
v -0.000084 -0.013138 0.048985
v 0.003033 -0.016434 0.048994
v 0.000105 -0.012277 0.052438
v -0.000265 -0.013865 0.045331
v 0.002998 -0.017149 0.045165
v 0.003033 -0.016434 0.048994
v -0.000084 -0.013138 0.048985
v 0.009500 -0.015560 0.059387
v 0.006428 -0.016261 0.055972
v 0.009949 -0.016736 0.055778
v 0.006307 -0.015074 0.059316
v 0.006625 -0.017242 0.052383
v 0.009949 -0.016736 0.055778
v 0.006428 -0.016261 0.055972
v 0.010384 -0.017602 0.052081
v 0.006428 -0.016261 0.055972
v 0.003055 -0.015599 0.052566
v 0.006625 -0.017242 0.052383
v 0.003072 -0.014589 0.055968
v 0.006819 -0.018672 0.044589
v 0.010642 -0.018335 0.047953
v 0.006773 -0.018034 0.048603
v 0.010880 -0.018882 0.043795
v 0.006773 -0.018034 0.048603
v 0.002998 -0.017149 0.045165
v 0.006819 -0.018672 0.044589
v 0.003033 -0.016434 0.048994
v 0.003033 -0.016434 0.048994
v 0.006773 -0.018034 0.048603
v 0.006625 -0.017242 0.052383
v 0.003055 -0.015599 0.052566
v -0.000790 -0.006078 0.058236
v -0.001683 -0.003810 0.054359
v -0.001125 -0.007264 0.055150
v -0.001311 -0.002834 0.057305
v -0.002013 -0.004596 0.051363
v -0.001425 -0.008217 0.051983
v -0.001125 -0.007264 0.055150
v -0.001683 -0.003810 0.054359
v -0.001683 -0.003810 0.054359
v -0.002181 -0.001148 0.050748
v -0.002013 -0.004596 0.051363
v -0.001851 -0.000574 0.053598
v 0.000524 -0.009968 0.058921
v -0.001125 -0.007264 0.055150
v 0.000298 -0.011249 0.055706
v -0.000790 -0.006078 0.058236
v 0.003097 -0.013331 0.059240
v 0.000298 -0.011249 0.055706
v 0.003072 -0.014589 0.055968
v 0.000524 -0.009968 0.058921
v 0.000105 -0.012277 0.052438
v 0.003055 -0.015599 0.052566
v 0.003072 -0.014589 0.055968
v 0.000298 -0.011249 0.055706
v 0.003229 -0.011731 0.062487
v 0.006334 -0.013670 0.062374
v 0.006471 -0.011926 0.065243
v 0.003403 -0.009687 0.065469
v 0.009748 -0.013160 0.064264
v 0.006334 -0.013670 0.062374
v 0.009624 -0.014476 0.061883
v 0.006471 -0.011926 0.065243
v 0.006307 -0.015074 0.059316
v 0.009624 -0.014476 0.061883
v 0.006334 -0.013670 0.062374
v 0.009500 -0.015560 0.059387
v 0.001258 -0.006334 0.065057
v -0.000364 -0.004563 0.061333
v 0.000812 -0.008290 0.062102
v 0.000204 -0.002889 0.064216
v 0.003403 -0.009687 0.065469
v 0.000812 -0.008290 0.062102
v 0.003229 -0.011731 0.062487
v 0.001258 -0.006334 0.065057
v 0.000524 -0.009968 0.058921
v 0.003097 -0.013331 0.059240
v 0.003229 -0.011731 0.062487
v 0.000812 -0.008290 0.062102
v -0.000397 0.002158 0.062206
v -0.000921 0.003478 0.058770
v -0.000989 0.001034 0.059405
v -0.000375 0.004218 0.061413
v -0.001378 0.003017 0.055858
v -0.001475 0.000119 0.056418
v -0.000989 0.001034 0.059405
v -0.000921 0.003478 0.058770
v -0.000921 0.003478 0.058770
v -0.001056 0.005871 0.055674
v -0.001378 0.003017 0.055858
v -0.000652 0.005809 0.058607
v -0.000235 -0.000148 0.063198
v -0.000989 0.001034 0.059405
v -0.000834 -0.001565 0.060342
v -0.000397 0.002158 0.062206
v 0.000204 -0.002889 0.064216
v -0.000834 -0.001565 0.060342
v -0.000364 -0.004563 0.061333
v -0.000235 -0.000148 0.063198
v -0.001311 -0.002834 0.057305
v -0.000790 -0.006078 0.058236
v -0.000364 -0.004563 0.061333
v -0.000834 -0.001565 0.060342
v 0.000915 -0.001231 0.066650
v 0.002552 -0.002116 0.069374
v 0.001813 0.000247 0.068691
v 0.001830 -0.004154 0.067518
v 0.004334 -0.004290 0.070357
v 0.001830 -0.004154 0.067518
v 0.003629 -0.007146 0.068063
v 0.002552 -0.002116 0.069374
v 0.001258 -0.006334 0.065057
v 0.003403 -0.009687 0.065469
v 0.003629 -0.007146 0.068063
v 0.001830 -0.004154 0.067518
v 0.000262 0.003474 0.064471
v 0.001351 0.002624 0.067728
v 0.001097 0.004913 0.066509
v 0.000462 0.001276 0.065591
v 0.001813 0.000247 0.068691
v 0.000462 0.001276 0.065591
v 0.000915 -0.001231 0.066650
v 0.001351 0.002624 0.067728
v -0.000235 -0.000148 0.063198
v 0.000204 -0.002889 0.064216
v 0.000915 -0.001231 0.066650
v 0.000462 0.001276 0.065591
v 0.000136 0.007026 0.061770
v 0.000606 0.010361 0.060022
v -0.000157 0.008069 0.059083
v 0.000869 0.008861 0.063080
v -0.000318 0.005694 0.060662
v -0.000157 0.008069 0.059083
v -0.000652 0.005809 0.058607
v 0.000136 0.007026 0.061770
v -0.000498 0.008686 0.055908
v -0.001056 0.005871 0.055674
v -0.000652 0.005809 0.058607
v -0.000157 0.008069 0.059083
v 0.000136 0.007026 0.061770
v 0.000999 0.007013 0.065100
v 0.000869 0.008861 0.063080
v 0.000226 0.005442 0.063378
v 0.001097 0.004913 0.066509
v 0.000226 0.005442 0.063378
v 0.000262 0.003474 0.064471
v 0.000999 0.007013 0.065100
v -0.000375 0.004218 0.061413
v 0.000262 0.003474 0.064471
v 0.000226 0.005442 0.063378
v -0.000397 0.002158 0.062206
v 0.002552 -0.002116 0.069374
v 0.004524 -0.001055 0.071547
v 0.003222 -0.000609 0.070508
v 0.004334 -0.004290 0.070357
v 0.003222 -0.000609 0.070508
v 0.001813 0.000247 0.068691
v 0.002552 -0.002116 0.069374
v 0.002948 0.001370 0.070392
v 0.007139 -0.007379 0.070016
v 0.003629 -0.007146 0.068063
v 0.006604 -0.009631 0.067963
v 0.004334 -0.004290 0.070357
v 0.010380 -0.008813 0.069318
v 0.006604 -0.009631 0.067963
v 0.010074 -0.011189 0.066963
v 0.007139 -0.007379 0.070016
v 0.006471 -0.011926 0.065243
v 0.009748 -0.013160 0.064264
v 0.010074 -0.011189 0.066963
v 0.006604 -0.009631 0.067963
v 0.007139 -0.007379 0.070016
v 0.010642 -0.006624 0.070886
v 0.008255 -0.006042 0.071131
v 0.010380 -0.008813 0.069318
v 0.008255 -0.006042 0.071131
v 0.004334 -0.004290 0.070357
v 0.007139 -0.007379 0.070016
v 0.007473 -0.004086 0.071909
v 0.004558 0.004725 0.071658
v 0.002376 0.006392 0.068652
v 0.002624 0.003809 0.069790
v 0.004367 0.007717 0.070630
v 0.004626 0.001758 0.071932
v 0.002624 0.003809 0.069790
v 0.002948 0.001370 0.070392
v 0.004558 0.004725 0.071658
v 0.001351 0.002624 0.067728
v 0.001813 0.000247 0.068691
v 0.002948 0.001370 0.070392
v 0.002624 0.003809 0.069790
v 0.010765 -0.001270 0.073084
v 0.010591 0.001819 0.073522
v 0.007394 0.001885 0.073169
v 0.007274 -0.001313 0.072734
v 0.007473 -0.004086 0.071909
v 0.010765 -0.001270 0.073084
v 0.007274 -0.001313 0.072734
v 0.010866 -0.004225 0.072111
v 0.004524 -0.001055 0.071547
v 0.007473 -0.004086 0.071909
v 0.007274 -0.001313 0.072734
v 0.004334 -0.004290 0.070357
v 0.004558 0.004725 0.071658
v 0.007353 0.008683 0.071960
v 0.004367 0.007717 0.070630
v 0.007428 0.005253 0.072951
v 0.010746 0.008975 0.072319
v 0.007428 0.005253 0.072951
v 0.010846 0.005443 0.073290
v 0.007353 0.008683 0.071960
v 0.007394 0.001885 0.073169
v 0.010846 0.005443 0.073290
v 0.007428 0.005253 0.072951
v 0.010591 0.001819 0.073522
v 0.002041 0.010968 0.064623
v 0.002218 0.008806 0.066995
v 0.004144 0.010591 0.068796
v 0.003904 0.013159 0.066126
v 0.004367 0.007717 0.070630
v 0.002218 0.008806 0.066995
v 0.002376 0.006392 0.068652
v 0.004144 0.010591 0.068796
v 0.000999 0.007013 0.065100
v 0.002376 0.006392 0.068652
v 0.002218 0.008806 0.066995
v 0.001097 0.004913 0.066509
v 0.002041 0.010968 0.064623
v 0.003604 0.015267 0.062501
v 0.001777 0.012786 0.061257
v 0.003904 0.013159 0.066126
v 0.001777 0.012786 0.061257
v 0.000869 0.008861 0.063080
v 0.002041 0.010968 0.064623
v 0.000606 0.010361 0.060022
v 0.000606 0.010361 0.060022
v 0.001562 0.014161 0.057433
v 0.000338 0.011454 0.056512
v 0.001777 0.012786 0.061257
v 0.001562 0.014161 0.057433
v 0.003320 0.017895 0.054383
v 0.001379 0.015067 0.053715
v 0.003419 0.016830 0.058424
v 0.001379 0.015067 0.053715
v 0.000338 0.011454 0.056512
v 0.001562 0.014161 0.057433
v 0.000089 0.012113 0.053138
v 0.001170 0.015631 0.050005
v -0.000175 0.012478 0.049792
v 0.000089 0.012113 0.053138
v 0.001379 0.015067 0.053715
v 0.011002 0.012757 0.070248
v 0.011197 0.015991 0.067271
v 0.007128 0.015118 0.067265
v 0.007254 0.012063 0.070078
v 0.007254 0.012063 0.070078
v 0.010746 0.008975 0.072319
v 0.011002 0.012757 0.070248
v 0.007353 0.008683 0.071960
v 0.007254 0.012063 0.070078
v 0.004367 0.007717 0.070630
v 0.007353 0.008683 0.071960
v 0.004144 0.010591 0.068796
v 0.011230 0.018535 0.063548
v 0.011205 0.020347 0.059347
v 0.006757 0.019383 0.059231
v 0.006902 0.017626 0.063483
v 0.006902 0.017626 0.063483
v 0.011197 0.015991 0.067271
v 0.011230 0.018535 0.063548
v 0.007128 0.015118 0.067265
v 0.003604 0.015267 0.062501
v 0.007128 0.015118 0.067265
v 0.006902 0.017626 0.063483
v 0.003904 0.013159 0.066126
v 0.011171 0.021486 0.055019
v 0.011133 0.022171 0.050574
v 0.006714 0.021222 0.050588
v 0.006790 0.020544 0.054933
v 0.006790 0.020544 0.054933
v 0.011205 0.020347 0.059347
v 0.011171 0.021486 0.055019
v 0.006757 0.019383 0.059231
v 0.003320 0.017895 0.054383
v 0.006757 0.019383 0.059231
v 0.006790 0.020544 0.054933
v 0.003419 0.016830 0.058424
v 0.011171 0.021486 0.055019
v 0.015001 0.021406 0.050248
v 0.011133 0.022171 0.050574
v 0.015105 0.020703 0.054595
v 0.018311 0.019746 0.049802
v 0.015105 0.020703 0.054595
v 0.018332 0.019032 0.054022
v 0.015001 0.021406 0.050248
v 0.015191 0.019561 0.058740
v 0.018332 0.019032 0.054022
v 0.015105 0.020703 0.054595
v 0.018325 0.017925 0.057857
v 0.010990 0.022568 0.046036
v 0.010810 0.022785 0.041492
v 0.006355 0.021818 0.041680
v 0.006573 0.021616 0.046163
v 0.006573 0.021616 0.046163
v 0.011133 0.022171 0.050574
v 0.010990 0.022568 0.046036
v 0.006714 0.021222 0.050588
v 0.006714 0.021222 0.050588
v 0.006573 0.021616 0.046163
v 0.003038 0.018996 0.046185
v 0.003216 0.018598 0.050327
v 0.010990 0.022568 0.046036
v 0.014663 0.022075 0.041297
v 0.010810 0.022785 0.041492
v 0.014857 0.021828 0.045781
v 0.018094 0.020426 0.041057
v 0.014857 0.021828 0.045781
v 0.018209 0.020185 0.045455
v 0.014663 0.022075 0.041297
v 0.015001 0.021406 0.050248
v 0.018209 0.020185 0.045455
v 0.014857 0.021828 0.045781
v 0.018311 0.019746 0.049802
v 0.006105 0.021875 0.037130
v 0.010810 0.022785 0.041492
v 0.010636 0.022858 0.037019
v 0.006355 0.021818 0.041680
v 0.006355 0.021818 0.041680
v 0.002432 0.019146 0.037447
v 0.002770 0.019160 0.041916
v 0.006105 0.021875 0.037130
v 0.006005 0.021894 0.032350
v 0.002052 0.019028 0.031946
v 0.002432 0.019146 0.037447
v 0.006105 0.021875 0.037130
v 0.010636 0.022858 0.037019
v 0.014365 0.022094 0.032138
v 0.010455 0.022813 0.032302
v 0.014529 0.022147 0.036891
v 0.017995 0.020488 0.036686
v 0.014365 0.022094 0.032138
v 0.014529 0.022147 0.036891
v 0.017865 0.020404 0.031855
v 0.014663 0.022075 0.041297
v 0.017995 0.020488 0.036686
v 0.014529 0.022147 0.036891
v 0.018094 0.020426 0.041057
v 0.006296 0.021945 0.027182
v 0.006553 0.021847 0.021927
v 0.003292 0.020277 0.026772
v 0.003752 0.020549 0.021942
v 0.006296 0.021945 0.027182
v 0.009961 0.022333 0.021571
v 0.006553 0.021847 0.021927
v 0.010257 0.022636 0.027025
v 0.010257 0.022636 0.027025
v 0.006005 0.021894 0.032350
v 0.010455 0.022813 0.032302
v 0.006296 0.021945 0.027182
v 0.003752 0.020549 0.021942
v 0.001907 0.019041 0.025458
v 0.003292 0.020277 0.026772
v 0.001907 0.019065 0.021625
v 0.001907 0.019041 0.025458
v 0.000745 0.017590 0.027409
v 0.003292 0.020277 0.026772
v 0.002052 0.019028 0.031946
v -0.003690 0.018559 0.007770
v -0.001818 0.020720 0.004170
v -0.004402 0.020546 0.004488
v -0.001039 0.019439 0.008026
v -0.003116 0.016349 0.010777
v -0.001039 0.019439 0.008026
v -0.003690 0.018559 0.007770
v -0.001218 0.017172 0.011895
v 0.001518 0.019557 0.012379
v -0.001218 0.017172 0.011895
v 0.000012 0.017063 0.017232
v 0.001894 0.019089 0.017092
v 0.003933 0.020507 0.017089
v 0.003883 0.020379 0.012307
v 0.001518 0.019557 0.012379
v 0.001894 0.019089 0.017092
v 0.001907 0.019065 0.021625
v 0.003933 0.020507 0.017089
v 0.001894 0.019089 0.017092
v 0.003752 0.020549 0.021942
v 0.009486 0.021912 0.016292
v 0.006553 0.021847 0.021927
v 0.009961 0.022333 0.021571
v 0.006521 0.021538 0.016851
v 0.003752 0.020549 0.021942
v 0.006521 0.021538 0.016851
v 0.003933 0.020507 0.017089
v 0.006553 0.021847 0.021927
v 0.006322 0.021133 0.011938
v 0.003933 0.020507 0.017089
v 0.006521 0.021538 0.016851
v 0.003883 0.020379 0.012307
v 0.003566 0.020592 0.007712
v 0.003246 0.020674 0.003210
v 0.000718 0.020758 0.003742
v 0.001161 0.020078 0.007977
v 0.001161 0.020078 0.007977
v 0.003883 0.020379 0.012307
v 0.003566 0.020592 0.007712
v 0.001518 0.019557 0.012379
v -0.001039 0.019439 0.008026
v 0.001518 0.019557 0.012379
v 0.001161 0.020078 0.007977
v -0.001218 0.017172 0.011895
v 0.013549 0.021513 0.020859
v 0.014092 0.021904 0.026617
v 0.017625 0.020158 0.026093
v 0.017039 0.019885 0.019982
v 0.017865 0.020404 0.031855
v 0.014092 0.021904 0.026617
v 0.014365 0.022094 0.032138
v 0.017625 0.020158 0.026093
v 0.010257 0.022636 0.027025
v 0.010455 0.022813 0.032302
v 0.014365 0.022094 0.032138
v 0.014092 0.021904 0.026617
v 0.023268 0.014882 0.036005
v 0.023157 0.014792 0.031102
v 0.020812 0.017912 0.031485
v 0.020934 0.018016 0.036361
v 0.020934 0.018016 0.036361
v 0.023267 0.014893 0.040386
v 0.023268 0.014882 0.036005
v 0.020987 0.017986 0.040725
v 0.017995 0.020488 0.036686
v 0.020987 0.017986 0.040725
v 0.020934 0.018016 0.036361
v 0.018094 0.020426 0.041057
v 0.008610 0.020737 0.006337
v 0.005735 0.020476 0.002533
v 0.006029 0.020850 0.007183
v 0.008316 0.020117 0.001595
v 0.008983 0.021395 0.011203
v 0.006029 0.020850 0.007183
v 0.006322 0.021133 0.011938
v 0.008610 0.020737 0.006337
v 0.003566 0.020592 0.007712
v 0.006322 0.021133 0.011938
v 0.006029 0.020850 0.007183
v 0.003883 0.020379 0.012307
v 0.011859 0.020854 0.010071
v 0.015922 0.019748 0.014086
v 0.014735 0.019500 0.008594
v 0.012716 0.021304 0.015327
v 0.017039 0.019885 0.019982
v 0.012716 0.021304 0.015327
v 0.013549 0.021513 0.020859
v 0.015922 0.019748 0.014086
v 0.009486 0.021912 0.016292
v 0.013549 0.021513 0.020859
v 0.012716 0.021304 0.015327
v 0.009961 0.022333 0.021571
v 0.011126 0.019527 0.000320
v 0.011366 0.020139 0.005123
v 0.014069 0.019108 0.003661
v 0.013744 0.018793 -0.000993
v 0.014735 0.019500 0.008594
v 0.011366 0.020139 0.005123
v 0.011859 0.020854 0.010071
v 0.014069 0.019108 0.003661
v 0.008610 0.020737 0.006337
v 0.008983 0.021395 0.011203
v 0.011859 0.020854 0.010071
v 0.011366 0.020139 0.005123
v 0.016490 0.017693 0.002073
v 0.020336 0.014439 0.003706
v 0.018397 0.016437 0.000310
v 0.017458 0.017443 0.006802
v 0.014069 0.019108 0.003661
v 0.017458 0.017443 0.006802
v 0.016490 0.017693 0.002073
v 0.014735 0.019500 0.008594
v 0.016490 0.017693 0.002073
v 0.013744 0.018793 -0.000993
v 0.014069 0.019108 0.003661
v 0.015760 0.018109 -0.002059
v 0.021263 0.014338 0.011674
v 0.020336 0.014439 0.003706
v 0.017458 0.017443 0.006802
v 0.018781 0.017359 0.012702
v 0.018781 0.017359 0.012702
v 0.022319 0.014317 0.018571
v 0.021263 0.014338 0.011674
v 0.019941 0.017401 0.019182
v 0.015922 0.019748 0.014086
v 0.019941 0.017401 0.019182
v 0.018781 0.017359 0.012702
v 0.017039 0.019885 0.019982
v 0.022897 0.014536 0.025170
v 0.022319 0.014317 0.018571
v 0.019941 0.017401 0.019182
v 0.020555 0.017643 0.025600
v 0.020555 0.017643 0.025600
v 0.023157 0.014792 0.031102
v 0.022897 0.014536 0.025170
v 0.020812 0.017912 0.031485
v 0.017625 0.020158 0.026093
v 0.020812 0.017912 0.031485
v 0.020555 0.017643 0.025600
v 0.017865 0.020404 0.031855
v 0.024144 0.010839 0.018266
v 0.024932 0.006973 0.011657
v 0.023372 0.010848 0.011496
v 0.025415 0.007027 0.018135
v 0.021263 0.014338 0.011674
v 0.024144 0.010839 0.018266
v 0.023372 0.010848 0.011496
v 0.022319 0.014317 0.018571
v 0.023015 0.010668 0.005552
v 0.021263 0.014338 0.011674
v 0.023372 0.010848 0.011496
v 0.020336 0.014439 0.003706
v 0.025771 0.007195 0.024616
v 0.025415 0.007027 0.018135
v 0.024144 0.010839 0.018266
v 0.024634 0.011012 0.024838
v 0.024634 0.011012 0.024838
v 0.025940 0.007381 0.030582
v 0.025771 0.007195 0.024616
v 0.024856 0.011229 0.030791
v 0.022897 0.014536 0.025170
v 0.024856 0.011229 0.030791
v 0.024634 0.011012 0.024838
v 0.023157 0.014792 0.031102
v 0.025771 0.007195 0.024616
v 0.026415 0.003310 0.030519
v 0.026320 0.003111 0.024532
v 0.025940 0.007381 0.030582
v 0.025415 0.007027 0.018135
v 0.026320 0.003111 0.024532
v 0.026077 0.002935 0.018057
v 0.025771 0.007195 0.024616
v 0.026229 -0.001066 0.024611
v 0.026061 -0.001310 0.018122
v 0.026077 0.002935 0.018057
v 0.026320 0.003111 0.024532
v 0.025962 0.007505 0.035516
v 0.025940 0.007381 0.030582
v 0.024856 0.011229 0.030791
v 0.024921 0.011347 0.035709
v 0.024921 0.011347 0.035709
v 0.025878 0.007618 0.039964
v 0.025962 0.007505 0.035516
v 0.024877 0.011405 0.040120
v 0.023268 0.014882 0.036005
v 0.024877 0.011405 0.040120
v 0.024921 0.011347 0.035709
v 0.023267 0.014893 0.040386
v 0.020996 0.017801 0.045083
v 0.022917 0.014679 0.049068
v 0.023163 0.014833 0.044756
v 0.020910 0.017467 0.049374
v 0.018209 0.020185 0.045455
v 0.020910 0.017467 0.049374
v 0.020996 0.017801 0.045083
v 0.018311 0.019746 0.049802
v 0.018094 0.020426 0.041057
v 0.020996 0.017801 0.045083
v 0.020987 0.017986 0.040725
v 0.018209 0.020185 0.045455
v 0.025962 0.007505 0.035516
v 0.026278 0.003657 0.039947
v 0.026391 0.003490 0.035475
v 0.025878 0.007618 0.039964
v 0.025940 0.007381 0.030582
v 0.026391 0.003490 0.035475
v 0.026415 0.003310 0.030519
v 0.025962 0.007505 0.035516
v 0.026234 -0.000582 0.035570
v 0.026283 -0.000811 0.030608
v 0.026415 0.003310 0.030519
v 0.026391 0.003490 0.035475
v 0.024720 0.011418 0.044562
v 0.025313 0.007766 0.048956
v 0.025677 0.007703 0.044476
v 0.024395 0.011389 0.048950
v 0.023163 0.014833 0.044756
v 0.024395 0.011389 0.048950
v 0.024720 0.011418 0.044562
v 0.022917 0.014679 0.049068
v 0.023267 0.014893 0.040386
v 0.024720 0.011418 0.044562
v 0.024877 0.011405 0.040120
v 0.023163 0.014833 0.044756
v 0.025677 0.007703 0.044476
v 0.025671 0.003968 0.049000
v 0.026058 0.003816 0.044485
v 0.025313 0.007766 0.048956
v 0.025878 0.007618 0.039964
v 0.026058 0.003816 0.044485
v 0.026278 0.003657 0.039947
v 0.025677 0.007703 0.044476
v 0.025877 -0.000118 0.044602
v 0.026107 -0.000353 0.040049
v 0.026278 0.003657 0.039947
v 0.026058 0.003816 0.044485
v 0.020273 0.016214 0.057131
v 0.022450 0.014423 0.053261
v 0.020660 0.016937 0.053547
v 0.021722 0.014083 0.057129
v 0.018332 0.019032 0.054022
v 0.020273 0.016214 0.057131
v 0.020660 0.016937 0.053547
v 0.018325 0.017925 0.057857
v 0.018311 0.019746 0.049802
v 0.020660 0.016937 0.053547
v 0.020910 0.017467 0.049374
v 0.018332 0.019032 0.054022
v 0.015471 0.015377 0.066040
v 0.018434 0.016334 0.061104
v 0.015395 0.017795 0.062580
v 0.019028 0.013667 0.063856
v 0.011230 0.018535 0.063548
v 0.015471 0.015377 0.066040
v 0.015395 0.017795 0.062580
v 0.011197 0.015991 0.067271
v 0.011230 0.018535 0.063548
v 0.015191 0.019561 0.058740
v 0.011205 0.020347 0.059347
v 0.015395 0.017795 0.062580
v 0.018325 0.017925 0.057857
v 0.019908 0.015426 0.059731
v 0.020273 0.016214 0.057131
v 0.018434 0.016334 0.061104
v 0.019908 0.015426 0.059731
v 0.021722 0.014083 0.057129
v 0.020273 0.016214 0.057131
v 0.020747 0.013722 0.060477
v 0.022990 0.011225 0.057239
v 0.024717 0.007811 0.053299
v 0.023837 0.011318 0.053216
v 0.023837 0.007854 0.057396
v 0.023837 0.011318 0.053216
v 0.021722 0.014083 0.057129
v 0.022990 0.011225 0.057239
v 0.022450 0.014423 0.053261
v 0.022450 0.014423 0.053261
v 0.024395 0.011389 0.048950
v 0.022917 0.014679 0.049068
v 0.023837 0.011318 0.053216
v 0.018149 0.011275 0.067114
v 0.019028 0.013667 0.063856
v 0.015471 0.015377 0.066040
v 0.015205 0.012361 0.068990
v 0.015205 0.012361 0.068990
v 0.017778 0.008441 0.068997
v 0.018149 0.011275 0.067114
v 0.014742 0.008979 0.071114
v 0.011002 0.012757 0.070248
v 0.014742 0.008979 0.071114
v 0.015205 0.012361 0.068990
v 0.010746 0.008975 0.072319
v 0.020545 0.010831 0.063910
v 0.022648 0.007923 0.061150
v 0.021824 0.011121 0.060909
v 0.021206 0.007964 0.064382
v 0.021824 0.011121 0.060909
v 0.019028 0.013667 0.063856
v 0.020545 0.010831 0.063910
v 0.020747 0.013722 0.060477
v 0.020747 0.013722 0.060477
v 0.022990 0.011225 0.057239
v 0.021722 0.014083 0.057129
v 0.021824 0.011121 0.060909
v 0.020545 0.010831 0.063910
v 0.019028 0.013667 0.063856
v 0.018149 0.011275 0.067114
v 0.019545 0.010184 0.065991
v 0.021206 0.007964 0.064382
v 0.019545 0.010184 0.065991
v 0.019672 0.007952 0.066912
v 0.020545 0.010831 0.063910
v 0.024157 0.004264 0.057583
v 0.024848 0.000344 0.053621
v 0.025053 0.004106 0.053405
v 0.023936 0.000603 0.057856
v 0.025053 0.004106 0.053405
v 0.023837 0.007854 0.057396
v 0.024157 0.004264 0.057583
v 0.024717 0.007811 0.053299
v 0.024717 0.007811 0.053299
v 0.025671 0.003968 0.049000
v 0.025313 0.007766 0.048956
v 0.025053 0.004106 0.053405
v 0.021458 0.004674 0.064801
v 0.021216 0.001186 0.065117
v 0.022727 0.000897 0.061714
v 0.022957 0.004461 0.061418
v 0.022957 0.004461 0.061418
v 0.021206 0.007964 0.064382
v 0.021458 0.004674 0.064801
v 0.022648 0.007923 0.061150
v 0.022648 0.007923 0.061150
v 0.024157 0.004264 0.057583
v 0.023837 0.007854 0.057396
v 0.022957 0.004461 0.061418
v 0.017530 0.005119 0.070096
v 0.019416 0.001423 0.067997
v 0.019702 0.004885 0.067638
v 0.017191 0.001611 0.070472
v 0.019702 0.004885 0.067638
v 0.017778 0.008441 0.068997
v 0.017530 0.005119 0.070096
v 0.019672 0.007952 0.066912
v 0.019672 0.007952 0.066912
v 0.021458 0.004674 0.064801
v 0.021206 0.007964 0.064382
v 0.019702 0.004885 0.067638
v 0.010846 0.005443 0.073290
v 0.014223 0.001773 0.072507
v 0.014457 0.005375 0.072239
v 0.010591 0.001819 0.073522
v 0.010746 0.008975 0.072319
v 0.014457 0.005375 0.072239
v 0.014742 0.008979 0.071114
v 0.010846 0.005443 0.073290
v 0.017530 0.005119 0.070096
v 0.017778 0.008441 0.068997
v 0.014742 0.008979 0.071114
v 0.014457 0.005375 0.072239
v 0.017887 -0.004752 0.067653
v 0.019286 -0.005157 0.065491
v 0.020464 -0.002240 0.065313
v 0.018757 -0.001963 0.067968
v 0.018757 -0.001963 0.067968
v 0.015835 -0.005073 0.069467
v 0.017887 -0.004752 0.067653
v 0.016704 -0.001771 0.070197
v 0.019416 0.001423 0.067997
v 0.016704 -0.001771 0.070197
v 0.018757 -0.001963 0.067968
v 0.017191 0.001611 0.070472
v 0.013493 -0.004357 0.071284
v 0.015835 -0.005073 0.069467
v 0.016704 -0.001771 0.070197
v 0.013973 -0.001600 0.072065
v 0.013973 -0.001600 0.072065
v 0.010866 -0.004225 0.072111
v 0.013493 -0.004357 0.071284
v 0.010765 -0.001270 0.073084
v 0.010765 -0.001270 0.073084
v 0.013973 -0.001600 0.072065
v 0.014223 0.001773 0.072507
v 0.010591 0.001819 0.073522
v 0.021798 -0.006437 0.058889
v 0.021955 -0.002590 0.062058
v 0.020624 -0.005783 0.062546
v 0.023173 -0.002968 0.058272
v 0.021955 -0.002590 0.062058
v 0.019286 -0.005157 0.065491
v 0.020624 -0.005783 0.062546
v 0.020464 -0.002240 0.065313
v 0.022727 0.000897 0.061714
v 0.020464 -0.002240 0.065313
v 0.021955 -0.002590 0.062058
v 0.021216 0.001186 0.065117
v 0.023173 -0.002968 0.058272
v 0.021798 -0.006437 0.058889
v 0.022750 -0.006988 0.054603
v 0.024108 -0.003338 0.054016
v 0.024108 -0.003338 0.054016
v 0.023936 0.000603 0.057856
v 0.023173 -0.002968 0.058272
v 0.024848 0.000344 0.053621
v 0.024848 0.000344 0.053621
v 0.024751 -0.003680 0.049474
v 0.025481 0.000114 0.049153
v 0.024108 -0.003338 0.054016
v 0.017240 -0.006286 0.067354
v 0.015835 -0.005073 0.069467
v 0.015852 -0.007264 0.067980
v 0.017887 -0.004752 0.067653
v 0.019286 -0.005157 0.065491
v 0.017240 -0.006286 0.067354
v 0.017896 -0.007198 0.065826
v 0.017887 -0.004752 0.067653
v 0.010642 -0.006624 0.070886
v 0.013221 -0.007453 0.069577
v 0.012601 -0.006203 0.070669
v 0.010380 -0.008813 0.069318
v 0.010866 -0.004225 0.072111
v 0.012601 -0.006203 0.070669
v 0.013493 -0.004357 0.071284
v 0.010642 -0.006624 0.070886
v 0.019601 -0.009783 0.059735
v 0.018714 -0.008508 0.063267
v 0.016248 -0.010922 0.063703
v 0.016649 -0.012635 0.060289
v 0.016044 -0.008990 0.066245
v 0.018714 -0.008508 0.063267
v 0.017896 -0.007198 0.065826
v 0.016248 -0.010922 0.063703
v 0.020624 -0.005783 0.062546
v 0.017896 -0.007198 0.065826
v 0.018714 -0.008508 0.063267
v 0.019286 -0.005157 0.065491
v 0.010074 -0.011189 0.066963
v 0.009748 -0.013160 0.064264
v 0.013235 -0.011305 0.065810
v 0.013376 -0.009288 0.067962
v 0.010380 -0.008813 0.069318
v 0.013376 -0.009288 0.067962
v 0.013221 -0.007453 0.069577
v 0.010074 -0.011189 0.066963
v 0.013376 -0.009288 0.067962
v 0.015852 -0.007264 0.067980
v 0.013221 -0.007453 0.069577
v 0.015835 -0.005073 0.069467
v 0.024046 -0.008117 0.040638
v 0.025151 -0.003980 0.044852
v 0.023821 -0.007789 0.045278
v 0.025378 -0.004261 0.040251
v 0.024751 -0.003680 0.049474
v 0.023821 -0.007789 0.045278
v 0.025151 -0.003980 0.044852
v 0.023414 -0.007432 0.049975
v 0.025151 -0.003980 0.044852
v 0.025481 0.000114 0.049153
v 0.024751 -0.003680 0.049474
v 0.025877 -0.000118 0.044602
v 0.013256 -0.014652 0.060015
v 0.009624 -0.014476 0.061883
v 0.009500 -0.015560 0.059387
v 0.013133 -0.013115 0.063200
v 0.009748 -0.013160 0.064264
v 0.013133 -0.013115 0.063200
v 0.013235 -0.011305 0.065810
v 0.009624 -0.014476 0.061883
v 0.013133 -0.013115 0.063200
v 0.016248 -0.010922 0.063703
v 0.013235 -0.011305 0.065810
v 0.016044 -0.008990 0.066245
v 0.018284 -0.014358 0.051303
v 0.020546 -0.010619 0.055387
v 0.017500 -0.013720 0.055997
v 0.021281 -0.011137 0.050650
v 0.016649 -0.012635 0.060289
v 0.020546 -0.010619 0.055387
v 0.019601 -0.009783 0.059735
v 0.017500 -0.013720 0.055997
v 0.020546 -0.010619 0.055387
v 0.021798 -0.006437 0.058889
v 0.019601 -0.009783 0.059735
v 0.022750 -0.006988 0.054603
v 0.021911 -0.011926 0.041285
v 0.023821 -0.007789 0.045278
v 0.021701 -0.011552 0.045908
v 0.024046 -0.008117 0.040638
v 0.018939 -0.015246 0.042087
v 0.021701 -0.011552 0.045908
v 0.018735 -0.014829 0.046637
v 0.021911 -0.011926 0.041285
v 0.021701 -0.011552 0.045908
v 0.021281 -0.011137 0.050650
v 0.018735 -0.014829 0.046637
v 0.018284 -0.014358 0.051303
v 0.013853 -0.015824 0.056100
v 0.010384 -0.017602 0.052081
v 0.014537 -0.016621 0.051769
v 0.009949 -0.016736 0.055778
v 0.009500 -0.015560 0.059387
v 0.013853 -0.015824 0.056100
v 0.013256 -0.014652 0.060015
v 0.009949 -0.016736 0.055778
v 0.017500 -0.013720 0.055997
v 0.013256 -0.014652 0.060015
v 0.013853 -0.015824 0.056100
v 0.016649 -0.012635 0.060289
v 0.024127 -0.008825 0.031323
v 0.025496 -0.004549 0.035785
v 0.024136 -0.008453 0.036195
v 0.025533 -0.004863 0.030860
v 0.025378 -0.004261 0.040251
v 0.024136 -0.008453 0.036195
v 0.025496 -0.004549 0.035785
v 0.024046 -0.008117 0.040638
v 0.026234 -0.000582 0.035570
v 0.025378 -0.004261 0.040251
v 0.025496 -0.004549 0.035785
v 0.026107 -0.000353 0.040049
v 0.021904 -0.012660 0.032041
v 0.024136 -0.008453 0.036195
v 0.021972 -0.012282 0.036870
v 0.024127 -0.008825 0.031323
v 0.018843 -0.015973 0.032931
v 0.021972 -0.012282 0.036870
v 0.018969 -0.015614 0.037712
v 0.021904 -0.012660 0.032041
v 0.021972 -0.012282 0.036870
v 0.021911 -0.011926 0.041285
v 0.018969 -0.015614 0.037712
v 0.018939 -0.015246 0.042087
v 0.010642 -0.018335 0.047953
v 0.015165 -0.017686 0.042956
v 0.014978 -0.017205 0.047358
v 0.010880 -0.018882 0.043795
v 0.010642 -0.018335 0.047953
v 0.014978 -0.017205 0.047358
v 0.014537 -0.016621 0.051769
v 0.010384 -0.017602 0.052081
v 0.018735 -0.014829 0.046637
v 0.014537 -0.016621 0.051769
v 0.014978 -0.017205 0.047358
v 0.018284 -0.014358 0.051303
v 0.010835 -0.019318 0.039508
v 0.015013 -0.018405 0.033905
v 0.015182 -0.018070 0.038623
v 0.010770 -0.019611 0.035209
v 0.010880 -0.018882 0.043795
v 0.015182 -0.018070 0.038623
v 0.015165 -0.017686 0.042956
v 0.010835 -0.019318 0.039508
v 0.015182 -0.018070 0.038623
v 0.018969 -0.015614 0.037712
v 0.015165 -0.017686 0.042956
v 0.018939 -0.015246 0.042087
v 0.023730 -0.009662 0.018981
v 0.025472 -0.005217 0.024889
v 0.023997 -0.009247 0.025399
v 0.025300 -0.005571 0.018421
v 0.025533 -0.004863 0.030860
v 0.023997 -0.009247 0.025399
v 0.025472 -0.005217 0.024889
v 0.024127 -0.008825 0.031323
v 0.025472 -0.005217 0.024889
v 0.026283 -0.000811 0.030608
v 0.025533 -0.004863 0.030860
v 0.026229 -0.001066 0.024611
v 0.021307 -0.013443 0.019880
v 0.023997 -0.009247 0.025399
v 0.021684 -0.013062 0.026170
v 0.023730 -0.009662 0.018981
v 0.018055 -0.016585 0.021019
v 0.021684 -0.013062 0.026170
v 0.018533 -0.016313 0.027167
v 0.021307 -0.013443 0.019880
v 0.021684 -0.013062 0.026170
v 0.021904 -0.012660 0.032041
v 0.018533 -0.016313 0.027167
v 0.018843 -0.015973 0.032931
v 0.014618 -0.018683 0.028348
v 0.009544 -0.019898 0.024032
v 0.014052 -0.018854 0.022408
v 0.010169 -0.019861 0.029622
v 0.010770 -0.019611 0.035209
v 0.014618 -0.018683 0.028348
v 0.015013 -0.018405 0.033905
v 0.010169 -0.019861 0.029622
v 0.018533 -0.016313 0.027167
v 0.018843 -0.015973 0.032931
v 0.015013 -0.018405 0.033905
v 0.014618 -0.018683 0.028348
v 0.012416 -0.018329 0.011253
v 0.016398 -0.016415 0.009523
v 0.017326 -0.016641 0.014897
v 0.013291 -0.018754 0.016495
v 0.013291 -0.018754 0.016495
v 0.008154 -0.019377 0.012531
v 0.012416 -0.018329 0.011253
v 0.008852 -0.019686 0.018281
v 0.008852 -0.019686 0.018281
v 0.014052 -0.018854 0.022408
v 0.009544 -0.019898 0.024032
v 0.013291 -0.018754 0.016495
v 0.019938 -0.013745 0.007969
v 0.023307 -0.010036 0.012624
v 0.020712 -0.013693 0.013603
v 0.022755 -0.010294 0.006760
v 0.020712 -0.013693 0.013603
v 0.016398 -0.016415 0.009523
v 0.019938 -0.013745 0.007969
v 0.017326 -0.016641 0.014897
v 0.020712 -0.013693 0.013603
v 0.021307 -0.013443 0.019880
v 0.017326 -0.016641 0.014897
v 0.018055 -0.016585 0.021019
v 0.025840 -0.001522 0.011688
v 0.025757 -0.001682 0.005716
v 0.025676 0.002761 0.005643
v 0.025789 0.002806 0.011648
v 0.025789 0.002806 0.011648
v 0.026061 -0.001310 0.018122
v 0.025840 -0.001522 0.011688
v 0.026077 0.002935 0.018057
v 0.024932 0.006973 0.011657
v 0.026077 0.002935 0.018057
v 0.025789 0.002806 0.011648
v 0.025415 0.007027 0.018135
v 0.025840 -0.001522 0.011688
v 0.024764 -0.006165 0.006046
v 0.025757 -0.001682 0.005716
v 0.025030 -0.005892 0.011998
v 0.022755 -0.010294 0.006760
v 0.025030 -0.005892 0.011998
v 0.023307 -0.010036 0.012624
v 0.024764 -0.006165 0.006046
v 0.025030 -0.005892 0.011998
v 0.025300 -0.005571 0.018421
v 0.023307 -0.010036 0.012624
v 0.023730 -0.009662 0.018981
v 0.010490 -0.017296 0.004380
v 0.014578 -0.016068 0.002174
v 0.015498 -0.016119 0.005448
v 0.011482 -0.017761 0.007397
v 0.011482 -0.017761 0.007397
v 0.006413 -0.017952 0.006320
v 0.010490 -0.017296 0.004380
v 0.007282 -0.018722 0.009413
v 0.007282 -0.018722 0.009413
v 0.012416 -0.018329 0.011253
v 0.008154 -0.019377 0.012531
v 0.011482 -0.017761 0.007397
v 0.019240 -0.013734 0.003441
v 0.014578 -0.016068 0.002174
v 0.018533 -0.014124 -0.000302
v 0.015498 -0.016119 0.005448
v 0.019938 -0.013745 0.007969
v 0.015498 -0.016119 0.005448
v 0.019240 -0.013734 0.003441
v 0.016398 -0.016415 0.009523
v 0.019240 -0.013734 0.003441
v 0.022755 -0.010294 0.006760
v 0.019938 -0.013745 0.007969
v 0.022376 -0.010505 0.001807
v 0.022249 -0.011204 -0.003301
v 0.024694 -0.006395 0.000970
v 0.022376 -0.010505 0.001807
v 0.025175 -0.006136 -0.004503
v 0.024694 -0.006395 0.000970
v 0.024764 -0.006165 0.006046
v 0.022376 -0.010505 0.001807
v 0.022755 -0.010294 0.006760
v 0.024694 -0.006395 0.000970
v 0.025757 -0.001682 0.005716
v 0.024764 -0.006165 0.006046
v 0.025877 -0.001765 0.000605
v 0.021855 -0.012245 -0.007675
v 0.025175 -0.006136 -0.004503
v 0.022249 -0.011204 -0.003301
v 0.025605 -0.006569 -0.011259
v 0.025493 0.004252 -0.000769
v 0.025676 0.002761 0.005643
v 0.025877 -0.001765 0.000605
v 0.025757 -0.001682 0.005716
v 0.026310 -0.002277 -0.008804
v 0.027685 -0.001643 -0.015187
v 0.027204 0.001217 -0.011808
v 0.025605 -0.006569 -0.011259
v 0.024262 0.007946 0.001576
v 0.023015 0.010668 0.005552
v 0.024683 0.006934 0.005650
v 0.022661 0.011176 0.002958
v 0.026503 0.001584 -0.007657
v 0.027204 0.001217 -0.011808
v 0.026573 0.003780 -0.009049
v 0.026310 -0.002277 -0.008804
v 0.026503 0.001584 -0.007657
v 0.026159 -0.001858 -0.004027
v 0.026310 -0.002277 -0.008804
v 0.026162 0.002218 -0.004868
v 0.027855 -0.010853 -0.035429
v 0.025586 -0.013896 -0.035001
v 0.025236 -0.014153 -0.038338
v 0.027714 -0.011056 -0.038945
v 0.024577 0.010473 -0.006748
v 0.022458 0.014558 -0.007296
v 0.023205 0.012082 -0.004813
v 0.024117 0.013261 -0.009082
v 0.023205 0.012082 -0.004813
v 0.025078 0.007766 -0.004537
v 0.024577 0.010473 -0.006748
v 0.023695 0.009893 -0.002154
v 0.029080 0.001239 -0.017762
v 0.029398 0.006381 -0.017737
v 0.028002 0.004495 -0.013826
v 0.030299 0.004278 -0.020266
v 0.027000 0.006887 -0.011012
v 0.025674 0.008929 -0.008588
v 0.025761 0.006060 -0.006466
v 0.026573 0.003780 -0.009049
v 0.029814 -0.002698 -0.023454
v 0.028153 -0.003940 -0.018446
v 0.028459 -0.005669 -0.022093
v 0.029544 -0.000708 -0.020407
v 0.030855 0.002176 -0.022683
v 0.030299 0.004278 -0.020266
v 0.029080 0.001239 -0.017762
v 0.029544 -0.000708 -0.020407
v 0.029916 -0.005989 -0.028994
v 0.029909 -0.004413 -0.026280
v 0.028646 -0.007024 -0.025407
v 0.028909 -0.008058 -0.028536
v 0.028459 -0.005669 -0.022093
v 0.029909 -0.004413 -0.026280
v 0.029814 -0.002698 -0.023454
v 0.028646 -0.007024 -0.025407
v 0.031079 -0.001941 -0.027241
v 0.031078 0.000087 -0.025001
v 0.029814 -0.002698 -0.023454
v 0.029909 -0.004413 -0.026280
v 0.014578 -0.016068 0.002174
v 0.017537 -0.015228 -0.003522
v 0.018533 -0.014124 -0.000302
v 0.013527 -0.016511 -0.000747
v 0.027683 -0.010736 -0.031815
v 0.025586 -0.013896 -0.035001
v 0.027855 -0.010853 -0.035429
v 0.025655 -0.013671 -0.031375
v 0.020066 -0.016124 -0.009706
v 0.021855 -0.012245 -0.007675
v 0.017537 -0.015228 -0.003522
v 0.016298 -0.017144 -0.006072
v 0.026842 -0.009030 -0.021100
v 0.028153 -0.003940 -0.018446
v 0.026366 -0.007766 -0.016471
v 0.028459 -0.005669 -0.022093
v 0.027685 -0.001643 -0.015187
v 0.025605 -0.006569 -0.011259
v 0.026366 -0.007766 -0.016471
v 0.028153 -0.003940 -0.018446
v 0.023821 -0.012226 -0.014545
v 0.020066 -0.016124 -0.009706
v 0.021672 -0.015782 -0.014195
v 0.021855 -0.012245 -0.007675
v 0.023821 -0.012226 -0.014545
v 0.025605 -0.006569 -0.011259
v 0.021855 -0.012245 -0.007675
v 0.026366 -0.007766 -0.016471
v 0.028646 -0.007024 -0.025407
v 0.026842 -0.009030 -0.021100
v 0.027127 -0.009910 -0.024717
v 0.028459 -0.005669 -0.022093
v 0.025231 -0.013156 -0.023872
v 0.024776 -0.012769 -0.019929
v 0.023388 -0.015948 -0.023269
v 0.022821 -0.015885 -0.019315
v 0.024776 -0.012769 -0.019929
v 0.026366 -0.007766 -0.016471
v 0.023821 -0.012226 -0.014545
v 0.026842 -0.009030 -0.021100
v 0.026842 -0.009030 -0.021100
v 0.024776 -0.012769 -0.019929
v 0.025231 -0.013156 -0.023872
v 0.027127 -0.009910 -0.024717
v 0.017512 -0.022142 -0.015665
v 0.018619 -0.021608 -0.019515
v 0.020683 -0.018929 -0.019175
v 0.019576 -0.019176 -0.014939
v 0.019576 -0.019176 -0.014939
v 0.015745 -0.022687 -0.012002
v 0.017512 -0.022142 -0.015665
v 0.017719 -0.019453 -0.010913
v 0.021672 -0.015782 -0.014195
v 0.017719 -0.019453 -0.010913
v 0.019576 -0.019176 -0.014939
v 0.020066 -0.016124 -0.009706
v 0.020683 -0.018929 -0.019175
v 0.019220 -0.021163 -0.022751
v 0.021361 -0.018643 -0.022880
v 0.018619 -0.021608 -0.019515
v 0.021361 -0.018643 -0.022880
v 0.022821 -0.015885 -0.019315
v 0.020683 -0.018929 -0.019175
v 0.023388 -0.015948 -0.023269
v 0.021826 -0.018337 -0.026320
v 0.023388 -0.015948 -0.023269
v 0.021361 -0.018643 -0.022880
v 0.023840 -0.015879 -0.027032
v -0.009836 -0.032683 -0.007619
v -0.009086 -0.023870 -0.004180
v -0.012443 -0.023951 -0.004737
v -0.007807 -0.033384 -0.007292
v 0.014594 -0.025769 -0.023242
v 0.018619 -0.021608 -0.019515
v 0.014361 -0.026572 -0.020939
v 0.019220 -0.021163 -0.022751
v 0.011011 -0.019982 -0.005682
v 0.013165 -0.023167 -0.009327
v 0.014790 -0.019830 -0.007840
v 0.009822 -0.023569 -0.007371
v 0.012298 -0.017580 -0.003401
v 0.014790 -0.019830 -0.007840
v 0.016298 -0.017144 -0.006072
v 0.011011 -0.019982 -0.005682
v 0.016298 -0.017144 -0.006072
v 0.017719 -0.019453 -0.010913
v 0.020066 -0.016124 -0.009706
v 0.014790 -0.019830 -0.007840
v 0.005233 -0.017587 0.003893
v 0.008040 -0.017967 -0.001522
v 0.009404 -0.017193 0.001663
v 0.003763 -0.017879 0.000239
v 0.006413 -0.017952 0.006320
v 0.009404 -0.017193 0.001663
v 0.010490 -0.017296 0.004380
v 0.005233 -0.017587 0.003893
v 0.014578 -0.016068 0.002174
v 0.009404 -0.017193 0.001663
v 0.013527 -0.016511 -0.000747
v 0.010490 -0.017296 0.004380
v 0.018619 -0.021608 -0.019515
v 0.013733 -0.027897 -0.018112
v 0.014361 -0.026572 -0.020939
v 0.017512 -0.022142 -0.015665
v 0.002530 -0.019475 -0.002830
v 0.005726 -0.023815 -0.006055
v 0.006831 -0.019827 -0.004106
v 0.001308 -0.023646 -0.004982
v 0.003763 -0.017879 0.000239
v 0.006831 -0.019827 -0.004106
v 0.008040 -0.017967 -0.001522
v 0.002530 -0.019475 -0.002830
v 0.011011 -0.019982 -0.005682
v 0.012298 -0.017580 -0.003401
v 0.008040 -0.017967 -0.001522
v 0.006831 -0.019827 -0.004106
v 0.009822 -0.023569 -0.007371
v 0.010567 -0.031375 -0.012920
v 0.013165 -0.023167 -0.009327
v 0.007817 -0.032918 -0.010855
v -0.000364 -0.016107 0.004594
v -0.000041 -0.013378 0.003437
v -0.001886 -0.015734 0.002797
v 0.001356 -0.013647 0.004928
v -0.000364 -0.016107 0.004594
v 0.002250 -0.013992 0.006678
v 0.001356 -0.013647 0.004928
v 0.000434 -0.016471 0.006423
v 0.001081 -0.016892 0.008680
v 0.003170 -0.015006 0.011767
v 0.002964 -0.014686 0.008749
v 0.001514 -0.017454 0.012003
v -0.006693 -0.013338 0.002289
v -0.004584 -0.009948 0.004112
v -0.007921 -0.011339 0.003373
v -0.003415 -0.011652 0.003117
v -0.008652 -0.008831 0.004503
v -0.004584 -0.009948 0.004112
v -0.005210 -0.007829 0.005218
v -0.007921 -0.011339 0.003373
v -0.009246 -0.003908 0.006514
v -0.005484 -0.005645 0.006109
v -0.005573 -0.003576 0.006892
v -0.009106 -0.006255 0.005588
v -0.008812 0.001523 0.008478
v -0.005486 -0.001426 0.007734
v -0.005180 0.000937 0.008633
v -0.009163 -0.001444 0.007429
v -0.007458 0.006112 0.010320
v -0.004641 0.003096 0.009448
v -0.003986 0.004638 0.010120
v -0.008161 0.004246 0.009500
v -0.003317 0.005697 0.010721
v -0.005998 0.008512 0.011810
v -0.006715 0.007489 0.011067
v -0.002679 0.006516 0.011340
v -0.000637 0.008123 0.015427
v -0.003828 0.010338 0.015002
v -0.001063 0.008084 0.014027
v -0.003250 0.010516 0.016634
v -0.002947 0.010186 0.018761
v -0.000415 0.006943 0.018520
v -0.002997 0.009130 0.020855
v -0.000408 0.007734 0.017022
v -0.000546 0.005940 0.019671
v -0.003350 0.006475 0.022880
v -0.003149 0.007958 0.022071
v -0.000720 0.004695 0.020534
v -0.003951 0.001196 0.023414
v -0.000933 0.002984 0.021082
v -0.001130 0.000804 0.021062
v -0.003666 0.004070 0.023445
v -0.001130 0.000804 0.021062
v -0.004090 -0.001625 0.022905
v -0.003951 0.001196 0.023414
v -0.001251 -0.001617 0.020461
v -0.001315 -0.004071 0.019623
v -0.003705 -0.007706 0.020866
v -0.004054 -0.004554 0.022022
v -0.001205 -0.006598 0.018792
v -0.005815 0.063055 -0.028177
v -0.001780 0.063716 -0.026838
v -0.005575 0.063933 -0.026148
v -0.002203 0.062927 -0.029059
v 0.002268 0.063094 -0.027538
v -0.002203 0.062927 -0.029059
v 0.001941 0.062151 -0.029569
v -0.001780 0.063716 -0.026838
v 0.005992 0.061058 -0.030268
v 0.010425 0.060410 -0.028928
v 0.006392 0.061999 -0.028240
v 0.009951 0.059502 -0.030963
v 0.009951 0.059502 -0.030963
v 0.002952 0.057536 -0.042441
v 0.006612 0.056168 -0.043127
v 0.005992 0.061058 -0.030268
v 0.017746 0.056126 -0.030087
v 0.013700 0.057567 -0.031606
v 0.017123 0.055336 -0.032150
v 0.014247 0.058409 -0.029557
v 0.017123 0.055336 -0.032150
v 0.010129 0.054453 -0.043775
v 0.013437 0.052434 -0.044351
v 0.013700 0.057567 -0.031606
v 0.023466 0.050966 -0.030926
v 0.020186 0.052881 -0.032615
v 0.022855 0.050277 -0.033018
v 0.020840 0.053622 -0.030536
v 0.002952 0.057536 -0.042441
v 0.000125 0.054613 -0.054346
v 0.006612 0.056168 -0.043127
v 0.003462 0.053365 -0.054953
v 0.022855 0.050277 -0.033018
v 0.016506 0.050141 -0.044852
v 0.019309 0.047608 -0.045277
v 0.020186 0.052881 -0.032615
v 0.027766 0.045084 -0.031570
v 0.025205 0.047486 -0.033366
v 0.027309 0.044472 -0.033666
v 0.025737 0.048132 -0.031274
v 0.010129 0.054453 -0.043775
v 0.006767 0.051820 -0.055532
v 0.013437 0.052434 -0.044351
v 0.010036 0.049994 -0.056078
v 0.027309 0.044472 -0.033666
v 0.021846 0.044829 -0.045632
v 0.024117 0.041798 -0.045928
v 0.025205 0.047486 -0.033366
v 0.031165 0.038387 -0.031891
v 0.029161 0.041239 -0.033892
v 0.030757 0.037793 -0.034019
v 0.029580 0.041837 -0.031783
v 0.019309 0.047608 -0.045277
v 0.013139 0.047859 -0.056581
v 0.015963 0.045406 -0.057035
v 0.016506 0.050141 -0.044852
v 0.030757 0.037793 -0.034019
v 0.026119 0.038539 -0.046166
v 0.027847 0.035074 -0.046351
v 0.029161 0.041239 -0.033892
v 0.032069 0.034064 -0.034047
v 0.033068 0.029985 -0.033978
v 0.033586 0.030519 -0.031815
v 0.032505 0.034645 -0.031897
v 0.024117 0.041798 -0.045928
v 0.018544 0.042669 -0.057435
v 0.020926 0.039699 -0.057773
v 0.021846 0.044829 -0.045632
v 0.033068 0.029985 -0.033978
v 0.029259 0.031368 -0.046462
v 0.030311 0.027385 -0.046479
v 0.032069 0.034064 -0.034047
v 0.034488 0.021333 -0.031334
v 0.033673 0.025602 -0.033809
v 0.033801 0.020965 -0.033541
v 0.034316 0.026051 -0.031637
v 0.026119 0.038539 -0.046166
v 0.023074 0.036499 -0.058048
v 0.027847 0.035074 -0.046351
v 0.024914 0.033044 -0.058261
v 0.033801 0.020965 -0.033541
v 0.030972 0.023188 -0.046407
v 0.031215 0.018839 -0.046254
v 0.033673 0.025602 -0.033809
v 0.033488 0.016424 -0.033219
v 0.032769 0.012331 -0.032890
v 0.033146 0.012732 -0.030598
v 0.034017 0.016780 -0.030959
v 0.029259 0.031368 -0.046462
v 0.026370 0.029326 -0.058402
v 0.030311 0.027385 -0.046479
v 0.027412 0.025365 -0.058461
v 0.032769 0.012331 -0.032890
v 0.031034 0.014456 -0.046026
v 0.030425 0.010155 -0.045735
v 0.033488 0.016424 -0.033219
v 0.031661 0.008468 -0.032487
v 0.030181 0.004619 -0.031942
v 0.030370 0.005176 -0.029639
v 0.031981 0.008919 -0.030205
v 0.030972 0.023188 -0.046407
v 0.028065 0.021266 -0.058439
v 0.031215 0.018839 -0.046254
v 0.028370 0.017133 -0.058343
v 0.030181 0.004619 -0.031942
v 0.029440 0.006012 -0.045354
v 0.028127 0.002104 -0.044856
v 0.031661 0.008468 -0.032487
v 0.031034 0.014456 -0.046026
v 0.028307 0.012946 -0.058173
v 0.030425 0.010155 -0.045735
v 0.027803 0.008693 -0.057915
v 0.029440 0.006012 -0.045354
v 0.026838 0.004600 -0.057561
v 0.028127 0.002104 -0.044856
v 0.025424 0.000650 -0.057108
v 0.027943 0.000033 -0.031806
v 0.025492 -0.003414 -0.043712
v 0.025835 -0.003605 -0.032262
v 0.023243 -0.008309 -0.037294
v 0.020545 -0.011335 -0.040335
v 0.020347 -0.010933 -0.043322
v 0.017078 -0.014267 -0.043122
v 0.019012 -0.014306 -0.054208
v 0.016332 -0.012749 -0.054837
v 0.018885 -0.009993 -0.055420
v 0.021639 -0.011505 -0.054770
v -0.037845 -0.011620 -0.044367
v -0.033971 -0.013186 -0.032263
v -0.035623 -0.013778 -0.044702
v -0.036588 -0.010258 -0.031881
v -0.005323 -0.023028 -0.050239
v -0.007362 -0.022351 -0.048010
v -0.004835 -0.022194 -0.048300
v -0.007690 -0.023231 -0.049792
v -0.000797 -0.022256 -0.051173
v -0.001840 -0.021707 -0.048291
v 0.001156 -0.021219 -0.048283
v -0.003101 -0.022726 -0.050690
v -0.003101 -0.022726 -0.050690
v -0.004835 -0.022194 -0.048300
v -0.001840 -0.021707 -0.048291
v -0.005323 -0.023028 -0.050239
v 0.022647 -0.008044 -0.043500
v 0.021214 -0.007023 -0.055973
v 0.018885 -0.009993 -0.055420
v 0.020347 -0.010933 -0.043322
v 0.011716 -0.006382 -0.032844
v 0.020545 -0.011335 -0.040335
v 0.017078 -0.014267 -0.043122
v 0.020545 -0.011335 -0.040335
v 0.011716 -0.006382 -0.032844
v 0.012423 -0.006116 -0.032666
v 0.022647 -0.008044 -0.043500
v 0.020545 -0.011335 -0.040335
v 0.023243 -0.008309 -0.037294
v 0.020347 -0.010933 -0.043322
v 0.004475 -0.020579 -0.052264
v 0.003414 -0.020606 -0.047988
v 0.005672 -0.019992 -0.047693
v 0.001869 -0.021517 -0.051729
v 0.001869 -0.021517 -0.051729
v 0.001156 -0.021219 -0.048283
v 0.003414 -0.020606 -0.047988
v -0.000797 -0.022256 -0.051173
v 0.005672 -0.019992 -0.047693
v 0.006636 -0.019617 -0.052713
v 0.004475 -0.020579 -0.052264
v 0.007770 -0.019196 -0.047153
v 0.017078 -0.014267 -0.043122
v 0.016332 -0.012749 -0.054837
v 0.013635 -0.015187 -0.054234
v 0.013805 -0.016458 -0.045077
v 0.026824 0.000069 -0.028142
v 0.031079 -0.001941 -0.027241
v 0.030924 -0.003919 -0.029452
v 0.026853 0.001099 -0.026940
v 0.030855 0.002176 -0.022683
v 0.026830 0.002254 -0.025581
v 0.026706 0.003655 -0.023915
v 0.031078 0.000087 -0.025001
v 0.028264 0.008406 -0.015253
v 0.025582 0.007179 -0.019571
v 0.024604 0.008996 -0.017257
v 0.029398 0.006381 -0.017737
v 0.027001 0.010253 -0.012969
v 0.024604 0.008996 -0.017257
v 0.023532 0.010580 -0.015198
v 0.028264 0.008406 -0.015253
v 0.020775 0.013342 -0.011441
v 0.022458 0.014558 -0.007296
v 0.024117 0.013261 -0.009082
v 0.019285 0.014466 -0.009843
v 0.015655 0.016645 -0.006605
v 0.020225 0.016015 -0.005174
v 0.017509 0.015633 -0.008142
v 0.017764 0.017284 -0.003287
v 0.015760 0.018109 -0.002059
v 0.012196 0.018003 -0.004356
v 0.013744 0.018793 -0.000993
v 0.013989 0.017375 -0.005431
v 0.011126 0.019527 0.000320
v 0.007455 0.019144 -0.002134
v 0.008316 0.020117 0.001595
v 0.009945 0.018617 -0.003215
v 0.005735 0.020476 0.002533
v 0.002568 0.019820 -0.000424
v 0.003246 0.020674 0.003210
v 0.004982 0.019550 -0.001195
v 0.000718 0.020758 0.003742
v -0.002030 0.019922 0.000560
v -0.001818 0.020720 0.004170
v 0.000255 0.019940 0.000153
v -0.013649 0.018969 0.004459
v -0.015324 0.017723 0.000484
v -0.016454 0.018187 0.004088
v -0.012818 0.018401 0.000801
v -0.019879 0.016063 -0.000582
v -0.018995 0.017349 0.003513
v -0.017672 0.016939 0.000022
v -0.021348 0.016434 0.002791
v -0.024046 0.013965 -0.002283
v -0.023573 0.015397 0.001981
v -0.021942 0.015103 -0.001331
v -0.025841 0.014145 0.001030
v -0.030676 0.010734 -0.001597
v -0.026359 0.012542 -0.003516
v -0.028541 0.011003 -0.004899
v -0.028290 0.012568 -0.000171
v -0.031787 0.008075 -0.007728
v -0.032799 0.008767 -0.003198
v -0.030294 0.009553 -0.006269
v -0.034669 0.006783 -0.004974
v 0.003462 0.053365 -0.054953
v 0.000976 0.057165 -0.053681
v 0.004601 0.055814 -0.054379
v 0.000125 0.054613 -0.054346
v -0.035825 0.002118 -0.013970
v -0.038743 0.001423 -0.010469
v -0.035175 0.003432 -0.012551
v -0.039558 -0.000216 -0.012129
v -0.034330 0.004835 -0.011063
v -0.036322 0.004877 -0.006878
v -0.033174 0.006444 -0.009388
v -0.037700 0.003082 -0.008759
v -0.009312 0.063791 -0.025430
v -0.005815 0.063055 -0.028177
v -0.005575 0.063933 -0.026148
v -0.009531 0.062906 -0.027463
v 0.026824 0.000069 -0.028142
v 0.027943 0.000033 -0.031806
v 0.025835 -0.003605 -0.032262
v 0.028575 0.001958 -0.028963
v -0.009531 0.062906 -0.027463
v -0.008337 0.059333 -0.040327
v -0.005815 0.063055 -0.028177
v -0.012096 0.059183 -0.039594
v 0.013805 -0.016458 -0.045077
v 0.013635 -0.015187 -0.054234
v 0.011081 -0.017067 -0.053670
v 0.011836 -0.017429 -0.045845
v -0.017065 0.062339 -0.023877
v -0.013358 0.062378 -0.026703
v -0.013195 0.063266 -0.024657
v -0.017167 0.061474 -0.025931
v -0.017167 0.061474 -0.025931
v -0.015816 0.058674 -0.038846
v -0.013358 0.062378 -0.026703
v -0.019468 0.057810 -0.038096
v -0.024442 0.059254 -0.022344
v -0.020829 0.060199 -0.025184
v -0.020759 0.061027 -0.023126
v -0.024471 0.058449 -0.024417
v -0.012096 0.059183 -0.039594
v -0.010574 0.056170 -0.052352
v -0.008337 0.059333 -0.040327
v -0.014393 0.055941 -0.051609
v -0.006792 0.056027 -0.053065
v -0.004568 0.059312 -0.041037
v -0.008337 0.059333 -0.040327
v -0.010574 0.056170 -0.052352
v -0.024471 0.058449 -0.024417
v -0.023023 0.056595 -0.037357
v -0.020829 0.060199 -0.025184
v -0.026569 0.054940 -0.036611
v -0.031870 0.054086 -0.020640
v -0.028223 0.056118 -0.023586
v -0.028256 0.056902 -0.021484
v -0.031807 0.053351 -0.022768
v -0.019468 0.057810 -0.038096
v -0.018048 0.055395 -0.050873
v -0.015816 0.058674 -0.038846
v -0.021581 0.054546 -0.050147
v -0.015816 0.058674 -0.038846
v -0.014393 0.055941 -0.051609
v -0.012096 0.059183 -0.039594
v -0.018048 0.055395 -0.050873
v -0.031807 0.053351 -0.022768
v -0.030195 0.052755 -0.035837
v -0.028223 0.056118 -0.023586
v -0.033705 0.050110 -0.035066
v -0.034945 0.050290 -0.022040
v -0.037801 0.047430 -0.019193
v -0.037749 0.046745 -0.021343
v -0.034993 0.050989 -0.019900
v -0.026569 0.054940 -0.036611
v -0.025031 0.053378 -0.049436
v -0.023023 0.056595 -0.037357
v -0.028490 0.051828 -0.048722
v -0.023023 0.056595 -0.037357
v -0.021581 0.054546 -0.050147
v -0.019468 0.057810 -0.038096
v -0.025031 0.053378 -0.049436
v -0.037749 0.046745 -0.021343
v -0.036902 0.047075 -0.034328
v -0.034945 0.050290 -0.022040
v -0.039798 0.043555 -0.033614
v -0.040333 0.042526 -0.020619
v -0.042543 0.038574 -0.017779
v -0.042479 0.037981 -0.019961
v -0.040411 0.043190 -0.018454
v -0.032023 0.049796 -0.047975
v -0.030195 0.052755 -0.035837
v -0.033705 0.050110 -0.035066
v -0.035463 0.047253 -0.047208
v -0.030195 0.052755 -0.035837
v -0.028490 0.051828 -0.048722
v -0.026569 0.054940 -0.036611
v -0.032023 0.049796 -0.047975
v -0.042479 0.037981 -0.019961
v -0.042407 0.039456 -0.032913
v -0.040333 0.042526 -0.020619
v -0.044537 0.035226 -0.032316
v -0.038651 0.044209 -0.046440
v -0.036902 0.047075 -0.034328
v -0.039798 0.043555 -0.033614
v -0.041516 0.040692 -0.045691
v -0.036902 0.047075 -0.034328
v -0.035463 0.047253 -0.047208
v -0.033705 0.050110 -0.035066
v -0.038651 0.044209 -0.046440
v -0.043969 0.033461 -0.019462
v -0.044883 0.029274 -0.016846
v -0.044869 0.028917 -0.019075
v -0.044014 0.033939 -0.017255
v -0.044869 0.028917 -0.019075
v -0.046932 0.027405 -0.031620
v -0.045998 0.031312 -0.031916
v -0.043969 0.033461 -0.019462
v -0.044060 0.036775 -0.044997
v -0.044537 0.035226 -0.032316
v -0.046105 0.032935 -0.044466
v -0.042407 0.039456 -0.032913
v -0.042407 0.039456 -0.032913
v -0.041516 0.040692 -0.045691
v -0.039798 0.043555 -0.033614
v -0.044060 0.036775 -0.044997
v -0.046932 0.027405 -0.031620
v -0.048559 0.026462 -0.043871
v -0.047520 0.029677 -0.044130
v -0.045998 0.031312 -0.031916
v -0.045998 0.031312 -0.031916
v -0.046105 0.032935 -0.044466
v -0.044537 0.035226 -0.032316
v -0.047520 0.029677 -0.044130
v -0.046932 0.027405 -0.031620
v -0.049343 0.022705 -0.043600
v -0.048559 0.026462 -0.043871
v -0.047485 0.023194 -0.031334
v -0.047485 0.023194 -0.031334
v -0.049746 0.018566 -0.043347
v -0.049343 0.022705 -0.043600
v -0.047629 0.018853 -0.031094
v -0.045245 0.024301 -0.018748
v -0.045036 0.020030 -0.016260
v -0.045142 0.019788 -0.018505
v -0.045214 0.024573 -0.016507
v -0.045142 0.019788 -0.018505
v -0.047629 0.018853 -0.031094
v -0.047485 0.023194 -0.031334
v -0.045245 0.024301 -0.018748
v -0.047337 0.014552 -0.030935
v -0.043648 0.011476 -0.018313
v -0.046611 0.010269 -0.030846
v -0.044605 0.015555 -0.018365
v -0.044605 0.015555 -0.018365
v -0.043367 0.011725 -0.016099
v -0.043648 0.011476 -0.018313
v -0.044409 0.015814 -0.016131
v -0.045453 0.005983 -0.030813
v -0.040859 0.003939 -0.018388
v -0.044142 0.002200 -0.030834
v -0.042285 0.007424 -0.018331
v -0.047629 0.018853 -0.031094
v -0.049703 0.014235 -0.043171
v -0.049746 0.018566 -0.043347
v -0.047337 0.014552 -0.030935
v -0.046611 0.010269 -0.030846
v -0.049178 0.009798 -0.043107
v -0.049703 0.014235 -0.043171
v -0.047337 0.014552 -0.030935
v -0.042959 -0.000575 -0.030906
v -0.038411 -0.001291 -0.019366
v -0.041090 -0.003890 -0.031011
v -0.039714 0.001555 -0.018450
v -0.042285 0.007424 -0.018331
v -0.040091 0.003876 -0.016321
v -0.040859 0.003939 -0.018388
v -0.041880 0.007579 -0.016148
v -0.048155 0.005346 -0.043143
v -0.044142 0.002200 -0.030834
v -0.046706 0.001344 -0.043240
v -0.045453 0.005983 -0.030813
v -0.049178 0.009798 -0.043107
v -0.045453 0.005983 -0.030813
v -0.048155 0.005346 -0.043143
v -0.046611 0.010269 -0.030846
v -0.041090 -0.003890 -0.031011
v -0.037367 -0.004015 -0.020871
v -0.039199 -0.006708 -0.030946
v -0.038411 -0.001291 -0.019366
v -0.038411 -0.001291 -0.019366
v -0.036910 -0.000595 -0.016947
v -0.037367 -0.004015 -0.020871
v -0.041090 -0.003890 -0.031011
v -0.042752 -0.005415 -0.043629
v -0.044916 -0.002115 -0.043387
v -0.042959 -0.000575 -0.030906
v -0.013204 -0.022260 -0.046805
v -0.012251 -0.023413 -0.048953
v -0.014370 -0.023275 -0.048532
v -0.035623 -0.013778 -0.044702
v -0.033971 -0.013186 -0.032263
v -0.031971 -0.015281 -0.035095
v -0.033543 -0.015434 -0.045024
v -0.016519 -0.022011 -0.045891
v -0.013204 -0.022260 -0.046805
v -0.014370 -0.023275 -0.048532
v -0.016498 -0.022900 -0.048093
v -0.019089 -0.021458 -0.044758
v -0.021253 -0.021700 -0.047209
v -0.021660 -0.020905 -0.043626
v -0.018769 -0.022352 -0.047647
v -0.028456 -0.017842 -0.038758
v -0.031202 -0.017061 -0.045426
v -0.030517 -0.016657 -0.036980
v -0.028749 -0.018577 -0.045882
v -0.042157 -0.001164 -0.015705
v -0.040091 0.003876 -0.016321
v -0.043446 0.001894 -0.015714
v -0.038536 0.001158 -0.016526
v -0.044897 0.005973 -0.015709
v -0.043367 0.011725 -0.016099
v -0.046096 0.010530 -0.015716
v -0.041880 0.007579 -0.016148
v -0.046898 0.014910 -0.015783
v -0.043367 0.011725 -0.016099
v -0.044409 0.015814 -0.016131
v -0.046096 0.010530 -0.015716
v -0.047485 0.024169 -0.016193
v -0.045036 0.020030 -0.016260
v -0.045214 0.024573 -0.016507
v -0.047374 0.019367 -0.015938
v -0.046089 0.034034 -0.016909
v -0.044883 0.029274 -0.016846
v -0.044014 0.033939 -0.017255
v -0.047083 0.029125 -0.016519
v -0.042361 0.043984 -0.018156
v -0.042543 0.038574 -0.017779
v -0.040411 0.043190 -0.018454
v -0.044513 0.038967 -0.017433
v -0.037801 0.047430 -0.019193
v -0.036768 0.052474 -0.019767
v -0.039721 0.048622 -0.018981
v -0.034993 0.050989 -0.019900
v -0.031870 0.054086 -0.020640
v -0.029600 0.058705 -0.021387
v -0.033424 0.055764 -0.020547
v -0.028256 0.056902 -0.021484
v -0.024442 0.059254 -0.022344
v -0.021739 0.063114 -0.023145
v -0.025605 0.061182 -0.022269
v -0.020759 0.061027 -0.023126
v -0.017065 0.062339 -0.023877
v -0.013856 0.065632 -0.024902
v -0.017871 0.064582 -0.024022
v -0.013195 0.063266 -0.024657
v -0.009312 0.063791 -0.025430
v -0.005829 0.066445 -0.026558
v -0.009803 0.066250 -0.025756
v -0.005575 0.063933 -0.026148
v -0.001745 0.066211 -0.027335
v 0.002268 0.063094 -0.027538
v 0.002635 0.065489 -0.028122
v -0.001780 0.063716 -0.026838
v 0.011433 0.062594 -0.029722
v 0.014247 0.058409 -0.029557
v 0.015491 0.060518 -0.030489
v 0.010425 0.060410 -0.028928
v 0.020840 0.053622 -0.030536
v 0.019135 0.058131 -0.031136
v 0.017746 0.056126 -0.030087
v 0.022389 0.055457 -0.031608
v 0.025737 0.048132 -0.031274
v 0.025278 0.052526 -0.031907
v 0.023466 0.050966 -0.030926
v 0.027841 0.049370 -0.032116
v 0.029580 0.041837 -0.031783
v 0.030113 0.046004 -0.032317
v 0.027766 0.045084 -0.031570
v 0.032085 0.042448 -0.032506
v 0.032505 0.034645 -0.031897
v 0.033725 0.038710 -0.032633
v 0.031165 0.038387 -0.031891
v 0.035017 0.034732 -0.032661
v 0.034316 0.026051 -0.031637
v 0.035975 0.030457 -0.032582
v 0.033586 0.030519 -0.031815
v 0.036608 0.025901 -0.032421
v 0.034316 0.026051 -0.031637
v 0.036829 0.021083 -0.032193
v 0.036608 0.025901 -0.032421
v 0.034488 0.021333 -0.031334
v 0.031981 0.008919 -0.030205
v 0.034966 0.007198 -0.031298
v 0.035917 0.011647 -0.031654
v 0.033146 0.012732 -0.030598
v 0.034966 0.007198 -0.031298
v 0.030370 0.005176 -0.029639
v 0.033665 0.002849 -0.030759
v 0.031981 0.008919 -0.030205
v -0.041666 0.049059 -0.040165
v -0.037581 0.050791 -0.043765
v -0.041080 0.047556 -0.042906
v -0.038109 0.052417 -0.041052
v -0.044879 0.045270 -0.039294
v -0.041080 0.047556 -0.042906
v -0.044253 0.043881 -0.042062
v -0.041666 0.049059 -0.040165
v -0.040433 0.046065 -0.045414
v -0.043573 0.042512 -0.044587
v -0.044253 0.043881 -0.042062
v -0.041080 0.047556 -0.042906
v -0.047650 0.041066 -0.038451
v -0.049919 0.036653 -0.037671
v -0.050208 0.037687 -0.034366
v -0.047951 0.042232 -0.035186
v -0.047951 0.042232 -0.035186
v -0.044879 0.045270 -0.039294
v -0.047650 0.041066 -0.038451
v -0.045188 0.046524 -0.036067
v -0.047803 0.043141 -0.031623
v -0.045188 0.046524 -0.036067
v -0.047951 0.042232 -0.035186
v -0.045052 0.047535 -0.032527
v -0.041826 0.051509 -0.033456
v -0.038359 0.053873 -0.037895
v -0.041957 0.050416 -0.036971
v -0.038214 0.055034 -0.034410
v -0.045052 0.047535 -0.032527
v -0.041957 0.050416 -0.036971
v -0.045188 0.046524 -0.036067
v -0.041826 0.051509 -0.033456
v -0.041666 0.049059 -0.040165
v -0.044879 0.045270 -0.039294
v -0.045188 0.046524 -0.036067
v -0.041957 0.050416 -0.036971
v -0.045812 0.044000 -0.024354
v -0.049265 0.038946 -0.027113
v -0.047985 0.039147 -0.023578
v -0.047064 0.043720 -0.027925
v -0.050037 0.038468 -0.030789
v -0.047064 0.043720 -0.027925
v -0.047803 0.043141 -0.031623
v -0.049265 0.038946 -0.027113
v -0.044341 0.048196 -0.028820
v -0.047803 0.043141 -0.031623
v -0.047064 0.043720 -0.027925
v -0.045052 0.047535 -0.032527
v -0.042361 0.043984 -0.018156
v -0.046287 0.039095 -0.020425
v -0.044513 0.038967 -0.017433
v -0.044121 0.044015 -0.021174
v -0.047985 0.039147 -0.023578
v -0.044121 0.044015 -0.021174
v -0.045812 0.044000 -0.024354
v -0.046287 0.039095 -0.020425
v -0.041467 0.048603 -0.022013
v -0.045812 0.044000 -0.024354
v -0.044121 0.044015 -0.021174
v -0.043123 0.048540 -0.025223
v -0.049571 0.034187 -0.022947
v -0.051977 0.029008 -0.025857
v -0.050597 0.029153 -0.022436
v -0.050894 0.034030 -0.026429
v -0.052863 0.028714 -0.029457
v -0.050894 0.034030 -0.026429
v -0.051715 0.033654 -0.030068
v -0.051977 0.029008 -0.025857
v -0.049265 0.038946 -0.027113
v -0.051715 0.033654 -0.030068
v -0.050894 0.034030 -0.026429
v -0.050037 0.038468 -0.030789
v -0.046408 0.038379 -0.043805
v -0.048652 0.034129 -0.043147
v -0.049309 0.035415 -0.040534
v -0.047036 0.039721 -0.041256
v -0.047036 0.039721 -0.041256
v -0.043573 0.042512 -0.044587
v -0.046408 0.038379 -0.043805
v -0.044253 0.043881 -0.042062
v -0.047650 0.041066 -0.038451
v -0.044253 0.043881 -0.042062
v -0.047036 0.039721 -0.041256
v -0.044879 0.045270 -0.039294
v -0.051628 0.032234 -0.036987
v -0.052824 0.027712 -0.036428
v -0.053117 0.028259 -0.033034
v -0.051921 0.033037 -0.033642
v -0.051921 0.033037 -0.033642
v -0.049919 0.036653 -0.037671
v -0.051628 0.032234 -0.036987
v -0.050208 0.037687 -0.034366
v -0.051715 0.033654 -0.030068
v -0.050208 0.037687 -0.034366
v -0.051921 0.033037 -0.033642
v -0.050037 0.038468 -0.030789
v -0.046089 0.034034 -0.016909
v -0.048862 0.029162 -0.019394
v -0.047083 0.029125 -0.016519
v -0.047862 0.034145 -0.019847
v -0.050597 0.029153 -0.022436
v -0.047862 0.034145 -0.019847
v -0.049571 0.034187 -0.022947
v -0.048862 0.029162 -0.019394
v -0.046287 0.039095 -0.020425
v -0.049571 0.034187 -0.022947
v -0.047862 0.034145 -0.019847
v -0.047985 0.039147 -0.023578
v -0.051085 0.024080 -0.022016
v -0.052605 0.018824 -0.025023
v -0.051075 0.019051 -0.021699
v -0.052543 0.023916 -0.025385
v -0.053651 0.018571 -0.028574
v -0.052543 0.023916 -0.025385
v -0.053509 0.023664 -0.028957
v -0.052605 0.018824 -0.025023
v -0.051977 0.029008 -0.025857
v -0.053509 0.023664 -0.028957
v -0.052543 0.023916 -0.025385
v -0.052863 0.028714 -0.029457
v -0.050166 0.030332 -0.042669
v -0.051195 0.026579 -0.042330
v -0.052072 0.027138 -0.039478
v -0.050951 0.031302 -0.039939
v -0.050951 0.031302 -0.039939
v -0.048652 0.034129 -0.043147
v -0.050166 0.030332 -0.042669
v -0.049309 0.035415 -0.040534
v -0.051628 0.032234 -0.036987
v -0.049309 0.035415 -0.040534
v -0.050951 0.031302 -0.039939
v -0.049919 0.036653 -0.037671
v -0.053556 0.022986 -0.036023
v -0.053808 0.018116 -0.035738
v -0.054030 0.018320 -0.032216
v -0.053823 0.023333 -0.032563
v -0.053823 0.023333 -0.032563
v -0.052824 0.027712 -0.036428
v -0.053556 0.022986 -0.036023
v -0.053117 0.028259 -0.033034
v -0.053509 0.023664 -0.028957
v -0.053117 0.028259 -0.033034
v -0.053823 0.023333 -0.032563
v -0.052863 0.028714 -0.029457
v -0.047485 0.024169 -0.016193
v -0.049247 0.019224 -0.018737
v -0.047374 0.019367 -0.015938
v -0.049300 0.024145 -0.019019
v -0.051075 0.019051 -0.021699
v -0.049300 0.024145 -0.019019
v -0.051085 0.024080 -0.022016
v -0.049247 0.019224 -0.018737
v -0.048862 0.029162 -0.019394
v -0.051085 0.024080 -0.022016
v -0.049300 0.024145 -0.019019
v -0.050597 0.029153 -0.022436
v -0.050602 0.014153 -0.021492
v -0.049679 0.009337 -0.021390
v -0.047893 0.009921 -0.018473
v -0.048778 0.014530 -0.018559
v -0.048778 0.014530 -0.018559
v -0.051075 0.019051 -0.021699
v -0.050602 0.014153 -0.021492
v -0.049247 0.019224 -0.018737
v -0.046898 0.014910 -0.015783
v -0.049247 0.019224 -0.018737
v -0.048778 0.014530 -0.018559
v -0.047374 0.019367 -0.015938
v -0.053288 0.013501 -0.028316
v -0.052413 0.008479 -0.028172
v -0.051262 0.008848 -0.024655
v -0.052176 0.013802 -0.024783
v -0.052176 0.013802 -0.024783
v -0.053651 0.018571 -0.028574
v -0.053288 0.013501 -0.028316
v -0.052605 0.018824 -0.025023
v -0.050602 0.014153 -0.021492
v -0.052605 0.018824 -0.025023
v -0.052176 0.013802 -0.024783
v -0.051075 0.019051 -0.021699
v -0.051872 0.022417 -0.042100
v -0.052154 0.017944 -0.041939
v -0.053057 0.018007 -0.038929
v -0.052785 0.022682 -0.039155
v -0.052785 0.022682 -0.039155
v -0.051195 0.026579 -0.042330
v -0.051872 0.022417 -0.042100
v -0.052072 0.027138 -0.039478
v -0.053556 0.022986 -0.036023
v -0.052072 0.027138 -0.039478
v -0.052785 0.022682 -0.039155
v -0.052824 0.027712 -0.036428
v -0.052796 0.008201 -0.035424
v -0.053728 0.013278 -0.031979
v -0.053562 0.013163 -0.035536
v -0.052904 0.008257 -0.031845
v -0.054030 0.018320 -0.032216
v -0.053562 0.013163 -0.035536
v -0.053728 0.013278 -0.031979
v -0.053808 0.018116 -0.035738
v -0.053288 0.013501 -0.028316
v -0.054030 0.018320 -0.032216
v -0.053728 0.013278 -0.031979
v -0.053651 0.018571 -0.028574
v -0.053562 0.013163 -0.035536
v -0.052149 0.008329 -0.038660
v -0.052796 0.008201 -0.035424
v -0.052856 0.013185 -0.038756
v -0.051350 0.008528 -0.041699
v -0.052856 0.013185 -0.038756
v -0.051998 0.013268 -0.041797
v -0.052149 0.008329 -0.038660
v -0.053057 0.018007 -0.038929
v -0.051998 0.013268 -0.041797
v -0.052856 0.013185 -0.038756
v -0.052154 0.017944 -0.041939
v -0.048318 0.004555 -0.021384
v -0.046796 0.000311 -0.021438
v -0.045144 0.001082 -0.018501
v -0.046595 0.005256 -0.018466
v -0.046595 0.005256 -0.018466
v -0.049679 0.009337 -0.021390
v -0.048318 0.004555 -0.021384
v -0.047893 0.009921 -0.018473
v -0.044897 0.005973 -0.015709
v -0.047893 0.009921 -0.018473
v -0.046595 0.005256 -0.018466
v -0.046096 0.010530 -0.015716
v -0.051488 0.003304 -0.035408
v -0.049384 -0.000707 -0.038762
v -0.049921 -0.001038 -0.035470
v -0.050905 0.003549 -0.038668
v -0.048686 -0.000270 -0.041868
v -0.050905 0.003549 -0.038668
v -0.050208 0.003862 -0.041710
v -0.049384 -0.000707 -0.038762
v -0.050905 0.003549 -0.038668
v -0.052149 0.008329 -0.038660
v -0.050208 0.003862 -0.041710
v -0.051350 0.008528 -0.041699
v -0.051019 0.003528 -0.028128
v -0.049410 -0.000841 -0.028162
v -0.048289 -0.000354 -0.024675
v -0.049869 0.003962 -0.024629
v -0.049869 0.003962 -0.024629
v -0.052413 0.008479 -0.028172
v -0.051019 0.003528 -0.028128
v -0.051262 0.008848 -0.024655
v -0.048318 0.004555 -0.021384
v -0.051262 0.008848 -0.024655
v -0.049869 0.003962 -0.024629
v -0.049679 0.009337 -0.021390
v -0.049410 -0.000841 -0.028162
v -0.051543 0.003303 -0.031808
v -0.049942 -0.001076 -0.031849
v -0.051019 0.003528 -0.028128
v -0.049921 -0.001038 -0.035470
v -0.051543 0.003303 -0.031808
v -0.051488 0.003304 -0.035408
v -0.049942 -0.001076 -0.031849
v -0.052904 0.008257 -0.031845
v -0.051488 0.003304 -0.035408
v -0.051543 0.003303 -0.031808
v -0.052796 0.008201 -0.035424
v -0.045390 -0.002888 -0.021515
v -0.043819 -0.005774 -0.021658
v -0.042291 -0.004919 -0.018624
v -0.043802 -0.002052 -0.018540
v -0.043802 -0.002052 -0.018540
v -0.046796 0.000311 -0.021438
v -0.045390 -0.002888 -0.021515
v -0.045144 0.001082 -0.018501
v -0.042157 -0.001164 -0.015705
v -0.045144 0.001082 -0.018501
v -0.043802 -0.002052 -0.018540
v -0.043446 0.001894 -0.015714
v -0.047886 -0.004114 -0.028251
v -0.046102 -0.007056 -0.028428
v -0.045141 -0.006509 -0.024932
v -0.046817 -0.003598 -0.024763
v -0.046817 -0.003598 -0.024763
v -0.049410 -0.000841 -0.028162
v -0.047886 -0.004114 -0.028251
v -0.048289 -0.000354 -0.024675
v -0.045390 -0.002888 -0.021515
v -0.048289 -0.000354 -0.024675
v -0.046817 -0.003598 -0.024763
v -0.046796 0.000311 -0.021438
v -0.048379 -0.004339 -0.035592
v -0.046490 -0.007341 -0.035791
v -0.046548 -0.007344 -0.032130
v -0.048399 -0.004371 -0.031946
v -0.048399 -0.004371 -0.031946
v -0.049921 -0.001038 -0.035470
v -0.048379 -0.004339 -0.035592
v -0.049942 -0.001076 -0.031849
v -0.047886 -0.004114 -0.028251
v -0.049942 -0.001076 -0.031849
v -0.048399 -0.004371 -0.031946
v -0.049410 -0.000841 -0.028162
v -0.048379 -0.004339 -0.035592
v -0.045943 -0.007018 -0.039163
v -0.046490 -0.007341 -0.035791
v -0.047848 -0.003989 -0.038928
v -0.045025 -0.006755 -0.042400
v -0.047848 -0.003989 -0.038928
v -0.047015 -0.003598 -0.042111
v -0.045943 -0.007018 -0.039163
v -0.049384 -0.000707 -0.038762
v -0.048686 -0.000270 -0.041868
v -0.047015 -0.003598 -0.042111
v -0.047848 -0.003989 -0.038928
v -0.043884 -0.010790 -0.036086
v -0.041176 -0.013980 -0.036360
v -0.041401 -0.013912 -0.032707
v -0.044019 -0.010756 -0.032429
v -0.044019 -0.010756 -0.032429
v -0.046490 -0.007341 -0.035791
v -0.043884 -0.010790 -0.036086
v -0.046548 -0.007344 -0.032130
v -0.043712 -0.010429 -0.028730
v -0.046548 -0.007344 -0.032130
v -0.044019 -0.010756 -0.032429
v -0.046102 -0.007056 -0.028428
v -0.043884 -0.010790 -0.036086
v -0.040581 -0.013753 -0.039762
v -0.041176 -0.013980 -0.036360
v -0.043320 -0.010511 -0.039467
v -0.039856 -0.013437 -0.043026
v -0.043320 -0.010511 -0.039467
v -0.042521 -0.010234 -0.042710
v -0.040581 -0.013753 -0.039762
v -0.045943 -0.007018 -0.039163
v -0.042521 -0.010234 -0.042710
v -0.043320 -0.010511 -0.039467
v -0.045025 -0.006755 -0.042400
v -0.035948 -0.017928 -0.040174
v -0.038987 -0.016209 -0.036497
v -0.038331 -0.016026 -0.039970
v -0.036578 -0.018136 -0.036583
v -0.038331 -0.016026 -0.039970
v -0.035242 -0.017609 -0.043677
v -0.035948 -0.017928 -0.040174
v -0.037530 -0.015746 -0.043337
v -0.040581 -0.013753 -0.039762
v -0.037530 -0.015746 -0.043337
v -0.038331 -0.016026 -0.039970
v -0.039856 -0.013437 -0.043026
v -0.037033 -0.017660 -0.029167
v -0.039282 -0.016115 -0.032832
v -0.036978 -0.018013 -0.032850
v -0.039199 -0.015775 -0.029165
v -0.038987 -0.016209 -0.036497
v -0.036578 -0.018136 -0.036583
v -0.036978 -0.018013 -0.032850
v -0.039282 -0.016115 -0.032832
v -0.039282 -0.016115 -0.032832
v -0.041176 -0.013980 -0.036360
v -0.038987 -0.016209 -0.036497
v -0.041401 -0.013912 -0.032707
v -0.043712 -0.010429 -0.028730
v -0.041237 -0.013560 -0.029020
v -0.040666 -0.012938 -0.025516
v -0.042949 -0.009829 -0.025224
v -0.042949 -0.009829 -0.025224
v -0.046102 -0.007056 -0.028428
v -0.043712 -0.010429 -0.028730
v -0.045141 -0.006509 -0.024932
v -0.041800 -0.009076 -0.021911
v -0.045141 -0.006509 -0.024932
v -0.042949 -0.009829 -0.025224
v -0.043819 -0.005774 -0.021658
v -0.039199 -0.015775 -0.029165
v -0.037033 -0.017660 -0.029167
v -0.036632 -0.017182 -0.025726
v -0.038717 -0.015216 -0.025687
v -0.038717 -0.015216 -0.025687
v -0.041237 -0.013560 -0.029020
v -0.039199 -0.015775 -0.029165
v -0.040666 -0.012938 -0.025516
v -0.037826 -0.014577 -0.022375
v -0.040666 -0.012938 -0.025516
v -0.038717 -0.015216 -0.025687
v -0.039685 -0.012207 -0.022181
v -0.041800 -0.009076 -0.021911
v -0.039685 -0.012207 -0.022181
v -0.038291 -0.011530 -0.019001
v -0.040335 -0.008291 -0.018793
v -0.040335 -0.008291 -0.018793
v -0.043819 -0.005774 -0.021658
v -0.041800 -0.009076 -0.021911
v -0.042291 -0.004919 -0.018624
v -0.038711 -0.007489 -0.015772
v -0.042291 -0.004919 -0.018624
v -0.040335 -0.008291 -0.018793
v -0.040898 -0.003690 -0.015682
v -0.037826 -0.014577 -0.022375
v -0.035801 -0.016679 -0.022487
v -0.034563 -0.016251 -0.019410
v -0.036518 -0.014001 -0.019203
v -0.036518 -0.014001 -0.019203
v -0.039685 -0.012207 -0.022181
v -0.037826 -0.014577 -0.022375
v -0.038291 -0.011530 -0.019001
v -0.035000 -0.013455 -0.016102
v -0.038291 -0.011530 -0.019001
v -0.036518 -0.014001 -0.019203
v -0.036750 -0.010896 -0.015852
v -0.030068 -0.021391 -0.022589
v -0.033947 -0.019356 -0.025620
v -0.030734 -0.021598 -0.025525
v -0.033185 -0.019001 -0.022512
v -0.034180 -0.019803 -0.029030
v -0.030824 -0.021989 -0.028798
v -0.030734 -0.021598 -0.025525
v -0.033947 -0.019356 -0.025620
v -0.033947 -0.019356 -0.025620
v -0.037033 -0.017660 -0.029167
v -0.034180 -0.019803 -0.029030
v -0.036632 -0.017182 -0.025726
v -0.030542 -0.018752 -0.016874
v -0.028934 -0.021460 -0.019909
v -0.027608 -0.021883 -0.017407
v -0.031975 -0.018831 -0.019635
v -0.033185 -0.019001 -0.022512
v -0.030068 -0.021391 -0.022589
v -0.028934 -0.021460 -0.019909
v -0.031975 -0.018831 -0.019635
v -0.031975 -0.018831 -0.019635
v -0.035801 -0.016679 -0.022487
v -0.033185 -0.019001 -0.022512
v -0.034563 -0.016251 -0.019410
v 0.005726 -0.023815 -0.006055
v 0.000314 -0.034430 -0.007935
v 0.004123 -0.034023 -0.009097
v 0.001308 -0.023646 -0.004982
v -0.033803 -0.020250 -0.032809
v -0.030824 -0.021989 -0.028798
v -0.034180 -0.019803 -0.029030
v -0.030229 -0.022474 -0.032490
v -0.033803 -0.020250 -0.032809
v -0.028906 -0.023043 -0.036841
v -0.030229 -0.022474 -0.032490
v -0.033215 -0.020425 -0.036702
v -0.033215 -0.020425 -0.036702
v -0.036978 -0.018013 -0.032850
v -0.036578 -0.018136 -0.036583
v -0.033803 -0.020250 -0.032809
v -0.029451 -0.022017 -0.041000
v -0.033215 -0.020425 -0.036702
v -0.032812 -0.020056 -0.040454
v -0.028906 -0.023043 -0.036841
v -0.032812 -0.020056 -0.040454
v -0.029660 -0.021159 -0.044639
v -0.029451 -0.022017 -0.041000
v -0.032537 -0.019482 -0.044110
v -0.032537 -0.019482 -0.044110
v -0.035948 -0.017928 -0.040174
v -0.035242 -0.017609 -0.043677
v -0.032812 -0.020056 -0.040454
v -0.030068 -0.021391 -0.022589
v -0.022600 -0.025921 -0.023520
v -0.021976 -0.026100 -0.020956
v -0.028934 -0.021460 -0.019909
v -0.022965 -0.025883 -0.026037
v -0.030824 -0.021989 -0.028798
v -0.023152 -0.025914 -0.028532
v -0.030734 -0.021598 -0.025525
v -0.023604 -0.024420 -0.043108
v -0.022793 -0.025284 -0.040641
v -0.025501 -0.024405 -0.039102
v -0.026392 -0.023419 -0.042002
v -0.026392 -0.023419 -0.042002
v -0.024172 -0.023566 -0.045749
v -0.023604 -0.024420 -0.043108
v -0.026863 -0.022498 -0.045215
v -0.029451 -0.022017 -0.041000
v -0.026863 -0.022498 -0.045215
v -0.026392 -0.023419 -0.042002
v -0.029660 -0.021159 -0.044639
v -0.023152 -0.025914 -0.028532
v -0.030824 -0.021989 -0.028798
v -0.030229 -0.022474 -0.032490
v -0.023127 -0.025978 -0.030963
v -0.018662 -0.025730 -0.044682
v -0.018062 -0.026367 -0.042798
v -0.020341 -0.025919 -0.041839
v -0.021054 -0.025178 -0.043969
v -0.021054 -0.025178 -0.043969
v -0.019174 -0.025086 -0.046612
v -0.018662 -0.025730 -0.044682
v -0.021625 -0.024423 -0.046190
v -0.023604 -0.024420 -0.043108
v -0.021625 -0.024423 -0.046190
v -0.021054 -0.025178 -0.043969
v -0.024172 -0.023566 -0.045749
v -0.022793 -0.025284 -0.040641
v -0.021390 -0.026460 -0.035229
v -0.025501 -0.024405 -0.039102
v -0.019697 -0.026845 -0.036935
v -0.014114 -0.026366 -0.045935
v -0.013743 -0.026887 -0.044320
v -0.015876 -0.026680 -0.043621
v -0.016353 -0.026115 -0.045342
v -0.016353 -0.026115 -0.045342
v -0.014440 -0.025831 -0.047586
v -0.014114 -0.026366 -0.045935
v -0.016767 -0.025553 -0.047090
v -0.018662 -0.025730 -0.044682
v -0.016767 -0.025553 -0.047090
v -0.016353 -0.026115 -0.045342
v -0.019174 -0.025086 -0.046612
v -0.018062 -0.026367 -0.042798
v -0.017926 -0.027171 -0.038381
v -0.020341 -0.025919 -0.041839
v -0.016157 -0.027419 -0.039630
v -0.014114 -0.026366 -0.045935
v -0.012174 -0.025960 -0.048041
v -0.011937 -0.026517 -0.046447
v -0.014440 -0.025831 -0.047586
v -0.009278 -0.027000 -0.045371
v -0.007195 -0.026503 -0.047349
v -0.006934 -0.026986 -0.045833
v -0.009566 -0.026510 -0.046898
v -0.009368 -0.028062 -0.039379
v -0.008447 -0.027749 -0.042878
v -0.007532 -0.028060 -0.039951
v -0.010565 -0.027758 -0.042337
v -0.007414 -0.025973 -0.048903
v -0.004925 -0.025834 -0.049333
v -0.004651 -0.026326 -0.047741
v -0.007195 -0.026503 -0.047349
v -0.009897 -0.022361 -0.047545
v -0.007690 -0.023231 -0.049792
v -0.010036 -0.023367 -0.049366
v -0.007362 -0.022351 -0.048010
v -0.013743 -0.026887 -0.044320
v -0.012521 -0.027717 -0.041620
v -0.014363 -0.027602 -0.040712
v -0.015876 -0.026680 -0.043621
v -0.002515 -0.025513 -0.049754
v 0.000318 -0.025538 -0.048339
v -0.002207 -0.026024 -0.048056
v 0.000008 -0.024958 -0.050233
v -0.002207 -0.026024 -0.048056
v -0.004925 -0.025834 -0.049333
v -0.002515 -0.025513 -0.049754
v -0.004651 -0.026326 -0.047741
v -0.004651 -0.026326 -0.047741
v -0.002207 -0.026024 -0.048056
v -0.001954 -0.026545 -0.046360
v -0.004403 -0.026818 -0.046162
v -0.003816 -0.027614 -0.043447
v -0.001954 -0.026545 -0.046360
v -0.001513 -0.027426 -0.043373
v -0.004403 -0.026818 -0.046162
v 0.002890 -0.024095 -0.050843
v 0.005773 -0.023018 -0.051468
v 0.005994 -0.023886 -0.048839
v 0.003102 -0.024811 -0.048633
v 0.003102 -0.024811 -0.048633
v 0.000008 -0.024958 -0.050233
v 0.002890 -0.024095 -0.050843
v 0.000318 -0.025538 -0.048339
v 0.000318 -0.025538 -0.048339
v 0.003202 -0.025540 -0.046457
v 0.000539 -0.026131 -0.046450
v 0.003102 -0.024811 -0.048633
v 0.002995 -0.026788 -0.042628
v 0.000539 -0.026131 -0.046450
v 0.003202 -0.025540 -0.046457
v 0.000735 -0.027150 -0.043091
v 0.008326 -0.021877 -0.051991
v 0.011692 -0.021418 -0.049007
v 0.008839 -0.022807 -0.048856
v 0.010776 -0.020572 -0.052474
v 0.008839 -0.022807 -0.048856
v 0.005773 -0.023018 -0.051468
v 0.008326 -0.021877 -0.051991
v 0.005994 -0.023886 -0.048839
v 0.005994 -0.023886 -0.048839
v 0.008945 -0.023793 -0.045884
v 0.006012 -0.024764 -0.046296
v 0.008839 -0.022807 -0.048856
v 0.013327 -0.018970 -0.052991
v 0.016088 -0.016916 -0.053580
v 0.017742 -0.017183 -0.050431
v 0.014604 -0.019564 -0.049618
v 0.014604 -0.019564 -0.049618
v 0.010776 -0.020572 -0.052474
v 0.013327 -0.018970 -0.052991
v 0.011692 -0.021418 -0.049007
v 0.016044 -0.019930 -0.046320
v 0.011692 -0.021418 -0.049007
v 0.014604 -0.019564 -0.049618
v 0.012548 -0.022391 -0.045062
v 0.020653 -0.014525 -0.051231
v 0.016088 -0.016916 -0.053580
v 0.019012 -0.014306 -0.054208
v 0.017742 -0.017183 -0.050431
v 0.022143 -0.014751 -0.048156
v 0.017742 -0.017183 -0.050431
v 0.020653 -0.014525 -0.051231
v 0.019181 -0.017467 -0.047314
v 0.021639 -0.011505 -0.054770
v 0.023990 -0.008471 -0.055326
v 0.025451 -0.008928 -0.052427
v 0.023677 -0.011244 -0.051976
v 0.025725 -0.013308 -0.027666
v 0.027127 -0.009910 -0.024717
v 0.025231 -0.013156 -0.023872
v 0.027353 -0.010664 -0.028153
v 0.028575 0.001958 -0.028963
v 0.030924 -0.003919 -0.029452
v 0.032244 -0.001000 -0.030123
v 0.026824 0.000069 -0.028142
v 0.026974 -0.009043 -0.049465
v 0.031142 -0.003899 -0.047145
v 0.028192 -0.008956 -0.046254
v 0.029841 -0.004130 -0.050370
v 0.029638 0.003890 -0.057113
v 0.030183 0.000126 -0.053965
v 0.028201 -0.000317 -0.056644
v 0.031539 0.004128 -0.054454
v 0.028148 -0.004270 -0.053280
v 0.026280 -0.004630 -0.055995
v 0.028201 -0.000317 -0.056644
v 0.030183 0.000126 -0.053965
v 0.031952 0.000361 -0.051092
v 0.029841 -0.004130 -0.050370
v 0.028148 -0.004270 -0.053280
v 0.030183 0.000126 -0.053965
v 0.034700 0.004722 -0.048355
v 0.034193 0.001051 -0.044382
v 0.033302 0.000664 -0.047845
v 0.035602 0.005146 -0.044863
v 0.034700 0.004722 -0.048355
v 0.031952 0.000361 -0.051092
v 0.033325 0.004384 -0.051613
v 0.033302 0.000664 -0.047845
v 0.029841 -0.004130 -0.050370
v 0.033302 0.000664 -0.047845
v 0.031142 -0.003899 -0.047145
v 0.031952 0.000361 -0.051092
v 0.033126 0.012988 -0.055187
v 0.034344 0.008789 -0.052052
v 0.032546 0.008471 -0.054855
v 0.034945 0.013406 -0.052422
v 0.031233 0.012574 -0.057740
v 0.032546 0.008471 -0.054855
v 0.030679 0.008167 -0.057450
v 0.033126 0.012988 -0.055187
v 0.031539 0.004128 -0.054454
v 0.029638 0.003890 -0.057113
v 0.030679 0.008167 -0.057450
v 0.032546 0.008471 -0.054855
v 0.036379 0.013858 -0.049197
v 0.036667 0.009626 -0.045305
v 0.035744 0.009174 -0.048806
v 0.037333 0.014343 -0.045698
v 0.034945 0.013406 -0.052422
v 0.035744 0.009174 -0.048806
v 0.034344 0.008789 -0.052052
v 0.036379 0.013858 -0.049197
v 0.034700 0.004722 -0.048355
v 0.033325 0.004384 -0.051613
v 0.034344 0.008789 -0.052052
v 0.035744 0.009174 -0.048806
v 0.032827 0.022037 -0.055661
v 0.035067 0.018065 -0.052734
v 0.033203 0.017510 -0.055471
v 0.034730 0.022719 -0.052961
v 0.030839 0.021345 -0.058149
v 0.033203 0.017510 -0.055471
v 0.031249 0.016949 -0.057997
v 0.032827 0.022037 -0.055661
v 0.033126 0.012988 -0.055187
v 0.031233 0.012574 -0.057740
v 0.031249 0.016949 -0.057997
v 0.033203 0.017510 -0.055471
v 0.036258 0.023359 -0.049780
v 0.037544 0.019146 -0.046031
v 0.036547 0.018610 -0.049527
v 0.037306 0.023948 -0.046296
v 0.034730 0.022719 -0.052961
v 0.036547 0.018610 -0.049527
v 0.035067 0.018065 -0.052734
v 0.036258 0.023359 -0.049780
v 0.036379 0.013858 -0.049197
v 0.034945 0.013406 -0.052422
v 0.035067 0.018065 -0.052734
v 0.036547 0.018610 -0.049527
v 0.030879 0.030930 -0.055673
v 0.033958 0.027324 -0.053077
v 0.032051 0.026566 -0.055715
v 0.032768 0.031771 -0.053099
v 0.028939 0.030094 -0.058014
v 0.032051 0.026566 -0.055715
v 0.030081 0.025813 -0.058134
v 0.030879 0.030930 -0.055673
v 0.032827 0.022037 -0.055661
v 0.030839 0.021345 -0.058149
v 0.030081 0.025813 -0.058134
v 0.032051 0.026566 -0.055715
v 0.034357 0.032551 -0.050016
v 0.036622 0.028663 -0.046482
v 0.035522 0.028031 -0.049942
v 0.035505 0.033226 -0.046587
v 0.032768 0.031771 -0.053099
v 0.035522 0.028031 -0.049942
v 0.033958 0.027324 -0.053077
v 0.034357 0.032551 -0.050016
v 0.036258 0.023359 -0.049780
v 0.034730 0.022719 -0.052961
v 0.033958 0.027324 -0.053077
v 0.035522 0.028031 -0.049942
v 0.027396 0.038738 -0.055399
v 0.031180 0.035956 -0.053045
v 0.029319 0.034961 -0.055575
v 0.029214 0.039898 -0.052908
v 0.025551 0.037549 -0.057657
v 0.029319 0.034961 -0.055575
v 0.027418 0.033951 -0.057866
v 0.027396 0.038738 -0.055399
v 0.030879 0.030930 -0.055673
v 0.028939 0.030094 -0.058014
v 0.027418 0.033951 -0.057866
v 0.029319 0.034961 -0.055575
v 0.030810 0.040904 -0.049910
v 0.033970 0.037573 -0.046607
v 0.032781 0.036844 -0.050004
v 0.032029 0.041694 -0.046546
v 0.029214 0.039898 -0.052908
v 0.032781 0.036844 -0.050004
v 0.031180 0.035956 -0.053045
v 0.030810 0.040904 -0.049910
v 0.034357 0.032551 -0.050016
v 0.032768 0.031771 -0.053099
v 0.031180 0.035956 -0.053045
v 0.032781 0.036844 -0.050004
v 0.022554 0.045711 -0.054769
v 0.026891 0.043621 -0.052682
v 0.025135 0.042345 -0.055123
v 0.024233 0.047080 -0.052374
v 0.020874 0.044325 -0.056922
v 0.025135 0.042345 -0.055123
v 0.023358 0.041039 -0.057335
v 0.022554 0.045711 -0.054769
v 0.027396 0.038738 -0.055399
v 0.025551 0.037549 -0.057657
v 0.023358 0.041039 -0.057335
v 0.025135 0.042345 -0.055123
v 0.025761 0.048276 -0.049474
v 0.029696 0.045576 -0.046409
v 0.028461 0.044725 -0.049734
v 0.026997 0.049189 -0.046189
v 0.024233 0.047080 -0.052374
v 0.028461 0.044725 -0.049734
v 0.026891 0.043621 -0.052682
v 0.025761 0.048276 -0.049474
v 0.030810 0.040904 -0.049910
v 0.029214 0.039898 -0.052908
v 0.026891 0.043621 -0.052682
v 0.028461 0.044725 -0.049734
v 0.016510 0.051495 -0.053910
v 0.021266 0.050236 -0.051992
v 0.019673 0.048765 -0.054362
v 0.018016 0.053075 -0.051548
v 0.019673 0.048765 -0.054362
v 0.015018 0.049893 -0.056040
v 0.016510 0.051495 -0.053910
v 0.018101 0.047288 -0.056481
v 0.022554 0.045711 -0.054769
v 0.020874 0.044325 -0.056922
v 0.018101 0.047288 -0.056481
v 0.019673 0.048765 -0.054362
v 0.019425 0.054455 -0.048701
v 0.023962 0.052501 -0.045876
v 0.022737 0.051522 -0.049126
v 0.020627 0.055503 -0.045476
v 0.022737 0.051522 -0.049126
v 0.018016 0.053075 -0.051548
v 0.019425 0.054455 -0.048701
v 0.021266 0.050236 -0.051992
v 0.025761 0.048276 -0.049474
v 0.024233 0.047080 -0.052374
v 0.021266 0.050236 -0.051992
v 0.022737 0.051522 -0.049126
v 0.009475 0.055955 -0.052875
v 0.014514 0.055586 -0.051055
v 0.013085 0.053891 -0.053424
v 0.010801 0.057750 -0.050500
v 0.013085 0.053891 -0.053424
v 0.008147 0.054120 -0.055033
v 0.009475 0.055955 -0.052875
v 0.011655 0.052154 -0.055578
v 0.011655 0.052154 -0.055578
v 0.013085 0.053891 -0.053424
v 0.016510 0.051495 -0.053910
v 0.015018 0.049893 -0.056040
v 0.012057 0.059317 -0.047656
v 0.017028 0.058184 -0.044993
v 0.015857 0.057062 -0.048210
v 0.013174 0.060517 -0.044440
v 0.015857 0.057062 -0.048210
v 0.010801 0.057750 -0.050500
v 0.012057 0.059317 -0.047656
v 0.014514 0.055586 -0.051055
v 0.014514 0.055586 -0.051055
v 0.019425 0.054455 -0.048701
v 0.018016 0.053075 -0.051548
v 0.015857 0.057062 -0.048210
v 0.001925 0.059065 -0.051545
v 0.006920 0.059547 -0.049868
v 0.005757 0.057692 -0.052233
v 0.002900 0.060957 -0.049183
v 0.005757 0.057692 -0.052233
v 0.000976 0.057165 -0.053681
v 0.001925 0.059065 -0.051545
v 0.004601 0.055814 -0.054379
v 0.004601 0.055814 -0.054379
v 0.005757 0.057692 -0.052233
v 0.009475 0.055955 -0.052875
v 0.008147 0.054120 -0.055033
v 0.003874 0.062645 -0.046358
v 0.009073 0.062471 -0.043832
v 0.008045 0.061192 -0.047040
v 0.004797 0.063978 -0.043148
v 0.008045 0.061192 -0.047040
v 0.002900 0.060957 -0.049183
v 0.003874 0.062645 -0.046358
v 0.006920 0.059547 -0.049868
v 0.006920 0.059547 -0.049868
v 0.012057 0.059317 -0.047656
v 0.010801 0.057750 -0.050500
v 0.008045 0.061192 -0.047040
v -0.002027 0.060036 -0.050858
v -0.005442 0.062568 -0.047718
v -0.001233 0.061962 -0.048466
v -0.006073 0.060616 -0.050147
v -0.002779 0.058088 -0.053007
v -0.006073 0.060616 -0.050147
v -0.002027 0.060036 -0.050858
v -0.006659 0.058602 -0.052341
v -0.002779 0.058088 -0.053007
v 0.001925 0.059065 -0.051545
v 0.000976 0.057165 -0.053681
v -0.002027 0.060036 -0.050858
v -0.029946 0.056001 -0.045446
v -0.034302 0.055330 -0.041942
v -0.030343 0.057753 -0.042818
v -0.033821 0.053634 -0.044617
v -0.038109 0.052417 -0.041052
v -0.033821 0.053634 -0.044617
v -0.037581 0.050791 -0.043765
v -0.034302 0.055330 -0.041942
v -0.033259 0.051950 -0.047079
v -0.036993 0.049169 -0.046254
v -0.037581 0.050791 -0.043765
v -0.033821 0.053634 -0.044617
v -0.010643 0.058764 -0.051628
v -0.014293 0.060636 -0.048609
v -0.010188 0.060815 -0.049393
v -0.014606 0.058596 -0.050864
v -0.006659 0.058602 -0.052341
v -0.010188 0.060815 -0.049393
v -0.006073 0.060616 -0.050147
v -0.010643 0.058764 -0.051628
v -0.009691 0.062781 -0.046937
v -0.005442 0.062568 -0.047718
v -0.006073 0.060616 -0.050147
v -0.010188 0.060815 -0.049393
v -0.022246 0.059144 -0.047015
v -0.026328 0.059639 -0.043663
v -0.022255 0.061046 -0.044490
v -0.026106 0.057811 -0.046236
v -0.030343 0.057753 -0.042818
v -0.026106 0.057811 -0.046236
v -0.029946 0.056001 -0.045446
v -0.026328 0.059639 -0.043663
v -0.025798 0.055997 -0.048589
v -0.029946 0.056001 -0.045446
v -0.026106 0.057811 -0.046236
v -0.029453 0.054268 -0.047857
v -0.014293 0.060636 -0.048609
v -0.018123 0.062028 -0.045316
v -0.013933 0.062601 -0.046133
v -0.018310 0.060083 -0.047811
v -0.022255 0.061046 -0.044490
v -0.018310 0.060083 -0.047811
v -0.022246 0.059144 -0.047015
v -0.018123 0.062028 -0.045316
v -0.018442 0.058099 -0.050087
v -0.022246 0.059144 -0.047015
v -0.018310 0.060083 -0.047811
v -0.022171 0.057245 -0.049322
v -0.030449 0.059348 -0.039768
v -0.034495 0.056860 -0.038835
v -0.034309 0.058084 -0.035389
v -0.030201 0.060632 -0.036367
v -0.038214 0.055034 -0.034410
v -0.034495 0.056860 -0.038835
v -0.038359 0.053873 -0.037895
v -0.034309 0.058084 -0.035389
v -0.034302 0.055330 -0.041942
v -0.038109 0.052417 -0.041052
v -0.038359 0.053873 -0.037895
v -0.034495 0.056860 -0.038835
v -0.041146 0.052219 -0.029752
v -0.036456 0.056099 -0.027069
v -0.037556 0.055779 -0.030715
v -0.039987 0.052563 -0.026130
v -0.039987 0.052563 -0.026130
v -0.041146 0.052219 -0.029752
v -0.044341 0.048196 -0.028820
v -0.043123 0.048540 -0.025223
v -0.045052 0.047535 -0.032527
v -0.041146 0.052219 -0.029752
v -0.041826 0.051509 -0.033456
v -0.044341 0.048196 -0.028820
v -0.034984 0.055987 -0.023735
v -0.039987 0.052563 -0.026130
v -0.038423 0.052556 -0.022862
v -0.036456 0.056099 -0.027069
v -0.033424 0.055764 -0.020547
v -0.038423 0.052556 -0.022862
v -0.036768 0.052474 -0.019767
v -0.034984 0.055987 -0.023735
v -0.036768 0.052474 -0.019767
v -0.038423 0.052556 -0.022862
v -0.041467 0.048603 -0.022013
v -0.039721 0.048622 -0.018981
v -0.022078 0.062760 -0.041544
v -0.026303 0.061309 -0.040671
v -0.025982 0.062651 -0.037318
v -0.021674 0.064134 -0.038231
v -0.030201 0.060632 -0.036367
v -0.026303 0.061309 -0.040671
v -0.030449 0.059348 -0.039768
v -0.025982 0.062651 -0.037318
v -0.026328 0.059639 -0.043663
v -0.030449 0.059348 -0.039768
v -0.026303 0.061309 -0.040671
v -0.030343 0.057753 -0.042818
v -0.033653 0.058865 -0.031700
v -0.028494 0.061766 -0.029002
v -0.029537 0.061447 -0.032689
v -0.032580 0.059181 -0.028031
v -0.037556 0.055779 -0.030715
v -0.036456 0.056099 -0.027069
v -0.032580 0.059181 -0.028031
v -0.033653 0.058865 -0.031700
v -0.038214 0.055034 -0.034410
v -0.033653 0.058865 -0.031700
v -0.034309 0.058084 -0.035389
v -0.037556 0.055779 -0.030715
v -0.027110 0.061556 -0.025576
v -0.032580 0.059181 -0.028031
v -0.031145 0.059010 -0.024647
v -0.028494 0.061766 -0.029002
v -0.031145 0.059010 -0.024647
v -0.025605 0.061182 -0.022269
v -0.027110 0.061556 -0.025576
v -0.029600 0.058705 -0.021387
v -0.029600 0.058705 -0.021387
v -0.034984 0.055987 -0.023735
v -0.033424 0.055764 -0.020547
v -0.031145 0.059010 -0.024647
v -0.013460 0.064243 -0.043207
v -0.017298 0.065071 -0.039093
v -0.012881 0.065565 -0.039921
v -0.017791 0.063716 -0.042386
v -0.021674 0.064134 -0.038231
v -0.017791 0.063716 -0.042386
v -0.022078 0.062760 -0.041544
v -0.017298 0.065071 -0.039093
v -0.018123 0.062028 -0.045316
v -0.022078 0.062760 -0.041544
v -0.017791 0.063716 -0.042386
v -0.022255 0.061046 -0.044490
v -0.025314 0.063496 -0.033662
v -0.020104 0.065347 -0.030919
v -0.021003 0.065016 -0.034605
v -0.024335 0.063809 -0.029968
v -0.024335 0.063809 -0.029968
v -0.025314 0.063496 -0.033662
v -0.029537 0.061447 -0.032689
v -0.028494 0.061766 -0.029002
v -0.025982 0.062651 -0.037318
v -0.029537 0.061447 -0.032689
v -0.025314 0.063496 -0.033662
v -0.030201 0.060632 -0.036367
v -0.023087 0.063557 -0.026503
v -0.020104 0.065347 -0.030919
v -0.024335 0.063809 -0.029968
v -0.019018 0.065067 -0.027424
v -0.021739 0.063114 -0.023145
v -0.019018 0.065067 -0.027424
v -0.023087 0.063557 -0.026503
v -0.017871 0.064582 -0.024022
v -0.025605 0.061182 -0.022269
v -0.023087 0.063557 -0.026503
v -0.027110 0.061556 -0.025576
v -0.021739 0.063114 -0.023145
v -0.008451 0.065717 -0.040730
v -0.004015 0.065521 -0.041539
v -0.004745 0.064205 -0.044809
v -0.009104 0.064408 -0.044012
v -0.012881 0.065565 -0.039921
v -0.009104 0.064408 -0.044012
v -0.013460 0.064243 -0.043207
v -0.008451 0.065717 -0.040730
v -0.009691 0.062781 -0.046937
v -0.013460 0.064243 -0.043207
v -0.009104 0.064408 -0.044012
v -0.013933 0.062601 -0.046133
v -0.000404 0.063634 -0.045602
v -0.004015 0.065521 -0.041539
v 0.000417 0.064968 -0.042364
v -0.004745 0.064205 -0.044809
v -0.001233 0.061962 -0.048466
v -0.004745 0.064205 -0.044809
v -0.000404 0.063634 -0.045602
v -0.005442 0.062568 -0.047718
v -0.001233 0.061962 -0.048466
v 0.003874 0.062645 -0.046358
v 0.002900 0.060957 -0.049183
v -0.000404 0.063634 -0.045602
v -0.015801 0.066418 -0.031845
v -0.011447 0.067039 -0.032739
v -0.012203 0.066566 -0.036369
v -0.016626 0.066017 -0.035505
v -0.016626 0.066017 -0.035505
v -0.020104 0.065347 -0.030919
v -0.015801 0.066418 -0.031845
v -0.021003 0.065016 -0.034605
v -0.017298 0.065071 -0.039093
v -0.021003 0.065016 -0.034605
v -0.016626 0.066017 -0.035505
v -0.021674 0.064134 -0.038231
v -0.014848 0.066140 -0.028334
v -0.011447 0.067039 -0.032739
v -0.015801 0.066418 -0.031845
v -0.010633 0.066776 -0.029217
v -0.013856 0.065632 -0.024902
v -0.010633 0.066776 -0.029217
v -0.014848 0.066140 -0.028334
v -0.009803 0.066250 -0.025756
v -0.017871 0.064582 -0.024022
v -0.014848 0.066140 -0.028334
v -0.019018 0.065067 -0.027424
v -0.013856 0.065632 -0.024902
v -0.007064 0.067227 -0.033595
v -0.002641 0.066969 -0.034421
v -0.003287 0.066507 -0.038028
v -0.007754 0.066732 -0.037206
v -0.007754 0.066732 -0.037206
v -0.011447 0.067039 -0.032739
v -0.007064 0.067227 -0.033595
v -0.012203 0.066566 -0.036369
v -0.008451 0.065717 -0.040730
v -0.012203 0.066566 -0.036369
v -0.007754 0.066732 -0.037206
v -0.012881 0.065565 -0.039921
v 0.000417 0.064968 -0.042364
v 0.005617 0.064802 -0.039630
v 0.004797 0.063978 -0.043148
v 0.001188 0.065880 -0.038850
v 0.006278 0.065078 -0.035996
v 0.001188 0.065880 -0.038850
v 0.001831 0.066254 -0.035226
v 0.005617 0.064802 -0.039630
v -0.003287 0.066507 -0.038028
v 0.001831 0.066254 -0.035226
v 0.001188 0.065880 -0.038850
v -0.002641 0.066969 -0.034421
v -0.005829 0.066445 -0.026558
v -0.002158 0.066714 -0.030862
v -0.006431 0.066974 -0.030054
v -0.001745 0.066211 -0.027335
v -0.009803 0.066250 -0.025756
v -0.006431 0.066974 -0.030054
v -0.010633 0.066776 -0.029217
v -0.005829 0.066445 -0.026558
v -0.007064 0.067227 -0.033595
v -0.011447 0.067039 -0.032739
v -0.010633 0.066776 -0.029217
v -0.006431 0.066974 -0.030054
v 0.009073 0.062471 -0.043832
v 0.014087 0.061210 -0.040949
v 0.013174 0.060517 -0.044440
v 0.009948 0.063225 -0.040327
v 0.014761 0.061386 -0.037371
v 0.009948 0.063225 -0.040327
v 0.010626 0.063439 -0.036717
v 0.014087 0.061210 -0.040949
v 0.005617 0.064802 -0.039630
v 0.010626 0.063439 -0.036717
v 0.009948 0.063225 -0.040327
v 0.006278 0.065078 -0.035996
v 0.002635 0.065489 -0.028122
v 0.006724 0.064765 -0.032436
v 0.002272 0.065974 -0.031657
v 0.007097 0.064269 -0.028918
v 0.002272 0.065974 -0.031657
v -0.001745 0.066211 -0.027335
v 0.002635 0.065489 -0.028122
v -0.002158 0.066714 -0.030862
v -0.002158 0.066714 -0.030862
v 0.001831 0.066254 -0.035226
v -0.002641 0.066969 -0.034421
v 0.002272 0.065974 -0.031657
v 0.017028 0.058184 -0.044993
v 0.021514 0.056089 -0.041980
v 0.020627 0.055503 -0.045476
v 0.017940 0.058820 -0.041506
v 0.022071 0.056222 -0.038410
v 0.017940 0.058820 -0.041506
v 0.018571 0.058968 -0.037941
v 0.021514 0.056089 -0.041980
v 0.014087 0.061210 -0.040949
v 0.018571 0.058968 -0.037941
v 0.017940 0.058820 -0.041506
v 0.014761 0.061386 -0.037371
v 0.011433 0.062594 -0.029722
v 0.015165 0.061032 -0.033893
v 0.011064 0.063099 -0.033195
v 0.015491 0.060518 -0.030489
v 0.011064 0.063099 -0.033195
v 0.007097 0.064269 -0.028918
v 0.011433 0.062594 -0.029722
v 0.006724 0.064765 -0.032436
v 0.006724 0.064765 -0.032436
v 0.010626 0.063439 -0.036717
v 0.006278 0.065078 -0.035996
v 0.011064 0.063099 -0.033195
v 0.027804 0.049714 -0.042638
v 0.026997 0.049189 -0.046189
v 0.023962 0.052501 -0.045876
v 0.024814 0.053050 -0.042355
v 0.024814 0.053050 -0.042355
v 0.028170 0.049870 -0.039019
v 0.027804 0.049714 -0.042638
v 0.025280 0.053185 -0.038761
v 0.021514 0.056089 -0.041980
v 0.025280 0.053185 -0.038761
v 0.024814 0.053050 -0.042355
v 0.022071 0.056222 -0.038410
v 0.018897 0.058625 -0.034490
v 0.022389 0.055457 -0.031608
v 0.022282 0.055910 -0.034963
v 0.019135 0.058131 -0.031136
v 0.018897 0.058625 -0.034490
v 0.015491 0.060518 -0.030489
v 0.019135 0.058131 -0.031136
v 0.015165 0.061032 -0.033893
v 0.015165 0.061032 -0.033893
v 0.018571 0.058968 -0.037941
v 0.014761 0.061386 -0.037371
v 0.018897 0.058625 -0.034490
v 0.032719 0.042205 -0.042955
v 0.032029 0.041694 -0.046546
v 0.029696 0.045576 -0.046409
v 0.030446 0.046089 -0.042836
v 0.030446 0.046089 -0.042836
v 0.032893 0.042463 -0.039333
v 0.032719 0.042205 -0.042955
v 0.030713 0.046288 -0.039210
v 0.027804 0.049714 -0.042638
v 0.030713 0.046288 -0.039210
v 0.030446 0.046089 -0.042836
v 0.028170 0.049870 -0.039019
v 0.025278 0.052526 -0.031907
v 0.028083 0.049679 -0.035529
v 0.025344 0.052922 -0.035292
v 0.027841 0.049370 -0.032116
v 0.025344 0.052922 -0.035292
v 0.022389 0.055457 -0.031608
v 0.025278 0.052526 -0.031907
v 0.022282 0.055910 -0.034963
v 0.022071 0.056222 -0.038410
v 0.025344 0.052922 -0.035292
v 0.025280 0.053185 -0.038761
v 0.022282 0.055910 -0.034963
v 0.036076 0.033749 -0.042977
v 0.035505 0.033226 -0.046587
v 0.033970 0.037573 -0.046607
v 0.034600 0.038089 -0.043004
v 0.034600 0.038089 -0.043004
v 0.036109 0.034148 -0.039372
v 0.036076 0.033749 -0.042977
v 0.034697 0.038417 -0.039389
v 0.032719 0.042205 -0.042955
v 0.034697 0.038417 -0.039389
v 0.034600 0.038089 -0.043004
v 0.032893 0.042463 -0.039333
v 0.030113 0.046004 -0.032317
v 0.032570 0.042492 -0.035872
v 0.030496 0.046196 -0.035727
v 0.032085 0.042448 -0.032506
v 0.030496 0.046196 -0.035727
v 0.027841 0.049370 -0.032116
v 0.030113 0.046004 -0.032317
v 0.028083 0.049679 -0.035529
v 0.028083 0.049679 -0.035529
v 0.030713 0.046288 -0.039210
v 0.028170 0.049870 -0.039019
v 0.030496 0.046196 -0.035727
v 0.037767 0.024483 -0.042686
v 0.037306 0.023948 -0.046296
v 0.036622 0.028663 -0.046482
v 0.037136 0.029194 -0.042870
v 0.037136 0.029194 -0.042870
v 0.037705 0.024976 -0.039104
v 0.037767 0.024483 -0.042686
v 0.037116 0.029650 -0.039275
v 0.036076 0.033749 -0.042977
v 0.037116 0.029650 -0.039275
v 0.037136 0.029194 -0.042870
v 0.036109 0.034148 -0.039372
v 0.034291 0.038586 -0.035954
v 0.035017 0.034732 -0.032661
v 0.035644 0.034450 -0.035957
v 0.033725 0.038710 -0.032633
v 0.032570 0.042492 -0.035872
v 0.033725 0.038710 -0.032633
v 0.034291 0.038586 -0.035954
v 0.032085 0.042448 -0.032506
v 0.032893 0.042463 -0.039333
v 0.034291 0.038586 -0.035954
v 0.034697 0.038417 -0.039389
v 0.032570 0.042492 -0.035872
v 0.037185 0.025443 -0.035704
v 0.037705 0.024976 -0.039104
v 0.037116 0.029650 -0.039275
v 0.036614 0.030057 -0.035870
v 0.036614 0.030057 -0.035870
v 0.036608 0.025901 -0.032421
v 0.037185 0.025443 -0.035704
v 0.035975 0.030457 -0.032582
v 0.035644 0.034450 -0.035957
v 0.035975 0.030457 -0.032582
v 0.036614 0.030057 -0.035870
v 0.035017 0.034732 -0.032661
v 0.037711 0.014861 -0.042113
v 0.037333 0.014343 -0.045698
v 0.037544 0.019146 -0.046031
v 0.037957 0.019673 -0.042431
v 0.037957 0.019673 -0.042431
v 0.037603 0.015370 -0.038569
v 0.037711 0.014861 -0.042113
v 0.037864 0.020176 -0.038865
v 0.037767 0.024483 -0.042686
v 0.037864 0.020176 -0.038865
v 0.037957 0.019673 -0.042431
v 0.037705 0.024976 -0.039104
v 0.037099 0.015830 -0.035195
v 0.037603 0.015370 -0.038569
v 0.037864 0.020176 -0.038865
v 0.037342 0.020642 -0.035473
v 0.037342 0.020642 -0.035473
v 0.036563 0.016252 -0.031931
v 0.037099 0.015830 -0.035195
v 0.036829 0.021083 -0.032193
v 0.037185 0.025443 -0.035704
v 0.036829 0.021083 -0.032193
v 0.037342 0.020642 -0.035473
v 0.036608 0.025901 -0.032421
v 0.035973 0.005657 -0.041320
v 0.035602 0.005146 -0.044863
v 0.036667 0.009626 -0.045305
v 0.037033 0.010144 -0.041740
v 0.037033 0.010144 -0.041740
v 0.035904 0.006201 -0.037831
v 0.035973 0.005657 -0.041320
v 0.036936 0.010679 -0.038227
v 0.037711 0.014861 -0.042113
v 0.036936 0.010679 -0.038227
v 0.037033 0.010144 -0.041740
v 0.037603 0.015370 -0.038569
v 0.035485 0.006719 -0.034505
v 0.035904 0.006201 -0.037831
v 0.036936 0.010679 -0.038227
v 0.036471 0.011181 -0.034884
v 0.036471 0.011181 -0.034884
v 0.034966 0.007198 -0.031298
v 0.035485 0.006719 -0.034505
v 0.035917 0.011647 -0.031654
v 0.037099 0.015830 -0.035195
v 0.035917 0.011647 -0.031654
v 0.036471 0.011181 -0.034884
v 0.036563 0.016252 -0.031931
v 0.032019 -0.003580 -0.043725
v 0.034584 0.001535 -0.040860
v 0.032438 -0.003172 -0.040231
v 0.034193 0.001051 -0.044382
v 0.034584 0.001535 -0.040860
v 0.032501 -0.002682 -0.036673
v 0.032438 -0.003172 -0.040231
v 0.034550 0.002035 -0.037375
v 0.035973 0.005657 -0.041320
v 0.034550 0.002035 -0.037375
v 0.034584 0.001535 -0.040860
v 0.035904 0.006201 -0.037831
v 0.032412 -0.001903 -0.033347
v 0.032501 -0.002682 -0.036673
v 0.034550 0.002035 -0.037375
v 0.034167 0.002468 -0.034019
v 0.034167 0.002468 -0.034019
v 0.032244 -0.001000 -0.030123
v 0.032412 -0.001903 -0.033347
v 0.033665 0.002849 -0.030759
v 0.035485 0.006719 -0.034505
v 0.033665 0.002849 -0.030759
v 0.034167 0.002468 -0.034019
v 0.034966 0.007198 -0.031298
v 0.023990 -0.008471 -0.055326
v 0.028148 -0.004270 -0.053280
v 0.025451 -0.008928 -0.052427
v 0.026280 -0.004630 -0.055995
v 0.026340 -0.011444 -0.045735
v 0.029052 -0.008740 -0.042878
v 0.027222 -0.011276 -0.042376
v 0.028192 -0.008956 -0.046254
v 0.025136 -0.011465 -0.048956
v 0.028192 -0.008956 -0.046254
v 0.026340 -0.011444 -0.045735
v 0.026974 -0.009043 -0.049465
v 0.025492 -0.003414 -0.043712
v 0.021214 -0.007023 -0.055973
v 0.022647 -0.008044 -0.043500
v 0.023485 -0.003391 -0.056554
v 0.029858 -0.006778 -0.031299
v 0.028909 -0.008058 -0.028536
v 0.029048 -0.008482 -0.031890
v 0.029916 -0.005989 -0.028994
v 0.029858 -0.006778 -0.031299
v 0.030924 -0.003919 -0.029452
v 0.029916 -0.005989 -0.028994
v 0.030508 -0.005741 -0.032435
v 0.029500 -0.008466 -0.039418
v 0.027855 -0.010853 -0.035429
v 0.027714 -0.011056 -0.038945
v 0.029710 -0.007977 -0.035459
v 0.027222 -0.011276 -0.042376
v 0.029500 -0.008466 -0.039418
v 0.027714 -0.011056 -0.038945
v 0.029052 -0.008740 -0.042878
v 0.024552 -0.014425 -0.041657
v 0.022008 -0.016968 -0.040940
v 0.020673 -0.017321 -0.044181
v 0.023482 -0.014672 -0.044947
v 0.019012 -0.014306 -0.054208
v 0.021639 -0.011505 -0.054770
v 0.023677 -0.011244 -0.051976
v 0.020653 -0.014525 -0.051231
v 0.022008 -0.016968 -0.040940
v 0.017737 -0.019733 -0.043170
v 0.020673 -0.017321 -0.044181
v 0.019329 -0.019294 -0.040021
v 0.016044 -0.019930 -0.046320
v 0.019181 -0.017467 -0.047314
v 0.020673 -0.017321 -0.044181
v 0.017737 -0.019733 -0.043170
v 0.015057 -0.021762 -0.041883
v 0.016044 -0.019930 -0.046320
v 0.017737 -0.019733 -0.043170
v 0.012548 -0.022391 -0.045062
v 0.006012 -0.024764 -0.046296
v 0.007341 -0.025851 -0.041112
v 0.005226 -0.026343 -0.041985
v 0.008945 -0.023793 -0.045884
v 0.025236 -0.014153 -0.038338
v 0.025586 -0.013896 -0.035001
v 0.022917 -0.016646 -0.037636
v 0.023460 -0.016374 -0.034276
v 0.027222 -0.011276 -0.042376
v 0.024552 -0.014425 -0.041657
v 0.023482 -0.014672 -0.044947
v 0.026340 -0.011444 -0.045735
v 0.027683 -0.010736 -0.031815
v 0.028909 -0.008058 -0.028536
v 0.027353 -0.010664 -0.028153
v 0.029048 -0.008482 -0.031890
v 0.029048 -0.008482 -0.031890
v 0.027855 -0.010853 -0.035429
v 0.029710 -0.007977 -0.035459
v 0.027683 -0.010736 -0.031815
v 0.020464 -0.018937 -0.036726
v 0.021201 -0.018664 -0.033320
v 0.018158 -0.020854 -0.035702
v 0.018989 -0.020651 -0.032356
v 0.020464 -0.018937 -0.036726
v 0.023460 -0.016374 -0.034276
v 0.021201 -0.018664 -0.033320
v 0.022917 -0.016646 -0.037636
v 0.019329 -0.019294 -0.040021
v 0.022917 -0.016646 -0.037636
v 0.020464 -0.018937 -0.036726
v 0.022008 -0.016968 -0.040940
v 0.025655 -0.013671 -0.031375
v 0.025725 -0.013308 -0.027666
v 0.023698 -0.016153 -0.030683
v 0.023840 -0.015879 -0.027032
v 0.020347 -0.010933 -0.043322
v 0.018885 -0.009993 -0.055420
v 0.016332 -0.012749 -0.054837
v 0.017078 -0.014267 -0.043122
v 0.012548 -0.022391 -0.045062
v 0.010960 -0.024975 -0.038120
v 0.009269 -0.025380 -0.039863
v 0.015057 -0.021762 -0.041883
v 0.021598 -0.018478 -0.029839
v 0.021826 -0.018337 -0.026320
v 0.019387 -0.020655 -0.029016
v 0.019690 -0.020843 -0.025567
v 0.021598 -0.018478 -0.029839
v 0.023840 -0.015879 -0.027032
v 0.021826 -0.018337 -0.026320
v 0.023698 -0.016153 -0.030683
v 0.021201 -0.018664 -0.033320
v 0.023698 -0.016153 -0.030683
v 0.021598 -0.018478 -0.029839
v 0.023460 -0.016374 -0.034276
v 0.018989 -0.020651 -0.032356
v 0.013628 -0.024343 -0.033712
v 0.018158 -0.020854 -0.035702
v 0.014447 -0.024284 -0.031183
v 0.010294 -0.024300 -0.028656
v 0.010864 -0.024466 -0.026334
v -0.004900 -0.025025 -0.023265
v 0.010294 -0.024300 -0.028656
v -0.004900 -0.025025 -0.023265
v 0.009490 -0.024306 -0.030880
v 0.003951 -0.025105 -0.037595
v -0.004900 -0.025025 -0.023265
v 0.002322 -0.025329 -0.038562
v -0.004900 -0.025025 -0.023265
v 0.005141 -0.024931 -0.036692
v 0.006185 -0.024774 -0.035713
v -0.002092 -0.023803 -0.004516
v 0.000314 -0.034430 -0.007935
v 0.001308 -0.023646 -0.004982
v -0.002965 -0.034321 -0.007352
v 0.008457 -0.024434 -0.032846
v -0.004900 -0.025025 -0.023265
v 0.007318 -0.024602 -0.034444
v -0.017587 -0.025309 -0.030213
v -0.004900 -0.025025 -0.023265
v -0.018000 -0.025192 -0.028595
v -0.016100 -0.025620 -0.033519
v -0.004900 -0.025025 -0.023265
v -0.016958 -0.025463 -0.031895
v 0.010618 -0.026766 -0.018400
v -0.004900 -0.025025 -0.023265
v 0.011117 -0.025778 -0.020599
v -0.004900 -0.025025 -0.023265
v -0.015038 -0.025750 -0.034988
v -0.013793 -0.025856 -0.036327
v -0.012521 -0.027717 -0.041620
v -0.011019 -0.028010 -0.038673
v -0.012610 -0.027928 -0.037703
v -0.014363 -0.027602 -0.040712
v -0.005406 -0.027985 -0.040369
v -0.003323 -0.025877 -0.040246
v -0.005472 -0.026011 -0.040243
v -0.003179 -0.027856 -0.040445
v -0.001372 -0.025731 -0.039918
v 0.000773 -0.027516 -0.039608
v 0.000458 -0.025554 -0.039370
v -0.001143 -0.027705 -0.040155
v 0.004429 -0.027034 -0.037828
v 0.002322 -0.025329 -0.038562
v 0.002720 -0.027276 -0.038793
v 0.003951 -0.025105 -0.037595
v 0.005141 -0.024931 -0.036692
v 0.006798 -0.026665 -0.035946
v 0.006185 -0.024774 -0.035713
v 0.005690 -0.026842 -0.036926
v 0.009178 -0.026288 -0.033079
v 0.007318 -0.024602 -0.034444
v 0.007992 -0.026474 -0.034675
v 0.008457 -0.024434 -0.032846
v 0.011071 -0.026124 -0.028941
v 0.009490 -0.024306 -0.030880
v 0.010245 -0.026144 -0.031129
v 0.010294 -0.024300 -0.028656
v -0.004900 -0.025025 -0.023265
v -0.012375 -0.025948 -0.037534
v -0.010854 -0.026030 -0.038518
v 0.011972 -0.026577 -0.024594
v 0.010864 -0.024466 -0.026334
v 0.011648 -0.026277 -0.026679
v 0.011191 -0.024781 -0.024177
v 0.006084 -0.030493 -0.012438
v 0.003279 -0.033420 -0.011425
v 0.003090 -0.031436 -0.011050
v 0.006466 -0.032404 -0.012962
v 0.008783 -0.031146 -0.014770
v 0.006084 -0.030493 -0.012438
v 0.008241 -0.029330 -0.014128
v 0.006466 -0.032404 -0.012962
v 0.011333 -0.028528 -0.019024
v 0.009681 -0.028049 -0.016120
v 0.010618 -0.026766 -0.018400
v 0.010324 -0.029820 -0.016782
v -0.017147 -0.025723 -0.018739
v -0.004900 -0.025025 -0.023265
v -0.016519 -0.026090 -0.017227
v -0.015014 -0.027035 -0.014719
v -0.015829 -0.026513 -0.015963
v -0.004900 -0.025025 -0.023265
v -0.004900 -0.025025 -0.023265
v -0.018294 -0.025101 -0.025022
v -0.018240 -0.025116 -0.026913
v 0.012051 -0.026960 -0.022898
v 0.011117 -0.025778 -0.020599
v 0.011280 -0.025180 -0.022403
v 0.011872 -0.027545 -0.021164
v -0.018823 -0.027056 -0.022954
v -0.017731 -0.025395 -0.020747
v -0.018461 -0.027253 -0.020788
v -0.018127 -0.025184 -0.022955
v -0.018127 -0.025184 -0.022955
v -0.018951 -0.026986 -0.024993
v -0.018294 -0.025101 -0.025022
v -0.018823 -0.027056 -0.022954
v -0.018000 -0.025192 -0.028595
v -0.018857 -0.027015 -0.026874
v -0.018577 -0.027104 -0.028570
v -0.018240 -0.025116 -0.026913
v -0.018121 -0.027234 -0.030217
v -0.017444 -0.027401 -0.031935
v -0.016958 -0.025463 -0.031895
v -0.017587 -0.025309 -0.030213
v -0.015038 -0.025750 -0.034988
v -0.016530 -0.027569 -0.033594
v -0.015405 -0.027711 -0.035096
v -0.016100 -0.025620 -0.033519
v -0.014095 -0.027828 -0.036470
v -0.012610 -0.027928 -0.037703
v -0.012375 -0.025948 -0.037534
v -0.013793 -0.025856 -0.036327
v -0.007519 -0.026089 -0.039865
v -0.009368 -0.028062 -0.039379
v -0.007532 -0.028060 -0.039951
v -0.009276 -0.026086 -0.039270
v -0.005472 -0.026011 -0.040243
v -0.004900 -0.025025 -0.023265
v -0.007519 -0.026089 -0.039865
v -0.011019 -0.028010 -0.038673
v -0.009276 -0.026086 -0.039270
v -0.010854 -0.026030 -0.038518
v -0.009368 -0.028062 -0.039379
v -0.000086 -0.031873 -0.010159
v -0.002925 -0.033799 -0.010040
v -0.002756 -0.031838 -0.009732
v -0.000056 -0.033859 -0.010471
v -0.005347 -0.033453 -0.009921
v -0.006809 -0.031060 -0.009753
v -0.004972 -0.031518 -0.009626
v -0.007330 -0.032969 -0.010026
v -0.010027 -0.029809 -0.010667
v -0.012357 -0.030875 -0.011697
v -0.011559 -0.029060 -0.011457
v -0.010759 -0.031650 -0.010915
v -0.012917 -0.028329 -0.012409
v -0.014912 -0.029439 -0.013732
v -0.014063 -0.027644 -0.013514
v -0.013753 -0.030128 -0.012640
v -0.015014 -0.027035 -0.014719
v -0.016653 -0.028324 -0.016129
v -0.015829 -0.026513 -0.015963
v -0.015858 -0.028834 -0.014915
v 0.009681 -0.028049 -0.016120
v 0.008241 -0.029330 -0.014128
v -0.004900 -0.025025 -0.023265
v -0.004900 -0.025025 -0.023265
v -0.017731 -0.025395 -0.020747
v -0.018127 -0.025184 -0.022955
v -0.014063 -0.027644 -0.013514
v -0.004900 -0.025025 -0.023265
v -0.012917 -0.028329 -0.012409
v -0.003323 -0.025877 -0.040246
v -0.001372 -0.025731 -0.039918
v -0.004900 -0.025025 -0.023265
v 0.011191 -0.024781 -0.024177
v 0.011280 -0.025180 -0.022403
v -0.004900 -0.025025 -0.023265
v -0.001504 0.003590 -0.017119
v -0.001967 0.003365 -0.017295
v -0.004578 0.002774 -0.017491
v -0.008870 0.005103 -0.013949
v -0.009494 0.006129 -0.014183
v -0.008901 0.005453 -0.013533
v -0.009455 0.005745 -0.014640
v -0.008870 0.005808 -0.013122
v -0.009466 0.006519 -0.013731
v -0.008777 0.006165 -0.012722
v -0.009371 0.006912 -0.013290
v -0.009348 0.005373 -0.015096
v -0.008626 0.004439 -0.014773
v -0.009175 0.005018 -0.015545
v -0.008778 0.004763 -0.014364
v -0.008415 0.006863 -0.011973
v -0.009209 0.007300 -0.012865
v -0.008984 0.007681 -0.012463
v -0.008625 0.006518 -0.012337
v -0.008938 0.004684 -0.015981
v -0.008151 0.003850 -0.015552
v -0.008641 0.004376 -0.016399
v -0.008416 0.004133 -0.015171
v -0.007831 0.007511 -0.011325
v -0.008697 0.008048 -0.012087
v -0.008353 0.008396 -0.011744
v -0.008149 0.007196 -0.011634
v -0.007469 0.003368 -0.016247
v -0.007882 0.003851 -0.017157
v -0.007834 0.003594 -0.015913
v -0.008288 0.004097 -0.016792
v -0.007058 0.008075 -0.010812
v -0.007024 0.009289 -0.010951
v -0.006612 0.008316 -0.010614
v -0.007511 0.009021 -0.011172
v -0.007469 0.003368 -0.016247
v -0.007430 0.003642 -0.017488
v -0.007882 0.003851 -0.017157
v -0.007061 0.003175 -0.016551
v -0.006135 0.008526 -0.010459
v -0.005951 0.009719 -0.010651
v -0.005631 0.008701 -0.010349
v -0.006502 0.009523 -0.010776
v -0.006615 0.003017 -0.016820
v -0.006409 0.003344 -0.018031
v -0.006937 0.003473 -0.017780
v -0.006138 0.002897 -0.017051
v -0.005635 0.002816 -0.017242
v -0.005278 0.003218 -0.018393
v -0.005854 0.003259 -0.018236
v -0.005113 0.002775 -0.017389
v -0.004575 0.008940 -0.010270
v -0.004199 0.010059 -0.010585
v -0.004035 0.009000 -0.010302
v -0.004792 0.009989 -0.010555
v -0.004096 0.003270 -0.018556
v -0.003501 0.002895 -0.017554
v -0.003506 0.003362 -0.018560
v -0.004039 0.002815 -0.017546
v -0.004035 0.009000 -0.010302
v -0.003607 0.010085 -0.010667
v -0.003497 0.009020 -0.010381
v -0.004199 0.010059 -0.010585
v -0.002925 0.003498 -0.018512
v -0.002458 0.003172 -0.017428
v -0.002362 0.003674 -0.018412
v -0.002971 0.003015 -0.017514
v -0.002454 0.008938 -0.010674
v -0.003024 0.010067 -0.010799
v -0.002458 0.010003 -0.010981
v -0.002968 0.009000 -0.010505
v -0.001825 0.003889 -0.018262
v -0.001504 0.003590 -0.017119
v -0.001320 0.004140 -0.018064
v -0.001967 0.003365 -0.017295
v -0.001501 0.008698 -0.011136
v -0.001916 0.009896 -0.011209
v -0.001404 0.009747 -0.011481
v -0.001963 0.008838 -0.010886
v -0.000432 0.004737 -0.017534
v -0.001076 0.003846 -0.016900
v -0.000689 0.004128 -0.016643
v -0.000853 0.004424 -0.017820
v -0.000686 0.008313 -0.011743
v -0.000121 0.009067 -0.012521
v -0.000345 0.008071 -0.012091
v -0.000501 0.009330 -0.012141
v -0.000060 0.005075 -0.017209
v -0.000689 0.004128 -0.016643
v -0.000347 0.004434 -0.016350
v -0.000432 0.004737 -0.017534
v -0.000053 0.007801 -0.012462
v 0.000472 0.008452 -0.013355
v 0.000185 0.007507 -0.012853
v 0.000205 0.008773 -0.012927
v 0.000512 0.005808 -0.016459
v -0.000055 0.004758 -0.016026
v 0.000183 0.005098 -0.015674
v 0.000255 0.005433 -0.016849
v 0.000366 0.007191 -0.013257
v 0.000817 0.007742 -0.014251
v 0.000488 0.006858 -0.013670
v 0.000677 0.008106 -0.013798
v 0.000835 0.006584 -0.015611
v 0.000365 0.005447 -0.015299
v 0.000488 0.005803 -0.014905
v 0.000706 0.006193 -0.016045
v 0.000897 0.006976 -0.015164
v 0.000550 0.006513 -0.014086
v 0.000891 0.007364 -0.014709
v 0.000549 0.006160 -0.014499
v -0.009594 -0.005662 -0.028006
v -0.009176 -0.005950 -0.026860
v -0.009051 -0.005410 -0.027814
v -0.009671 -0.006180 -0.027035
v -0.011388 -0.006161 -0.028247
v -0.010744 -0.006525 -0.027235
v -0.010771 -0.006040 -0.028224
v -0.011306 -0.006635 -0.027256
v -0.009051 -0.005410 -0.027814
v -0.008718 -0.005686 -0.026637
v -0.008549 -0.005121 -0.027569
v -0.009176 -0.005950 -0.026860
v -0.012442 -0.006722 -0.027139
v -0.012012 -0.006233 -0.028212
v -0.012634 -0.006256 -0.028119
v -0.011875 -0.006701 -0.027224
v -0.007696 -0.004447 -0.026940
v -0.008304 -0.005392 -0.026371
v -0.007941 -0.005072 -0.026064
v -0.008095 -0.004798 -0.027277
v -0.012998 -0.006697 -0.027003
v -0.012634 -0.006256 -0.028119
v -0.013244 -0.006229 -0.027970
v -0.012442 -0.006722 -0.027139
v -0.007085 -0.003681 -0.026155
v -0.007633 -0.004731 -0.025721
v -0.007384 -0.004374 -0.025348
v -0.007358 -0.004073 -0.026565
v -0.014048 -0.006515 -0.026585
v -0.013834 -0.006153 -0.027767
v -0.014396 -0.006028 -0.027512
v -0.013536 -0.006628 -0.026817
v -0.006752 -0.002867 -0.025260
v -0.007200 -0.004005 -0.024949
v -0.007081 -0.003631 -0.024531
v -0.006882 -0.003277 -0.025718
v -0.014964 -0.006164 -0.025995
v -0.014920 -0.005858 -0.027210
v -0.015400 -0.005643 -0.026864
v -0.014526 -0.006360 -0.026310
v -0.007135 -0.002530 -0.023223
v -0.006716 -0.002051 -0.024305
v -0.007049 -0.002888 -0.023662
v -0.006811 -0.001658 -0.023824
v -0.016506 -0.004771 -0.025623
v -0.015692 -0.005665 -0.025267
v -0.016199 -0.005096 -0.026065
v -0.015972 -0.005369 -0.024864
v -0.007507 -0.001865 -0.022368
v -0.006979 -0.001282 -0.023348
v -0.007289 -0.002187 -0.022789
v -0.007219 -0.000929 -0.022886
v -0.016962 -0.003845 -0.024445
v -0.016191 -0.005047 -0.024442
v -0.016746 -0.004418 -0.025161
v -0.016388 -0.004526 -0.023790
v -0.008125 -0.001303 -0.021586
v -0.007526 -0.000604 -0.022444
v -0.007787 -0.001569 -0.021965
v -0.007897 -0.000312 -0.022028
v -0.007897 -0.000312 -0.022028
v -0.008125 -0.001303 -0.021586
v -0.008516 -0.001070 -0.021236
v -0.008325 -0.000057 -0.021645
v -0.009330 0.000328 -0.020998
v -0.008953 -0.000875 -0.020922
v -0.009432 -0.000720 -0.020646
v -0.008805 0.000158 -0.021300
v -0.009944 -0.000606 -0.020414
v -0.010481 0.000529 -0.020540
v -0.009891 0.000453 -0.020743
v -0.010482 -0.000537 -0.020229
v -0.017029 -0.003244 -0.023723
v -0.016388 -0.004526 -0.023790
v -0.016962 -0.003845 -0.024445
v -0.016449 -0.003977 -0.023132
v -0.012173 -0.000600 -0.019976
v -0.011713 0.000533 -0.020297
v -0.011605 -0.000534 -0.020008
v -0.012337 0.000461 -0.020262
v -0.016398 -0.003603 -0.022700
v -0.017029 -0.003244 -0.023723
v -0.016973 -0.002833 -0.023250
v -0.016449 -0.003977 -0.023132
v -0.013283 -0.000862 -0.020071
v -0.012954 0.000340 -0.020285
v -0.012736 -0.000710 -0.019997
v -0.013555 0.000173 -0.020366
v -0.016095 -0.002861 -0.021884
v -0.016843 -0.002423 -0.022792
v -0.016640 -0.002019 -0.022354
v -0.016280 -0.003229 -0.022282
v -0.014304 -0.001284 -0.020372
v -0.014131 -0.000038 -0.020504
v -0.013809 -0.001054 -0.020196
v -0.014674 -0.000290 -0.020696
v -0.015539 -0.002162 -0.021168
v -0.016368 -0.001627 -0.021945
v -0.016029 -0.001253 -0.021569
v -0.015847 -0.002503 -0.021510
v -0.015175 -0.001842 -0.020861
v -0.015177 -0.000579 -0.020940
v -0.014762 -0.001548 -0.020594
v -0.015631 -0.000902 -0.021233
v 0.015726 0.007349 -0.017515
v 0.016073 0.007031 -0.016399
v 0.016145 0.007512 -0.017402
v 0.015698 0.006884 -0.016501
v 0.016918 0.007911 -0.017080
v 0.017070 0.007598 -0.015922
v 0.017264 0.008142 -0.016874
v 0.016762 0.007390 -0.016107
v 0.014842 0.007101 -0.017639
v 0.015308 0.006759 -0.016574
v 0.015290 0.007211 -0.017594
v 0.014907 0.006659 -0.016616
v 0.017578 0.008391 -0.016641
v 0.017070 0.007598 -0.015922
v 0.017350 0.007822 -0.015712
v 0.017264 0.008142 -0.016874
v 0.014086 0.006535 -0.016607
v 0.014385 0.007019 -0.017650
v 0.013925 0.006966 -0.017625
v 0.014498 0.006584 -0.016627
v 0.018101 0.008934 -0.016102
v 0.017599 0.008060 -0.015479
v 0.017815 0.008310 -0.015227
v 0.017858 0.008656 -0.016383
v 0.013267 0.006517 -0.016474
v 0.013465 0.006943 -0.017566
v 0.013011 0.006949 -0.017473
v 0.013674 0.006513 -0.016556
v 0.018466 0.009521 -0.015484
v 0.017995 0.008570 -0.014957
v 0.018138 0.008836 -0.014671
v 0.018304 0.009224 -0.015802
v 0.012868 0.006548 -0.016363
v 0.013011 0.006949 -0.017473
v 0.012566 0.006986 -0.017347
v 0.013267 0.006517 -0.016474
v 0.018688 0.010430 -0.014460
v 0.018306 0.009379 -0.014067
v 0.018331 0.009651 -0.013753
v 0.018659 0.010127 -0.014810
v 0.012110 0.006689 -0.016055
v 0.012134 0.007051 -0.017189
v 0.011721 0.007146 -0.017001
v 0.012481 0.006606 -0.016223
v 0.018258 0.010181 -0.013118
v 0.018673 0.010729 -0.014106
v 0.018314 0.009919 -0.013436
v 0.018612 0.011022 -0.013751
v 0.011429 0.006930 -0.015646
v 0.011330 0.007268 -0.016784
v 0.010964 0.007417 -0.016540
v 0.011758 0.006797 -0.015862
v 0.010852 0.007261 -0.015149
v 0.010627 0.007592 -0.016273
v 0.010323 0.007790 -0.015983
v 0.011126 0.007085 -0.015407
v 0.017645 0.011119 -0.011904
v 0.018168 0.011833 -0.012717
v 0.017853 0.010905 -0.012193
v 0.017937 0.012073 -0.012393
v 0.009633 0.008505 -0.015015
v 0.010401 0.007670 -0.014585
v 0.009824 0.008249 -0.015352
v 0.010228 0.007899 -0.014284
v 0.017128 0.011491 -0.011371
v 0.017668 0.012292 -0.012085
v 0.017402 0.011314 -0.011629
v 0.017364 0.012490 -0.011796
v 0.009379 0.009060 -0.014317
v 0.010093 0.008141 -0.013975
v 0.009484 0.008776 -0.014669
v 0.009996 0.008394 -0.013660
v 0.017364 0.012490 -0.011796
v 0.017128 0.011491 -0.011371
v 0.016825 0.011646 -0.011132
v 0.017028 0.012665 -0.011529
v 0.009303 0.009652 -0.013609
v 0.009940 0.008656 -0.013342
v 0.009319 0.009353 -0.013963
v 0.009924 0.008924 -0.013025
v 0.016496 0.011778 -0.010915
v 0.016270 0.012936 -0.011068
v 0.016662 0.012814 -0.011285
v 0.016145 0.011886 -0.010722
v 0.010012 0.009468 -0.012404
v 0.009332 0.009955 -0.013259
v 0.009407 0.010260 -0.012916
v 0.009948 0.009196 -0.012711
v 0.015773 0.011969 -0.010555
v 0.015426 0.013096 -0.010722
v 0.015857 0.013031 -0.010880
v 0.015386 0.012027 -0.010415
v 0.010117 0.009739 -0.012106
v 0.009407 0.010260 -0.012916
v 0.009526 0.010561 -0.012585
v 0.010012 0.009468 -0.012404
v 0.014067 0.013116 -0.010443
v 0.014580 0.012062 -0.010222
v 0.014168 0.012040 -0.010171
v 0.014526 0.013139 -0.010503
v 0.010439 0.010265 -0.011551
v 0.009687 0.010858 -0.012267
v 0.009890 0.011148 -0.011966
v 0.010259 0.010005 -0.011821
v 0.013347 0.011916 -0.010162
v 0.013606 0.013063 -0.010419
v 0.013756 0.011991 -0.010151
v 0.013150 0.012981 -0.010429
v 0.010904 0.010753 -0.011066
v 0.010133 0.011426 -0.011685
v 0.010413 0.011691 -0.011427
v 0.010655 0.010515 -0.011298
v 0.012556 0.011691 -0.010276
v 0.012701 0.012871 -0.010475
v 0.012946 0.011816 -0.010204
v 0.012265 0.012733 -0.010554
v -0.004642 0.009827 0.013546
v -0.001577 0.007727 0.012896
v -0.001063 0.008084 0.014027
v -0.003828 0.010338 0.015002
v 0.011846 0.012570 -0.010667
v 0.012196 0.018003 -0.004356
v 0.012265 0.012733 -0.010554
v 0.012701 0.012871 -0.010475
v 0.012196 0.018003 -0.004356
v 0.011846 0.012570 -0.010667
v 0.009945 0.018617 -0.003215
v 0.013150 0.012981 -0.010429
v 0.014526 0.013139 -0.010503
v 0.015655 0.016645 -0.006605
v 0.014981 0.013133 -0.010596
v 0.014067 0.013116 -0.010443
v 0.013989 0.017375 -0.005431
v 0.013150 0.012981 -0.010429
v 0.013989 0.017375 -0.005431
v 0.013606 0.013063 -0.010419
v 0.012196 0.018003 -0.004356
v 0.014067 0.013116 -0.010443
v 0.018466 0.009521 -0.015484
v 0.024604 0.008996 -0.017257
v 0.018304 0.009224 -0.015802
v 0.011826 0.011374 -0.010511
v 0.011846 0.012570 -0.010667
v 0.012182 0.011544 -0.010379
v 0.011447 0.012382 -0.010812
v 0.005023 -0.006645 -0.031886
v 0.005115 -0.006335 -0.030501
v 0.005663 -0.006515 -0.030821
v 0.004376 -0.006432 -0.031514
v 0.024604 0.008996 -0.017257
v 0.017858 0.008656 -0.016383
v 0.018101 0.008934 -0.016102
v 0.009867 -0.018399 -0.046613
v 0.005023 -0.006645 -0.031886
v 0.005709 -0.006812 -0.032211
v 0.005709 -0.006812 -0.032211
v 0.011836 -0.017429 -0.045845
v 0.009867 -0.018399 -0.046613
v 0.005709 -0.006812 -0.032211
v 0.005663 -0.006515 -0.030821
v 0.006244 -0.006656 -0.031101
v 0.005023 -0.006645 -0.031886
v 0.007166 -0.007000 -0.032708
v 0.006851 -0.006756 -0.031338
v 0.007480 -0.006814 -0.031531
v 0.006425 -0.006930 -0.032486
v 0.009463 -0.006909 -0.033036
v 0.008775 -0.006803 -0.031775
v 0.009430 -0.006734 -0.031824
v 0.008692 -0.006989 -0.032984
v 0.011836 -0.017429 -0.045845
v 0.005709 -0.006812 -0.032211
v 0.006425 -0.006930 -0.032486
v 0.011836 -0.017429 -0.045845
v 0.006425 -0.006930 -0.032486
v 0.013805 -0.016458 -0.045077
v 0.010721 -0.006471 -0.031774
v 0.010229 -0.006781 -0.033030
v 0.010080 -0.006623 -0.031824
v 0.010982 -0.006604 -0.032966
v 0.017078 -0.014267 -0.043122
v 0.009463 -0.006909 -0.033036
v 0.010229 -0.006781 -0.033030
v 0.009463 -0.006909 -0.033036
v 0.017078 -0.014267 -0.043122
v 0.013805 -0.016458 -0.045077
v 0.011716 -0.006382 -0.032844
v 0.011946 -0.006052 -0.031529
v 0.012423 -0.006116 -0.032666
v 0.011345 -0.006280 -0.031676
v 0.020545 -0.011335 -0.040335
v 0.012423 -0.006116 -0.032666
v 0.013097 -0.005809 -0.032433
v 0.015754 -0.003769 -0.030544
v 0.016107 -0.003288 -0.030047
v 0.025835 -0.003605 -0.032262
v 0.023243 -0.008309 -0.037294
v 0.014856 -0.004671 -0.031431
v 0.015336 -0.004232 -0.031007
v 0.013097 -0.005809 -0.032433
v 0.013060 -0.005493 -0.031098
v 0.013732 -0.005463 -0.032148
v 0.012520 -0.005789 -0.031336
v 0.014320 -0.005083 -0.031813
v 0.014018 -0.004816 -0.030498
v 0.014856 -0.004671 -0.031431
v 0.013561 -0.005168 -0.030818
v 0.015336 -0.004232 -0.031007
v 0.014785 -0.004046 -0.029751
v 0.015754 -0.003769 -0.030544
v 0.014427 -0.004441 -0.030141
v 0.016107 -0.003288 -0.030047
v 0.015330 -0.003213 -0.028887
v 0.016391 -0.002794 -0.029520
v 0.015086 -0.003635 -0.029332
v 0.015633 -0.002349 -0.027939
v 0.016603 -0.002289 -0.028969
v 0.015512 -0.002783 -0.028421
v 0.016741 -0.001781 -0.028399
v 0.015681 -0.001487 -0.026942
v 0.016805 -0.001273 -0.027815
v 0.015689 -0.001915 -0.027444
v 0.016793 -0.000770 -0.027223
v 0.015474 -0.000660 -0.025936
v 0.016706 -0.000278 -0.026629
v 0.015610 -0.001067 -0.026438
v 0.016544 0.000200 -0.026038
v 0.015020 0.000099 -0.024959
v 0.016308 0.000657 -0.025457
v 0.015277 -0.000270 -0.025442
v 0.016002 0.001091 -0.024890
v 0.016002 0.001091 -0.024890
v 0.015020 0.000099 -0.024959
v 0.014704 0.000444 -0.024494
v 0.015629 0.001497 -0.024344
v 0.015191 0.001870 -0.023823
v 0.014334 0.000762 -0.024049
v 0.013913 0.001049 -0.023630
v 0.014692 0.002208 -0.023332
v 0.012934 0.001522 -0.022884
v 0.014139 0.002507 -0.022877
v 0.013445 0.001303 -0.023240
v 0.013536 0.002764 -0.022461
v 0.011805 0.001843 -0.022284
v 0.012888 0.002977 -0.022089
v 0.012386 0.001702 -0.022564
v 0.012203 0.003144 -0.021764
v 0.010746 0.003332 -0.021267
v 0.009926 0.002017 -0.021708
v 0.009988 0.003352 -0.021101
v 0.010569 0.002001 -0.021854
v 0.009219 0.003322 -0.020991
v 0.008619 0.001920 -0.021561
v 0.008449 0.003242 -0.020939
v 0.009274 0.001990 -0.021610
v 0.008449 0.003242 -0.020939
v 0.007969 0.001809 -0.021561
v 0.007683 0.003113 -0.020945
v 0.008619 0.001920 -0.021561
v 0.006930 0.002937 -0.021009
v 0.006704 0.001467 -0.021709
v 0.006196 0.002715 -0.021131
v 0.007328 0.001658 -0.021610
v 0.004814 0.002141 -0.021542
v 0.006103 0.001239 -0.021856
v 0.005529 0.000976 -0.022049
v 0.005488 0.002448 -0.021309
v 0.003592 0.001415 -0.022162
v 0.004989 0.000680 -0.022287
v 0.004488 0.000355 -0.022567
v 0.004180 0.001796 -0.021827
v 0.002576 0.000564 -0.022968
v 0.004031 0.000003 -0.022887
v 0.003622 -0.000373 -0.023244
v 0.003056 0.001003 -0.022544
v 0.003264 -0.000768 -0.023634
v 0.001805 -0.000379 -0.023928
v 0.002158 0.000102 -0.023431
v 0.002963 -0.001178 -0.024053
v 0.002719 -0.001601 -0.024498
v 0.001309 -0.001378 -0.025006
v 0.001521 -0.000874 -0.024455
v 0.002537 -0.002031 -0.024964
v 0.002417 -0.002465 -0.025446
v 0.001107 -0.002395 -0.026160
v 0.001170 -0.001887 -0.025576
v 0.002360 -0.002898 -0.025941
v 0.002368 -0.003327 -0.026443
v 0.001206 -0.003390 -0.027346
v 0.001119 -0.002897 -0.026752
v 0.002439 -0.003746 -0.026947
v 0.002575 -0.004153 -0.027449
v 0.001603 -0.004325 -0.028518
v 0.001368 -0.003867 -0.027937
v 0.002772 -0.004543 -0.027943
v 0.003029 -0.004912 -0.028425
v 0.002283 -0.005165 -0.029631
v 0.001909 -0.004759 -0.029085
v 0.003345 -0.005258 -0.028891
v 0.023243 -0.008309 -0.037294
v 0.013732 -0.005463 -0.032148
v 0.014320 -0.005083 -0.031813
v 0.003773 -0.006175 -0.031098
v 0.007770 -0.019196 -0.047153
v 0.003219 -0.005876 -0.030643
v 0.007770 -0.019196 -0.047153
v 0.003773 -0.006175 -0.031098
v 0.009867 -0.018399 -0.046613
v -0.004900 -0.025025 -0.023265
v -0.018127 -0.025184 -0.022955
v -0.018294 -0.025101 -0.025022
v 0.015629 0.001497 -0.024344
v 0.016544 0.007700 -0.017257
v 0.016002 0.001091 -0.024890
v 0.016145 0.007512 -0.017402
v 0.026706 0.003655 -0.023915
v 0.026830 0.002254 -0.025581
v 0.016002 0.001091 -0.024890
v 0.026830 0.002254 -0.025581
v 0.016706 -0.000278 -0.026629
v 0.016544 0.000200 -0.026038
v 0.026830 0.002254 -0.025581
v 0.016793 -0.000770 -0.027223
v 0.016706 -0.000278 -0.026629
v -0.006976 0.011546 0.010119
v -0.005661 0.015227 0.009605
v -0.008293 0.014045 0.008364
v -0.005149 0.012481 0.011651
v -0.005149 0.012481 0.011651
v -0.005387 0.009192 0.012518
v -0.004642 0.009827 0.013546
v -0.006976 0.011546 0.010119
v 0.011184 0.010977 -0.010856
v 0.011073 0.012171 -0.010989
v 0.011492 0.011185 -0.010670
v 0.010728 0.011940 -0.011194
v -0.007106 0.019460 0.000972
v -0.004792 0.009989 -0.010555
v -0.005379 0.009875 -0.010577
v -0.004792 0.009989 -0.010555
v -0.007106 0.019460 0.000972
v -0.004415 0.019768 0.000827
v -0.005109 0.008839 -0.010286
v -0.004792 0.009989 -0.010555
v -0.004575 0.008940 -0.010270
v -0.005379 0.009875 -0.010577
v 0.010964 0.007417 -0.016540
v 0.008449 0.003242 -0.020939
v 0.010627 0.007592 -0.016273
v 0.008449 0.003242 -0.020939
v 0.010964 0.007417 -0.016540
v 0.009219 0.003322 -0.020991
v 0.011447 0.012382 -0.010812
v 0.007455 0.019144 -0.002134
v 0.009945 0.018617 -0.003215
v 0.011846 0.012570 -0.010667
v 0.011073 0.012171 -0.010989
v 0.007455 0.019144 -0.002134
v 0.011447 0.012382 -0.010812
v 0.000976 0.057165 -0.053681
v -0.003257 0.055504 -0.053722
v -0.002779 0.058088 -0.053007
v 0.000125 0.054613 -0.054346
v -0.014370 -0.023275 -0.048532
v -0.012174 -0.025960 -0.048041
v -0.014440 -0.025831 -0.047586
v -0.012251 -0.023413 -0.048953
v -0.016767 -0.025553 -0.047090
v -0.019174 -0.025086 -0.046612
v -0.018769 -0.022352 -0.047647
v -0.016498 -0.022900 -0.048093
v -0.023813 -0.020901 -0.046780
v -0.021253 -0.021700 -0.047209
v -0.021625 -0.024423 -0.046190
v -0.024172 -0.023566 -0.045749
v -0.024172 -0.023566 -0.045749
v -0.026863 -0.022498 -0.045215
v -0.026303 -0.019868 -0.046340
v -0.023813 -0.020901 -0.046780
v -0.032537 -0.019482 -0.044110
v -0.035242 -0.017609 -0.043677
v -0.033543 -0.015434 -0.045024
v -0.031202 -0.017061 -0.045426
v -0.037530 -0.015746 -0.043337
v -0.039856 -0.013437 -0.043026
v -0.037845 -0.011620 -0.044367
v -0.035623 -0.013778 -0.044702
v -0.042521 -0.010234 -0.042710
v -0.042752 -0.005415 -0.043629
v -0.040343 -0.008670 -0.043979
v -0.045025 -0.006755 -0.042400
v -0.044916 -0.002115 -0.043387
v -0.045025 -0.006755 -0.042400
v -0.047015 -0.003598 -0.042111
v -0.042752 -0.005415 -0.043629
v -0.046706 0.001344 -0.043240
v -0.050208 0.003862 -0.041710
v -0.048155 0.005346 -0.043143
v -0.048686 -0.000270 -0.041868
v -0.049178 0.009798 -0.043107
v -0.051998 0.013268 -0.041797
v -0.049703 0.014235 -0.043171
v -0.051350 0.008528 -0.041699
v -0.049343 0.022705 -0.043600
v -0.052154 0.017944 -0.041939
v -0.051872 0.022417 -0.042100
v -0.049746 0.018566 -0.043347
v -0.047520 0.029677 -0.044130
v -0.051195 0.026579 -0.042330
v -0.050166 0.030332 -0.042669
v -0.048559 0.026462 -0.043871
v -0.046105 0.032935 -0.044466
v -0.046408 0.038379 -0.043805
v -0.044060 0.036775 -0.044997
v -0.048652 0.034129 -0.043147
v -0.040433 0.046065 -0.045414
v -0.038651 0.044209 -0.046440
v -0.041516 0.040692 -0.045691
v -0.043573 0.042512 -0.044587
v -0.035463 0.047253 -0.047208
v -0.036993 0.049169 -0.046254
v -0.033259 0.051950 -0.047079
v -0.032023 0.049796 -0.047975
v -0.025798 0.055997 -0.048589
v -0.028490 0.051828 -0.048722
v -0.029453 0.054268 -0.047857
v -0.025031 0.053378 -0.049436
v -0.021581 0.054546 -0.050147
v -0.022171 0.057245 -0.049322
v -0.018442 0.058099 -0.050087
v -0.018048 0.055395 -0.050873
v -0.010574 0.056170 -0.052352
v -0.014393 0.055941 -0.051609
v -0.010643 0.058764 -0.051628
v -0.014606 0.058596 -0.050864
v -0.007690 -0.023231 -0.049792
v -0.004925 -0.025834 -0.049333
v -0.007414 -0.025973 -0.048903
v -0.005323 -0.023028 -0.050239
v -0.005323 -0.023028 -0.050239
v -0.002515 -0.025513 -0.049754
v -0.004925 -0.025834 -0.049333
v -0.003101 -0.022726 -0.050690
v 0.000008 -0.024958 -0.050233
v 0.001869 -0.021517 -0.051729
v 0.002890 -0.024095 -0.050843
v -0.000797 -0.022256 -0.051173
v 0.005773 -0.023018 -0.051468
v 0.006636 -0.019617 -0.052713
v 0.008326 -0.021877 -0.051991
v 0.004475 -0.020579 -0.052264
v 0.010776 -0.020572 -0.052474
v 0.011081 -0.017067 -0.053670
v 0.013327 -0.018970 -0.052991
v 0.008727 -0.018509 -0.053157
v 0.019012 -0.014306 -0.054208
v 0.016088 -0.016916 -0.053580
v 0.016332 -0.012749 -0.054837
v 0.013635 -0.015187 -0.054234
v 0.026280 -0.004630 -0.055995
v 0.023485 -0.003391 -0.056554
v 0.025424 0.000650 -0.057108
v 0.028201 -0.000317 -0.056644
v 0.031233 0.012574 -0.057740
v 0.027803 0.008693 -0.057915
v 0.028307 0.012946 -0.058173
v 0.030679 0.008167 -0.057450
v 0.028370 0.017133 -0.058343
v 0.030839 0.021345 -0.058149
v 0.031249 0.016949 -0.057997
v 0.028065 0.021266 -0.058439
v 0.028065 0.021266 -0.058439
v 0.027412 0.025365 -0.058461
v 0.030081 0.025813 -0.058134
v 0.030839 0.021345 -0.058149
v 0.025551 0.037549 -0.057657
v 0.027418 0.033951 -0.057866
v 0.024914 0.033044 -0.058261
v 0.023074 0.036499 -0.058048
v 0.020874 0.044325 -0.056922
v 0.023358 0.041039 -0.057335
v 0.020926 0.039699 -0.057773
v 0.018544 0.042669 -0.057435
v 0.015963 0.045406 -0.057035
v 0.015018 0.049893 -0.056040
v 0.018101 0.047288 -0.056481
v 0.013139 0.047859 -0.056581
v 0.010036 0.049994 -0.056078
v 0.008147 0.054120 -0.055033
v 0.011655 0.052154 -0.055578
v 0.006767 0.051820 -0.055532
v -0.016519 -0.026090 -0.017227
v -0.017314 -0.027918 -0.017356
v -0.017910 -0.027567 -0.018826
v -0.017147 -0.025723 -0.018739
v -0.005347 -0.033453 -0.009921
v -0.007807 -0.033384 -0.007292
v -0.007330 -0.032969 -0.010026
v -0.005649 -0.033921 -0.007185
v -0.009063 -0.032373 -0.010346
v -0.011968 -0.031743 -0.008213
v -0.010759 -0.031650 -0.010915
v -0.009836 -0.032683 -0.007619
v -0.015731 -0.029711 -0.010254
v -0.014912 -0.029439 -0.013732
v -0.013753 -0.030128 -0.012640
v -0.017215 -0.028811 -0.011618
v -0.018469 -0.028015 -0.013132
v -0.016653 -0.028324 -0.016129
v -0.015858 -0.028834 -0.014915
v -0.019516 -0.027350 -0.014773
v -0.020386 -0.026832 -0.016538
v -0.017910 -0.027567 -0.018826
v -0.017314 -0.027918 -0.017356
v -0.021185 -0.026422 -0.018553
v 0.003279 -0.033420 -0.011425
v 0.006466 -0.032404 -0.012962
v 0.007817 -0.032918 -0.010855
v 0.004123 -0.034023 -0.009097
v 0.010567 -0.031375 -0.012920
v 0.006466 -0.032404 -0.012962
v 0.008783 -0.031146 -0.014770
v 0.007817 -0.032918 -0.010855
v 0.012461 -0.029642 -0.015284
v 0.010324 -0.029820 -0.016782
v 0.011333 -0.028528 -0.019024
v 0.013733 -0.027897 -0.018112
v 0.014361 -0.026572 -0.020939
v 0.012051 -0.026960 -0.022898
v 0.014594 -0.025769 -0.023242
v 0.011872 -0.027545 -0.021164
v -0.007414 -0.025973 -0.048903
v -0.010036 -0.023367 -0.049366
v -0.007690 -0.023231 -0.049792
v -0.009852 -0.025997 -0.048472
v -0.001143 -0.027705 -0.040155
v 0.000735 -0.027150 -0.043091
v 0.000773 -0.027516 -0.039608
v -0.001513 -0.027426 -0.043373
v 0.002720 -0.027276 -0.038793
v 0.005226 -0.026343 -0.041985
v 0.004429 -0.027034 -0.037828
v 0.002995 -0.026788 -0.042628
v 0.007341 -0.025851 -0.041112
v 0.006798 -0.026665 -0.035946
v 0.005690 -0.026842 -0.036926
v 0.009269 -0.025380 -0.039863
v 0.009178 -0.026288 -0.033079
v 0.010960 -0.024975 -0.038120
v 0.012418 -0.024623 -0.036007
v 0.007992 -0.026474 -0.034675
v 0.009178 -0.026288 -0.033079
v 0.012418 -0.024623 -0.036007
v 0.013628 -0.024343 -0.033712
v 0.010245 -0.026144 -0.031129
v 0.011071 -0.026124 -0.028941
v 0.014447 -0.024284 -0.031183
v 0.014746 -0.024595 -0.028316
v 0.011648 -0.026277 -0.026679
v -0.021976 -0.026100 -0.020956
v -0.018823 -0.027056 -0.022954
v -0.018461 -0.027253 -0.020788
v -0.022600 -0.025921 -0.023520
v -0.018951 -0.026986 -0.024993
v -0.022965 -0.025883 -0.026037
v -0.018857 -0.027015 -0.026874
v -0.023152 -0.025914 -0.028532
v -0.023127 -0.025978 -0.030963
v -0.022612 -0.026142 -0.033222
v -0.018121 -0.027234 -0.030217
v -0.018577 -0.027104 -0.028570
v -0.021390 -0.026460 -0.035229
v -0.018121 -0.027234 -0.030217
v -0.022612 -0.026142 -0.033222
v -0.017444 -0.027401 -0.031935
v -0.016530 -0.027569 -0.033594
v -0.017926 -0.027171 -0.038381
v -0.015405 -0.027711 -0.035096
v -0.019697 -0.026845 -0.036935
v -0.014095 -0.027828 -0.036470
v -0.014363 -0.027602 -0.040712
v -0.012610 -0.027928 -0.037703
v -0.016157 -0.027419 -0.039630
v 0.004136 -0.005863 -0.029755
v 0.003773 -0.006175 -0.031098
v 0.003219 -0.005876 -0.030643
v 0.004604 -0.006117 -0.030145
v -0.008901 0.005453 -0.013533
v -0.009494 0.006129 -0.014183
v -0.009466 0.006519 -0.013731
v -0.008870 0.005808 -0.013122
v -0.008777 0.006165 -0.012722
v -0.009371 0.006912 -0.013290
v -0.008625 0.006518 -0.012337
v -0.009209 0.007300 -0.012865
v -0.008778 0.004763 -0.014364
v -0.009455 0.005745 -0.014640
v -0.008870 0.005103 -0.013949
v -0.009348 0.005373 -0.015096
v -0.008415 0.006863 -0.011973
v -0.008984 0.007681 -0.012463
v -0.008149 0.007196 -0.011634
v -0.008697 0.008048 -0.012087
v -0.008416 0.004133 -0.015171
v -0.009175 0.005018 -0.015545
v -0.008626 0.004439 -0.014773
v -0.008938 0.004684 -0.015981
v -0.007831 0.007511 -0.011325
v -0.008353 0.008396 -0.011744
v -0.007466 0.007805 -0.011050
v -0.007956 0.008722 -0.011438
v -0.007834 0.003594 -0.015913
v -0.008641 0.004376 -0.016399
v -0.008151 0.003850 -0.015552
v -0.008288 0.004097 -0.016792
v -0.007466 0.007805 -0.011050
v -0.007511 0.009021 -0.011172
v -0.007058 0.008075 -0.010812
v -0.007956 0.008722 -0.011438
v -0.007061 0.003175 -0.016551
v -0.006937 0.003473 -0.017780
v -0.007430 0.003642 -0.017488
v -0.006615 0.003017 -0.016820
v -0.006612 0.008316 -0.010614
v -0.006502 0.009523 -0.010776
v -0.006135 0.008526 -0.010459
v -0.007024 0.009289 -0.010951
v -0.006138 0.002897 -0.017051
v -0.005854 0.003259 -0.018236
v -0.006409 0.003344 -0.018031
v -0.005635 0.002816 -0.017242
v -0.005631 0.008701 -0.010349
v -0.005379 0.009875 -0.010577
v -0.005109 0.008839 -0.010286
v -0.005951 0.009719 -0.010651
v -0.005278 0.003218 -0.018393
v -0.004578 0.002774 -0.017491
v -0.004690 0.003222 -0.018500
v -0.005113 0.002775 -0.017389
v -0.004415 0.019768 0.000827
v -0.007305 0.020208 0.004660
v -0.004402 0.020546 0.004488
v -0.007106 0.019460 0.000972
v -0.004690 0.003222 -0.018500
v -0.004039 0.002815 -0.017546
v -0.004096 0.003270 -0.018556
v -0.004578 0.002774 -0.017491
v -0.003607 0.010085 -0.010667
v -0.002968 0.009000 -0.010505
v -0.003497 0.009020 -0.010381
v -0.003024 0.010067 -0.010799
v -0.003506 0.003362 -0.018560
v -0.002971 0.003015 -0.017514
v -0.002925 0.003498 -0.018512
v -0.003501 0.002895 -0.017554
v -0.002458 0.010003 -0.010981
v -0.001963 0.008838 -0.010886
v -0.002454 0.008938 -0.010674
v -0.001916 0.009896 -0.011209
v -0.002362 0.003674 -0.018412
v -0.001967 0.003365 -0.017295
v -0.001825 0.003889 -0.018262
v -0.002458 0.003172 -0.017428
v -0.001404 0.009747 -0.011481
v -0.001074 0.008523 -0.011423
v -0.001501 0.008698 -0.011136
v -0.000931 0.009557 -0.011793
v -0.001320 0.004140 -0.018064
v -0.001076 0.003846 -0.016900
v -0.000853 0.004424 -0.017820
v -0.001504 0.003590 -0.017119
v -0.001074 0.008523 -0.011423
v -0.000501 0.009330 -0.012141
v -0.000686 0.008313 -0.011743
v -0.000931 0.009557 -0.011793
v -0.000060 0.005075 -0.017209
v -0.000347 0.004434 -0.016350
v 0.000255 0.005433 -0.016849
v -0.000055 0.004758 -0.016026
v 0.000205 0.008773 -0.012927
v -0.000345 0.008071 -0.012091
v -0.000121 0.009067 -0.012521
v -0.000053 0.007801 -0.012462
v 0.000512 0.005808 -0.016459
v 0.000183 0.005098 -0.015674
v 0.000706 0.006193 -0.016045
v 0.000365 0.005447 -0.015299
v 0.000677 0.008106 -0.013798
v 0.000185 0.007507 -0.012853
v 0.000472 0.008452 -0.013355
v 0.000366 0.007191 -0.013257
v 0.000549 0.006160 -0.014499
v 0.000835 0.006584 -0.015611
v 0.000488 0.005803 -0.014905
v 0.000897 0.006976 -0.015164
v 0.000891 0.007364 -0.014709
v 0.000550 0.006513 -0.014086
v 0.000488 0.006858 -0.013670
v 0.000817 0.007742 -0.014251
v -0.010170 -0.005873 -0.028144
v -0.009671 -0.006180 -0.027035
v -0.009594 -0.005662 -0.028006
v -0.010196 -0.006373 -0.027161
v -0.010196 -0.006373 -0.027161
v -0.010170 -0.005873 -0.028144
v -0.010771 -0.006040 -0.028224
v -0.010744 -0.006525 -0.027235
v -0.008549 -0.005121 -0.027569
v -0.008304 -0.005392 -0.026371
v -0.008095 -0.004798 -0.027277
v -0.008718 -0.005686 -0.026637
v -0.011306 -0.006635 -0.027256
v -0.011388 -0.006161 -0.028247
v -0.012012 -0.006233 -0.028212
v -0.011875 -0.006701 -0.027224
v -0.007696 -0.004447 -0.026940
v -0.007941 -0.005072 -0.026064
v -0.007358 -0.004073 -0.026565
v -0.007633 -0.004731 -0.025721
v -0.013244 -0.006229 -0.027970
v -0.013834 -0.006153 -0.027767
v -0.013536 -0.006628 -0.026817
v -0.012998 -0.006697 -0.027003
v -0.007085 -0.003681 -0.026155
v -0.007384 -0.004374 -0.025348
v -0.006882 -0.003277 -0.025718
v -0.007200 -0.004005 -0.024949
v -0.014396 -0.006028 -0.027512
v -0.014920 -0.005858 -0.027210
v -0.014526 -0.006360 -0.026310
v -0.014048 -0.006515 -0.026585
v -0.007081 -0.003631 -0.024531
v -0.007030 -0.003257 -0.024100
v -0.006697 -0.002456 -0.024786
v -0.006752 -0.002867 -0.025260
v -0.014964 -0.006164 -0.025995
v -0.015400 -0.005643 -0.026864
v -0.015354 -0.005932 -0.025646
v -0.015829 -0.005388 -0.026481
v -0.006697 -0.002456 -0.024786
v -0.007049 -0.002888 -0.023662
v -0.006716 -0.002051 -0.024305
v -0.007030 -0.003257 -0.024100
v -0.015354 -0.005932 -0.025646
v -0.016199 -0.005096 -0.026065
v -0.015692 -0.005665 -0.025267
v -0.015829 -0.005388 -0.026481
v -0.006811 -0.001658 -0.023824
v -0.007289 -0.002187 -0.022789
v -0.006979 -0.001282 -0.023348
v -0.007135 -0.002530 -0.023223
v -0.015972 -0.005369 -0.024864
v -0.016746 -0.004418 -0.025161
v -0.016191 -0.005047 -0.024442
v -0.016506 -0.004771 -0.025623
v -0.007219 -0.000929 -0.022886
v -0.007787 -0.001569 -0.021965
v -0.007526 -0.000604 -0.022444
v -0.007507 -0.001865 -0.022368
v -0.008516 -0.001070 -0.021236
v -0.008953 -0.000875 -0.020922
v -0.008805 0.000158 -0.021300
v -0.008325 -0.000057 -0.021645
v -0.009891 0.000453 -0.020743
v -0.009432 -0.000720 -0.020646
v -0.009944 -0.000606 -0.020414
v -0.009330 0.000328 -0.020998
v -0.011092 0.000556 -0.020390
v -0.010482 -0.000537 -0.020229
v -0.011038 -0.000513 -0.020093
v -0.010481 0.000529 -0.020540
v -0.011038 -0.000513 -0.020093
v -0.011713 0.000533 -0.020297
v -0.011092 0.000556 -0.020390
v -0.011605 -0.000534 -0.020008
v -0.016398 -0.003603 -0.022700
v -0.016973 -0.002833 -0.023250
v -0.016280 -0.003229 -0.022282
v -0.016843 -0.002423 -0.022792
v -0.012337 0.000461 -0.020262
v -0.012173 -0.000600 -0.019976
v -0.012736 -0.000710 -0.019997
v -0.012954 0.000340 -0.020285
v -0.016095 -0.002861 -0.021884
v -0.016640 -0.002019 -0.022354
v -0.015847 -0.002503 -0.021510
v -0.016368 -0.001627 -0.021945
v -0.013555 0.000173 -0.020366
v -0.013283 -0.000862 -0.020071
v -0.013809 -0.001054 -0.020196
v -0.014131 -0.000038 -0.020504
v -0.015539 -0.002162 -0.021168
v -0.016029 -0.001253 -0.021569
v -0.015175 -0.001842 -0.020861
v -0.015631 -0.000902 -0.021233
v -0.014674 -0.000290 -0.020696
v -0.014304 -0.001284 -0.020372
v -0.014762 -0.001548 -0.020594
v -0.015177 -0.000579 -0.020940
v 0.016145 0.007512 -0.017402
v 0.016428 0.007201 -0.016267
v 0.016544 0.007700 -0.017257
v 0.016073 0.007031 -0.016399
v 0.016544 0.007700 -0.017257
v 0.016762 0.007390 -0.016107
v 0.016918 0.007911 -0.017080
v 0.016428 0.007201 -0.016267
v 0.015698 0.006884 -0.016501
v 0.015726 0.007349 -0.017515
v 0.015290 0.007211 -0.017594
v 0.015308 0.006759 -0.016574
v 0.017578 0.008391 -0.016641
v 0.017350 0.007822 -0.015712
v 0.017858 0.008656 -0.016383
v 0.017599 0.008060 -0.015479
v 0.014907 0.006659 -0.016616
v 0.014842 0.007101 -0.017639
v 0.014385 0.007019 -0.017650
v 0.014498 0.006584 -0.016627
v 0.018101 0.008934 -0.016102
v 0.017815 0.008310 -0.015227
v 0.018304 0.009224 -0.015802
v 0.017995 0.008570 -0.014957
v 0.013674 0.006513 -0.016556
v 0.013925 0.006966 -0.017625
v 0.013465 0.006943 -0.017566
v 0.014086 0.006535 -0.016607
v 0.018466 0.009521 -0.015484
v 0.018138 0.008836 -0.014671
v 0.018584 0.009823 -0.015152
v 0.018242 0.009107 -0.014374
v 0.012566 0.006986 -0.017347
v 0.012134 0.007051 -0.017189
v 0.012481 0.006606 -0.016223
v 0.012868 0.006548 -0.016363
v 0.018659 0.010127 -0.014810
v 0.018242 0.009107 -0.014374
v 0.018306 0.009379 -0.014067
v 0.018584 0.009823 -0.015152
v 0.012110 0.006689 -0.016055
v 0.011721 0.007146 -0.017001
v 0.011758 0.006797 -0.015862
v 0.011330 0.007268 -0.016784
v 0.018673 0.010729 -0.014106
v 0.018331 0.009651 -0.013753
v 0.018314 0.009919 -0.013436
v 0.018688 0.010430 -0.014460
v 0.011429 0.006930 -0.015646
v 0.010964 0.007417 -0.016540
v 0.011126 0.007085 -0.015407
v 0.010627 0.007592 -0.016273
v 0.018612 0.011022 -0.013751
v 0.018258 0.010181 -0.013118
v 0.018094 0.010555 -0.012648
v 0.018433 0.011441 -0.013226
v 0.010852 0.007261 -0.015149
v 0.010054 0.008009 -0.015675
v 0.010609 0.007456 -0.014874
v 0.010323 0.007790 -0.015983
v 0.018433 0.011441 -0.013226
v 0.018094 0.010555 -0.012648
v 0.017853 0.010905 -0.012193
v 0.018168 0.011833 -0.012717
v 0.010609 0.007456 -0.014874
v 0.010054 0.008009 -0.015675
v 0.009824 0.008249 -0.015352
v 0.010401 0.007670 -0.014585
v 0.017937 0.012073 -0.012393
v 0.017645 0.011119 -0.011904
v 0.017402 0.011314 -0.011629
v 0.017668 0.012292 -0.012085
v 0.010228 0.007899 -0.014284
v 0.009633 0.008505 -0.015015
v 0.009484 0.008776 -0.014669
v 0.010093 0.008141 -0.013975
v 0.016825 0.011646 -0.011132
v 0.016496 0.011778 -0.010915
v 0.016662 0.012814 -0.011285
v 0.017028 0.012665 -0.011529
v 0.009996 0.008394 -0.013660
v 0.009379 0.009060 -0.014317
v 0.009319 0.009353 -0.013963
v 0.009940 0.008656 -0.013342
v 0.009948 0.009196 -0.012711
v 0.009303 0.009652 -0.013609
v 0.009332 0.009955 -0.013259
v 0.009924 0.008924 -0.013025
v 0.014981 0.013133 -0.010596
v 0.015386 0.012027 -0.010415
v 0.014987 0.012058 -0.010304
v 0.015426 0.013096 -0.010722
v 0.010117 0.009739 -0.012106
v 0.009526 0.010561 -0.012585
v 0.010259 0.010005 -0.011821
v 0.009687 0.010858 -0.012267
v 0.014987 0.012058 -0.010304
v 0.014526 0.013139 -0.010503
v 0.014981 0.013133 -0.010596
v 0.014580 0.012062 -0.010222
v 0.010439 0.010265 -0.011551
v 0.009890 0.011148 -0.011966
v 0.010655 0.010515 -0.011298
v 0.010133 0.011426 -0.011685
v 0.014067 0.013116 -0.010443
v 0.014168 0.012040 -0.010171
v 0.013756 0.011991 -0.010151
v 0.013606 0.013063 -0.010419
v 0.007455 0.019144 -0.002134
v 0.010728 0.011940 -0.011194
v 0.010413 0.011691 -0.011427
v 0.013150 0.012981 -0.010429
v 0.013347 0.011916 -0.010162
v 0.012946 0.011816 -0.010204
v 0.012701 0.012871 -0.010475
v 0.011492 0.011185 -0.010670
v 0.011447 0.012382 -0.010812
v 0.011826 0.011374 -0.010511
v 0.011073 0.012171 -0.010989
v -0.015847 -0.002503 -0.021510
v -0.015539 -0.002162 -0.021168
v -0.012442 -0.006722 -0.027139
v 0.009407 0.010260 -0.012916
v 0.000205 0.008773 -0.012927
v -0.000121 0.009067 -0.012521
v 0.000205 0.008773 -0.012927
v 0.009407 0.010260 -0.012916
v 0.009332 0.009955 -0.013259
v -0.009330 0.000328 -0.020998
v -0.006937 0.003473 -0.017780
v -0.006409 0.003344 -0.018031
v -0.009891 0.000453 -0.020743
v -0.003024 0.010067 -0.010799
v 0.002568 0.019820 -0.000424
v -0.002458 0.010003 -0.010981
v 0.004982 0.019550 -0.001195
v -0.002458 0.010003 -0.010981
v 0.002568 0.019820 -0.000424
v 0.018688 0.010430 -0.014460
v 0.023532 0.010580 -0.015198
v 0.018659 0.010127 -0.014810
v 0.023532 0.010580 -0.015198
v 0.018688 0.010430 -0.014460
v 0.022211 0.012069 -0.013203
v -0.009891 0.000453 -0.020743
v -0.007430 0.003642 -0.017488
v -0.006937 0.003473 -0.017780
v -0.010481 0.000529 -0.020540
v -0.012954 0.000340 -0.020285
v -0.009348 0.005373 -0.015096
v -0.009175 0.005018 -0.015545
v 0.017509 0.015633 -0.008142
v 0.016270 0.012936 -0.011068
v 0.015857 0.013031 -0.010880
v 0.011721 0.007146 -0.017001
v 0.009988 0.003352 -0.021101
v 0.011330 0.007268 -0.016784
v 0.007455 0.019144 -0.002134
v 0.011073 0.012171 -0.010989
v 0.010728 0.011940 -0.011194
v 0.019285 0.014466 -0.009843
v 0.017668 0.012292 -0.012085
v 0.017364 0.012490 -0.011796
v 0.014981 0.013133 -0.010596
v 0.017509 0.015633 -0.008142
v 0.015426 0.013096 -0.010722
v 0.017509 0.015633 -0.008142
v 0.014981 0.013133 -0.010596
v 0.015655 0.016645 -0.006605
v 0.017668 0.012292 -0.012085
v 0.020775 0.013342 -0.011441
v 0.017937 0.012073 -0.012393
v 0.020775 0.013342 -0.011441
v 0.017668 0.012292 -0.012085
v 0.019285 0.014466 -0.009843
v 0.022211 0.012069 -0.013203
v 0.018688 0.010430 -0.014460
v 0.018673 0.010729 -0.014106
v 0.016793 -0.000770 -0.027223
v 0.026830 0.002254 -0.025581
v 0.026853 0.001099 -0.026940
v 0.016793 -0.000770 -0.027223
v 0.026853 0.001099 -0.026940
v 0.026824 0.000069 -0.028142
v 0.026824 0.000069 -0.028142
v 0.016741 -0.001781 -0.028399
v 0.016805 -0.001273 -0.027815
v 0.016793 -0.000770 -0.027223
v 0.026824 0.000069 -0.028142
v 0.016805 -0.001273 -0.027815
v 0.012265 0.012733 -0.010554
v 0.012556 0.011691 -0.010276
v 0.012182 0.011544 -0.010379
v 0.011846 0.012570 -0.010667
v 0.009867 -0.018399 -0.046613
v 0.003773 -0.006175 -0.031098
v 0.004376 -0.006432 -0.031514
v 0.009867 -0.018399 -0.046613
v 0.004376 -0.006432 -0.031514
v 0.005023 -0.006645 -0.031886
v 0.004376 -0.006432 -0.031514
v 0.004604 -0.006117 -0.030145
v 0.005115 -0.006335 -0.030501
v 0.003773 -0.006175 -0.031098
v 0.007166 -0.007000 -0.032708
v 0.013805 -0.016458 -0.045077
v 0.006425 -0.006930 -0.032486
v 0.013805 -0.016458 -0.045077
v 0.007166 -0.007000 -0.032708
v 0.007924 -0.007019 -0.032874
v 0.006244 -0.006656 -0.031101
v 0.006851 -0.006756 -0.031338
v 0.006425 -0.006930 -0.032486
v 0.005709 -0.006812 -0.032211
v 0.008692 -0.006989 -0.032984
v 0.013805 -0.016458 -0.045077
v 0.007924 -0.007019 -0.032874
v 0.013805 -0.016458 -0.045077
v 0.008692 -0.006989 -0.032984
v 0.009463 -0.006909 -0.033036
v 0.007480 -0.006814 -0.031531
v 0.008123 -0.006830 -0.031677
v 0.007924 -0.007019 -0.032874
v 0.007166 -0.007000 -0.032708
v 0.008123 -0.006830 -0.031677
v 0.008692 -0.006989 -0.032984
v 0.007924 -0.007019 -0.032874
v 0.008775 -0.006803 -0.031775
v 0.009430 -0.006734 -0.031824
v 0.010229 -0.006781 -0.033030
v 0.009463 -0.006909 -0.033036
v 0.010080 -0.006623 -0.031824
v 0.010229 -0.006781 -0.033030
v 0.010982 -0.006604 -0.032966
v 0.017078 -0.014267 -0.043122
v 0.010982 -0.006604 -0.032966
v 0.010721 -0.006471 -0.031774
v 0.011345 -0.006280 -0.031676
v 0.011716 -0.006382 -0.032844
v 0.010982 -0.006604 -0.032966
v 0.011716 -0.006382 -0.032844
v 0.017078 -0.014267 -0.043122
v 0.020545 -0.011335 -0.040335
v 0.013732 -0.005463 -0.032148
v 0.023243 -0.008309 -0.037294
v 0.013732 -0.005463 -0.032148
v 0.020545 -0.011335 -0.040335
v 0.013097 -0.005809 -0.032433
v 0.016741 -0.001781 -0.028399
v 0.025835 -0.003605 -0.032262
v 0.016603 -0.002289 -0.028969
v 0.025835 -0.003605 -0.032262
v 0.016741 -0.001781 -0.028399
v 0.026824 0.000069 -0.028142
v 0.025835 -0.003605 -0.032262
v 0.016107 -0.003288 -0.030047
v 0.016391 -0.002794 -0.029520
v 0.015754 -0.003769 -0.030544
v 0.025835 -0.003605 -0.032262
v 0.023243 -0.008309 -0.037294
v 0.023243 -0.008309 -0.037294
v 0.015336 -0.004232 -0.031007
v 0.015754 -0.003769 -0.030544
v 0.012520 -0.005789 -0.031336
v 0.012423 -0.006116 -0.032666
v 0.011946 -0.006052 -0.031529
v 0.013097 -0.005809 -0.032433
v 0.013561 -0.005168 -0.030818
v 0.013732 -0.005463 -0.032148
v 0.013060 -0.005493 -0.031098
v 0.014320 -0.005083 -0.031813
v 0.014856 -0.004671 -0.031431
v 0.014427 -0.004441 -0.030141
v 0.015336 -0.004232 -0.031007
v 0.014018 -0.004816 -0.030498
v 0.015754 -0.003769 -0.030544
v 0.015086 -0.003635 -0.029332
v 0.016107 -0.003288 -0.030047
v 0.014785 -0.004046 -0.029751
v 0.016391 -0.002794 -0.029520
v 0.015512 -0.002783 -0.028421
v 0.016603 -0.002289 -0.028969
v 0.015330 -0.003213 -0.028887
v 0.016741 -0.001781 -0.028399
v 0.015689 -0.001915 -0.027444
v 0.016805 -0.001273 -0.027815
v 0.015633 -0.002349 -0.027939
v 0.016793 -0.000770 -0.027223
v 0.015610 -0.001067 -0.026438
v 0.016706 -0.000278 -0.026629
v 0.015681 -0.001487 -0.026942
v 0.016544 0.000200 -0.026038
v 0.015474 -0.000660 -0.025936
v 0.015277 -0.000270 -0.025442
v 0.016308 0.000657 -0.025457
v 0.014334 0.000762 -0.024049
v 0.015629 0.001497 -0.024344
v 0.014704 0.000444 -0.024494
v 0.015191 0.001870 -0.023823
v 0.013445 0.001303 -0.023240
v 0.014692 0.002208 -0.023332
v 0.013913 0.001049 -0.023630
v 0.014139 0.002507 -0.022877
v 0.013536 0.002764 -0.022461
v 0.012386 0.001702 -0.022564
v 0.012888 0.002977 -0.022089
v 0.012934 0.001522 -0.022884
v 0.012203 0.003144 -0.021764
v 0.011198 0.001943 -0.022047
v 0.011487 0.003263 -0.021489
v 0.011805 0.001843 -0.022284
v 0.010569 0.002001 -0.021854
v 0.011487 0.003263 -0.021489
v 0.011198 0.001943 -0.022047
v 0.010746 0.003332 -0.021267
v 0.009988 0.003352 -0.021101
v 0.009274 0.001990 -0.021610
v 0.009219 0.003322 -0.020991
v 0.009926 0.002017 -0.021708
v 0.007683 0.003113 -0.020945
v 0.007328 0.001658 -0.021610
v 0.006930 0.002937 -0.021009
v 0.007969 0.001809 -0.021561
v 0.006196 0.002715 -0.021131
v 0.006704 0.001467 -0.021709
v 0.005488 0.002448 -0.021309
v 0.006103 0.001239 -0.021856
v 0.005529 0.000976 -0.022049
v 0.004989 0.000680 -0.022287
v 0.004180 0.001796 -0.021827
v 0.004814 0.002141 -0.021542
v 0.004488 0.000355 -0.022567
v 0.004031 0.000003 -0.022887
v 0.003056 0.001003 -0.022544
v 0.003592 0.001415 -0.022162
v 0.002158 0.000102 -0.023431
v 0.003622 -0.000373 -0.023244
v 0.003264 -0.000768 -0.023634
v 0.002576 0.000564 -0.022968
v 0.001521 -0.000874 -0.024455
v 0.002963 -0.001178 -0.024053
v 0.002719 -0.001601 -0.024498
v 0.001805 -0.000379 -0.023928
v 0.002537 -0.002031 -0.024964
v 0.001170 -0.001887 -0.025576
v 0.001309 -0.001378 -0.025006
v 0.002417 -0.002465 -0.025446
v 0.002360 -0.002898 -0.025941
v 0.001119 -0.002897 -0.026752
v 0.001107 -0.002395 -0.026160
v 0.002368 -0.003327 -0.026443
v 0.002439 -0.003746 -0.026947
v 0.001368 -0.003867 -0.027937
v 0.001206 -0.003390 -0.027346
v 0.002575 -0.004153 -0.027449
v 0.002772 -0.004543 -0.027943
v 0.001909 -0.004759 -0.029085
v 0.001603 -0.004325 -0.028518
v 0.003029 -0.004912 -0.028425
v 0.003345 -0.005258 -0.028891
v 0.002721 -0.005538 -0.030152
v 0.002283 -0.005165 -0.029631
v 0.003715 -0.005575 -0.029336
v 0.014320 -0.005083 -0.031813
v 0.014856 -0.004671 -0.031431
v 0.023243 -0.008309 -0.037294
v 0.003219 -0.005876 -0.030643
v 0.005672 -0.019992 -0.047693
v 0.002721 -0.005538 -0.030152
v 0.005672 -0.019992 -0.047693
v 0.003219 -0.005876 -0.030643
v 0.007770 -0.019196 -0.047153
v 0.009988 0.003352 -0.021101
v 0.012134 0.007051 -0.017189
v 0.010746 0.003332 -0.021267
v 0.009988 0.003352 -0.021101
v 0.011721 0.007146 -0.017001
v 0.012134 0.007051 -0.017189
v 0.026325 0.005297 -0.021918
v 0.026706 0.003655 -0.023915
v 0.016002 0.001091 -0.024890
v 0.016308 0.000657 -0.025457
v 0.026830 0.002254 -0.025581
v 0.016544 0.000200 -0.026038
v 0.016002 0.001091 -0.024890
v 0.026830 0.002254 -0.025581
v 0.016308 0.000657 -0.025457
v -0.008805 0.000158 -0.021300
v -0.006409 0.003344 -0.018031
v -0.005854 0.003259 -0.018236
v -0.009330 0.000328 -0.020998
v -0.011092 0.000556 -0.020390
v -0.007882 0.003851 -0.017157
v -0.010481 0.000529 -0.020540
v -0.007430 0.003642 -0.017488
v -0.008293 0.014045 0.008364
v -0.006301 0.017756 0.007323
v -0.009478 0.016700 0.006711
v -0.005661 0.015227 0.009605
v 0.009303 0.009652 -0.013609
v 0.000677 0.008106 -0.013798
v 0.000472 0.008452 -0.013355
v 0.000677 0.008106 -0.013798
v 0.009303 0.009652 -0.013609
v 0.009319 0.009353 -0.013963
v -0.010046 0.018987 0.000969
v -0.005379 0.009875 -0.010577
v -0.005951 0.009719 -0.010651
v -0.007106 0.019460 0.000972
v -0.010046 0.018987 0.000969
v -0.006502 0.009523 -0.010776
v -0.012818 0.018401 0.000801
v -0.005951 0.009719 -0.010651
v -0.012818 0.018401 0.000801
v -0.007024 0.009289 -0.010951
v -0.015324 0.017723 0.000484
v -0.006502 0.009523 -0.010776
v -0.002030 0.019922 0.000560
v -0.003607 0.010085 -0.010667
v -0.004199 0.010059 -0.010585
v -0.003607 0.010085 -0.010667
v -0.002030 0.019922 0.000560
v 0.000255 0.019940 0.000153
v 0.011330 0.007268 -0.016784
v 0.009219 0.003322 -0.020991
v 0.010964 0.007417 -0.016540
v 0.009219 0.003322 -0.020991
v 0.011330 0.007268 -0.016784
v 0.009988 0.003352 -0.021101
v 0.009319 0.009353 -0.013963
v 0.000817 0.007742 -0.014251
v 0.000677 0.008106 -0.013798
v 0.000817 0.007742 -0.014251
v 0.009319 0.009353 -0.013963
v 0.009379 0.009060 -0.014317
v -0.004199 0.010059 -0.010585
v -0.004415 0.019768 0.000827
v -0.002030 0.019922 0.000560
v -0.004415 0.019768 0.000827
v -0.004199 0.010059 -0.010585
v -0.004792 0.009989 -0.010555
v -0.003024 0.010067 -0.010799
v 0.000255 0.019940 0.000153
v 0.002568 0.019820 -0.000424
v 0.000255 0.019940 0.000153
v -0.003024 0.010067 -0.010799
v -0.003607 0.010085 -0.010667
v 0.017509 0.015633 -0.008142
v 0.016662 0.012814 -0.011285
v 0.016270 0.012936 -0.011068
v -0.001916 0.009896 -0.011209
v 0.004982 0.019550 -0.001195
v 0.007455 0.019144 -0.002134
v -0.002458 0.010003 -0.010981
v -0.000501 0.009330 -0.012141
v 0.009687 0.010858 -0.012267
v 0.009526 0.010561 -0.012585
v -0.000501 0.009330 -0.012141
v 0.009890 0.011148 -0.011966
v 0.009687 0.010858 -0.012267
v 0.009890 0.011148 -0.011966
v -0.000501 0.009330 -0.012141
v -0.000931 0.009557 -0.011793
v -0.000121 0.009067 -0.012521
v 0.009526 0.010561 -0.012585
v 0.009407 0.010260 -0.012916
v 0.009526 0.010561 -0.012585
v -0.000121 0.009067 -0.012521
v -0.000501 0.009330 -0.012141
v 0.009332 0.009955 -0.013259
v 0.000472 0.008452 -0.013355
v 0.000205 0.008773 -0.012927
v 0.000472 0.008452 -0.013355
v 0.009332 0.009955 -0.013259
v 0.009303 0.009652 -0.013609
v -0.001056 0.005871 0.055674
v -0.000802 0.009014 0.052852
v -0.001396 0.005833 0.052841
v -0.000498 0.008686 0.055908
v -0.000757 0.012650 0.042801
v 0.000935 0.015953 0.046227
v 0.000639 0.016035 0.042321
v -0.000446 0.012680 0.046350
v -0.001475 0.000119 0.056418
v -0.001742 0.002638 0.053089
v -0.001851 -0.000574 0.053598
v -0.001378 0.003017 0.055858
v -0.000446 0.012680 0.046350
v -0.001716 0.008988 0.043229
v -0.001398 0.009153 0.046570
v -0.000757 0.012650 0.042801
v -0.002181 -0.001148 0.050748
v -0.002385 0.001897 0.047238
v -0.002499 -0.001704 0.047670
v -0.002067 0.002283 0.050278
v -0.033688 -0.013097 -0.014116
v -0.036750 -0.010896 -0.015852
v -0.035000 -0.013455 -0.016102
v -0.035540 -0.010185 -0.013954
v -0.027732 -0.018902 -0.012824
v -0.031729 -0.015743 -0.014397
v -0.029159 -0.018829 -0.014817
v -0.030283 -0.015603 -0.012415
v -0.030917 -0.012100 -0.010201
v -0.034368 -0.009393 -0.012017
v -0.032339 -0.012669 -0.012144
v -0.033149 -0.008406 -0.010096
v -0.037793 -0.006304 -0.013894
v -0.040898 -0.003690 -0.015682
v -0.038711 -0.007489 -0.015772
v -0.040267 -0.001936 -0.013878
v 0.019690 -0.020843 -0.025567
v 0.014698 -0.025167 -0.025523
v 0.014746 -0.024595 -0.028316
v 0.019387 -0.020655 -0.029016
v -0.026218 -0.018970 -0.010957
v -0.027020 -0.015229 -0.008659
v -0.028736 -0.015422 -0.010502
v -0.024512 -0.019064 -0.009182
v -0.035817 -0.003741 -0.010227
v -0.039558 -0.000216 -0.012129
v -0.036839 -0.005071 -0.012038
v -0.038743 0.001423 -0.010469
v -0.027592 -0.010697 -0.006417
v -0.031801 -0.007255 -0.008170
v -0.029357 -0.011430 -0.008291
v -0.030244 -0.005973 -0.006217
v -0.024982 -0.022138 -0.013331
v -0.020386 -0.026832 -0.016538
v -0.019516 -0.027350 -0.014773
v -0.026293 -0.021899 -0.015302
v -0.022507 -0.019218 -0.007466
v -0.022718 -0.014850 -0.005174
v -0.025068 -0.015050 -0.006887
v -0.020126 -0.019366 -0.005870
v -0.023596 -0.022392 -0.011527
v -0.018469 -0.028015 -0.013132
v -0.022004 -0.022694 -0.009829
v -0.017215 -0.028811 -0.011618
v -0.017293 -0.019445 -0.004456
v -0.015230 -0.014857 -0.001877
v -0.019810 -0.014589 -0.003506
v -0.013864 -0.019406 -0.003367
v -0.015731 -0.029711 -0.010254
v -0.017838 -0.023468 -0.006714
v -0.020074 -0.023078 -0.008179
v -0.013990 -0.030698 -0.009104
v -0.011968 -0.031743 -0.008213
v -0.012443 -0.023951 -0.004737
v -0.015327 -0.023788 -0.005575
v -0.009836 -0.032683 -0.007619
v -0.007807 -0.033384 -0.007292
v -0.005542 -0.023720 -0.004177
v -0.009086 -0.023870 -0.004180
v -0.005649 -0.033921 -0.007185
v -0.033187 -0.000691 -0.006453
v -0.037700 0.003082 -0.008759
v -0.034631 -0.002290 -0.008388
v -0.036322 0.004877 -0.006878
v -0.022718 -0.014850 -0.005174
v -0.023164 -0.009047 -0.002735
v -0.025539 -0.009893 -0.004590
v -0.019810 -0.014589 -0.003506
v -0.010088 -0.015529 -0.000881
v -0.015230 -0.014857 -0.001877
v -0.013864 -0.019406 -0.003367
v -0.009765 -0.019218 -0.002646
v -0.011870 -0.011881 0.000521
v -0.010088 -0.015529 -0.000881
v -0.009579 -0.013500 0.000432
v -0.015230 -0.014857 -0.001877
v -0.014395 -0.008263 0.001250
v -0.015230 -0.014857 -0.001877
v -0.011870 -0.011881 0.000521
v -0.019677 -0.008410 -0.000820
v -0.029782 0.002845 -0.002764
v -0.034669 0.006783 -0.004974
v -0.031550 0.001030 -0.004538
v -0.032799 0.008767 -0.003198
v -0.025674 0.006612 0.000437
v -0.030676 0.010734 -0.001597
v -0.027838 0.004718 -0.001112
v -0.028290 0.012568 -0.000171
v -0.019767 0.004194 0.002892
v -0.015936 -0.001417 0.003223
v -0.015162 0.001016 0.004528
v -0.021323 0.001921 0.001473
v -0.019125 0.011739 0.004019
v -0.018066 0.006311 0.004127
v -0.016237 0.008275 0.005138
v -0.021254 0.010182 0.003020
v -0.016237 0.008275 0.005138
v -0.014086 0.003484 0.005688
v -0.012704 0.005870 0.006730
v -0.018066 0.006311 0.004127
v -0.017026 0.013077 0.004841
v -0.016454 0.018187 0.004088
v -0.018995 0.017349 0.003513
v -0.015033 0.014213 0.005492
v -0.011188 0.007951 0.007756
v -0.012571 0.011339 0.006727
v -0.014379 0.010117 0.006111
v -0.009610 0.009283 0.008435
v -0.012207 0.015595 0.006176
v -0.010536 0.019667 0.004647
v -0.013649 0.018969 0.004459
v -0.009478 0.016700 0.006711
v -0.008422 0.010304 0.009134
v -0.008293 0.014045 0.008364
v -0.010471 0.012695 0.007503
v -0.006976 0.011546 0.010119
v -0.001568 0.011764 0.035447
v 0.000252 0.015874 0.038227
v -0.000236 0.015429 0.034026
v -0.001139 0.012329 0.039126
v -0.002342 0.005208 0.043625
v -0.002066 0.008587 0.039779
v -0.002666 0.004760 0.040259
v -0.001716 0.008988 0.043229
v -0.001668 0.013755 0.017873
v -0.000019 0.016661 0.022400
v 0.000012 0.017063 0.017232
v -0.001649 0.012725 0.021194
v -0.000801 0.014703 0.029802
v -0.002512 0.009855 0.028560
v -0.002020 0.010975 0.031887
v -0.001551 0.013314 0.026185
v -0.002512 0.009855 0.028560
v -0.002134 0.010803 0.023783
v -0.002802 0.008221 0.025564
v -0.001551 0.013314 0.026185
v -0.002809 -0.002245 0.044395
v -0.003008 0.000978 0.040631
v -0.003104 -0.002775 0.040956
v -0.002699 0.001466 0.044008
v -0.001425 -0.008217 0.051983
v -0.002325 -0.005305 0.048165
v -0.001704 -0.009039 0.048645
v -0.002013 -0.004596 0.051363
v -0.003614 0.002802 0.029955
v -0.003332 0.005209 0.026460
v -0.003891 0.002026 0.026673
v -0.003170 0.006325 0.029665
v -0.002803 0.007238 0.032948
v -0.002512 0.009855 0.028560
v -0.003170 0.006325 0.029665
v -0.002020 0.010975 0.031887
v -0.003392 -0.003280 0.037329
v -0.003600 -0.000104 0.033502
v -0.003671 -0.003749 0.033489
v -0.003309 0.000450 0.037123
v -0.003925 -0.004132 0.029586
v -0.004104 -0.001132 0.026375
v -0.004152 -0.004370 0.025765
v -0.003869 -0.000647 0.029882
v -0.001964 -0.009754 0.045139
v -0.002896 -0.006529 0.041288
v -0.002208 -0.010361 0.041487
v -0.002620 -0.005947 0.044796
v -0.003688 -0.007772 0.029202
v -0.002969 -0.011497 0.028593
v -0.002712 -0.011280 0.033164
v -0.003433 -0.007489 0.033441
v -0.000364 -0.016107 0.004594
v -0.000319 -0.015856 0.002220
v 0.001408 -0.016530 0.003597
v -0.001886 -0.015734 0.002797
v 0.001081 -0.016892 0.008680
v 0.002568 -0.017062 0.005304
v 0.003399 -0.017359 0.007760
v 0.000434 -0.016471 0.006423
v -0.002969 -0.011497 0.028593
v -0.003929 -0.007828 0.025024
v -0.002609 -0.011264 0.024035
v -0.003688 -0.007772 0.029202
v 0.001924 -0.018285 0.026378
v -0.000693 -0.014693 0.022749
v 0.001560 -0.018149 0.021289
v -0.001247 -0.015325 0.027598
v 0.001514 -0.017454 0.012003
v 0.004754 -0.018520 0.014869
v 0.001467 -0.017843 0.015869
v 0.004119 -0.017956 0.010900
v 0.005280 -0.018865 0.019792
v 0.001467 -0.017843 0.015869
v 0.004754 -0.018520 0.014869
v 0.001560 -0.018149 0.021289
v 0.006066 -0.019663 0.030538
v 0.001924 -0.018285 0.026378
v 0.005614 -0.019659 0.025174
v 0.002226 -0.018228 0.031473
v -0.000990 -0.015180 0.032445
v -0.002969 -0.011497 0.028593
v -0.001247 -0.015325 0.027598
v -0.002712 -0.011280 0.033164
v 0.006708 -0.019155 0.040307
v 0.002517 -0.018012 0.036393
v 0.006449 -0.019489 0.035655
v 0.002791 -0.017656 0.040961
v -0.000494 -0.014429 0.041388
v -0.002457 -0.010874 0.037541
v -0.000740 -0.014864 0.037110
v -0.002208 -0.010361 0.041487
v -0.000084 -0.013138 0.048985
v -0.001964 -0.009754 0.045139
v -0.000265 -0.013865 0.045331
v -0.001704 -0.009039 0.048645
v 0.003072 -0.014589 0.055968
v 0.006307 -0.015074 0.059316
v 0.003097 -0.013331 0.059240
v 0.006428 -0.016261 0.055972
v 0.010384 -0.017602 0.052081
v 0.006773 -0.018034 0.048603
v 0.010642 -0.018335 0.047953
v 0.006625 -0.017242 0.052383
v -0.001311 -0.002834 0.057305
v -0.001851 -0.000574 0.053598
v -0.001683 -0.003810 0.054359
v -0.001475 0.000119 0.056418
v 0.000298 -0.011249 0.055706
v -0.001425 -0.008217 0.051983
v 0.000105 -0.012277 0.052438
v -0.001125 -0.007264 0.055150
v 0.006334 -0.013670 0.062374
v 0.003097 -0.013331 0.059240
v 0.006307 -0.015074 0.059316
v 0.003229 -0.011731 0.062487
v 0.000812 -0.008290 0.062102
v -0.000790 -0.006078 0.058236
v 0.000524 -0.009968 0.058921
v -0.000364 -0.004563 0.061333
v -0.000318 0.005694 0.060662
v -0.000921 0.003478 0.058770
v -0.000375 0.004218 0.061413
v -0.000652 0.005809 0.058607
v -0.000834 -0.001565 0.060342
v -0.001475 0.000119 0.056418
v -0.001311 -0.002834 0.057305
v -0.000989 0.001034 0.059405
v 0.001830 -0.004154 0.067518
v 0.000204 -0.002889 0.064216
v 0.001258 -0.006334 0.065057
v 0.000915 -0.001231 0.066650
v 0.000462 0.001276 0.065591
v -0.000397 0.002158 0.062206
v -0.000235 -0.000148 0.063198
v 0.000262 0.003474 0.064471
v 0.000338 0.011454 0.056512
v -0.000157 0.008069 0.059083
v 0.000606 0.010361 0.060022
v -0.000498 0.008686 0.055908
v 0.000226 0.005442 0.063378
v -0.000318 0.005694 0.060662
v -0.000375 0.004218 0.061413
v 0.000136 0.007026 0.061770
v 0.003222 -0.000609 0.070508
v 0.004626 0.001758 0.071932
v 0.002948 0.001370 0.070392
v 0.004524 -0.001055 0.071547
v 0.006604 -0.009631 0.067963
v 0.003403 -0.009687 0.065469
v 0.006471 -0.011926 0.065243
v 0.003629 -0.007146 0.068063
v 0.008255 -0.006042 0.071131
v 0.010866 -0.004225 0.072111
v 0.007473 -0.004086 0.071909
v 0.010642 -0.006624 0.070886
v 0.002624 0.003809 0.069790
v 0.001097 0.004913 0.066509
v 0.001351 0.002624 0.067728
v 0.002376 0.006392 0.068652
v 0.004626 0.001758 0.071932
v 0.007274 -0.001313 0.072734
v 0.007394 0.001885 0.073169
v 0.004524 -0.001055 0.071547
v 0.007428 0.005253 0.072951
v 0.004626 0.001758 0.071932
v 0.007394 0.001885 0.073169
v 0.004558 0.004725 0.071658
v 0.002218 0.008806 0.066995
v 0.000869 0.008861 0.063080
v 0.000999 0.007013 0.065100
v 0.002041 0.010968 0.064623
v 0.003419 0.016830 0.058424
v 0.001777 0.012786 0.061257
v 0.003604 0.015267 0.062501
v 0.001562 0.014161 0.057433
v 0.003216 0.018598 0.050327
v 0.001379 0.015067 0.053715
v 0.003320 0.017895 0.054383
v 0.001170 0.015631 0.050005
v 0.003904 0.013159 0.066126
v 0.007254 0.012063 0.070078
v 0.007128 0.015118 0.067265
v 0.004144 0.010591 0.068796
v 0.003419 0.016830 0.058424
v 0.006902 0.017626 0.063483
v 0.006757 0.019383 0.059231
v 0.003604 0.015267 0.062501
v 0.003216 0.018598 0.050327
v 0.006790 0.020544 0.054933
v 0.006714 0.021222 0.050588
v 0.003320 0.017895 0.054383
v 0.015105 0.020703 0.054595
v 0.011205 0.020347 0.059347
v 0.015191 0.019561 0.058740
v 0.011171 0.021486 0.055019
v 0.002770 0.019160 0.041916
v 0.006573 0.021616 0.046163
v 0.006355 0.021818 0.041680
v 0.003038 0.018996 0.046185
v 0.014857 0.021828 0.045781
v 0.011133 0.022171 0.050574
v 0.015001 0.021406 0.050248
v 0.010990 0.022568 0.046036
v 0.010636 0.022858 0.037019
v 0.010455 0.022813 0.032302
v 0.006005 0.021894 0.032350
v 0.006105 0.021875 0.037130
v 0.014529 0.022147 0.036891
v 0.010810 0.022785 0.041492
v 0.014663 0.022075 0.041297
v 0.010636 0.022858 0.037019
v 0.003292 0.020277 0.026772
v 0.006005 0.021894 0.032350
v 0.006296 0.021945 0.027182
v 0.002052 0.019028 0.031946
v 0.001907 0.019041 0.025458
v -0.000019 0.016661 0.022400
v 0.000745 0.017590 0.027409
v 0.001907 0.019065 0.021625
v -0.003116 0.016349 0.010777
v -0.005661 0.015227 0.009605
v -0.005149 0.012481 0.011651
v -0.003002 0.013694 0.013329
v 0.001907 0.019065 0.021625
v 0.000012 0.017063 0.017232
v -0.000019 0.016661 0.022400
v 0.001894 0.019089 0.017092
v 0.009486 0.021912 0.016292
v 0.006322 0.021133 0.011938
v 0.006521 0.021538 0.016851
v 0.008983 0.021395 0.011203
v -0.001818 0.020720 0.004170
v 0.001161 0.020078 0.007977
v 0.000718 0.020758 0.003742
v -0.001039 0.019439 0.008026
v 0.014092 0.021904 0.026617
v 0.009961 0.022333 0.021571
v 0.010257 0.022636 0.027025
v 0.013549 0.021513 0.020859
v 0.017865 0.020404 0.031855
v 0.020934 0.018016 0.036361
v 0.020812 0.017912 0.031485
v 0.017995 0.020488 0.036686
v 0.006029 0.020850 0.007183
v 0.003246 0.020674 0.003210
v 0.003566 0.020592 0.007712
v 0.005735 0.020476 0.002533
v 0.012716 0.021304 0.015327
v 0.008983 0.021395 0.011203
v 0.009486 0.021912 0.016292
v 0.011859 0.020854 0.010071
v 0.011366 0.020139 0.005123
v 0.008316 0.020117 0.001595
v 0.008610 0.020737 0.006337
v 0.011126 0.019527 0.000320
v 0.016490 0.017693 0.002073
v 0.017764 0.017284 -0.003287
v 0.015760 0.018109 -0.002059
v 0.018397 0.016437 0.000310
v 0.014735 0.019500 0.008594
v 0.018781 0.017359 0.012702
v 0.017458 0.017443 0.006802
v 0.015922 0.019748 0.014086
v 0.017039 0.019885 0.019982
v 0.020555 0.017643 0.025600
v 0.019941 0.017401 0.019182
v 0.017625 0.020158 0.026093
v 0.024683 0.006934 0.005650
v 0.023372 0.010848 0.011496
v 0.024932 0.006973 0.011657
v 0.023015 0.010668 0.005552
v 0.022319 0.014317 0.018571
v 0.024634 0.011012 0.024838
v 0.024144 0.010839 0.018266
v 0.022897 0.014536 0.025170
v 0.026320 0.003111 0.024532
v 0.026283 -0.000811 0.030608
v 0.026229 -0.001066 0.024611
v 0.026415 0.003310 0.030519
v 0.023157 0.014792 0.031102
v 0.024921 0.011347 0.035709
v 0.024856 0.011229 0.030791
v 0.023268 0.014882 0.036005
v 0.023163 0.014833 0.044756
v 0.023267 0.014893 0.040386
v 0.020987 0.017986 0.040725
v 0.020996 0.017801 0.045083
v 0.026391 0.003490 0.035475
v 0.026107 -0.000353 0.040049
v 0.026234 -0.000582 0.035570
v 0.026278 0.003657 0.039947
v 0.025677 0.007703 0.044476
v 0.025878 0.007618 0.039964
v 0.024877 0.011405 0.040120
v 0.024720 0.011418 0.044562
v 0.026058 0.003816 0.044485
v 0.025481 0.000114 0.049153
v 0.025877 -0.000118 0.044602
v 0.025671 0.003968 0.049000
v 0.022450 0.014423 0.053261
v 0.022917 0.014679 0.049068
v 0.020910 0.017467 0.049374
v 0.020660 0.016937 0.053547
v 0.018325 0.017925 0.057857
v 0.015395 0.017795 0.062580
v 0.018434 0.016334 0.061104
v 0.015191 0.019561 0.058740
v 0.018434 0.016334 0.061104
v 0.019028 0.013667 0.063856
v 0.020747 0.013722 0.060477
v 0.019908 0.015426 0.059731
v 0.025313 0.007766 0.048956
v 0.023837 0.011318 0.053216
v 0.024717 0.007811 0.053299
v 0.024395 0.011389 0.048950
v 0.011197 0.015991 0.067271
v 0.015205 0.012361 0.068990
v 0.015471 0.015377 0.066040
v 0.011002 0.012757 0.070248
v 0.023837 0.007854 0.057396
v 0.021824 0.011121 0.060909
v 0.022648 0.007923 0.061150
v 0.022990 0.011225 0.057239
v 0.017778 0.008441 0.068997
v 0.019545 0.010184 0.065991
v 0.018149 0.011275 0.067114
v 0.019672 0.007952 0.066912
v 0.025481 0.000114 0.049153
v 0.025053 0.004106 0.053405
v 0.024848 0.000344 0.053621
v 0.025671 0.003968 0.049000
v 0.023936 0.000603 0.057856
v 0.022957 0.004461 0.061418
v 0.022727 0.000897 0.061714
v 0.024157 0.004264 0.057583
v 0.021216 0.001186 0.065117
v 0.019702 0.004885 0.067638
v 0.019416 0.001423 0.067997
v 0.021458 0.004674 0.064801
v 0.014457 0.005375 0.072239
v 0.017191 0.001611 0.070472
v 0.017530 0.005119 0.070096
v 0.014223 0.001773 0.072507
v 0.021216 0.001186 0.065117
v 0.018757 -0.001963 0.067968
v 0.020464 -0.002240 0.065313
v 0.019416 0.001423 0.067997
v 0.017191 0.001611 0.070472
v 0.013973 -0.001600 0.072065
v 0.016704 -0.001771 0.070197
v 0.014223 0.001773 0.072507
v 0.022727 0.000897 0.061714
v 0.023173 -0.002968 0.058272
v 0.023936 0.000603 0.057856
v 0.021955 -0.002590 0.062058
v 0.023414 -0.007432 0.049975
v 0.024108 -0.003338 0.054016
v 0.022750 -0.006988 0.054603
v 0.024751 -0.003680 0.049474
v 0.015852 -0.007264 0.067980
v 0.017896 -0.007198 0.065826
v 0.017240 -0.006286 0.067354
v 0.016044 -0.008990 0.066245
v 0.012601 -0.006203 0.070669
v 0.015835 -0.005073 0.069467
v 0.013493 -0.004357 0.071284
v 0.013221 -0.007453 0.069577
v 0.018714 -0.008508 0.063267
v 0.021798 -0.006437 0.058889
v 0.020624 -0.005783 0.062546
v 0.019601 -0.009783 0.059735
v 0.016044 -0.008990 0.066245
v 0.013376 -0.009288 0.067962
v 0.013235 -0.011305 0.065810
v 0.015852 -0.007264 0.067980
v 0.026107 -0.000353 0.040049
v 0.025151 -0.003980 0.044852
v 0.025378 -0.004261 0.040251
v 0.025877 -0.000118 0.044602
v 0.013133 -0.013115 0.063200
v 0.016649 -0.012635 0.060289
v 0.016248 -0.010922 0.063703
v 0.013256 -0.014652 0.060015
v 0.021281 -0.011137 0.050650
v 0.022750 -0.006988 0.054603
v 0.020546 -0.010619 0.055387
v 0.023414 -0.007432 0.049975
v 0.021701 -0.011552 0.045908
v 0.023414 -0.007432 0.049975
v 0.021281 -0.011137 0.050650
v 0.023821 -0.007789 0.045278
v 0.013853 -0.015824 0.056100
v 0.018284 -0.014358 0.051303
v 0.017500 -0.013720 0.055997
v 0.014537 -0.016621 0.051769
v 0.026283 -0.000811 0.030608
v 0.025496 -0.004549 0.035785
v 0.025533 -0.004863 0.030860
v 0.026234 -0.000582 0.035570
v 0.021972 -0.012282 0.036870
v 0.024046 -0.008117 0.040638
v 0.021911 -0.011926 0.041285
v 0.024136 -0.008453 0.036195
v 0.014978 -0.017205 0.047358
v 0.018939 -0.015246 0.042087
v 0.018735 -0.014829 0.046637
v 0.015165 -0.017686 0.042956
v 0.015182 -0.018070 0.038623
v 0.018843 -0.015973 0.032931
v 0.018969 -0.015614 0.037712
v 0.015013 -0.018405 0.033905
v 0.026229 -0.001066 0.024611
v 0.025300 -0.005571 0.018421
v 0.026061 -0.001310 0.018122
v 0.025472 -0.005217 0.024889
v 0.021684 -0.013062 0.026170
v 0.024127 -0.008825 0.031323
v 0.021904 -0.012660 0.032041
v 0.023997 -0.009247 0.025399
v 0.014052 -0.018854 0.022408
v 0.018055 -0.016585 0.021019
v 0.018533 -0.016313 0.027167
v 0.014618 -0.018683 0.028348
v 0.018055 -0.016585 0.021019
v 0.013291 -0.018754 0.016495
v 0.017326 -0.016641 0.014897
v 0.014052 -0.018854 0.022408
v 0.020712 -0.013693 0.013603
v 0.023730 -0.009662 0.018981
v 0.021307 -0.013443 0.019880
v 0.023307 -0.010036 0.012624
v 0.024683 0.006934 0.005650
v 0.025789 0.002806 0.011648
v 0.025676 0.002761 0.005643
v 0.024932 0.006973 0.011657
v 0.025030 -0.005892 0.011998
v 0.026061 -0.001310 0.018122
v 0.025300 -0.005571 0.018421
v 0.025840 -0.001522 0.011688
v 0.016398 -0.016415 0.009523
v 0.011482 -0.017761 0.007397
v 0.015498 -0.016119 0.005448
v 0.012416 -0.018329 0.011253
v 0.018533 -0.014124 -0.000302
v 0.022376 -0.010505 0.001807
v 0.019240 -0.013734 0.003441
v 0.022249 -0.011204 -0.003301
v 0.026159 -0.001858 -0.004027
v 0.024694 -0.006395 0.000970
v 0.025175 -0.006136 -0.004503
v 0.025877 -0.001765 0.000605
v 0.024262 0.007946 0.001576
v 0.025676 0.002761 0.005643
v 0.025493 0.004252 -0.000769
v 0.024683 0.006934 0.005650
v 0.022661 0.011176 0.002958
v 0.020336 0.014439 0.003706
v 0.023015 0.010668 0.005552
v 0.022114 0.012253 0.000580
v 0.026162 0.002218 -0.004868
v 0.025078 0.007766 -0.004537
v 0.025493 0.004252 -0.000769
v 0.025761 0.006060 -0.006466
v 0.026162 0.002218 -0.004868
v 0.025877 -0.001765 0.000605
v 0.026159 -0.001858 -0.004027
v 0.025493 0.004252 -0.000769
v 0.020225 0.016015 -0.005174
v 0.023205 0.012082 -0.004813
v 0.022458 0.014558 -0.007296
v 0.021129 0.014409 -0.002247
v 0.020225 0.016015 -0.005174
v 0.017764 0.017284 -0.003287
v 0.018397 0.016437 0.000310
v 0.021129 0.014409 -0.002247
v 0.023695 0.009893 -0.002154
v 0.025493 0.004252 -0.000769
v 0.025078 0.007766 -0.004537
v 0.024262 0.007946 0.001576
v 0.029544 -0.000708 -0.020407
v 0.031078 0.000087 -0.025001
v 0.030855 0.002176 -0.022683
v 0.029814 -0.002698 -0.023454
v 0.029909 -0.004413 -0.026280
v 0.030924 -0.003919 -0.029452
v 0.031079 -0.001941 -0.027241
v 0.029916 -0.005989 -0.028994
v 0.013527 -0.016511 -0.000747
v 0.016298 -0.017144 -0.006072
v 0.017537 -0.015228 -0.003522
v 0.012298 -0.017580 -0.003401
v 0.022249 -0.011204 -0.003301
v 0.018533 -0.014124 -0.000302
v 0.017537 -0.015228 -0.003522
v 0.021855 -0.012245 -0.007675
v 0.022821 -0.015885 -0.019315
v 0.023821 -0.012226 -0.014545
v 0.021672 -0.015782 -0.014195
v 0.024776 -0.012769 -0.019929
v 0.028909 -0.008058 -0.028536
v 0.027127 -0.009910 -0.024717
v 0.027353 -0.010664 -0.028153
v 0.028646 -0.007024 -0.025407
v 0.023840 -0.015879 -0.027032
v 0.025231 -0.013156 -0.023872
v 0.023388 -0.015948 -0.023269
v 0.025725 -0.013308 -0.027666
v 0.022821 -0.015885 -0.019315
v 0.019576 -0.019176 -0.014939
v 0.020683 -0.018929 -0.019175
v 0.021672 -0.015782 -0.014195
v 0.019690 -0.020843 -0.025567
v 0.021361 -0.018643 -0.022880
v 0.019220 -0.021163 -0.022751
v 0.021826 -0.018337 -0.026320
v -0.008447 -0.027749 -0.042878
v -0.006934 -0.026986 -0.045833
v -0.006174 -0.027711 -0.043267
v -0.009278 -0.027000 -0.045371
v -0.002092 -0.023803 -0.004516
v -0.005649 -0.033921 -0.007185
v -0.002965 -0.034321 -0.007352
v -0.005542 -0.023720 -0.004177
v 0.013165 -0.023167 -0.009327
v 0.015745 -0.022687 -0.012002
v 0.017719 -0.019453 -0.010913
v 0.014790 -0.019830 -0.007840
v 0.009404 -0.017193 0.001663
v 0.012298 -0.017580 -0.003401
v 0.013527 -0.016511 -0.000747
v 0.008040 -0.017967 -0.001522
v 0.017512 -0.022142 -0.015665
v 0.012461 -0.029642 -0.015284
v 0.013733 -0.027897 -0.018112
v 0.015745 -0.022687 -0.012002
v 0.006831 -0.019827 -0.004106
v 0.009822 -0.023569 -0.007371
v 0.011011 -0.019982 -0.005682
v 0.005726 -0.023815 -0.006055
v 0.015745 -0.022687 -0.012002
v 0.010567 -0.031375 -0.012920
v 0.012461 -0.029642 -0.015284
v 0.013165 -0.023167 -0.009327
v -0.002885 -0.011083 0.019530
v -0.000205 -0.009832 0.017522
v 0.001778 -0.013132 0.015545
v -0.000897 -0.014445 0.017956
v -0.001886 -0.015734 0.002797
v -0.001794 -0.012783 0.002780
v -0.004173 -0.015053 0.001824
v -0.000041 -0.013378 0.003437
v 0.000434 -0.016471 0.006423
v 0.002964 -0.014686 0.008749
v 0.002250 -0.013992 0.006678
v 0.001081 -0.016892 0.008680
v 0.002323 -0.013946 0.014762
v 0.001514 -0.017454 0.012003
v 0.001467 -0.017843 0.015869
v 0.003170 -0.015006 0.011767
v -0.003415 -0.011652 0.003117
v -0.004173 -0.015053 0.001824
v -0.001794 -0.012783 0.002780
v -0.006693 -0.013338 0.002289
v -0.005210 -0.007829 0.005218
v -0.009106 -0.006255 0.005588
v -0.008652 -0.008831 0.004503
v -0.005484 -0.005645 0.006109
v -0.009246 -0.003908 0.006514
v -0.005573 -0.003576 0.006892
v -0.009163 -0.001444 0.007429
v -0.005486 -0.001426 0.007734
v -0.005180 0.000937 0.008633
v -0.004641 0.003096 0.009448
v -0.008161 0.004246 0.009500
v -0.008812 0.001523 0.008478
v -0.003986 0.004638 0.010120
v -0.003317 0.005697 0.010721
v -0.006715 0.007489 0.011067
v -0.007458 0.006112 0.010320
v -0.005387 0.009192 0.012518
v -0.002679 0.006516 0.011340
v -0.002111 0.007183 0.012032
v -0.005998 0.008512 0.011810
v -0.005387 0.009192 0.012518
v -0.002111 0.007183 0.012032
v -0.001577 0.007727 0.012896
v -0.004642 0.009827 0.013546
v -0.005661 0.015227 0.009605
v -0.003690 0.018559 0.007770
v -0.006301 0.017756 0.007323
v -0.003116 0.016349 0.010777
v -0.000408 0.007734 0.017022
v -0.003250 0.010516 0.016634
v -0.000637 0.008123 0.015427
v -0.002947 0.010186 0.018761
v -0.002997 0.009130 0.020855
v -0.000546 0.005940 0.019671
v -0.003149 0.007958 0.022071
v -0.000415 0.006943 0.018520
v -0.003666 0.004070 0.023445
v -0.000720 0.004695 0.020534
v -0.000933 0.002984 0.021082
v -0.003350 0.006475 0.022880
v -0.004054 -0.004554 0.022022
v -0.001251 -0.001617 0.020461
v -0.001315 -0.004071 0.019623
v -0.004090 -0.001625 0.022905
v -0.001205 -0.006598 0.018792
v -0.002885 -0.011083 0.019530
v -0.003705 -0.007706 0.020866
v -0.000205 -0.009832 0.017522
v -0.039714 0.001555 -0.018450
v -0.040091 0.003876 -0.016321
v -0.038536 0.001158 -0.016526
v -0.040859 0.003939 -0.018388
v 0.001941 0.062151 -0.029569
v 0.005992 0.061058 -0.030268
v 0.006392 0.061999 -0.028240
v 0.002268 0.063094 -0.027538
v -0.000785 0.058516 -0.041748
v 0.005992 0.061058 -0.030268
v 0.001941 0.062151 -0.029569
v 0.002952 0.057536 -0.042441
v 0.009951 0.059502 -0.030963
v 0.013700 0.057567 -0.031606
v 0.014247 0.058409 -0.029557
v 0.010425 0.060410 -0.028928
v -0.026395 -0.019026 -0.040535
v -0.028749 -0.018577 -0.045882
v -0.028456 -0.017842 -0.038758
v -0.026303 -0.019868 -0.046340
v 0.009951 0.059502 -0.030963
v 0.006612 0.056168 -0.043127
v 0.013700 0.057567 -0.031606
v 0.010129 0.054453 -0.043775
v 0.017123 0.055336 -0.032150
v 0.020186 0.052881 -0.032615
v 0.020840 0.053622 -0.030536
v 0.017746 0.056126 -0.030087
v 0.002952 0.057536 -0.042441
v -0.003257 0.055504 -0.053722
v 0.000125 0.054613 -0.054346
v -0.000785 0.058516 -0.041748
v 0.017123 0.055336 -0.032150
v 0.013437 0.052434 -0.044351
v 0.020186 0.052881 -0.032615
v 0.016506 0.050141 -0.044852
v 0.022855 0.050277 -0.033018
v 0.025205 0.047486 -0.033366
v 0.025737 0.048132 -0.031274
v 0.023466 0.050966 -0.030926
v 0.010129 0.054453 -0.043775
v 0.003462 0.053365 -0.054953
v 0.006767 0.051820 -0.055532
v 0.006612 0.056168 -0.043127
v 0.022855 0.050277 -0.033018
v 0.019309 0.047608 -0.045277
v 0.025205 0.047486 -0.033366
v 0.021846 0.044829 -0.045632
v 0.027309 0.044472 -0.033666
v 0.029161 0.041239 -0.033892
v 0.029580 0.041837 -0.031783
v 0.027766 0.045084 -0.031570
v 0.013437 0.052434 -0.044351
v 0.010036 0.049994 -0.056078
v 0.016506 0.050141 -0.044852
v 0.013139 0.047859 -0.056581
v 0.027309 0.044472 -0.033666
v 0.024117 0.041798 -0.045928
v 0.029161 0.041239 -0.033892
v 0.026119 0.038539 -0.046166
v 0.030757 0.037793 -0.034019
v 0.032069 0.034064 -0.034047
v 0.032505 0.034645 -0.031897
v 0.031165 0.038387 -0.031891
v 0.021846 0.044829 -0.045632
v 0.015963 0.045406 -0.057035
v 0.018544 0.042669 -0.057435
v 0.019309 0.047608 -0.045277
v 0.030757 0.037793 -0.034019
v 0.027847 0.035074 -0.046351
v 0.032069 0.034064 -0.034047
v 0.029259 0.031368 -0.046462
v 0.033068 0.029985 -0.033978
v 0.033673 0.025602 -0.033809
v 0.034316 0.026051 -0.031637
v 0.033586 0.030519 -0.031815
v 0.026119 0.038539 -0.046166
v 0.020926 0.039699 -0.057773
v 0.023074 0.036499 -0.058048
v 0.024117 0.041798 -0.045928
v 0.033068 0.029985 -0.033978
v 0.030311 0.027385 -0.046479
v 0.033673 0.025602 -0.033809
v 0.030972 0.023188 -0.046407
v 0.033801 0.020965 -0.033541
v 0.033488 0.016424 -0.033219
v 0.034017 0.016780 -0.030959
v 0.034488 0.021333 -0.031334
v 0.029259 0.031368 -0.046462
v 0.024914 0.033044 -0.058261
v 0.026370 0.029326 -0.058402
v 0.027847 0.035074 -0.046351
v 0.033801 0.020965 -0.033541
v 0.031215 0.018839 -0.046254
v 0.033488 0.016424 -0.033219
v 0.031034 0.014456 -0.046026
v 0.032769 0.012331 -0.032890
v 0.031661 0.008468 -0.032487
v 0.031981 0.008919 -0.030205
v 0.033146 0.012732 -0.030598
v 0.030972 0.023188 -0.046407
v 0.027412 0.025365 -0.058461
v 0.028065 0.021266 -0.058439
v 0.030311 0.027385 -0.046479
v 0.032769 0.012331 -0.032890
v 0.030425 0.010155 -0.045735
v 0.031661 0.008468 -0.032487
v 0.029440 0.006012 -0.045354
v -0.039199 -0.006708 -0.030946
v -0.040343 -0.008670 -0.043979
v -0.042752 -0.005415 -0.043629
v -0.041090 -0.003890 -0.031011
v 0.031034 0.014456 -0.046026
v 0.028370 0.017133 -0.058343
v 0.028307 0.012946 -0.058173
v 0.031215 0.018839 -0.046254
v 0.001941 0.062151 -0.029569
v -0.004568 0.059312 -0.041037
v -0.000785 0.058516 -0.041748
v -0.002203 0.062927 -0.029059
v 0.029440 0.006012 -0.045354
v 0.027803 0.008693 -0.057915
v 0.026838 0.004600 -0.057561
v 0.030425 0.010155 -0.045735
v 0.028127 0.002104 -0.044856
v 0.025424 0.000650 -0.057108
v 0.023485 -0.003391 -0.056554
v 0.025492 -0.003414 -0.043712
v 0.029052 -0.008740 -0.042878
v 0.032438 -0.003172 -0.040231
v 0.029500 -0.008466 -0.039418
v 0.032019 -0.003580 -0.043725
v 0.023485 -0.003391 -0.056554
v 0.023990 -0.008471 -0.055326
v 0.021214 -0.007023 -0.055973
v 0.026280 -0.004630 -0.055995
v 0.009867 -0.018399 -0.046613
v 0.006636 -0.019617 -0.052713
v 0.007770 -0.019196 -0.047153
v 0.008727 -0.018509 -0.053157
v 0.025492 -0.003414 -0.043712
v 0.022647 -0.008044 -0.043500
v 0.023243 -0.008309 -0.037294
v 0.031079 -0.001941 -0.027241
v 0.026853 0.001099 -0.026940
v 0.031078 0.000087 -0.025001
v 0.026830 0.002254 -0.025581
v 0.026706 0.003655 -0.023915
v 0.026325 0.005297 -0.021918
v 0.030299 0.004278 -0.020266
v 0.030855 0.002176 -0.022683
v 0.029398 0.006381 -0.017737
v 0.026325 0.005297 -0.021918
v 0.025582 0.007179 -0.019571
v 0.030299 0.004278 -0.020266
v 0.025589 0.011891 -0.010889
v 0.027001 0.010253 -0.012969
v 0.023532 0.010580 -0.015198
v 0.022211 0.012069 -0.013203
v 0.024117 0.013261 -0.009082
v 0.025589 0.011891 -0.010889
v 0.022211 0.012069 -0.013203
v 0.020775 0.013342 -0.011441
v 0.020225 0.016015 -0.005174
v 0.022458 0.014558 -0.007296
v 0.019285 0.014466 -0.009843
v 0.017509 0.015633 -0.008142
v 0.024262 0.007946 0.001576
v 0.022114 0.012253 0.000580
v 0.022661 0.011176 0.002958
v 0.023695 0.009893 -0.002154
v 0.013989 0.017375 -0.005431
v 0.015760 0.018109 -0.002059
v 0.017764 0.017284 -0.003287
v 0.015655 0.016645 -0.006605
v 0.009945 0.018617 -0.003215
v 0.013744 0.018793 -0.000993
v 0.012196 0.018003 -0.004356
v 0.011126 0.019527 0.000320
v 0.004982 0.019550 -0.001195
v 0.008316 0.020117 0.001595
v 0.007455 0.019144 -0.002134
v 0.005735 0.020476 0.002533
v 0.000255 0.019940 0.000153
v 0.003246 0.020674 0.003210
v 0.002568 0.019820 -0.000424
v 0.000718 0.020758 0.003742
v -0.001818 0.020720 0.004170
v -0.004415 0.019768 0.000827
v -0.004402 0.020546 0.004488
v -0.002030 0.019922 0.000560
v -0.004642 0.009827 0.013546
v -0.003828 0.010338 0.015002
v -0.003002 0.013694 0.013329
v -0.005149 0.012481 0.011651
v -0.010536 0.019667 0.004647
v -0.012818 0.018401 0.000801
v -0.013649 0.018969 0.004459
v -0.010046 0.018987 0.000969
v -0.016454 0.018187 0.004088
v -0.017672 0.016939 0.000022
v -0.018995 0.017349 0.003513
v -0.015324 0.017723 0.000484
v -0.021348 0.016434 0.002791
v -0.021942 0.015103 -0.001331
v -0.023573 0.015397 0.001981
v -0.019879 0.016063 -0.000582
v -0.028290 0.012568 -0.000171
v -0.024046 0.013965 -0.002283
v -0.026359 0.012542 -0.003516
v -0.025841 0.014145 0.001030
v -0.030294 0.009553 -0.006269
v -0.030676 0.010734 -0.001597
v -0.028541 0.011003 -0.004899
v -0.032799 0.008767 -0.003198
v -0.033174 0.006444 -0.009388
v -0.034669 0.006783 -0.004974
v -0.031787 0.008075 -0.007728
v -0.036322 0.004877 -0.006878
v -0.037700 0.003082 -0.008759
v -0.034330 0.004835 -0.011063
v -0.035175 0.003432 -0.012551
v -0.038743 0.001423 -0.010469
v -0.036394 0.000769 -0.015444
v -0.039558 -0.000216 -0.012129
v -0.035825 0.002118 -0.013970
v -0.040267 -0.001936 -0.013878
v 0.032412 -0.001903 -0.033347
v 0.030924 -0.003919 -0.029452
v 0.030508 -0.005741 -0.032435
v 0.032244 -0.001000 -0.030123
v 0.030181 0.004619 -0.031942
v 0.027943 0.000033 -0.031806
v 0.028575 0.001958 -0.028963
v 0.030370 0.005176 -0.029639
v 0.030181 0.004619 -0.031942
v 0.028127 0.002104 -0.044856
v 0.027943 0.000033 -0.031806
v 0.025492 -0.003414 -0.043712
v -0.005815 0.063055 -0.028177
v -0.004568 0.059312 -0.041037
v -0.002203 0.062927 -0.029059
v -0.008337 0.059333 -0.040327
v 0.011836 -0.017429 -0.045845
v 0.008727 -0.018509 -0.053157
v 0.009867 -0.018399 -0.046613
v 0.011081 -0.017067 -0.053670
v -0.013358 0.062378 -0.026703
v -0.009531 0.062906 -0.027463
v -0.013195 0.063266 -0.024657
v -0.009312 0.063791 -0.025430
v -0.012096 0.059183 -0.039594
v -0.009531 0.062906 -0.027463
v -0.013358 0.062378 -0.026703
v -0.015816 0.058674 -0.038846
v -0.020829 0.060199 -0.025184
v -0.017167 0.061474 -0.025931
v -0.020759 0.061027 -0.023126
v -0.017065 0.062339 -0.023877
v -0.019468 0.057810 -0.038096
v -0.017167 0.061474 -0.025931
v -0.020829 0.060199 -0.025184
v -0.023023 0.056595 -0.037357
v -0.028223 0.056118 -0.023586
v -0.024471 0.058449 -0.024417
v -0.028256 0.056902 -0.021484
v -0.024442 0.059254 -0.022344
v -0.026569 0.054940 -0.036611
v -0.024471 0.058449 -0.024417
v -0.028223 0.056118 -0.023586
v -0.030195 0.052755 -0.035837
v -0.031807 0.053351 -0.022768
v -0.034993 0.050989 -0.019900
v -0.034945 0.050290 -0.022040
v -0.031870 0.054086 -0.020640
v -0.033705 0.050110 -0.035066
v -0.034945 0.050290 -0.022040
v -0.036902 0.047075 -0.034328
v -0.031807 0.053351 -0.022768
v -0.037749 0.046745 -0.021343
v -0.040411 0.043190 -0.018454
v -0.040333 0.042526 -0.020619
v -0.037801 0.047430 -0.019193
v -0.039798 0.043555 -0.033614
v -0.040333 0.042526 -0.020619
v -0.042407 0.039456 -0.032913
v -0.037749 0.046745 -0.021343
v -0.042479 0.037981 -0.019961
v -0.044014 0.033939 -0.017255
v -0.043969 0.033461 -0.019462
v -0.042543 0.038574 -0.017779
v -0.044537 0.035226 -0.032316
v -0.043969 0.033461 -0.019462
v -0.045998 0.031312 -0.031916
v -0.042479 0.037981 -0.019961
v -0.044869 0.028917 -0.019075
v -0.045214 0.024573 -0.016507
v -0.045245 0.024301 -0.018748
v -0.044883 0.029274 -0.016846
v -0.046932 0.027405 -0.031620
v -0.045245 0.024301 -0.018748
v -0.047485 0.023194 -0.031334
v -0.044869 0.028917 -0.019075
v -0.047629 0.018853 -0.031094
v -0.044605 0.015555 -0.018365
v -0.047337 0.014552 -0.030935
v -0.045142 0.019788 -0.018505
v -0.045142 0.019788 -0.018505
v -0.044409 0.015814 -0.016131
v -0.044605 0.015555 -0.018365
v -0.045036 0.020030 -0.016260
v -0.046611 0.010269 -0.030846
v -0.042285 0.007424 -0.018331
v -0.045453 0.005983 -0.030813
v -0.043648 0.011476 -0.018313
v -0.044142 0.002200 -0.030834
v -0.039714 0.001555 -0.018450
v -0.042959 -0.000575 -0.030906
v -0.040859 0.003939 -0.018388
v -0.043648 0.011476 -0.018313
v -0.041880 0.007579 -0.016148
v -0.042285 0.007424 -0.018331
v -0.043367 0.011725 -0.016099
v -0.039714 0.001555 -0.018450
v -0.036910 -0.000595 -0.016947
v -0.038411 -0.001291 -0.019366
v -0.038536 0.001158 -0.016526
v -0.036588 -0.010258 -0.031881
v -0.039199 -0.006708 -0.030946
v -0.036470 -0.008979 -0.026850
v -0.006792 0.056027 -0.053065
v -0.000785 0.058516 -0.041748
v -0.004568 0.059312 -0.041037
v -0.003257 0.055504 -0.053722
v -0.046706 0.001344 -0.043240
v -0.042959 -0.000575 -0.030906
v -0.044916 -0.002115 -0.043387
v -0.044142 0.002200 -0.030834
v -0.024027 -0.019966 -0.042081
v -0.026303 -0.019868 -0.046340
v -0.026395 -0.019026 -0.040535
v -0.023813 -0.020901 -0.046780
v -0.040343 -0.008670 -0.043979
v -0.036588 -0.010258 -0.031881
v -0.037845 -0.011620 -0.044367
v -0.039199 -0.006708 -0.030946
v -0.036910 -0.000595 -0.016947
v -0.040267 -0.001936 -0.013878
v -0.036394 0.000769 -0.015444
v -0.040898 -0.003690 -0.015682
v -0.038536 0.001158 -0.016526
v -0.040898 -0.003690 -0.015682
v -0.036910 -0.000595 -0.016947
v -0.042157 -0.001164 -0.015705
v -0.044409 0.015814 -0.016131
v -0.045036 0.020030 -0.016260
v -0.047374 0.019367 -0.015938
v -0.046898 0.014910 -0.015783
v -0.045214 0.024573 -0.016507
v -0.044883 0.029274 -0.016846
v -0.047083 0.029125 -0.016519
v -0.047485 0.024169 -0.016193
v -0.044014 0.033939 -0.017255
v -0.042543 0.038574 -0.017779
v -0.044513 0.038967 -0.017433
v -0.046089 0.034034 -0.016909
v -0.040411 0.043190 -0.018454
v -0.037801 0.047430 -0.019193
v -0.039721 0.048622 -0.018981
v -0.042361 0.043984 -0.018156
v -0.033424 0.055764 -0.020547
v -0.036768 0.052474 -0.019767
v -0.034993 0.050989 -0.019900
v -0.031870 0.054086 -0.020640
v -0.028256 0.056902 -0.021484
v -0.025605 0.061182 -0.022269
v -0.029600 0.058705 -0.021387
v -0.024442 0.059254 -0.022344
v -0.020759 0.061027 -0.023126
v -0.017871 0.064582 -0.024022
v -0.021739 0.063114 -0.023145
v -0.017065 0.062339 -0.023877
v -0.013195 0.063266 -0.024657
v -0.009803 0.066250 -0.025756
v -0.013856 0.065632 -0.024902
v -0.009312 0.063791 -0.025430
v -0.005829 0.066445 -0.026558
v -0.001780 0.063716 -0.026838
v -0.001745 0.066211 -0.027335
v -0.005575 0.063933 -0.026148
v 0.002635 0.065489 -0.028122
v 0.006392 0.061999 -0.028240
v 0.007097 0.064269 -0.028918
v 0.002268 0.063094 -0.027538
v 0.007097 0.064269 -0.028918
v 0.010425 0.060410 -0.028928
v 0.011433 0.062594 -0.029722
v 0.006392 0.061999 -0.028240
v 0.015491 0.060518 -0.030489
v 0.017746 0.056126 -0.030087
v 0.019135 0.058131 -0.031136
v 0.014247 0.058409 -0.029557
v 0.022389 0.055457 -0.031608
v 0.023466 0.050966 -0.030926
v 0.025278 0.052526 -0.031907
v 0.020840 0.053622 -0.030536
v 0.027841 0.049370 -0.032116
v 0.025737 0.048132 -0.031274
v 0.027766 0.045084 -0.031570
v 0.030113 0.046004 -0.032317
v 0.032085 0.042448 -0.032506
v 0.029580 0.041837 -0.031783
v 0.031165 0.038387 -0.031891
v 0.033725 0.038710 -0.032633
v 0.035017 0.034732 -0.032661
v 0.032505 0.034645 -0.031897
v 0.033586 0.030519 -0.031815
v 0.035975 0.030457 -0.032582
v 0.034488 0.021333 -0.031334
v 0.036563 0.016252 -0.031931
v 0.036829 0.021083 -0.032193
v 0.034017 0.016780 -0.030959
v 0.036563 0.016252 -0.031931
v 0.033146 0.012732 -0.030598
v 0.035917 0.011647 -0.031654
v 0.034017 0.016780 -0.030959
v -0.043446 0.001894 -0.015714
v -0.041880 0.007579 -0.016148
v -0.044897 0.005973 -0.015709
v -0.040091 0.003876 -0.016321
v -0.041080 0.047556 -0.042906
v -0.036993 0.049169 -0.046254
v -0.040433 0.046065 -0.045414
v -0.037581 0.050791 -0.043765
v -0.050037 0.038468 -0.030789
v -0.047951 0.042232 -0.035186
v -0.050208 0.037687 -0.034366
v -0.047803 0.043141 -0.031623
v -0.041957 0.050416 -0.036971
v -0.038109 0.052417 -0.041052
v -0.041666 0.049059 -0.040165
v -0.038359 0.053873 -0.037895
v -0.047064 0.043720 -0.027925
v -0.043123 0.048540 -0.025223
v -0.044341 0.048196 -0.028820
v -0.045812 0.044000 -0.024354
v -0.044121 0.044015 -0.021174
v -0.039721 0.048622 -0.018981
v -0.041467 0.048603 -0.022013
v -0.042361 0.043984 -0.018156
v -0.050894 0.034030 -0.026429
v -0.047985 0.039147 -0.023578
v -0.049265 0.038946 -0.027113
v -0.049571 0.034187 -0.022947
v -0.049919 0.036653 -0.037671
v -0.047036 0.039721 -0.041256
v -0.049309 0.035415 -0.040534
v -0.047650 0.041066 -0.038451
v -0.052863 0.028714 -0.029457
v -0.051921 0.033037 -0.033642
v -0.053117 0.028259 -0.033034
v -0.051715 0.033654 -0.030068
v -0.047862 0.034145 -0.019847
v -0.044513 0.038967 -0.017433
v -0.046287 0.039095 -0.020425
v -0.046089 0.034034 -0.016909
v -0.052543 0.023916 -0.025385
v -0.050597 0.029153 -0.022436
v -0.051977 0.029008 -0.025857
v -0.051085 0.024080 -0.022016
v -0.052824 0.027712 -0.036428
v -0.050951 0.031302 -0.039939
v -0.052072 0.027138 -0.039478
v -0.051628 0.032234 -0.036987
v -0.053651 0.018571 -0.028574
v -0.053823 0.023333 -0.032563
v -0.054030 0.018320 -0.032216
v -0.053509 0.023664 -0.028957
v -0.049300 0.024145 -0.019019
v -0.047083 0.029125 -0.016519
v -0.048862 0.029162 -0.019394
v -0.047485 0.024169 -0.016193
v -0.046096 0.010530 -0.015716
v -0.048778 0.014530 -0.018559
v -0.047893 0.009921 -0.018473
v -0.046898 0.014910 -0.015783
v -0.049679 0.009337 -0.021390
v -0.052176 0.013802 -0.024783
v -0.051262 0.008848 -0.024655
v -0.050602 0.014153 -0.021492
v -0.053808 0.018116 -0.035738
v -0.052785 0.022682 -0.039155
v -0.053057 0.018007 -0.038929
v -0.053556 0.022986 -0.036023
v -0.052413 0.008479 -0.028172
v -0.053728 0.013278 -0.031979
v -0.052904 0.008257 -0.031845
v -0.053288 0.013501 -0.028316
v -0.052856 0.013185 -0.038756
v -0.053808 0.018116 -0.035738
v -0.053057 0.018007 -0.038929
v -0.053562 0.013163 -0.035536
v -0.043446 0.001894 -0.015714
v -0.046595 0.005256 -0.018466
v -0.045144 0.001082 -0.018501
v -0.044897 0.005973 -0.015709
v -0.050905 0.003549 -0.038668
v -0.052796 0.008201 -0.035424
v -0.052149 0.008329 -0.038660
v -0.051488 0.003304 -0.035408
v -0.046796 0.000311 -0.021438
v -0.049869 0.003962 -0.024629
v -0.048289 -0.000354 -0.024675
v -0.048318 0.004555 -0.021384
v -0.051019 0.003528 -0.028128
v -0.052904 0.008257 -0.031845
v -0.051543 0.003303 -0.031808
v -0.052413 0.008479 -0.028172
v -0.040898 -0.003690 -0.015682
v -0.043802 -0.002052 -0.018540
v -0.042291 -0.004919 -0.018624
v -0.042157 -0.001164 -0.015705
v -0.043819 -0.005774 -0.021658
v -0.046817 -0.003598 -0.024763
v -0.045141 -0.006509 -0.024932
v -0.045390 -0.002888 -0.021515
v -0.046102 -0.007056 -0.028428
v -0.048399 -0.004371 -0.031946
v -0.046548 -0.007344 -0.032130
v -0.047886 -0.004114 -0.028251
v -0.047848 -0.003989 -0.038928
v -0.049921 -0.001038 -0.035470
v -0.049384 -0.000707 -0.038762
v -0.048379 -0.004339 -0.035592
v -0.041237 -0.013560 -0.029020
v -0.044019 -0.010756 -0.032429
v -0.041401 -0.013912 -0.032707
v -0.043712 -0.010429 -0.028730
v -0.043320 -0.010511 -0.039467
v -0.046490 -0.007341 -0.035791
v -0.045943 -0.007018 -0.039163
v -0.043884 -0.010790 -0.036086
v -0.038331 -0.016026 -0.039970
v -0.041176 -0.013980 -0.036360
v -0.040581 -0.013753 -0.039762
v -0.038987 -0.016209 -0.036497
v -0.039199 -0.015775 -0.029165
v -0.041401 -0.013912 -0.032707
v -0.039282 -0.016115 -0.032832
v -0.041237 -0.013560 -0.029020
v -0.039685 -0.012207 -0.022181
v -0.042949 -0.009829 -0.025224
v -0.040666 -0.012938 -0.025516
v -0.041800 -0.009076 -0.021911
v -0.035801 -0.016679 -0.022487
v -0.038717 -0.015216 -0.025687
v -0.036632 -0.017182 -0.025726
v -0.037826 -0.014577 -0.022375
v -0.036750 -0.010896 -0.015852
v -0.040335 -0.008291 -0.018793
v -0.038291 -0.011530 -0.019001
v -0.038711 -0.007489 -0.015772
v -0.033037 -0.016089 -0.016422
v -0.036518 -0.014001 -0.019203
v -0.034563 -0.016251 -0.019410
v -0.035000 -0.013455 -0.016102
v -0.033185 -0.019001 -0.022512
v -0.036632 -0.017182 -0.025726
v -0.033947 -0.019356 -0.025620
v -0.035801 -0.016679 -0.022487
v -0.030542 -0.018752 -0.016874
v -0.034563 -0.016251 -0.019410
v -0.031975 -0.018831 -0.019635
v -0.033037 -0.016089 -0.016422
v 0.007817 -0.032918 -0.010855
v 0.009822 -0.023569 -0.007371
v 0.005726 -0.023815 -0.006055
v 0.004123 -0.034023 -0.009097
v -0.036978 -0.018013 -0.032850
v -0.033803 -0.020250 -0.032809
v -0.034180 -0.019803 -0.029030
v -0.037033 -0.017660 -0.029167
v -0.036578 -0.018136 -0.036583
v -0.032812 -0.020056 -0.040454
v -0.033215 -0.020425 -0.036702
v -0.035948 -0.017928 -0.040174
v -0.027608 -0.021883 -0.017407
v -0.021976 -0.026100 -0.020956
v -0.021185 -0.026422 -0.018553
v -0.028934 -0.021460 -0.019909
v -0.022600 -0.025921 -0.023520
v -0.030734 -0.021598 -0.025525
v -0.022965 -0.025883 -0.026037
v -0.030068 -0.021391 -0.022589
v -0.028906 -0.023043 -0.036841
v -0.026392 -0.023419 -0.042002
v -0.025501 -0.024405 -0.039102
v -0.029451 -0.022017 -0.041000
v -0.030229 -0.022474 -0.032490
v -0.028906 -0.023043 -0.036841
v -0.022612 -0.026142 -0.033222
v -0.023127 -0.025978 -0.030963
v -0.022793 -0.025284 -0.040641
v -0.021054 -0.025178 -0.043969
v -0.020341 -0.025919 -0.041839
v -0.023604 -0.024420 -0.043108
v -0.025501 -0.024405 -0.039102
v -0.022612 -0.026142 -0.033222
v -0.028906 -0.023043 -0.036841
v -0.021390 -0.026460 -0.035229
v -0.018062 -0.026367 -0.042798
v -0.016353 -0.026115 -0.045342
v -0.015876 -0.026680 -0.043621
v -0.018662 -0.025730 -0.044682
v -0.019697 -0.026845 -0.036935
v -0.022793 -0.025284 -0.040641
v -0.020341 -0.025919 -0.041839
v -0.017926 -0.027171 -0.038381
v -0.013743 -0.026887 -0.044320
v -0.011937 -0.026517 -0.046447
v -0.011621 -0.027015 -0.044908
v -0.014114 -0.026366 -0.045935
v -0.016157 -0.027419 -0.039630
v -0.015876 -0.026680 -0.043621
v -0.014363 -0.027602 -0.040712
v -0.018062 -0.026367 -0.042798
v -0.012521 -0.027717 -0.041620
v -0.011621 -0.027015 -0.044908
v -0.010565 -0.027758 -0.042337
v -0.013743 -0.026887 -0.044320
v -0.004651 -0.026326 -0.047741
v -0.004403 -0.026818 -0.046162
v -0.006934 -0.026986 -0.045833
v -0.007195 -0.026503 -0.047349
v -0.006174 -0.027711 -0.043267
v -0.004403 -0.026818 -0.046162
v -0.003816 -0.027614 -0.043447
v -0.006934 -0.026986 -0.045833
v 0.000539 -0.026131 -0.046450
v -0.002207 -0.026024 -0.048056
v 0.000318 -0.025538 -0.048339
v -0.001954 -0.026545 -0.046360
v -0.001513 -0.027426 -0.043373
v 0.000539 -0.026131 -0.046450
v 0.000735 -0.027150 -0.043091
v -0.001954 -0.026545 -0.046360
v 0.006012 -0.024764 -0.046296
v 0.003102 -0.024811 -0.048633
v 0.005994 -0.023886 -0.048839
v 0.003202 -0.025540 -0.046457
v 0.003202 -0.025540 -0.046457
v 0.005226 -0.026343 -0.041985
v 0.002995 -0.026788 -0.042628
v 0.006012 -0.024764 -0.046296
v 0.012548 -0.022391 -0.045062
v 0.008839 -0.022807 -0.048856
v 0.011692 -0.021418 -0.049007
v 0.008945 -0.023793 -0.045884
v 0.019181 -0.017467 -0.047314
v 0.014604 -0.019564 -0.049618
v 0.017742 -0.017183 -0.050431
v 0.016044 -0.019930 -0.046320
v 0.023677 -0.011244 -0.051976
v 0.026974 -0.009043 -0.049465
v 0.025136 -0.011465 -0.048956
v 0.025451 -0.008928 -0.052427
v 0.032019 -0.003580 -0.043725
v 0.028192 -0.008956 -0.046254
v 0.031142 -0.003899 -0.047145
v 0.029052 -0.008740 -0.042878
v 0.030183 0.000126 -0.053965
v 0.033325 0.004384 -0.051613
v 0.031952 0.000361 -0.051092
v 0.031539 0.004128 -0.054454
v 0.034193 0.001051 -0.044382
v 0.032019 -0.003580 -0.043725
v 0.031142 -0.003899 -0.047145
v 0.033302 0.000664 -0.047845
v 0.032546 0.008471 -0.054855
v 0.033325 0.004384 -0.051613
v 0.031539 0.004128 -0.054454
v 0.034344 0.008789 -0.052052
v 0.035744 0.009174 -0.048806
v 0.035602 0.005146 -0.044863
v 0.034700 0.004722 -0.048355
v 0.036667 0.009626 -0.045305
v 0.033203 0.017510 -0.055471
v 0.034945 0.013406 -0.052422
v 0.033126 0.012988 -0.055187
v 0.035067 0.018065 -0.052734
v 0.036547 0.018610 -0.049527
v 0.037333 0.014343 -0.045698
v 0.036379 0.013858 -0.049197
v 0.037544 0.019146 -0.046031
v 0.032051 0.026566 -0.055715
v 0.034730 0.022719 -0.052961
v 0.032827 0.022037 -0.055661
v 0.033958 0.027324 -0.053077
v 0.035522 0.028031 -0.049942
v 0.037306 0.023948 -0.046296
v 0.036258 0.023359 -0.049780
v 0.036622 0.028663 -0.046482
v 0.029319 0.034961 -0.055575
v 0.032768 0.031771 -0.053099
v 0.030879 0.030930 -0.055673
v 0.031180 0.035956 -0.053045
v 0.032781 0.036844 -0.050004
v 0.035505 0.033226 -0.046587
v 0.034357 0.032551 -0.050016
v 0.033970 0.037573 -0.046607
v 0.025135 0.042345 -0.055123
v 0.029214 0.039898 -0.052908
v 0.027396 0.038738 -0.055399
v 0.026891 0.043621 -0.052682
v 0.028461 0.044725 -0.049734
v 0.032029 0.041694 -0.046546
v 0.030810 0.040904 -0.049910
v 0.029696 0.045576 -0.046409
v 0.019673 0.048765 -0.054362
v 0.024233 0.047080 -0.052374
v 0.022554 0.045711 -0.054769
v 0.021266 0.050236 -0.051992
v 0.022737 0.051522 -0.049126
v 0.026997 0.049189 -0.046189
v 0.025761 0.048276 -0.049474
v 0.023962 0.052501 -0.045876
v 0.018016 0.053075 -0.051548
v 0.013085 0.053891 -0.053424
v 0.014514 0.055586 -0.051055
v 0.016510 0.051495 -0.053910
v 0.020627 0.055503 -0.045476
v 0.015857 0.057062 -0.048210
v 0.017028 0.058184 -0.044993
v 0.019425 0.054455 -0.048701
v 0.010801 0.057750 -0.050500
v 0.005757 0.057692 -0.052233
v 0.006920 0.059547 -0.049868
v 0.009475 0.055955 -0.052875
v 0.013174 0.060517 -0.044440
v 0.008045 0.061192 -0.047040
v 0.009073 0.062471 -0.043832
v 0.012057 0.059317 -0.047656
v 0.002900 0.060957 -0.049183
v -0.002027 0.060036 -0.050858
v -0.001233 0.061962 -0.048466
v 0.001925 0.059065 -0.051545
v -0.033821 0.053634 -0.044617
v -0.029453 0.054268 -0.047857
v -0.033259 0.051950 -0.047079
v -0.029946 0.056001 -0.045446
v -0.013933 0.062601 -0.046133
v -0.010188 0.060815 -0.049393
v -0.014293 0.060636 -0.048609
v -0.009691 0.062781 -0.046937
v -0.026106 0.057811 -0.046236
v -0.022171 0.057245 -0.049322
v -0.025798 0.055997 -0.048589
v -0.022246 0.059144 -0.047015
v -0.018310 0.060083 -0.047811
v -0.014606 0.058596 -0.050864
v -0.018442 0.058099 -0.050087
v -0.014293 0.060636 -0.048609
v -0.034495 0.056860 -0.038835
v -0.030343 0.057753 -0.042818
v -0.034302 0.055330 -0.041942
v -0.030449 0.059348 -0.039768
v -0.037556 0.055779 -0.030715
v -0.041826 0.051509 -0.033456
v -0.041146 0.052219 -0.029752
v -0.038214 0.055034 -0.034410
v -0.043123 0.048540 -0.025223
v -0.038423 0.052556 -0.022862
v -0.039987 0.052563 -0.026130
v -0.041467 0.048603 -0.022013
v -0.026303 0.061309 -0.040671
v -0.022255 0.061046 -0.044490
v -0.026328 0.059639 -0.043663
v -0.022078 0.062760 -0.041544
v -0.030201 0.060632 -0.036367
v -0.033653 0.058865 -0.031700
v -0.029537 0.061447 -0.032689
v -0.034309 0.058084 -0.035389
v -0.036456 0.056099 -0.027069
v -0.031145 0.059010 -0.024647
v -0.032580 0.059181 -0.028031
v -0.034984 0.055987 -0.023735
v -0.017791 0.063716 -0.042386
v -0.013933 0.062601 -0.046133
v -0.018123 0.062028 -0.045316
v -0.013460 0.064243 -0.043207
v -0.021674 0.064134 -0.038231
v -0.025314 0.063496 -0.033662
v -0.021003 0.065016 -0.034605
v -0.025982 0.062651 -0.037318
v -0.028494 0.061766 -0.029002
v -0.023087 0.063557 -0.026503
v -0.024335 0.063809 -0.029968
v -0.027110 0.061556 -0.025576
v -0.005442 0.062568 -0.047718
v -0.009104 0.064408 -0.044012
v -0.004745 0.064205 -0.044809
v -0.009691 0.062781 -0.046937
v 0.004797 0.063978 -0.043148
v -0.000404 0.063634 -0.045602
v 0.000417 0.064968 -0.042364
v 0.003874 0.062645 -0.046358
v -0.012881 0.065565 -0.039921
v -0.016626 0.066017 -0.035505
v -0.012203 0.066566 -0.036369
v -0.017298 0.065071 -0.039093
v -0.015801 0.066418 -0.031845
v -0.020104 0.065347 -0.030919
v -0.019018 0.065067 -0.027424
v -0.014848 0.066140 -0.028334
v -0.004015 0.065521 -0.041539
v -0.007754 0.066732 -0.037206
v -0.003287 0.066507 -0.038028
v -0.008451 0.065717 -0.040730
v 0.000417 0.064968 -0.042364
v -0.003287 0.066507 -0.038028
v 0.001188 0.065880 -0.038850
v -0.004015 0.065521 -0.041539
v -0.006431 0.066974 -0.030054
v -0.002641 0.066969 -0.034421
v -0.007064 0.067227 -0.033595
v -0.002158 0.066714 -0.030862
v 0.009948 0.063225 -0.040327
v 0.004797 0.063978 -0.043148
v 0.005617 0.064802 -0.039630
v 0.009073 0.062471 -0.043832
v 0.006278 0.065078 -0.035996
v 0.002272 0.065974 -0.031657
v 0.006724 0.064765 -0.032436
v 0.001831 0.066254 -0.035226
v 0.017940 0.058820 -0.041506
v 0.013174 0.060517 -0.044440
v 0.014087 0.061210 -0.040949
v 0.017028 0.058184 -0.044993
v 0.014761 0.061386 -0.037371
v 0.011064 0.063099 -0.033195
v 0.015165 0.061032 -0.033893
v 0.010626 0.063439 -0.036717
v 0.024814 0.053050 -0.042355
v 0.020627 0.055503 -0.045476
v 0.021514 0.056089 -0.041980
v 0.023962 0.052501 -0.045876
v 0.022282 0.055910 -0.034963
v 0.022071 0.056222 -0.038410
v 0.018571 0.058968 -0.037941
v 0.018897 0.058625 -0.034490
v 0.026997 0.049189 -0.046189
v 0.030446 0.046089 -0.042836
v 0.029696 0.045576 -0.046409
v 0.027804 0.049714 -0.042638
v 0.028170 0.049870 -0.039019
v 0.025344 0.052922 -0.035292
v 0.028083 0.049679 -0.035529
v 0.025280 0.053185 -0.038761
v 0.032029 0.041694 -0.046546
v 0.034600 0.038089 -0.043004
v 0.033970 0.037573 -0.046607
v 0.032719 0.042205 -0.042955
v 0.032570 0.042492 -0.035872
v 0.032893 0.042463 -0.039333
v 0.030713 0.046288 -0.039210
v 0.030496 0.046196 -0.035727
v 0.035505 0.033226 -0.046587
v 0.037136 0.029194 -0.042870
v 0.036622 0.028663 -0.046482
v 0.036076 0.033749 -0.042977
v 0.035644 0.034450 -0.035957
v 0.036109 0.034148 -0.039372
v 0.034697 0.038417 -0.039389
v 0.034291 0.038586 -0.035954
v 0.036109 0.034148 -0.039372
v 0.036614 0.030057 -0.035870
v 0.037116 0.029650 -0.039275
v 0.035644 0.034450 -0.035957
v 0.037306 0.023948 -0.046296
v 0.037957 0.019673 -0.042431
v 0.037544 0.019146 -0.046031
v 0.037767 0.024483 -0.042686
v 0.037705 0.024976 -0.039104
v 0.037342 0.020642 -0.035473
v 0.037864 0.020176 -0.038865
v 0.037185 0.025443 -0.035704
v 0.037333 0.014343 -0.045698
v 0.037033 0.010144 -0.041740
v 0.036667 0.009626 -0.045305
v 0.037711 0.014861 -0.042113
v 0.037603 0.015370 -0.038569
v 0.036471 0.011181 -0.034884
v 0.036936 0.010679 -0.038227
v 0.037099 0.015830 -0.035195
v 0.035602 0.005146 -0.044863
v 0.034584 0.001535 -0.040860
v 0.034193 0.001051 -0.044382
v 0.035973 0.005657 -0.041320
v 0.035904 0.006201 -0.037831
v 0.034167 0.002468 -0.034019
v 0.034550 0.002035 -0.037375
v 0.035485 0.006719 -0.034505
v 0.029841 -0.004130 -0.050370
v 0.025451 -0.008928 -0.052427
v 0.028148 -0.004270 -0.053280
v 0.026974 -0.009043 -0.049465
v 0.025136 -0.011465 -0.048956
v 0.020653 -0.014525 -0.051231
v 0.023677 -0.011244 -0.051976
v 0.022143 -0.014751 -0.048156
v 0.029500 -0.008466 -0.039418
v 0.032501 -0.002682 -0.036673
v 0.029710 -0.007977 -0.035459
v 0.032438 -0.003172 -0.040231
v 0.029048 -0.008482 -0.031890
v 0.030508 -0.005741 -0.032435
v 0.029858 -0.006778 -0.031299
v 0.029710 -0.007977 -0.035459
v 0.022143 -0.014751 -0.048156
v 0.026340 -0.011444 -0.045735
v 0.023482 -0.014672 -0.044947
v 0.025136 -0.011465 -0.048956
v 0.023482 -0.014672 -0.044947
v 0.019181 -0.017467 -0.047314
v 0.022143 -0.014751 -0.048156
v 0.020673 -0.017321 -0.044181
v 0.017737 -0.019733 -0.043170
v 0.016859 -0.021233 -0.038922
v 0.015057 -0.021762 -0.041883
v 0.019329 -0.019294 -0.040021
v 0.008945 -0.023793 -0.045884
v 0.009269 -0.025380 -0.039863
v 0.007341 -0.025851 -0.041112
v 0.012548 -0.022391 -0.045062
v 0.022008 -0.016968 -0.040940
v 0.025236 -0.014153 -0.038338
v 0.022917 -0.016646 -0.037636
v 0.024552 -0.014425 -0.041657
v 0.024552 -0.014425 -0.041657
v 0.027714 -0.011056 -0.038945
v 0.025236 -0.014153 -0.038338
v 0.027222 -0.011276 -0.042376
v 0.020464 -0.018937 -0.036726
v 0.016859 -0.021233 -0.038922
v 0.019329 -0.019294 -0.040021
v 0.018158 -0.020854 -0.035702
v 0.023460 -0.016374 -0.034276
v 0.025655 -0.013671 -0.031375
v 0.023698 -0.016153 -0.030683
v 0.025586 -0.013896 -0.035001
v 0.016859 -0.021233 -0.038922
v 0.010960 -0.024975 -0.038120
v 0.015057 -0.021762 -0.041883
v 0.012418 -0.024623 -0.036007
v 0.018989 -0.020651 -0.032356
v 0.021598 -0.018478 -0.029839
v 0.019387 -0.020655 -0.029016
v 0.021201 -0.018664 -0.033320
v 0.018158 -0.020854 -0.035702
v 0.012418 -0.024623 -0.036007
v 0.016859 -0.021233 -0.038922
v 0.013628 -0.024343 -0.033712
v 0.000458 -0.025554 -0.039370
v -0.004900 -0.025025 -0.023265
v -0.001372 -0.025731 -0.039918
v 0.011191 -0.024781 -0.024177
v -0.004900 -0.025025 -0.023265
v 0.010864 -0.024466 -0.026334
v -0.004900 -0.025025 -0.023265
v 0.008457 -0.024434 -0.032846
v 0.009490 -0.024306 -0.030880
v -0.004900 -0.025025 -0.023265
v 0.000458 -0.025554 -0.039370
v 0.002322 -0.025329 -0.038562
v -0.004900 -0.025025 -0.023265
v 0.003951 -0.025105 -0.037595
v 0.005141 -0.024931 -0.036692
v -0.004900 -0.025025 -0.023265
v 0.006185 -0.024774 -0.035713
v 0.007318 -0.024602 -0.034444
v -0.017587 -0.025309 -0.030213
v -0.016958 -0.025463 -0.031895
v -0.004900 -0.025025 -0.023265
v -0.004900 -0.025025 -0.023265
v -0.018240 -0.025116 -0.026913
v -0.018000 -0.025192 -0.028595
v 0.009681 -0.028049 -0.016120
v -0.004900 -0.025025 -0.023265
v 0.010618 -0.026766 -0.018400
v -0.011019 -0.028010 -0.038673
v -0.010565 -0.027758 -0.042337
v -0.009368 -0.028062 -0.039379
v -0.012521 -0.027717 -0.041620
v -0.003323 -0.025877 -0.040246
v -0.001143 -0.027705 -0.040155
v -0.001372 -0.025731 -0.039918
v -0.003179 -0.027856 -0.040445
v 0.002720 -0.027276 -0.038793
v 0.000458 -0.025554 -0.039370
v 0.000773 -0.027516 -0.039608
v 0.002322 -0.025329 -0.038562
v 0.003951 -0.025105 -0.037595
v 0.005690 -0.026842 -0.036926
v 0.005141 -0.024931 -0.036692
v 0.004429 -0.027034 -0.037828
v 0.006185 -0.024774 -0.035713
v 0.006798 -0.026665 -0.035946
v 0.007992 -0.026474 -0.034675
v 0.007318 -0.024602 -0.034444
v 0.008457 -0.024434 -0.032846
v 0.009178 -0.026288 -0.033079
v 0.010245 -0.026144 -0.031129
v 0.009490 -0.024306 -0.030880
v -0.004900 -0.025025 -0.023265
v -0.013793 -0.025856 -0.036327
v -0.012375 -0.025948 -0.037534
v -0.004900 -0.025025 -0.023265
v -0.015829 -0.026513 -0.015963
v -0.016519 -0.026090 -0.017227
v 0.011648 -0.026277 -0.026679
v 0.010294 -0.024300 -0.028656
v 0.011071 -0.026124 -0.028941
v 0.010864 -0.024466 -0.026334
v 0.003090 -0.031436 -0.011050
v -0.000056 -0.033859 -0.010471
v -0.000086 -0.031873 -0.010159
v 0.003279 -0.033420 -0.011425
v 0.008241 -0.029330 -0.014128
v 0.009681 -0.028049 -0.016120
v 0.010324 -0.029820 -0.016782
v 0.008783 -0.031146 -0.014770
v 0.010618 -0.026766 -0.018400
v 0.011117 -0.025778 -0.020599
v 0.011872 -0.027545 -0.021164
v 0.011333 -0.028528 -0.019024
v -0.016100 -0.025620 -0.033519
v -0.015038 -0.025750 -0.034988
v -0.004900 -0.025025 -0.023265
v -0.004900 -0.025025 -0.023265
v -0.014063 -0.027644 -0.013514
v -0.015014 -0.027035 -0.014719
v 0.011191 -0.024781 -0.024177
v 0.012051 -0.026960 -0.022898
v 0.011280 -0.025180 -0.022403
v 0.011972 -0.026577 -0.024594
v -0.018461 -0.027253 -0.020788
v -0.017147 -0.025723 -0.018739
v -0.017910 -0.027567 -0.018826
v -0.017731 -0.025395 -0.020747
v -0.018951 -0.026986 -0.024993
v -0.018857 -0.027015 -0.026874
v -0.018240 -0.025116 -0.026913
v -0.018294 -0.025101 -0.025022
v -0.018577 -0.027104 -0.028570
v -0.018121 -0.027234 -0.030217
v -0.017587 -0.025309 -0.030213
v -0.018000 -0.025192 -0.028595
v -0.017444 -0.027401 -0.031935
v -0.016530 -0.027569 -0.033594
v -0.016100 -0.025620 -0.033519
v -0.016958 -0.025463 -0.031895
v -0.015405 -0.027711 -0.035096
v -0.014095 -0.027828 -0.036470
v -0.013793 -0.025856 -0.036327
v -0.015038 -0.025750 -0.034988
v -0.012610 -0.027928 -0.037703
v -0.011019 -0.028010 -0.038673
v -0.010854 -0.026030 -0.038518
v -0.012375 -0.025948 -0.037534
v -0.009566 -0.026510 -0.046898
v -0.007414 -0.025973 -0.048903
v -0.007195 -0.026503 -0.047349
v -0.009852 -0.025997 -0.048472
v 0.003090 -0.031436 -0.011050
v -0.000086 -0.031873 -0.010159
v -0.004900 -0.025025 -0.023265
v -0.002925 -0.033799 -0.010040
v -0.004972 -0.031518 -0.009626
v -0.002756 -0.031838 -0.009732
v -0.005347 -0.033453 -0.009921
v -0.007330 -0.032969 -0.010026
v -0.008426 -0.030498 -0.010089
v -0.006809 -0.031060 -0.009753
v -0.009063 -0.032373 -0.010346
v -0.009063 -0.032373 -0.010346
v -0.010027 -0.029809 -0.010667
v -0.008426 -0.030498 -0.010089
v -0.010759 -0.031650 -0.010915
v -0.011559 -0.029060 -0.011457
v -0.013753 -0.030128 -0.012640
v -0.012917 -0.028329 -0.012409
v -0.012357 -0.030875 -0.011697
v -0.014063 -0.027644 -0.013514
v -0.015858 -0.028834 -0.014915
v -0.015014 -0.027035 -0.014719
v -0.014912 -0.029439 -0.013732
v -0.017147 -0.025723 -0.018739
v -0.017731 -0.025395 -0.020747
v -0.004900 -0.025025 -0.023265
v 0.006084 -0.030493 -0.012438
v -0.004900 -0.025025 -0.023265
v 0.008241 -0.029330 -0.014128
v -0.004900 -0.025025 -0.023265
v -0.011559 -0.029060 -0.011457
v -0.012917 -0.028329 -0.012409
v -0.004900 -0.025025 -0.023265
v -0.006809 -0.031060 -0.009753
v -0.008426 -0.030498 -0.010089
v 0.011117 -0.025778 -0.020599
v -0.004900 -0.025025 -0.023265
v 0.011280 -0.025180 -0.022403
v -0.003396 -0.016306 0.011497
v 0.005145 -0.016461 0.011284
v -0.003007 -0.016697 0.013051
v 0.005033 -0.016183 0.009358
v -0.009131 -0.004260 0.014898
v -0.009450 0.002254 0.015913
v -0.009339 -0.003683 0.013353
v -0.009296 0.001986 0.017321
v -0.006455 -0.013174 0.017664
v -0.004697 -0.015842 0.016430
v -0.004288 -0.015857 0.017179
v -0.006061 -0.013241 0.018410
v -0.004288 -0.015857 0.017179
v -0.002459 -0.017215 0.015537
v -0.002052 -0.017119 0.016280
v -0.004697 -0.015842 0.016430
v -0.007712 -0.009600 0.019926
v -0.009062 -0.005329 0.020687
v -0.008090 -0.009513 0.019179
v -0.008695 -0.005381 0.021444
v -0.008090 -0.009513 0.019179
v -0.006061 -0.013241 0.018410
v -0.007712 -0.009600 0.019926
v -0.006455 -0.013174 0.017664
v -0.009600 -0.001175 0.021917
v -0.009331 0.000609 0.022875
v -0.009666 0.000860 0.022268
v -0.009179 -0.001629 0.022561
v -0.009062 -0.005329 0.020687
v -0.009179 -0.001629 0.022561
v -0.009600 -0.001175 0.021917
v -0.008695 -0.005381 0.021444
v -0.009536 0.002717 0.021806
v -0.009600 0.001853 0.022196
v -0.009280 0.002001 0.022668
v -0.009158 0.003216 0.022224
v -0.009666 0.000860 0.022268
v -0.009280 0.002001 0.022668
v -0.009600 0.001853 0.022196
v -0.009331 0.000609 0.022875
v -0.009182 0.004680 0.019858
v -0.008989 0.004310 0.021437
v -0.008795 0.005339 0.020205
v -0.009378 0.003741 0.021016
v -0.009158 0.003216 0.022224
v -0.009378 0.003741 0.021016
v -0.009536 0.002717 0.021806
v -0.008989 0.004310 0.021437
v -0.009072 0.005350 0.018438
v -0.008806 0.006337 0.016906
v -0.009171 0.005568 0.016862
v -0.008696 0.006087 0.018653
v -0.009072 0.005350 0.018438
v -0.008795 0.005339 0.020205
v -0.008696 0.006087 0.018653
v -0.009182 0.004680 0.019858
v -0.009404 0.005443 0.015374
v -0.009357 0.005779 0.014089
v -0.009698 0.005084 0.014216
v -0.009051 0.006198 0.015280
v -0.009171 0.005568 0.016862
v -0.009051 0.006198 0.015280
v -0.009404 0.005443 0.015374
v -0.008806 0.006337 0.016906
v -0.010182 0.003836 0.012813
v -0.009934 0.004622 0.013447
v -0.009698 0.005061 0.013103
v -0.010050 0.004025 0.012093
v -0.009698 0.005084 0.014216
v -0.009698 0.005061 0.013103
v -0.009934 0.004622 0.013447
v -0.009357 0.005779 0.014089
v -0.010327 -0.001718 0.009990
v -0.010416 0.002015 0.011780
v -0.010277 0.002097 0.010880
v -0.010243 -0.001299 0.009286
v -0.010050 0.004025 0.012093
v -0.010416 0.002015 0.011780
v -0.010182 0.003836 0.012813
v -0.010277 0.002097 0.010880
v -0.008973 -0.009117 0.005955
v -0.009892 -0.005685 0.008288
v -0.009844 -0.005318 0.007560
v -0.008984 -0.009449 0.006714
v -0.009892 -0.005685 0.008288
v -0.010327 -0.001718 0.009990
v -0.009844 -0.005318 0.007560
v -0.010243 -0.001299 0.009286
v -0.007901 -0.012462 0.005429
v -0.008973 -0.009117 0.005955
v -0.007918 -0.012152 0.004636
v -0.008984 -0.009449 0.006714
v -0.009489 0.002747 0.020647
v -0.009536 0.002717 0.021806
v -0.009378 0.003741 0.021016
v -0.009616 0.001697 0.021595
v -0.009616 0.001697 0.021595
v -0.009600 0.001853 0.022196
v -0.009536 0.002717 0.021806
v -0.009666 0.000860 0.022268
v -0.009605 -0.000126 0.021069
v -0.009666 0.000860 0.022268
v -0.009616 0.001697 0.021595
v -0.009600 -0.001175 0.021917
v -0.009528 0.000697 0.019946
v -0.009616 0.001697 0.021595
v -0.009489 0.002747 0.020647
v -0.009605 -0.000126 0.021069
v -0.009187 0.004289 0.018118
v -0.009182 0.004680 0.019858
v -0.009072 0.005350 0.018438
v -0.009296 0.003661 0.019469
v -0.009296 0.003661 0.019469
v -0.009378 0.003741 0.021016
v -0.009182 0.004680 0.019858
v -0.009489 0.002747 0.020647
v -0.009373 0.001434 0.018681
v -0.009489 0.002747 0.020647
v -0.009296 0.003661 0.019469
v -0.009528 0.000697 0.019946
v -0.009296 0.001986 0.017321
v -0.009296 0.003661 0.019469
v -0.009187 0.004289 0.018118
v -0.009373 0.001434 0.018681
v -0.009450 0.002254 0.015913
v -0.009582 0.004378 0.015182
v -0.009746 0.002335 0.014499
v -0.009311 0.004487 0.016651
v -0.009311 0.004487 0.016651
v -0.009404 0.005443 0.015374
v -0.009582 0.004378 0.015182
v -0.009171 0.005568 0.016862
v -0.009187 0.004289 0.018118
v -0.009171 0.005568 0.016862
v -0.009311 0.004487 0.016651
v -0.009072 0.005350 0.018438
v -0.009296 0.001986 0.017321
v -0.009187 0.004289 0.018118
v -0.009311 0.004487 0.016651
v -0.009450 0.002254 0.015913
v -0.010092 0.002325 0.013118
v -0.009917 0.004089 0.013826
v -0.010182 0.003836 0.012813
v -0.010416 0.002015 0.011780
v -0.009917 0.004089 0.013826
v -0.009934 0.004622 0.013447
v -0.010182 0.003836 0.012813
v -0.009698 0.005084 0.014216
v -0.009582 0.004378 0.015182
v -0.009698 0.005084 0.014216
v -0.009917 0.004089 0.013826
v -0.009404 0.005443 0.015374
v -0.009746 0.002335 0.014499
v -0.009917 0.004089 0.013826
v -0.010092 0.002325 0.013118
v -0.009582 0.004378 0.015182
v -0.009100 -0.006668 0.010370
v -0.009654 -0.003023 0.011958
v -0.009542 -0.006113 0.009154
v -0.010028 -0.002304 0.010808
v -0.009542 -0.006113 0.009154
v -0.010028 -0.002304 0.010808
v -0.009892 -0.005685 0.008288
v -0.010327 -0.001718 0.009990
v -0.008173 -0.009263 0.018097
v -0.009095 -0.005063 0.018077
v -0.008245 -0.008883 0.016649
v -0.009093 -0.005244 0.019561
v -0.010092 0.002325 0.013118
v -0.009654 -0.003023 0.011958
v -0.009746 0.002335 0.014499
v -0.010028 -0.002304 0.010808
v -0.009095 -0.005063 0.018077
v -0.009605 -0.000126 0.021069
v -0.009528 0.000697 0.019946
v -0.009093 -0.005244 0.019561
v -0.008090 -0.009513 0.019179
v -0.009093 -0.005244 0.019561
v -0.008173 -0.009263 0.018097
v -0.009062 -0.005329 0.020687
v -0.004992 -0.015453 0.015424
v -0.006869 -0.012304 0.015242
v -0.005339 -0.014918 0.014073
v -0.006652 -0.012812 0.016631
v -0.006652 -0.012812 0.016631
v -0.008245 -0.008883 0.016649
v -0.006869 -0.012304 0.015242
v -0.008173 -0.009263 0.018097
v -0.006455 -0.013174 0.017664
v -0.008090 -0.009513 0.019179
v -0.008173 -0.009263 0.018097
v -0.006652 -0.012812 0.016631
v -0.004697 -0.015842 0.016430
v -0.006652 -0.012812 0.016631
v -0.004992 -0.015453 0.015424
v -0.006455 -0.013174 0.017664
v -0.005339 -0.014918 0.014073
v -0.003007 -0.016697 0.013051
v -0.004992 -0.015453 0.015424
v -0.002641 -0.017012 0.014519
v -0.007485 -0.012619 0.006477
v -0.008598 -0.009717 0.007674
v -0.008984 -0.009449 0.006714
v -0.007901 -0.012462 0.005429
v -0.008598 -0.009717 0.007674
v -0.009892 -0.005685 0.008288
v -0.008984 -0.009449 0.006714
v -0.009542 -0.006113 0.009154
v -0.008107 -0.010099 0.008986
v -0.009100 -0.006668 0.010370
v -0.009542 -0.006113 0.009154
v -0.008598 -0.009717 0.007674
v -0.006950 -0.012875 0.007875
v -0.008107 -0.010099 0.008986
v -0.008598 -0.009717 0.007674
v -0.007485 -0.012619 0.006477
v -0.004697 -0.015842 0.016430
v -0.002641 -0.017012 0.014519
v -0.002459 -0.017215 0.015537
v -0.004992 -0.015453 0.015424
v -0.005560 -0.014905 0.005212
v -0.007485 -0.012619 0.006477
v -0.007901 -0.012462 0.005429
v -0.005993 -0.014708 0.004138
v 0.000229 -0.014717 0.001325
v -0.006019 -0.014390 0.003312
v -0.001256 -0.012372 0.002062
v -0.007918 -0.012152 0.004636
v -0.007485 -0.012619 0.006477
v -0.004982 -0.015175 0.006651
v -0.006950 -0.012875 0.007875
v -0.005560 -0.014905 0.005212
v -0.006061 -0.013241 0.018410
v 0.001004 -0.008657 0.018548
v -0.007712 -0.009600 0.019926
v 0.001622 -0.011310 0.017557
v -0.004288 -0.015857 0.017179
v 0.001622 -0.011310 0.017557
v -0.006061 -0.013241 0.018410
v 0.002539 -0.013459 0.016628
v 0.000461 -0.002249 0.020677
v -0.008695 -0.005381 0.021444
v 0.000628 -0.005396 0.019689
v -0.009179 -0.001629 0.022561
v -0.007712 -0.009600 0.019926
v 0.000628 -0.005396 0.019689
v -0.008695 -0.005381 0.021444
v 0.001004 -0.008657 0.018548
v 0.000596 0.001880 0.021373
v -0.009331 0.000609 0.022875
v 0.000473 0.000064 0.021212
v -0.009280 0.002001 0.022668
v 0.000473 0.000064 0.021212
v -0.009179 -0.001629 0.022561
v 0.000461 -0.002249 0.020677
v -0.009331 0.000609 0.022875
v -0.009158 0.003216 0.022224
v 0.000596 0.001880 0.021373
v 0.000760 0.003539 0.021240
v -0.009280 0.002001 0.022668
v -0.008989 0.004310 0.021437
v 0.000760 0.003539 0.021240
v 0.000956 0.005189 0.020539
v -0.009158 0.003216 0.022224
v -0.008795 0.005339 0.020205
v 0.000956 0.005189 0.020539
v 0.001176 0.006981 0.018995
v -0.008989 0.004310 0.021437
v 0.001198 0.008349 0.016967
v -0.008696 0.006087 0.018653
v 0.001176 0.006981 0.018995
v -0.008795 0.005339 0.020205
v 0.000152 0.008426 0.012861
v -0.008806 0.006337 0.016906
v 0.000800 0.008729 0.014815
v -0.009051 0.006198 0.015280
v 0.000800 0.008729 0.014815
v -0.008806 0.006337 0.016906
v 0.001198 0.008349 0.016967
v -0.008696 0.006087 0.018653
v -0.001352 0.006667 0.010310
v -0.009357 0.005779 0.014089
v -0.000577 0.007746 0.011424
v -0.009698 0.005061 0.013103
v -0.000577 0.007746 0.011424
v -0.009051 0.006198 0.015280
v 0.000152 0.008426 0.012861
v -0.009357 0.005779 0.014089
v -0.002825 0.002823 0.008244
v -0.010050 0.004025 0.012093
v -0.002139 0.005171 0.009323
v -0.010277 0.002097 0.010880
v -0.002139 0.005171 0.009323
v -0.009698 0.005061 0.013103
v -0.001352 0.006667 0.010310
v -0.010050 0.004025 0.012093
v -0.003296 -0.000808 0.006855
v -0.010243 -0.001299 0.009286
v -0.002825 0.002823 0.008244
v -0.010277 0.002097 0.010880
v -0.003244 -0.005031 0.005239
v -0.009844 -0.005318 0.007560
v -0.003296 -0.000808 0.006855
v -0.010243 -0.001299 0.009286
v -0.002362 -0.009154 0.003478
v -0.008973 -0.009117 0.005955
v -0.003244 -0.005031 0.005239
v -0.009844 -0.005318 0.007560
v -0.001256 -0.012372 0.002062
v -0.007918 -0.012152 0.004636
v -0.002362 -0.009154 0.003478
v -0.008973 -0.009117 0.005955
v 0.001269 -0.015033 0.001718
v -0.005993 -0.014708 0.004138
v 0.000229 -0.014717 0.001325
v -0.006019 -0.014390 0.003312
v -0.007918 -0.012152 0.004636
v -0.005993 -0.014708 0.004138
v -0.007901 -0.012462 0.005429
v -0.006019 -0.014390 0.003312
v -0.010028 -0.002304 0.010808
v -0.010092 0.002325 0.013118
v -0.010416 0.002015 0.011780
v -0.010327 -0.001718 0.009990
v -0.008301 -0.008391 0.015069
v -0.009131 -0.004260 0.014898
v -0.008428 -0.007831 0.013436
v -0.009079 -0.004727 0.016498
v -0.009062 -0.005329 0.020687
v -0.009600 -0.001175 0.021917
v -0.009093 -0.005244 0.019561
v -0.009605 -0.000126 0.021069
v -0.009079 -0.004727 0.016498
v -0.009373 0.001434 0.018681
v -0.009296 0.001986 0.017321
v -0.009131 -0.004260 0.014898
v -0.008245 -0.008883 0.016649
v -0.009095 -0.005063 0.018077
v -0.009079 -0.004727 0.016498
v -0.008301 -0.008391 0.015069
v -0.009100 -0.006668 0.010370
v -0.009339 -0.003683 0.013353
v -0.009654 -0.003023 0.011958
v -0.008711 -0.007249 0.011833
v -0.009079 -0.004727 0.016498
v -0.009528 0.000697 0.019946
v -0.009373 0.001434 0.018681
v -0.009095 -0.005063 0.018077
v -0.009339 -0.003683 0.013353
v -0.009450 0.002254 0.015913
v -0.009746 0.002335 0.014499
v -0.009654 -0.003023 0.011958
v -0.008428 -0.007831 0.013436
v -0.009131 -0.004260 0.014898
v -0.009339 -0.003683 0.013353
v -0.008711 -0.007249 0.011833
v -0.007659 -0.010587 0.010490
v -0.006004 -0.013785 0.010997
v -0.007295 -0.011144 0.012094
v -0.006446 -0.013279 0.009406
v -0.008107 -0.010099 0.008986
v -0.006446 -0.013279 0.009406
v -0.007659 -0.010587 0.010490
v -0.006950 -0.012875 0.007875
v -0.009100 -0.006668 0.010370
v -0.007659 -0.010587 0.010490
v -0.008711 -0.007249 0.011833
v -0.008107 -0.010099 0.008986
v -0.008711 -0.007249 0.011833
v -0.007295 -0.011144 0.012094
v -0.008428 -0.007831 0.013436
v -0.007659 -0.010587 0.010490
v -0.007058 -0.011732 0.013704
v -0.005339 -0.014918 0.014073
v -0.006869 -0.012304 0.015242
v -0.005656 -0.014347 0.012575
v -0.007295 -0.011144 0.012094
v -0.005656 -0.014347 0.012575
v -0.007058 -0.011732 0.013704
v -0.006004 -0.013785 0.010997
v -0.008428 -0.007831 0.013436
v -0.007058 -0.011732 0.013704
v -0.008301 -0.008391 0.015069
v -0.007295 -0.011144 0.012094
v -0.008301 -0.008391 0.015069
v -0.006869 -0.012304 0.015242
v -0.008245 -0.008883 0.016649
v -0.007058 -0.011732 0.013704
v -0.003396 -0.016306 0.011497
v -0.005656 -0.014347 0.012575
v -0.006004 -0.013785 0.010997
v -0.003846 -0.015893 0.009883
v -0.003007 -0.016697 0.013051
v -0.005339 -0.014918 0.014073
v -0.005656 -0.014347 0.012575
v -0.003396 -0.016306 0.011497
v -0.003396 -0.016306 0.011497
v 0.004763 -0.015840 0.007311
v 0.005033 -0.016183 0.009358
v -0.003846 -0.015893 0.009883
v -0.004982 -0.015175 0.006651
v 0.002279 -0.015068 0.002302
v 0.003390 -0.015181 0.003394
v -0.005560 -0.014905 0.005212
v -0.004392 -0.015509 0.008238
v -0.006950 -0.012875 0.007875
v -0.004982 -0.015175 0.006651
v -0.006446 -0.013279 0.009406
v -0.003846 -0.015893 0.009883
v -0.006004 -0.013785 0.010997
v -0.006446 -0.013279 0.009406
v -0.004392 -0.015509 0.008238
v 0.001269 -0.015033 0.001718
v -0.005560 -0.014905 0.005212
v -0.005993 -0.014708 0.004138
v 0.002279 -0.015068 0.002302
v -0.002052 -0.017119 0.016280
v 0.004896 -0.016338 0.014531
v 0.004209 -0.015618 0.015258
v -0.002459 -0.017215 0.015537
v 0.002539 -0.013459 0.016628
v -0.004288 -0.015857 0.017179
v -0.002052 -0.017119 0.016280
v 0.004209 -0.015618 0.015258
v -0.003846 -0.015893 0.009883
v 0.004217 -0.015472 0.005194
v 0.004763 -0.015840 0.007311
v -0.004392 -0.015509 0.008238
v -0.004392 -0.015509 0.008238
v 0.003390 -0.015181 0.003394
v 0.004217 -0.015472 0.005194
v -0.004982 -0.015175 0.006651
v -0.003007 -0.016697 0.013051
v 0.005219 -0.016634 0.013038
v -0.002641 -0.017012 0.014519
v 0.005145 -0.016461 0.011284
v -0.002641 -0.017012 0.014519
v 0.005219 -0.016634 0.013038
v 0.004896 -0.016338 0.014531
v -0.002459 -0.017215 0.015537
v 0.005574 -0.000148 -0.019302
v 0.006298 0.000913 -0.022825
v 0.004762 -0.000056 -0.023674
v 0.003429 -0.001500 -0.020488
v 0.006087 -0.002020 -0.034891
v 0.005087 -0.000508 -0.035117
v 0.006037 -0.000718 -0.035544
v 0.005079 -0.001796 -0.034438
v 0.003274 -0.008220 -0.028356
v 0.006148 -0.005585 -0.030432
v 0.005365 -0.009218 -0.029922
v 0.004650 -0.004869 -0.029310
v 0.008011 -0.005867 -0.031114
v 0.008096 -0.004383 -0.030918
v 0.009696 -0.004255 -0.031068
v 0.010000 -0.005708 -0.031300
v 0.008096 -0.004383 -0.030918
v 0.008207 -0.003055 -0.030596
v 0.009418 -0.002959 -0.030710
v 0.009696 -0.004255 -0.031068
v 0.008096 -0.004383 -0.030918
v 0.006598 -0.004156 -0.030370
v 0.008207 -0.003055 -0.030596
v 0.007072 -0.002884 -0.030181
v 0.008011 -0.005867 -0.031114
v 0.006148 -0.005585 -0.030432
v 0.008096 -0.004383 -0.030918
v 0.006598 -0.004156 -0.030370
v 0.001908 -0.006768 -0.026393
v 0.004650 -0.004869 -0.029310
v 0.003274 -0.008220 -0.028356
v 0.003672 -0.003829 -0.027904
v 0.007966 -0.009612 -0.030874
v 0.010000 -0.005708 -0.031300
v 0.010743 -0.009390 -0.031135
v 0.008011 -0.005867 -0.031114
v 0.012451 -0.002996 -0.030106
v 0.011877 -0.005100 -0.030939
v 0.011204 -0.003767 -0.030778
v 0.013427 -0.004141 -0.030103
v 0.011504 -0.002005 -0.029981
v 0.011204 -0.003767 -0.030778
v 0.010560 -0.002589 -0.030490
v 0.012451 -0.002996 -0.030106
v 0.009696 -0.004255 -0.031068
v 0.009418 -0.002959 -0.030710
v 0.010560 -0.002589 -0.030490
v 0.011204 -0.003767 -0.030778
v 0.010000 -0.005708 -0.031300
v 0.009696 -0.004255 -0.031068
v 0.011204 -0.003767 -0.030778
v 0.011877 -0.005100 -0.030939
v 0.006148 -0.005585 -0.030432
v 0.007966 -0.009612 -0.030874
v 0.005365 -0.009218 -0.029922
v 0.008011 -0.005867 -0.031114
v 0.013427 -0.004141 -0.030103
v 0.013362 -0.008542 -0.030630
v 0.011877 -0.005100 -0.030939
v 0.015526 -0.007203 -0.029463
v 0.014824 -0.001618 -0.027400
v 0.013264 -0.002020 -0.029112
v 0.013575 -0.000967 -0.027933
v 0.014438 -0.002928 -0.028868
v 0.013575 -0.000967 -0.027933
v 0.012120 -0.001266 -0.029229
v 0.012355 -0.000468 -0.028335
v 0.013264 -0.002020 -0.029112
v 0.011504 -0.002005 -0.029981
v 0.013264 -0.002020 -0.029112
v 0.012451 -0.002996 -0.030106
v 0.012120 -0.001266 -0.029229
v 0.012451 -0.002996 -0.030106
v 0.014438 -0.002928 -0.028868
v 0.013427 -0.004141 -0.030103
v 0.013264 -0.002020 -0.029112
v 0.010743 -0.009390 -0.031135
v 0.010000 -0.005708 -0.031300
v 0.011877 -0.005100 -0.030939
v 0.013362 -0.008542 -0.030630
v 0.017477 -0.003680 -0.025690
v 0.014438 -0.002928 -0.028868
v 0.014824 -0.001618 -0.027400
v 0.016938 -0.005510 -0.027739
v 0.013312 0.000039 -0.026701
v 0.013539 0.000682 -0.024457
v 0.014498 -0.000367 -0.025869
v 0.012541 0.000882 -0.025566
v 0.012157 0.000294 -0.027403
v 0.012541 0.000882 -0.025566
v 0.013312 0.000039 -0.026701
v 0.011572 0.000932 -0.026543
v 0.013312 0.000039 -0.026701
v 0.012355 -0.000468 -0.028335
v 0.012157 0.000294 -0.027403
v 0.013575 -0.000967 -0.027933
v 0.014498 -0.000367 -0.025869
v 0.013575 -0.000967 -0.027933
v 0.013312 0.000039 -0.026701
v 0.014824 -0.001618 -0.027400
v 0.013427 -0.004141 -0.030103
v 0.016938 -0.005510 -0.027739
v 0.015526 -0.007203 -0.029463
v 0.014438 -0.002928 -0.028868
v 0.014498 -0.000367 -0.025869
v 0.015682 -0.000471 -0.021581
v 0.017021 -0.001934 -0.023552
v 0.013539 0.000682 -0.024457
v 0.011325 0.001448 -0.024673
v 0.010171 0.001681 -0.022650
v 0.012027 0.001385 -0.023346
v 0.009833 0.001686 -0.024113
v 0.010652 0.001360 -0.025867
v 0.009833 0.001686 -0.024113
v 0.011325 0.001448 -0.024673
v 0.009522 0.001541 -0.025442
v 0.011572 0.000932 -0.026543
v 0.011325 0.001448 -0.024673
v 0.012541 0.000882 -0.025566
v 0.010652 0.001360 -0.025867
v 0.012541 0.000882 -0.025566
v 0.012027 0.001385 -0.023346
v 0.013539 0.000682 -0.024457
v 0.011325 0.001448 -0.024673
v 0.017477 -0.003680 -0.025690
v 0.014498 -0.000367 -0.025869
v 0.017021 -0.001934 -0.023552
v 0.014824 -0.001618 -0.027400
v 0.010981 0.000925 -0.019058
v 0.012027 0.001385 -0.023346
v 0.010171 0.001681 -0.022650
v 0.013572 0.000511 -0.020030
v 0.008182 0.001508 -0.022480
v 0.008234 0.001546 -0.023976
v 0.006719 0.001068 -0.024253
v 0.006298 0.000913 -0.022825
v 0.006719 0.001068 -0.024253
v 0.008310 0.001435 -0.025339
v 0.007164 0.001073 -0.025549
v 0.008234 0.001546 -0.023976
v 0.009522 0.001541 -0.025442
v 0.008234 0.001546 -0.023976
v 0.009833 0.001686 -0.024113
v 0.008310 0.001435 -0.025339
v 0.008182 0.001508 -0.022480
v 0.010171 0.001681 -0.022650
v 0.008234 0.001546 -0.023976
v 0.009833 0.001686 -0.024113
v 0.006160 -0.002448 -0.029498
v 0.005394 -0.003581 -0.029468
v 0.004608 -0.002745 -0.028338
v 0.005564 -0.001815 -0.028642
v 0.005394 -0.003581 -0.029468
v 0.004650 -0.004869 -0.029310
v 0.003672 -0.003829 -0.027904
v 0.004608 -0.002745 -0.028338
v 0.006598 -0.004156 -0.030370
v 0.006148 -0.005585 -0.030432
v 0.004650 -0.004869 -0.029310
v 0.005394 -0.003581 -0.029468
v 0.007072 -0.002884 -0.030181
v 0.006598 -0.004156 -0.030370
v 0.005394 -0.003581 -0.029468
v 0.006160 -0.002448 -0.029498
v 0.004655 -0.000682 -0.025922
v 0.003367 -0.002574 -0.026372
v 0.003732 -0.001263 -0.024900
v 0.004362 -0.001736 -0.027106
v 0.003367 -0.002574 -0.026372
v 0.004608 -0.002745 -0.028338
v 0.003672 -0.003829 -0.027904
v 0.004362 -0.001736 -0.027106
v 0.004362 -0.001736 -0.027106
v 0.005564 -0.001815 -0.028642
v 0.004608 -0.002745 -0.028338
v 0.005379 -0.001051 -0.027709
v 0.005379 -0.001051 -0.027709
v 0.004655 -0.000682 -0.025922
v 0.005601 -0.000252 -0.026813
v 0.004362 -0.001736 -0.027106
v 0.005484 0.000289 -0.024937
v 0.003732 -0.001263 -0.024900
v 0.004762 -0.000056 -0.023674
v 0.004655 -0.000682 -0.025922
v 0.005484 0.000289 -0.024937
v 0.006228 0.000483 -0.026066
v 0.005601 -0.000252 -0.026813
v 0.004655 -0.000682 -0.025922
v 0.005484 0.000289 -0.024937
v 0.007164 0.001073 -0.025549
v 0.006228 0.000483 -0.026066
v 0.006719 0.001068 -0.024253
v 0.004762 -0.000056 -0.023674
v 0.006719 0.001068 -0.024253
v 0.005484 0.000289 -0.024937
v 0.006298 0.000913 -0.022825
v 0.013572 0.000511 -0.020030
v 0.013539 0.000682 -0.024457
v 0.012027 0.001385 -0.023346
v 0.015682 -0.000471 -0.021581
v 0.008204 0.000683 -0.018820
v 0.008182 0.001508 -0.022480
v 0.006298 0.000913 -0.022825
v 0.005574 -0.000148 -0.019302
v 0.010981 0.000925 -0.019058
v 0.010171 0.001681 -0.022650
v 0.008182 0.001508 -0.022480
v 0.008204 0.000683 -0.018820
v 0.003672 -0.003829 -0.027904
v 0.001908 -0.006768 -0.026393
v 0.001482 -0.005016 -0.024254
v 0.003367 -0.002574 -0.026372
v 0.003732 -0.001263 -0.024900
v 0.001482 -0.005016 -0.024254
v 0.001991 -0.003186 -0.022199
v 0.003367 -0.002574 -0.026372
v 0.004762 -0.000056 -0.023674
v 0.001991 -0.003186 -0.022199
v 0.003429 -0.001500 -0.020488
v 0.003732 -0.001263 -0.024900
v 0.008173 -0.002025 -0.031909
v 0.008098 -0.002417 -0.031139
v 0.007169 -0.002061 -0.031653
v 0.008477 -0.002217 -0.031414
v 0.009418 -0.002959 -0.030710
v 0.008098 -0.002417 -0.031139
v 0.008477 -0.002217 -0.031414
v 0.009404 -0.002270 -0.031322
v 0.009430 -0.001923 -0.032073
v 0.009404 -0.002270 -0.031322
v 0.008477 -0.002217 -0.031414
v 0.008173 -0.002025 -0.031909
v 0.011396 -0.001366 -0.030524
v 0.010452 -0.001950 -0.031033
v 0.010615 -0.001514 -0.031658
v 0.011534 -0.000935 -0.031151
v 0.009430 -0.001923 -0.032073
v 0.010452 -0.001950 -0.031033
v 0.009404 -0.002270 -0.031322
v 0.010615 -0.001514 -0.031658
v 0.009418 -0.002959 -0.030710
v 0.010452 -0.001950 -0.031033
v 0.010560 -0.002589 -0.030490
v 0.009404 -0.002270 -0.031322
v 0.010560 -0.002589 -0.030490
v 0.011396 -0.001366 -0.030524
v 0.011504 -0.002005 -0.029981
v 0.010452 -0.001950 -0.031033
v 0.009267 -0.002296 -0.033058
v 0.008234 -0.002326 -0.032859
v 0.008391 -0.002650 -0.033925
v 0.009435 -0.002532 -0.033993
v 0.008234 -0.002326 -0.032859
v 0.007090 -0.002350 -0.032671
v 0.007309 -0.002722 -0.033807
v 0.008391 -0.002650 -0.033925
v 0.007090 -0.002350 -0.032671
v 0.008173 -0.002025 -0.031909
v 0.007169 -0.002061 -0.031653
v 0.008234 -0.002326 -0.032859
v 0.008234 -0.002326 -0.032859
v 0.009430 -0.001923 -0.032073
v 0.008173 -0.002025 -0.031909
v 0.009267 -0.002296 -0.033058
v 0.009435 -0.002532 -0.033993
v 0.010081 -0.002254 -0.033283
v 0.009267 -0.002296 -0.033058
v 0.010401 -0.002325 -0.033961
v 0.009430 -0.001923 -0.032073
v 0.010081 -0.002254 -0.033283
v 0.010531 -0.001928 -0.032863
v 0.009267 -0.002296 -0.033058
v 0.010401 -0.002325 -0.033961
v 0.010531 -0.001928 -0.032863
v 0.010081 -0.002254 -0.033283
v 0.011232 -0.001966 -0.033666
v 0.008279 -0.002090 -0.035386
v 0.009397 -0.001933 -0.035412
v 0.009462 -0.002373 -0.034796
v 0.008376 -0.002525 -0.034771
v 0.007276 -0.002617 -0.034672
v 0.008279 -0.002090 -0.035386
v 0.008376 -0.002525 -0.034771
v 0.007146 -0.002184 -0.035284
v 0.007276 -0.002617 -0.034672
v 0.008376 -0.002525 -0.034771
v 0.008391 -0.002650 -0.033925
v 0.007309 -0.002722 -0.033807
v 0.008376 -0.002525 -0.034771
v 0.009462 -0.002373 -0.034796
v 0.009435 -0.002532 -0.033993
v 0.008391 -0.002650 -0.033925
v 0.012162 -0.000921 -0.031946
v 0.011320 -0.001482 -0.032447
v 0.012081 -0.001506 -0.033274
v 0.012856 -0.000955 -0.032772
v 0.011320 -0.001482 -0.032447
v 0.010531 -0.001928 -0.032863
v 0.011232 -0.001966 -0.033666
v 0.012081 -0.001506 -0.033274
v 0.010615 -0.001514 -0.031658
v 0.009430 -0.001923 -0.032073
v 0.010531 -0.001928 -0.032863
v 0.011320 -0.001482 -0.032447
v 0.011534 -0.000935 -0.031151
v 0.010615 -0.001514 -0.031658
v 0.011320 -0.001482 -0.032447
v 0.012162 -0.000921 -0.031946
v 0.010483 -0.001653 -0.035286
v 0.011505 -0.001259 -0.035015
v 0.011510 -0.001718 -0.034411
v 0.010517 -0.002101 -0.034674
v 0.009397 -0.001933 -0.035412
v 0.010517 -0.002101 -0.034674
v 0.009462 -0.002373 -0.034796
v 0.010483 -0.001653 -0.035286
v 0.009462 -0.002373 -0.034796
v 0.010401 -0.002325 -0.033961
v 0.009435 -0.002532 -0.033993
v 0.010517 -0.002101 -0.034674
v 0.011232 -0.001966 -0.033666
v 0.010401 -0.002325 -0.033961
v 0.010517 -0.002101 -0.034674
v 0.011510 -0.001718 -0.034411
v 0.008279 -0.002090 -0.035386
v 0.007054 -0.000811 -0.035845
v 0.008105 -0.000784 -0.036010
v 0.007146 -0.002184 -0.035284
v 0.008279 -0.002090 -0.035386
v 0.009158 -0.000638 -0.036034
v 0.009397 -0.001933 -0.035412
v 0.008105 -0.000784 -0.036010
v 0.010483 -0.001653 -0.035286
v 0.011145 0.000000 -0.035660
v 0.011505 -0.001259 -0.035015
v 0.010182 -0.000372 -0.035916
v 0.013237 -0.000178 -0.034070
v 0.012410 -0.001235 -0.034013
v 0.012432 -0.000762 -0.034605
v 0.013191 -0.000668 -0.033493
v 0.011505 -0.001259 -0.035015
v 0.012410 -0.001235 -0.034013
v 0.011510 -0.001718 -0.034411
v 0.012432 -0.000762 -0.034605
v 0.012081 -0.001506 -0.033274
v 0.011232 -0.001966 -0.033666
v 0.011510 -0.001718 -0.034411
v 0.012410 -0.001235 -0.034013
v 0.013191 -0.000668 -0.033493
v 0.012081 -0.001506 -0.033274
v 0.012410 -0.001235 -0.034013
v 0.012856 -0.000955 -0.032772
v 0.012533 0.000712 -0.029542
v 0.012012 -0.000627 -0.029772
v 0.012148 -0.000214 -0.030418
v 0.012247 0.000171 -0.028878
v 0.012148 -0.000214 -0.030418
v 0.011396 -0.001366 -0.030524
v 0.011534 -0.000935 -0.031151
v 0.012012 -0.000627 -0.029772
v 0.012120 -0.001266 -0.029229
v 0.011396 -0.001366 -0.030524
v 0.012012 -0.000627 -0.029772
v 0.011504 -0.002005 -0.029981
v 0.012355 -0.000468 -0.028335
v 0.012012 -0.000627 -0.029772
v 0.012247 0.000171 -0.028878
v 0.012120 -0.001266 -0.029229
v 0.012148 -0.000214 -0.030418
v 0.012771 -0.000251 -0.031273
v 0.013250 0.000377 -0.030665
v 0.012533 0.000712 -0.029542
v 0.012771 -0.000251 -0.031273
v 0.013469 -0.000328 -0.032151
v 0.013933 0.000323 -0.031482
v 0.013250 0.000377 -0.030665
v 0.012162 -0.000921 -0.031946
v 0.012856 -0.000955 -0.032772
v 0.013469 -0.000328 -0.032151
v 0.012771 -0.000251 -0.031273
v 0.011534 -0.000935 -0.031151
v 0.012162 -0.000921 -0.031946
v 0.012771 -0.000251 -0.031273
v 0.012148 -0.000214 -0.030418
v 0.009397 -0.001933 -0.035412
v 0.010182 -0.000372 -0.035916
v 0.010483 -0.001653 -0.035286
v 0.009158 -0.000638 -0.036034
v 0.011505 -0.001259 -0.035015
v 0.012020 0.000468 -0.035273
v 0.012432 -0.000762 -0.034605
v 0.011145 0.000000 -0.035660
v 0.014382 0.001180 -0.032690
v 0.013828 -0.000033 -0.032866
v 0.013893 0.000477 -0.033424
v 0.014304 0.000650 -0.032152
v 0.013893 0.000477 -0.033424
v 0.013191 -0.000668 -0.033493
v 0.013237 -0.000178 -0.034070
v 0.013828 -0.000033 -0.032866
v 0.013828 -0.000033 -0.032866
v 0.012856 -0.000955 -0.032772
v 0.013191 -0.000668 -0.033493
v 0.013469 -0.000328 -0.032151
v 0.014304 0.000650 -0.032152
v 0.013469 -0.000328 -0.032151
v 0.013828 -0.000033 -0.032866
v 0.013933 0.000323 -0.031482
v 0.014260 0.000947 -0.030842
v 0.013250 0.000377 -0.030665
v 0.013933 0.000323 -0.031482
v 0.013698 0.000813 -0.030359
v 0.012533 0.000712 -0.029542
v 0.013698 0.000813 -0.030359
v 0.013448 0.001248 -0.029679
v 0.013250 0.000377 -0.030665
v 0.014278 0.001574 -0.030078
v 0.013448 0.001248 -0.029679
v 0.013698 0.000813 -0.030359
v 0.014260 0.000947 -0.030842
v 0.013237 -0.000178 -0.034070
v 0.012020 0.000468 -0.035273
v 0.012779 0.001018 -0.034769
v 0.012432 -0.000762 -0.034605
v 0.014382 0.001180 -0.032690
v 0.013397 0.001635 -0.034161
v 0.013857 0.002299 -0.033468
v 0.013893 0.000477 -0.033424
v 0.014803 0.002650 -0.031041
v 0.014600 0.001362 -0.031373
v 0.014688 0.001912 -0.031887
v 0.014712 0.002078 -0.030551
v 0.014688 0.001912 -0.031887
v 0.014304 0.000650 -0.032152
v 0.014382 0.001180 -0.032690
v 0.014600 0.001362 -0.031373
v 0.014600 0.001362 -0.031373
v 0.013933 0.000323 -0.031482
v 0.014304 0.000650 -0.032152
v 0.014260 0.000947 -0.030842
v 0.014712 0.002078 -0.030551
v 0.014260 0.000947 -0.030842
v 0.014600 0.001362 -0.031373
v 0.014278 0.001574 -0.030078
v 0.012275 0.001483 -0.028447
v 0.011646 0.002356 -0.027446
v 0.011464 0.001571 -0.027086
v 0.012048 0.000932 -0.027946
v 0.012275 0.001483 -0.028447
v 0.012247 0.000171 -0.028878
v 0.012533 0.000712 -0.029542
v 0.012048 0.000932 -0.027946
v 0.012048 0.000932 -0.027946
v 0.012355 -0.000468 -0.028335
v 0.012247 0.000171 -0.028878
v 0.012157 0.000294 -0.027403
v 0.012157 0.000294 -0.027403
v 0.011464 0.001571 -0.027086
v 0.011572 0.000932 -0.026543
v 0.012048 0.000932 -0.027946
v 0.012275 0.001483 -0.028447
v 0.012897 0.002598 -0.028009
v 0.011646 0.002356 -0.027446
v 0.013170 0.001860 -0.028867
v 0.013170 0.001860 -0.028867
v 0.013891 0.002899 -0.028453
v 0.012897 0.002598 -0.028009
v 0.014151 0.002234 -0.029268
v 0.013448 0.001248 -0.029679
v 0.014151 0.002234 -0.029268
v 0.013170 0.001860 -0.028867
v 0.014278 0.001574 -0.030078
v 0.012533 0.000712 -0.029542
v 0.013170 0.001860 -0.028867
v 0.012275 0.001483 -0.028447
v 0.013448 0.001248 -0.029679
v 0.013893 0.000477 -0.033424
v 0.012779 0.001018 -0.034769
v 0.013397 0.001635 -0.034161
v 0.013237 -0.000178 -0.034070
v 0.014688 0.001912 -0.031887
v 0.013857 0.002299 -0.033468
v 0.014146 0.002989 -0.032710
v 0.014382 0.001180 -0.032690
v 0.014368 0.003444 -0.028882
v 0.014721 0.003372 -0.030177
v 0.014449 0.004056 -0.029323
v 0.014633 0.002779 -0.029713
v 0.014633 0.002779 -0.029713
v 0.014803 0.002650 -0.031041
v 0.014721 0.003372 -0.030177
v 0.014712 0.002078 -0.030551
v 0.014633 0.002779 -0.029713
v 0.014278 0.001574 -0.030078
v 0.014712 0.002078 -0.030551
v 0.014151 0.002234 -0.029268
v 0.013891 0.002899 -0.028453
v 0.014633 0.002779 -0.029713
v 0.014368 0.003444 -0.028882
v 0.014151 0.002234 -0.029268
v 0.014803 0.002650 -0.031041
v 0.014146 0.002989 -0.032710
v 0.014256 0.003685 -0.031913
v 0.014688 0.001912 -0.031887
v 0.014721 0.003372 -0.030177
v 0.013920 0.005010 -0.030294
v 0.014449 0.004056 -0.029323
v 0.014178 0.004365 -0.031099
v 0.013990 0.004680 -0.028503
v 0.013313 0.004581 -0.027347
v 0.013923 0.004050 -0.028086
v 0.013362 0.005227 -0.027742
v 0.014449 0.004056 -0.029323
v 0.013923 0.004050 -0.028086
v 0.014368 0.003444 -0.028882
v 0.013990 0.004680 -0.028503
v 0.013509 0.003542 -0.027672
v 0.014368 0.003444 -0.028882
v 0.013923 0.004050 -0.028086
v 0.013891 0.002899 -0.028453
v 0.013923 0.004050 -0.028086
v 0.013137 0.004109 -0.027195
v 0.013509 0.003542 -0.027672
v 0.013313 0.004581 -0.027347
v 0.011616 0.004512 -0.026130
v 0.011595 0.003521 -0.026680
v 0.012519 0.004243 -0.026661
v 0.012656 0.003414 -0.027187
v 0.012519 0.004243 -0.026661
v 0.012656 0.003414 -0.027187
v 0.013137 0.004109 -0.027195
v 0.013509 0.003542 -0.027672
v 0.012897 0.002598 -0.028009
v 0.013509 0.003542 -0.027672
v 0.012656 0.003414 -0.027187
v 0.013891 0.002899 -0.028453
v 0.011646 0.002356 -0.027446
v 0.012656 0.003414 -0.027187
v 0.011595 0.003521 -0.026680
v 0.012897 0.002598 -0.028009
v 0.014803 0.002650 -0.031041
v 0.014178 0.004365 -0.031099
v 0.014721 0.003372 -0.030177
v 0.014256 0.003685 -0.031913
v 0.014449 0.004056 -0.029323
v 0.013488 0.005599 -0.029520
v 0.013990 0.004680 -0.028503
v 0.013920 0.005010 -0.030294
v 0.011674 0.006023 -0.026490
v 0.012555 0.005020 -0.026689
v 0.012581 0.005679 -0.027064
v 0.011673 0.005354 -0.026131
v 0.013362 0.005227 -0.027742
v 0.012555 0.005020 -0.026689
v 0.013313 0.004581 -0.027347
v 0.012581 0.005679 -0.027064
v 0.013313 0.004581 -0.027347
v 0.012519 0.004243 -0.026661
v 0.013137 0.004109 -0.027195
v 0.012555 0.005020 -0.026689
v 0.011616 0.004512 -0.026130
v 0.012519 0.004243 -0.026661
v 0.012555 0.005020 -0.026689
v 0.011673 0.005354 -0.026131
v 0.013990 0.004680 -0.028503
v 0.012897 0.006114 -0.028802
v 0.013362 0.005227 -0.027742
v 0.013488 0.005599 -0.029520
v 0.011674 0.006023 -0.026490
v 0.012161 0.006540 -0.028164
v 0.011304 0.006865 -0.027623
v 0.012581 0.005679 -0.027064
v 0.009621 0.003961 -0.025772
v 0.010648 0.004718 -0.025691
v 0.009658 0.004849 -0.025360
v 0.010553 0.003715 -0.026195
v 0.010648 0.004718 -0.025691
v 0.010553 0.003715 -0.026195
v 0.011616 0.004512 -0.026130
v 0.011595 0.003521 -0.026680
v 0.010492 0.002747 -0.026627
v 0.011646 0.002356 -0.027446
v 0.011595 0.003521 -0.026680
v 0.010553 0.003715 -0.026195
v 0.009239 0.003047 -0.026179
v 0.010492 0.002747 -0.026627
v 0.010553 0.003715 -0.026195
v 0.009621 0.003961 -0.025772
v 0.009588 0.006347 -0.025716
v 0.010694 0.005572 -0.025691
v 0.010666 0.006247 -0.026036
v 0.009648 0.005669 -0.025380
v 0.010666 0.006247 -0.026036
v 0.011673 0.005354 -0.026131
v 0.011674 0.006023 -0.026490
v 0.010694 0.005572 -0.025691
v 0.010648 0.004718 -0.025691
v 0.011673 0.005354 -0.026131
v 0.010694 0.005572 -0.025691
v 0.011616 0.004512 -0.026130
v 0.009658 0.004849 -0.025360
v 0.010694 0.005572 -0.025691
v 0.009648 0.005669 -0.025380
v 0.010648 0.004718 -0.025691
v 0.009658 0.004849 -0.025360
v 0.008691 0.004894 -0.025156
v 0.008886 0.004225 -0.025446
v 0.009621 0.003961 -0.025772
v 0.008886 0.004225 -0.025446
v 0.009239 0.003047 -0.026179
v 0.009621 0.003961 -0.025772
v 0.008302 0.003885 -0.025614
v 0.008302 0.003885 -0.025614
v 0.008691 0.004894 -0.025156
v 0.007760 0.004699 -0.025180
v 0.008886 0.004225 -0.025446
v 0.009522 0.001541 -0.025442
v 0.010652 0.001360 -0.025867
v 0.009414 0.002179 -0.025985
v 0.010544 0.001999 -0.026409
v 0.009414 0.002179 -0.025985
v 0.010492 0.002747 -0.026627
v 0.009239 0.003047 -0.026179
v 0.010544 0.001999 -0.026409
v 0.010544 0.001999 -0.026409
v 0.011464 0.001571 -0.027086
v 0.010492 0.002747 -0.026627
v 0.011646 0.002356 -0.027446
v 0.011572 0.000932 -0.026543
v 0.011464 0.001571 -0.027086
v 0.010544 0.001999 -0.026409
v 0.010652 0.001360 -0.025867
v 0.007055 0.001712 -0.026092
v 0.007938 0.002771 -0.026120
v 0.006817 0.002408 -0.026335
v 0.008202 0.002074 -0.025882
v 0.008202 0.002074 -0.025882
v 0.009239 0.003047 -0.026179
v 0.007938 0.002771 -0.026120
v 0.009414 0.002179 -0.025985
v 0.008310 0.001435 -0.025339
v 0.009414 0.002179 -0.025985
v 0.008202 0.002074 -0.025882
v 0.009522 0.001541 -0.025442
v 0.007164 0.001073 -0.025549
v 0.008202 0.002074 -0.025882
v 0.007055 0.001712 -0.026092
v 0.008310 0.001435 -0.025339
v 0.012581 0.005679 -0.027064
v 0.012897 0.006114 -0.028802
v 0.012161 0.006540 -0.028164
v 0.013362 0.005227 -0.027742
v 0.010666 0.006247 -0.026036
v 0.011304 0.006865 -0.027623
v 0.010354 0.007076 -0.027195
v 0.011674 0.006023 -0.026490
v 0.007480 0.005488 -0.025186
v 0.008474 0.006317 -0.025542
v 0.007357 0.006161 -0.025516
v 0.008565 0.005640 -0.025211
v 0.008474 0.006317 -0.025542
v 0.009648 0.005669 -0.025380
v 0.009588 0.006347 -0.025716
v 0.008565 0.005640 -0.025211
v 0.008691 0.004894 -0.025156
v 0.009648 0.005669 -0.025380
v 0.008565 0.005640 -0.025211
v 0.009658 0.004849 -0.025360
v 0.007760 0.004699 -0.025180
v 0.008565 0.005640 -0.025211
v 0.007480 0.005488 -0.025186
v 0.008691 0.004894 -0.025156
v 0.006318 0.003221 -0.025980
v 0.006762 0.004427 -0.025302
v 0.005783 0.004060 -0.025550
v 0.007362 0.003584 -0.025750
v 0.007362 0.003584 -0.025750
v 0.007760 0.004699 -0.025180
v 0.006762 0.004427 -0.025302
v 0.008302 0.003885 -0.025614
v 0.007938 0.002771 -0.026120
v 0.008302 0.003885 -0.025614
v 0.007362 0.003584 -0.025750
v 0.009239 0.003047 -0.026179
v 0.006817 0.002408 -0.026335
v 0.007362 0.003584 -0.025750
v 0.006318 0.003221 -0.025980
v 0.007938 0.002771 -0.026120
v 0.009588 0.006347 -0.025716
v 0.010354 0.007076 -0.027195
v 0.009339 0.007171 -0.026892
v 0.010666 0.006247 -0.026036
v 0.008474 0.006317 -0.025542
v 0.008288 0.007142 -0.026729
v 0.007234 0.006995 -0.026705
v 0.007357 0.006161 -0.025516
v 0.005432 0.004833 -0.025571
v 0.006270 0.005880 -0.025642
v 0.005248 0.005486 -0.025912
v 0.006425 0.005216 -0.025308
v 0.006425 0.005216 -0.025308
v 0.007357 0.006161 -0.025516
v 0.006270 0.005880 -0.025642
v 0.007480 0.005488 -0.025186
v 0.006762 0.004427 -0.025302
v 0.007480 0.005488 -0.025186
v 0.006425 0.005216 -0.025308
v 0.007760 0.004699 -0.025180
v 0.005783 0.004060 -0.025550
v 0.006425 0.005216 -0.025308
v 0.005432 0.004833 -0.025571
v 0.006762 0.004427 -0.025302
v 0.009339 0.007171 -0.026892
v 0.008474 0.006317 -0.025542
v 0.009588 0.006347 -0.025716
v 0.008288 0.007142 -0.026729
v 0.007357 0.006161 -0.025516
v 0.007234 0.006995 -0.026705
v 0.006210 0.006730 -0.026823
v 0.006270 0.005880 -0.025642
v 0.004532 0.004350 -0.025969
v 0.003516 0.004405 -0.026858
v 0.003751 0.003783 -0.026489
v 0.004321 0.004989 -0.026323
v 0.004532 0.004350 -0.025969
v 0.005248 0.005486 -0.025912
v 0.004321 0.004989 -0.026323
v 0.005432 0.004833 -0.025571
v 0.005783 0.004060 -0.025550
v 0.004532 0.004350 -0.025969
v 0.004908 0.003579 -0.025950
v 0.005432 0.004833 -0.025571
v 0.004908 0.003579 -0.025950
v 0.003751 0.003783 -0.026489
v 0.004155 0.003051 -0.026440
v 0.004532 0.004350 -0.025969
v 0.006270 0.005880 -0.025642
v 0.006210 0.006730 -0.026823
v 0.005246 0.006359 -0.027077
v 0.005248 0.005486 -0.025912
v 0.004372 0.005890 -0.027465
v 0.003516 0.004405 -0.026858
v 0.004321 0.004989 -0.026323
v 0.003614 0.005340 -0.027970
v 0.005892 0.001835 -0.026835
v 0.004673 0.002225 -0.026882
v 0.005077 0.001144 -0.027633
v 0.005425 0.002698 -0.026427
v 0.005425 0.002698 -0.026427
v 0.004155 0.003051 -0.026440
v 0.004673 0.002225 -0.026882
v 0.004908 0.003579 -0.025950
v 0.006318 0.003221 -0.025980
v 0.004908 0.003579 -0.025950
v 0.005425 0.002698 -0.026427
v 0.005783 0.004060 -0.025550
v 0.006817 0.002408 -0.026335
v 0.005425 0.002698 -0.026427
v 0.005892 0.001835 -0.026835
v 0.006318 0.003221 -0.025980
v 0.003114 0.003147 -0.027116
v 0.002371 0.003047 -0.028238
v 0.002638 0.002464 -0.027829
v 0.002861 0.003751 -0.027504
v 0.003751 0.003783 -0.026489
v 0.002861 0.003751 -0.027504
v 0.003114 0.003147 -0.027116
v 0.003516 0.004405 -0.026858
v 0.004155 0.003051 -0.026440
v 0.003114 0.003147 -0.027116
v 0.003540 0.002539 -0.026956
v 0.003751 0.003783 -0.026489
v 0.003540 0.002539 -0.026956
v 0.002638 0.002464 -0.027829
v 0.003192 0.001893 -0.027619
v 0.003114 0.003147 -0.027116
v 0.003540 0.002539 -0.026956
v 0.004673 0.002225 -0.026882
v 0.004155 0.003051 -0.026440
v 0.004057 0.002017 -0.027133
v 0.005077 0.001144 -0.027633
v 0.004673 0.002225 -0.026882
v 0.004057 0.002017 -0.027133
v 0.004040 0.001409 -0.027722
v 0.003192 0.001893 -0.027619
v 0.004040 0.001409 -0.027722
v 0.004057 0.002017 -0.027133
v 0.003540 0.002539 -0.026956
v 0.005248 0.005486 -0.025912
v 0.005246 0.006359 -0.027077
v 0.004372 0.005890 -0.027465
v 0.004321 0.004989 -0.026323
v 0.003614 0.005340 -0.027970
v 0.002861 0.003751 -0.027504
v 0.003516 0.004405 -0.026858
v 0.002995 0.004722 -0.028578
v 0.002342 0.001753 -0.028609
v 0.001950 0.001577 -0.029887
v 0.002230 0.001036 -0.029431
v 0.002066 0.002315 -0.029041
v 0.002638 0.002464 -0.027829
v 0.002066 0.002315 -0.029041
v 0.002342 0.001753 -0.028609
v 0.002371 0.003047 -0.028238
v 0.003192 0.001893 -0.027619
v 0.002342 0.001753 -0.028609
v 0.002958 0.001202 -0.028378
v 0.002638 0.002464 -0.027829
v 0.002958 0.001202 -0.028378
v 0.002230 0.001036 -0.029431
v 0.002837 0.000525 -0.029160
v 0.002342 0.001753 -0.028609
v 0.002995 0.004722 -0.028578
v 0.002371 0.003047 -0.028238
v 0.002861 0.003751 -0.027504
v 0.002446 0.004072 -0.029237
v 0.002246 0.003369 -0.030028
v 0.001950 0.001577 -0.029887
v 0.002066 0.002315 -0.029041
v 0.002138 0.002674 -0.030826
v 0.003802 0.000069 -0.029252
v 0.004889 0.000186 -0.028585
v 0.003963 0.000702 -0.028498
v 0.004936 -0.000602 -0.029658
v 0.003963 0.000702 -0.028498
v 0.002837 0.000525 -0.029160
v 0.003802 0.000069 -0.029252
v 0.002958 0.001202 -0.028378
v 0.002958 0.001202 -0.028378
v 0.004040 0.001409 -0.027722
v 0.003192 0.001893 -0.027619
v 0.003963 0.000702 -0.028498
v 0.003963 0.000702 -0.028498
v 0.004889 0.000186 -0.028585
v 0.005077 0.001144 -0.027633
v 0.004040 0.001409 -0.027722
v 0.003802 0.000069 -0.029252
v 0.002828 -0.000077 -0.029897
v 0.003536 -0.000312 -0.029771
v 0.002837 0.000525 -0.029160
v 0.004936 -0.000602 -0.029658
v 0.003536 -0.000312 -0.029771
v 0.004063 -0.000752 -0.030265
v 0.003802 0.000069 -0.029252
v 0.003151 -0.000667 -0.030621
v 0.003536 -0.000312 -0.029771
v 0.002828 -0.000077 -0.029897
v 0.004063 -0.000752 -0.030265
v 0.002574 -0.000329 -0.031099
v 0.002309 0.000335 -0.030269
v 0.002032 0.000855 -0.030751
v 0.002304 0.000172 -0.031605
v 0.002309 0.000335 -0.030269
v 0.002230 0.001036 -0.029431
v 0.001950 0.001577 -0.029887
v 0.002032 0.000855 -0.030751
v 0.002837 0.000525 -0.029160
v 0.002309 0.000335 -0.030269
v 0.002828 -0.000077 -0.029897
v 0.002230 0.001036 -0.029431
v 0.003151 -0.000667 -0.030621
v 0.002828 -0.000077 -0.029897
v 0.002309 0.000335 -0.030269
v 0.002574 -0.000329 -0.031099
v 0.002446 0.004072 -0.029237
v 0.002066 0.002315 -0.029041
v 0.002371 0.003047 -0.028238
v 0.002246 0.003369 -0.030028
v 0.002214 0.001992 -0.031640
v 0.001950 0.001577 -0.029887
v 0.002138 0.002674 -0.030826
v 0.002032 0.000855 -0.030751
v 0.003629 -0.001467 -0.032635
v 0.003019 -0.000935 -0.031896
v 0.002763 -0.000453 -0.032425
v 0.003391 -0.001000 -0.033186
v 0.003019 -0.000935 -0.031896
v 0.002574 -0.000329 -0.031099
v 0.002304 0.000172 -0.031605
v 0.002763 -0.000453 -0.032425
v 0.003019 -0.000935 -0.031896
v 0.003151 -0.000667 -0.030621
v 0.002574 -0.000329 -0.031099
v 0.003626 -0.001236 -0.031368
v 0.003629 -0.001467 -0.032635
v 0.003626 -0.001236 -0.031368
v 0.003019 -0.000935 -0.031896
v 0.004225 -0.001755 -0.032106
v 0.002470 0.001347 -0.032445
v 0.002304 0.000172 -0.031605
v 0.002032 0.000855 -0.030751
v 0.002214 0.001992 -0.031640
v 0.003496 0.000244 -0.033936
v 0.002763 -0.000453 -0.032425
v 0.002903 0.000759 -0.033218
v 0.003391 -0.001000 -0.033186
v 0.004387 -0.001905 -0.033293
v 0.005079 -0.001796 -0.034438
v 0.005268 -0.002239 -0.033851
v 0.004172 -0.001451 -0.033863
v 0.003629 -0.001467 -0.032635
v 0.004172 -0.001451 -0.033863
v 0.004387 -0.001905 -0.033293
v 0.003391 -0.001000 -0.033186
v 0.004387 -0.001905 -0.033293
v 0.004225 -0.001755 -0.032106
v 0.003629 -0.001467 -0.032635
v 0.004921 -0.002199 -0.032804
v 0.005268 -0.002239 -0.033851
v 0.004921 -0.002199 -0.032804
v 0.004387 -0.001905 -0.033293
v 0.005477 -0.002385 -0.033388
v 0.002903 0.000759 -0.033218
v 0.002304 0.000172 -0.031605
v 0.002470 0.001347 -0.032445
v 0.002763 -0.000453 -0.032425
v 0.004232 -0.000182 -0.034575
v 0.003391 -0.001000 -0.033186
v 0.003496 0.000244 -0.033936
v 0.004172 -0.001451 -0.033863
v 0.005079 -0.001796 -0.034438
v 0.004232 -0.000182 -0.034575
v 0.005087 -0.000508 -0.035117
v 0.004172 -0.001451 -0.033863
v 0.007146 -0.002184 -0.035284
v 0.006037 -0.000718 -0.035544
v 0.007054 -0.000811 -0.035845
v 0.006087 -0.002020 -0.034891
v 0.005477 -0.002385 -0.033388
v 0.006248 -0.002457 -0.034291
v 0.006267 -0.002599 -0.033527
v 0.005268 -0.002239 -0.033851
v 0.006248 -0.002457 -0.034291
v 0.007309 -0.002722 -0.033807
v 0.006267 -0.002599 -0.033527
v 0.007276 -0.002617 -0.034672
v 0.006248 -0.002457 -0.034291
v 0.007146 -0.002184 -0.035284
v 0.007276 -0.002617 -0.034672
v 0.006087 -0.002020 -0.034891
v 0.005268 -0.002239 -0.033851
v 0.006087 -0.002020 -0.034891
v 0.006248 -0.002457 -0.034291
v 0.005079 -0.001796 -0.034438
v 0.004921 -0.002199 -0.032804
v 0.005307 -0.001810 -0.031764
v 0.004225 -0.001755 -0.032106
v 0.005895 -0.002318 -0.032653
v 0.005895 -0.002318 -0.032653
v 0.007169 -0.002061 -0.031653
v 0.005307 -0.001810 -0.031764
v 0.007090 -0.002350 -0.032671
v 0.006267 -0.002599 -0.033527
v 0.007090 -0.002350 -0.032671
v 0.005895 -0.002318 -0.032653
v 0.007309 -0.002722 -0.033807
v 0.005477 -0.002385 -0.033388
v 0.005895 -0.002318 -0.032653
v 0.004921 -0.002199 -0.032804
v 0.006267 -0.002599 -0.033527
v 0.006120 0.001122 -0.026609
v 0.005077 0.001144 -0.027633
v 0.005492 0.000386 -0.027355
v 0.005892 0.001835 -0.026835
v 0.006120 0.001122 -0.026609
v 0.006817 0.002408 -0.026335
v 0.005892 0.001835 -0.026835
v 0.007055 0.001712 -0.026092
v 0.006228 0.000483 -0.026066
v 0.007055 0.001712 -0.026092
v 0.006120 0.001122 -0.026609
v 0.007164 0.001073 -0.025549
v 0.006228 0.000483 -0.026066
v 0.005492 0.000386 -0.027355
v 0.005601 -0.000252 -0.026813
v 0.006120 0.001122 -0.026609
v 0.005653 -0.001355 -0.030539
v 0.004675 -0.001270 -0.030948
v 0.005307 -0.001810 -0.031764
v 0.007169 -0.002061 -0.031653
v 0.004675 -0.001270 -0.030948
v 0.003626 -0.001236 -0.031368
v 0.004225 -0.001755 -0.032106
v 0.005307 -0.001810 -0.031764
v 0.004063 -0.000752 -0.030265
v 0.003151 -0.000667 -0.030621
v 0.003626 -0.001236 -0.031368
v 0.004675 -0.001270 -0.030948
v 0.004936 -0.000602 -0.029658
v 0.004063 -0.000752 -0.030265
v 0.004675 -0.001270 -0.030948
v 0.005653 -0.001355 -0.030539
v 0.005270 -0.000412 -0.028252
v 0.004936 -0.000602 -0.029658
v 0.005456 -0.001176 -0.029185
v 0.004889 0.000186 -0.028585
v 0.005492 0.000386 -0.027355
v 0.004889 0.000186 -0.028585
v 0.005270 -0.000412 -0.028252
v 0.005077 0.001144 -0.027633
v 0.005601 -0.000252 -0.026813
v 0.005270 -0.000412 -0.028252
v 0.005379 -0.001051 -0.027709
v 0.005492 0.000386 -0.027355
v 0.005564 -0.001815 -0.028642
v 0.005379 -0.001051 -0.027709
v 0.005270 -0.000412 -0.028252
v 0.005456 -0.001176 -0.029185
v 0.006160 -0.002448 -0.029498
v 0.006869 -0.002295 -0.030655
v 0.007072 -0.002884 -0.030181
v 0.006052 -0.001809 -0.030041
v 0.006869 -0.002295 -0.030655
v 0.005653 -0.001355 -0.030539
v 0.007169 -0.002061 -0.031653
v 0.006052 -0.001809 -0.030041
v 0.004936 -0.000602 -0.029658
v 0.006052 -0.001809 -0.030041
v 0.005456 -0.001176 -0.029185
v 0.005653 -0.001355 -0.030539
v 0.005456 -0.001176 -0.029185
v 0.006160 -0.002448 -0.029498
v 0.005564 -0.001815 -0.028642
v 0.006052 -0.001809 -0.030041
v 0.008207 -0.003055 -0.030596
v 0.008098 -0.002417 -0.031139
v 0.009418 -0.002959 -0.030710
v 0.007719 -0.002616 -0.030865
v 0.007719 -0.002616 -0.030865
v 0.007169 -0.002061 -0.031653
v 0.008098 -0.002417 -0.031139
v 0.006869 -0.002295 -0.030655
v 0.007072 -0.002884 -0.030181
v 0.007719 -0.002616 -0.030865
v 0.008207 -0.003055 -0.030596
v 0.006869 -0.002295 -0.030655
v 0.008236 0.006869 -0.027562
v 0.007410 0.006346 -0.028412
v 0.007311 0.006716 -0.027568
v 0.008389 0.006533 -0.028377
v 0.009120 0.006956 -0.027581
v 0.008389 0.006533 -0.028377
v 0.008236 0.006869 -0.027562
v 0.009379 0.006683 -0.028278
v 0.008288 0.007142 -0.026729
v 0.009339 0.007171 -0.026892
v 0.009120 0.006956 -0.027581
v 0.008236 0.006869 -0.027562
v 0.008236 0.006869 -0.027562
v 0.007311 0.006716 -0.027568
v 0.007234 0.006995 -0.026705
v 0.008288 0.007142 -0.026729
v 0.008953 0.006071 -0.029156
v 0.007747 0.005064 -0.030112
v 0.007557 0.005794 -0.029219
v 0.009627 0.005437 -0.030027
v 0.010231 0.006303 -0.028992
v 0.009627 0.005437 -0.030027
v 0.008953 0.006071 -0.029156
v 0.011550 0.005753 -0.029864
v 0.009379 0.006683 -0.028278
v 0.008953 0.006071 -0.029156
v 0.008389 0.006533 -0.028377
v 0.010231 0.006303 -0.028992
v 0.008389 0.006533 -0.028377
v 0.007557 0.005794 -0.029219
v 0.007410 0.006346 -0.028412
v 0.008953 0.006071 -0.029156
v 0.010368 0.003585 -0.032343
v 0.007977 0.004162 -0.031215
v 0.010110 0.004585 -0.031119
v 0.008238 0.003140 -0.032466
v 0.011954 0.004823 -0.031056
v 0.010368 0.003585 -0.032343
v 0.010110 0.004585 -0.031119
v 0.012184 0.003889 -0.032196
v 0.011550 0.005753 -0.029864
v 0.010110 0.004585 -0.031119
v 0.009627 0.005437 -0.030027
v 0.011954 0.004823 -0.031056
v 0.009627 0.005437 -0.030027
v 0.007977 0.004162 -0.031215
v 0.007747 0.005064 -0.030112
v 0.010110 0.004585 -0.031119
v 0.010496 0.001553 -0.034625
v 0.008517 0.002049 -0.033800
v 0.010369 0.002506 -0.033611
v 0.008970 0.000872 -0.035116
v 0.011810 0.002032 -0.034200
v 0.010369 0.002506 -0.033611
v 0.011987 0.002906 -0.033314
v 0.010496 0.001553 -0.034625
v 0.011987 0.002906 -0.033314
v 0.010369 0.002506 -0.033611
v 0.010368 0.003585 -0.032343
v 0.012184 0.003889 -0.032196
v 0.010369 0.002506 -0.033611
v 0.008238 0.003140 -0.032466
v 0.010368 0.003585 -0.032343
v 0.008517 0.002049 -0.033800
v 0.009379 0.006683 -0.028278
v 0.009120 0.006956 -0.027581
v 0.009899 0.006969 -0.027583
v 0.010374 0.006773 -0.028034
v 0.010374 0.006773 -0.028034
v 0.010354 0.007076 -0.027195
v 0.011304 0.006865 -0.027623
v 0.009899 0.006969 -0.027583
v 0.009339 0.007171 -0.026892
v 0.010354 0.007076 -0.027195
v 0.009899 0.006969 -0.027583
v 0.009120 0.006956 -0.027581
v 0.005246 0.006359 -0.027077
v 0.006410 0.006507 -0.027644
v 0.005509 0.006153 -0.027890
v 0.006210 0.006730 -0.026823
v 0.005509 0.006153 -0.027890
v 0.006451 0.006148 -0.028464
v 0.005670 0.005910 -0.028495
v 0.006410 0.006507 -0.027644
v 0.006410 0.006507 -0.027644
v 0.007410 0.006346 -0.028412
v 0.006451 0.006148 -0.028464
v 0.007311 0.006716 -0.027568
v 0.006210 0.006730 -0.026823
v 0.007311 0.006716 -0.027568
v 0.006410 0.006507 -0.027644
v 0.007234 0.006995 -0.026705
v 0.005089 0.005396 -0.029093
v 0.006174 0.005520 -0.029281
v 0.005876 0.004693 -0.030197
v 0.004070 0.004346 -0.030109
v 0.007747 0.005064 -0.030112
v 0.005876 0.004693 -0.030197
v 0.006174 0.005520 -0.029281
v 0.007557 0.005794 -0.029219
v 0.007557 0.005794 -0.029219
v 0.006174 0.005520 -0.029281
v 0.006451 0.006148 -0.028464
v 0.007410 0.006346 -0.028412
v 0.005670 0.005910 -0.028495
v 0.006451 0.006148 -0.028464
v 0.006174 0.005520 -0.029281
v 0.005089 0.005396 -0.029093
v 0.003709 0.004856 -0.029012
v 0.005089 0.005396 -0.029093
v 0.004070 0.004346 -0.030109
v 0.004586 0.005569 -0.028404
v 0.004586 0.005569 -0.028404
v 0.005670 0.005910 -0.028495
v 0.005089 0.005396 -0.029093
v 0.005509 0.006153 -0.027890
v 0.004372 0.005890 -0.027465
v 0.005509 0.006153 -0.027890
v 0.004586 0.005569 -0.028404
v 0.005246 0.006359 -0.027077
v 0.004586 0.005569 -0.028404
v 0.003709 0.004856 -0.029012
v 0.003614 0.005340 -0.027970
v 0.004372 0.005890 -0.027465
v 0.012161 0.006540 -0.028164
v 0.012897 0.006114 -0.028802
v 0.012213 0.006065 -0.029210
v 0.011259 0.006445 -0.028628
v 0.011259 0.006445 -0.028628
v 0.010374 0.006773 -0.028034
v 0.011304 0.006865 -0.027623
v 0.012161 0.006540 -0.028164
v 0.010231 0.006303 -0.028992
v 0.009379 0.006683 -0.028278
v 0.010374 0.006773 -0.028034
v 0.011259 0.006445 -0.028628
v 0.011550 0.005753 -0.029864
v 0.011259 0.006445 -0.028628
v 0.012213 0.006065 -0.029210
v 0.010231 0.006303 -0.028992
v 0.012961 0.005346 -0.030197
v 0.011550 0.005753 -0.029864
v 0.012900 0.005714 -0.029622
v 0.012213 0.006065 -0.029210
v 0.013488 0.005599 -0.029520
v 0.012961 0.005346 -0.030197
v 0.012900 0.005714 -0.029622
v 0.013920 0.005010 -0.030294
v 0.012897 0.006114 -0.028802
v 0.013488 0.005599 -0.029520
v 0.012900 0.005714 -0.029622
v 0.012213 0.006065 -0.029210
v 0.002931 0.003451 -0.030517
v 0.002246 0.003369 -0.030028
v 0.002948 0.004119 -0.029540
v 0.002138 0.002674 -0.030826
v 0.004070 0.004346 -0.030109
v 0.002948 0.004119 -0.029540
v 0.003709 0.004856 -0.029012
v 0.002931 0.003451 -0.030517
v 0.003709 0.004856 -0.029012
v 0.002948 0.004119 -0.029540
v 0.002995 0.004722 -0.028578
v 0.003614 0.005340 -0.027970
v 0.002948 0.004119 -0.029540
v 0.002246 0.003369 -0.030028
v 0.002446 0.004072 -0.029237
v 0.002995 0.004722 -0.028578
v 0.006103 0.002739 -0.032535
v 0.004089 0.002168 -0.032676
v 0.004072 0.003259 -0.031412
v 0.005853 0.003741 -0.031311
v 0.008238 0.003140 -0.032466
v 0.005853 0.003741 -0.031311
v 0.007977 0.004162 -0.031215
v 0.006103 0.002739 -0.032535
v 0.007977 0.004162 -0.031215
v 0.005876 0.004693 -0.030197
v 0.007747 0.005064 -0.030112
v 0.005853 0.003741 -0.031311
v 0.005853 0.003741 -0.031311
v 0.004070 0.004346 -0.030109
v 0.005876 0.004693 -0.030197
v 0.004072 0.003259 -0.031412
v 0.013376 0.003868 -0.032053
v 0.013212 0.004687 -0.031061
v 0.014178 0.004365 -0.031099
v 0.014256 0.003685 -0.031913
v 0.013212 0.004687 -0.031061
v 0.012961 0.005346 -0.030197
v 0.013920 0.005010 -0.030294
v 0.014178 0.004365 -0.031099
v 0.011954 0.004823 -0.031056
v 0.011550 0.005753 -0.029864
v 0.012961 0.005346 -0.030197
v 0.013212 0.004687 -0.031061
v 0.012184 0.003889 -0.032196
v 0.011954 0.004823 -0.031056
v 0.013212 0.004687 -0.031061
v 0.013376 0.003868 -0.032053
v 0.011987 0.002906 -0.033314
v 0.013174 0.003019 -0.033013
v 0.012890 0.002274 -0.033793
v 0.011810 0.002032 -0.034200
v 0.013174 0.003019 -0.033013
v 0.014146 0.002989 -0.032710
v 0.013857 0.002299 -0.033468
v 0.012890 0.002274 -0.033793
v 0.014146 0.002989 -0.032710
v 0.013376 0.003868 -0.032053
v 0.014256 0.003685 -0.031913
v 0.013174 0.003019 -0.033013
v 0.012184 0.003889 -0.032196
v 0.013376 0.003868 -0.032053
v 0.013174 0.003019 -0.033013
v 0.011987 0.002906 -0.033314
v 0.012809 0.001765 -0.034245
v 0.011810 0.002032 -0.034200
v 0.012890 0.002274 -0.033793
v 0.012106 0.001426 -0.034642
v 0.012779 0.001018 -0.034769
v 0.012809 0.001765 -0.034245
v 0.013397 0.001635 -0.034161
v 0.012106 0.001426 -0.034642
v 0.013397 0.001635 -0.034161
v 0.012890 0.002274 -0.033793
v 0.013857 0.002299 -0.033468
v 0.012809 0.001765 -0.034245
v 0.008970 0.000872 -0.035116
v 0.010496 0.001553 -0.034625
v 0.010227 0.000409 -0.035485
v 0.011131 0.000928 -0.035087
v 0.011131 0.000928 -0.035087
v 0.012020 0.000468 -0.035273
v 0.011145 0.000000 -0.035660
v 0.010227 0.000409 -0.035485
v 0.011131 0.000928 -0.035087
v 0.012106 0.001426 -0.034642
v 0.012020 0.000468 -0.035273
v 0.012779 0.001018 -0.034769
v 0.011810 0.002032 -0.034200
v 0.011131 0.000928 -0.035087
v 0.010496 0.001553 -0.034625
v 0.012106 0.001426 -0.034642
v 0.002214 0.001992 -0.031640
v 0.003059 0.001880 -0.032408
v 0.002470 0.001347 -0.032445
v 0.002973 0.002656 -0.031523
v 0.004089 0.002168 -0.032676
v 0.003059 0.001880 -0.032408
v 0.002973 0.002656 -0.031523
v 0.004072 0.003259 -0.031412
v 0.004072 0.003259 -0.031412
v 0.002973 0.002656 -0.031523
v 0.002931 0.003451 -0.030517
v 0.004070 0.004346 -0.030109
v 0.002973 0.002656 -0.031523
v 0.002214 0.001992 -0.031640
v 0.002138 0.002674 -0.030826
v 0.002931 0.003451 -0.030517
v 0.003172 0.001266 -0.033021
v 0.004089 0.002168 -0.032676
v 0.003694 0.001109 -0.033435
v 0.003059 0.001880 -0.032408
v 0.002470 0.001347 -0.032445
v 0.003172 0.001266 -0.033021
v 0.002903 0.000759 -0.033218
v 0.003059 0.001880 -0.032408
v 0.002903 0.000759 -0.033218
v 0.003694 0.001109 -0.033435
v 0.003496 0.000244 -0.033936
v 0.003172 0.001266 -0.033021
v 0.006625 0.001764 -0.033780
v 0.005945 0.000667 -0.034702
v 0.005131 0.001396 -0.033801
v 0.007222 0.000844 -0.034843
v 0.008517 0.002049 -0.033800
v 0.007222 0.000844 -0.034843
v 0.006625 0.001764 -0.033780
v 0.008970 0.000872 -0.035116
v 0.008238 0.003140 -0.032466
v 0.006625 0.001764 -0.033780
v 0.006103 0.002739 -0.032535
v 0.008517 0.002049 -0.033800
v 0.006103 0.002739 -0.032535
v 0.005131 0.001396 -0.033801
v 0.004089 0.002168 -0.032676
v 0.006625 0.001764 -0.033780
v 0.008970 0.000872 -0.035116
v 0.010227 0.000409 -0.035485
v 0.009738 0.000002 -0.035740
v 0.008864 0.000016 -0.035689
v 0.009158 -0.000638 -0.036034
v 0.008864 0.000016 -0.035689
v 0.009738 0.000002 -0.035740
v 0.010182 -0.000372 -0.035916
v 0.010227 0.000409 -0.035485
v 0.010182 -0.000372 -0.035916
v 0.009738 0.000002 -0.035740
v 0.011145 0.000000 -0.035660
v 0.007222 0.000844 -0.034843
v 0.006595 -0.000052 -0.035343
v 0.005945 0.000667 -0.034702
v 0.007695 0.000009 -0.035522
v 0.007695 0.000009 -0.035522
v 0.007054 -0.000811 -0.035845
v 0.006595 -0.000052 -0.035343
v 0.008105 -0.000784 -0.036010
v 0.008864 0.000016 -0.035689
v 0.008105 -0.000784 -0.036010
v 0.007695 0.000009 -0.035522
v 0.009158 -0.000638 -0.036034
v 0.008970 0.000872 -0.035116
v 0.007695 0.000009 -0.035522
v 0.007222 0.000844 -0.034843
v 0.008864 0.000016 -0.035689
v 0.004232 -0.000182 -0.034575
v 0.005291 0.000196 -0.034807
v 0.005087 -0.000508 -0.035117
v 0.004473 0.000691 -0.034114
v 0.005291 0.000196 -0.034807
v 0.005131 0.001396 -0.033801
v 0.005945 0.000667 -0.034702
v 0.004473 0.000691 -0.034114
v 0.003694 0.001109 -0.033435
v 0.005131 0.001396 -0.033801
v 0.004473 0.000691 -0.034114
v 0.004089 0.002168 -0.032676
v 0.003496 0.000244 -0.033936
v 0.004473 0.000691 -0.034114
v 0.004232 -0.000182 -0.034575
v 0.003694 0.001109 -0.033435
v 0.005945 0.000667 -0.034702
v 0.005931 -0.000195 -0.035256
v 0.005291 0.000196 -0.034807
v 0.006595 -0.000052 -0.035343
v 0.006037 -0.000718 -0.035544
v 0.005087 -0.000508 -0.035117
v 0.005931 -0.000195 -0.035256
v 0.005291 0.000196 -0.034807
v 0.006595 -0.000052 -0.035343
v 0.006037 -0.000718 -0.035544
v 0.005931 -0.000195 -0.035256
v 0.007054 -0.000811 -0.035845
vn 0.9648 -0.1194 -0.2342
vn 0.9534 -0.2816 -0.1083
vn 0.9133 -0.2891 -0.2870
vn 0.9862 -0.1575 -0.0502
vn 0.4881 -0.8079 -0.3301
vn 0.4475 -0.8422 -0.3008
vn 0.9534 -0.2816 -0.1082
vn 0.9132 -0.2891 -0.2871
vn 0.1748 -0.9374 -0.3013
vn 0.4635 -0.2958 -0.8353
vn 0.2552 -0.9313 -0.2598
vn 0.2609 -0.3169 -0.9118
vn 0.6655 -0.2442 -0.7053
vn 0.4635 -0.2958 -0.8352
vn 0.5236 -0.0484 -0.8506
vn 0.7057 -0.0792 -0.7040
vn 0.3400 -0.9078 -0.2455
vn 0.3643 -0.9014 -0.2342
vn 0.7630 -0.2810 -0.5821
vn 0.3401 -0.9078 -0.2455
vn 0.2884 0.0016 -0.9575
vn 0.5235 -0.0483 -0.8507
vn 0.8370 -0.2845 -0.4675
vn 0.8009 -0.0809 -0.5933
vn 0.8904 -0.0898 -0.4462
vn 0.4055 -0.8742 -0.2669
vn 0.4882 -0.8079 -0.3301
vn 0.9556 -0.2910 0.0463
vn 0.5277 -0.7683 -0.3623
vn 0.9862 -0.1576 -0.0502
vn 0.9534 -0.2817 -0.1082
vn 0.9739 -0.2039 0.0997
vn 0.8634 -0.3106 0.3975
vn 0.9229 -0.3336 0.1922
vn 0.9348 -0.2549 0.2472
vn 0.8557 -0.3834 0.3476
vn 0.5431 -0.7346 -0.4066
vn 0.8556 -0.3834 0.3477
vn 0.5587 -0.7124 -0.4248
vn 0.9348 -0.2549 0.2471
vn 0.5503 -0.4683 0.6912
vn 0.7124 -0.4508 0.5378
vn 0.7296 -0.3878 0.5633
vn 0.5356 -0.5179 0.6670
vn 0.5586 -0.7124 -0.4248
vn 0.5756 -0.7031 -0.4175
vn 0.5575 -0.7278 -0.3993
vn 0.5756 -0.7032 -0.4174
vn 0.7125 -0.4507 0.5378
vn 0.7125 -0.4508 0.5377
vn 0.2645 -0.5487 0.7931
vn 0.3963 -0.5751 0.7157
vn 0.4010 -0.5218 0.7529
vn 0.2591 -0.6053 0.7526
vn 0.5357 -0.5179 0.6670
vn 0.3954 -0.7788 -0.4869
vn 0.5575 -0.7279 -0.3992
vn 0.3964 -0.5751 0.7157
vn 0.3964 -0.5751 0.7156
vn 0.2249 -0.8069 -0.5462
vn 0.3954 -0.7788 -0.4870
vn 0.4011 -0.5218 0.7529
vn 0.5356 -0.5180 0.6670
vn 0.5503 -0.4684 0.6912
vn 0.1232 -0.5539 0.8234
vn 0.2591 -0.6053 0.7527
vn 0.1161 -0.6105 0.7835
vn 0.0540 -0.8444 -0.5331
vn 0.2248 -0.8069 -0.5462
vn -0.1266 -0.8616 -0.4916
vn 0.0540 -0.8443 -0.5331
vn -0.0464 -0.5933 0.8036
vn 0.1160 -0.6105 0.7835
vn -0.0365 -0.5400 0.8409
vn -0.0464 -0.5933 0.8037
vn -0.2163 -0.5020 0.8374
vn -0.0465 -0.5932 0.8037
vn -0.0366 -0.5399 0.8409
vn -0.2226 -0.5521 0.8035
vn -0.2485 -0.8445 -0.4744
vn -0.1267 -0.8616 -0.4916
vn -0.2226 -0.5522 0.8035
vn -0.0465 -0.5933 0.8036
vn -0.3159 -0.8242 -0.4700
vn -0.2486 -0.8445 -0.4744
vn -0.3838 -0.4946 0.7798
vn -0.3837 -0.4946 0.7798
vn -0.2164 -0.5020 0.8373
vn -0.3857 -0.4491 0.8059
vn -0.5463 -0.4264 0.7210
vn -0.5558 -0.3859 0.7363
vn -0.3160 -0.8242 -0.4700
vn -0.5462 -0.4265 0.7210
vn -0.3838 -0.8150 -0.4341
vn -0.3837 -0.4947 0.7798
vn -0.3776 -0.7911 -0.4812
vn -0.5463 -0.4264 0.7209
vn -0.7139 -0.3668 0.5965
vn -0.7139 -0.3667 0.5966
vn -0.7152 -0.3114 0.6257
vn -0.5464 -0.4263 0.7209
vn -0.9352 -0.2337 0.2659
vn -0.8431 -0.2324 0.4849
vn -0.9331 -0.1581 0.3229
vn -0.8466 -0.2996 0.4399
vn -0.3848 -0.7905 -0.4764
vn -0.3777 -0.7911 -0.4812
vn -0.8466 -0.2997 0.4399
vn -0.8466 -0.2997 0.4398
vn -0.3918 -0.7982 -0.4576
vn -0.3849 -0.7905 -0.4764
vn -0.9353 -0.2337 0.2658
vn -0.8465 -0.2997 0.4400
vn -0.7153 -0.3113 0.6257
vn -0.8431 -0.2324 0.4850
vn -0.7139 -0.3667 0.5965
vn -0.9986 -0.0322 -0.0415
vn -0.9804 -0.1797 0.0808
vn -0.9852 -0.0915 0.1450
vn -0.9838 -0.1464 -0.1037
vn -0.3943 -0.8121 -0.4302
vn -0.9804 -0.1798 0.0808
vn -0.3856 -0.8321 -0.3987
vn -0.9838 -0.1463 -0.1038
vn -0.9852 -0.0915 0.1451
vn -0.9332 -0.1581 0.3228
vn -0.8872 0.0373 -0.4598
vn -0.9502 -0.1296 -0.2835
vn -0.9710 0.0134 -0.2387
vn -0.8757 -0.1164 -0.4687
vn -0.3748 -0.8549 -0.3586
vn -0.9502 -0.1296 -0.2834
vn -0.9502 -0.1297 -0.2835
vn -0.3677 -0.8730 -0.3204
vn -0.9710 0.0134 -0.2386
vn -0.9986 -0.0321 -0.0415
vn -0.7697 0.0309 -0.6377
vn -0.6406 -0.1995 -0.7415
vn -0.7742 -0.1043 -0.6243
vn -0.6365 0.0149 -0.7711
vn -0.3793 -0.8645 -0.3299
vn -0.3030 -0.8968 -0.3223
vn -0.6405 -0.1995 -0.7416
vn -0.7742 -0.1043 -0.6242
vn -0.8757 -0.1163 -0.4687
vn -0.7696 0.0309 -0.6377
vn -0.2995 0.0046 -0.9541
vn -0.4821 -0.2889 -0.8271
vn -0.4791 0.0036 -0.8778
vn -0.3034 -0.3349 -0.8921
vn -0.2290 -0.9148 -0.3326
vn -0.4822 -0.2889 -0.8271
vn -0.1400 -0.9287 -0.3433
vn -0.3033 -0.3349 -0.8921
vn -0.0318 -0.9363 -0.3497
vn -0.3033 -0.3350 -0.8921
vn -0.1000 -0.3358 -0.9366
vn -0.1399 -0.9287 -0.3433
vn 0.0930 -0.3210 -0.9425
vn 0.2609 -0.3170 -0.9118
vn 0.0819 -0.9376 -0.3378
vn 0.1748 -0.9374 -0.3014
vn -0.2994 0.0047 -0.9541
vn -0.0922 0.0193 -0.9956
vn 0.1059 0.0248 -0.9941
vn 0.2883 0.0016 -0.9575
vn 0.2609 -0.3169 -0.9119
vn -0.3026 -0.7851 -0.5404
vn -0.2928 -0.7775 -0.5565
vn -0.3848 -0.7905 -0.4765
vn -0.2929 -0.7775 -0.5565
vn -0.3159 -0.8242 -0.4701
vn -0.3837 -0.8150 -0.4342
vn -0.2928 -0.7776 -0.5565
vn -0.2383 -0.7840 -0.5732
vn -0.3159 -0.8241 -0.4701
vn -0.2485 -0.8444 -0.4745
vn -0.2444 -0.7822 -0.5730
vn -0.3119 -0.8307 -0.4611
vn -0.3097 -0.8044 -0.5071
vn -0.3942 -0.8121 -0.4302
vn -0.3025 -0.7851 -0.5404
vn -0.2501 -0.8020 -0.5424
vn -0.2517 -0.8385 -0.4832
vn -0.2418 -0.8772 -0.4147
vn -0.3045 -0.8603 -0.4089
vn -0.2912 -0.8917 -0.3465
vn -0.2250 -0.9115 -0.3444
vn -0.3855 -0.8321 -0.3987
vn -0.3748 -0.8550 -0.3586
vn -0.2517 -0.8385 -0.4833
vn -0.2091 -0.9327 -0.2938
vn -0.2740 -0.9166 -0.2912
vn -0.3030 -0.8969 -0.3222
vn -0.2290 -0.9149 -0.3326
vn -0.3676 -0.8730 -0.3204
vn -0.3792 -0.8645 -0.3298
vn -0.2740 -0.9166 -0.2911
vn -0.2091 -0.9327 -0.2937
vn -0.1267 -0.9285 -0.3490
vn -0.0096 -0.9511 -0.3088
vn 0.0102 -0.9365 -0.3507
vn -0.1221 -0.9448 -0.3041
vn -0.0097 -0.9511 -0.3088
vn -0.1399 -0.9288 -0.3433
vn -0.2250 -0.9114 -0.3444
vn 0.1618 -0.9270 -0.3384
vn 0.2192 -0.9400 -0.2616
vn 0.2785 -0.9082 -0.3123
vn 0.1150 -0.9483 -0.2958
vn 0.0819 -0.9377 -0.3378
vn 0.0818 -0.9377 -0.3378
vn 0.0101 -0.9364 -0.3507
vn 0.3443 -0.8955 -0.2819
vn 0.2908 -0.9286 -0.2306
vn 0.2908 -0.9286 -0.2305
vn 0.3642 -0.9014 -0.2342
vn 0.2552 -0.9314 -0.2598
vn 0.2552 -0.9314 -0.2597
vn 0.0530 -0.7701 -0.6357
vn -0.1194 -0.7902 -0.6012
vn 0.0565 -0.7651 -0.6414
vn -0.1202 -0.7787 -0.6158
vn -0.2444 -0.7822 -0.5731
vn -0.1267 -0.8615 -0.4916
vn 0.4681 -0.7554 -0.4585
vn 0.4624 -0.7889 -0.4047
vn 0.4624 -0.7889 -0.4048
vn 0.4300 -0.8180 -0.3820
vn 0.3728 -0.8046 -0.4622
vn 0.3941 -0.8515 -0.3460
vn 0.3274 -0.8631 -0.3844
vn 0.3274 -0.8631 -0.3845
vn 0.4474 -0.8422 -0.3008
vn 0.3443 -0.8956 -0.2819
vn 0.1968 -0.7352 -0.6487
vn 0.3248 -0.7050 -0.6305
vn 0.2249 -0.8069 -0.5463
vn 0.2086 -0.7418 -0.6373
vn 0.3473 -0.7174 -0.6039
vn 0.0566 -0.7651 -0.6414
vn 0.0531 -0.7701 -0.6357
vn 0.4727 -0.7258 -0.4998
vn 0.4718 -0.6972 -0.5397
vn 0.4728 -0.7257 -0.4998
vn 0.3729 -0.8046 -0.4622
vn 0.3647 -0.7515 -0.5498
vn 0.4583 -0.6750 -0.5782
vn 0.5575 -0.7278 -0.3994
vn 0.5756 -0.7031 -0.4176
vn 0.3473 -0.7174 -0.6040
vn 0.7058 -0.0792 -0.7040
vn -0.4792 0.0036 -0.8777
vn -0.6365 0.0149 -0.7712
vn -0.0921 0.0193 -0.9956
vn 0.1059 0.0249 -0.9941
vn 0.8370 -0.2845 -0.4674
vn 0.9648 -0.1194 -0.2343
vn 0.0929 -0.3210 -0.9425
vn -0.0318 -0.9363 -0.3498
vn 0.0818 -0.9376 -0.3378
vn 0.4475 -0.8422 -0.3007
vn -0.1447 -0.8477 -0.5103
vn -0.1337 -0.7988 -0.5866
vn 0.0493 -0.7921 -0.6085
vn 0.0378 -0.8510 -0.5238
vn 0.0492 -0.7921 -0.6084
vn -0.1446 -0.8477 -0.5104
vn 0.0262 -0.9054 -0.4238
vn -0.1382 -0.8961 -0.4218
vn 0.0101 -0.9365 -0.3507
vn 0.0262 -0.9054 -0.4239
vn -0.1382 -0.8961 -0.4217
vn 0.2345 -0.8314 -0.5038
vn 0.2085 -0.8880 -0.4099
vn 0.0263 -0.9054 -0.4238
vn 0.0102 -0.9364 -0.3507
vn 0.0379 -0.8510 -0.5238
vn 0.2344 -0.8314 -0.5039
vn 0.0263 -0.9053 -0.4239
vn 0.2345 -0.8313 -0.5039
vn 0.3728 -0.8046 -0.4623
vn 0.2277 -0.7745 -0.5901
vn 0.2276 -0.7745 -0.5902
vn 0.0493 -0.7921 -0.6084
vn 0.2277 -0.7745 -0.5902
vn 0.3647 -0.7515 -0.5499
vn -0.9872 0.0141 0.1589
vn -0.8992 0.2172 0.3799
vn -0.8994 0.2169 0.3796
vn -0.9872 0.0142 0.1590
vn 0.9782 0.0388 -0.2040
vn 0.8903 -0.1642 -0.4248
vn 0.8905 -0.1639 -0.4245
vn 0.8904 -0.1640 -0.4245
vn 0.7148 -0.3485 -0.6063
vn 0.8902 -0.1643 -0.4249
vn 0.7154 -0.3481 -0.6058
vn 0.9700 0.2406 0.0346
vn 0.8661 0.4218 0.2680
vn 0.8665 0.4214 0.2675
vn 0.9700 0.2408 0.0348
vn 0.9782 0.0389 -0.2039
vn 0.9700 0.2407 0.0348
vn 0.9700 0.2405 0.0345
vn 0.4690 -0.4962 -0.7306
vn 0.4700 -0.4958 -0.7303
vn 0.1784 -0.5924 -0.7856
vn 0.1770 -0.5927 -0.7858
vn 0.7147 -0.3486 -0.6063
vn 0.7154 -0.3481 -0.6059
vn 0.4701 -0.4957 -0.7302
vn 0.4691 -0.4962 -0.7306
vn 0.6776 0.5637 0.4723
vn 0.6768 0.5641 0.4729
vn 0.4208 0.6537 0.6290
vn 0.4220 0.6535 0.6284
vn 0.8665 0.4215 0.2675
vn 0.6769 0.5641 0.4729
vn 0.6777 0.5637 0.4722
vn 0.8661 0.4219 0.2681
vn 0.1769 -0.5927 -0.7857
vn 0.1783 -0.5924 -0.7856
vn -0.1316 -0.6287 -0.7664
vn -0.1330 -0.6287 -0.7662
vn -0.1317 -0.6287 -0.7664
vn -0.4305 -0.6005 -0.6738
vn -0.1331 -0.6287 -0.7661
vn -0.4293 -0.6008 -0.6744
vn -0.1854 0.6458 0.7407
vn 0.1231 0.6816 0.7213
vn -0.1868 0.6455 0.7406
vn 0.1245 0.6816 0.7210
vn 0.4220 0.6534 0.6285
vn 0.1232 0.6816 0.7213
vn 0.1246 0.6816 0.7210
vn 0.4207 0.6537 0.6291
vn -0.4294 -0.6008 -0.6743
vn -0.6863 -0.5109 -0.5176
vn -0.4306 -0.6005 -0.6738
vn -0.6855 -0.5114 -0.5182
vn -0.8754 -0.3686 -0.3128
vn -0.6856 -0.5113 -0.5181
vn -0.8750 -0.3691 -0.3134
vn -0.6864 -0.5109 -0.5175
vn -0.1869 0.6455 0.7406
vn -0.4776 0.5493 0.6857
vn -0.1855 0.6458 0.7407
vn -0.4786 0.5488 0.6854
vn -0.4787 0.5487 0.6853
vn -0.7235 0.4017 0.5614
vn -0.4777 0.5492 0.6857
vn -0.7241 0.4012 0.5610
vn -0.9789 -0.1879 -0.0799
vn -0.9790 -0.1877 -0.0797
vn -0.9790 -0.1878 -0.0797
vn -0.8750 -0.3690 -0.3134
vn -0.9789 -0.1880 -0.0800
vn -0.8754 -0.3686 -0.3127
vn -0.8993 0.2170 0.3796
vn -0.7236 0.4016 0.5614
vn -0.7242 0.4012 0.5609
vn -0.8991 0.2173 0.3799
vn -0.2879 0.8915 -0.3499
vn -0.1665 0.8969 -0.4098
vn -0.2273 0.8593 -0.4582
vn -0.1795 0.9304 -0.3196
vn -0.2996 0.9021 -0.3105
vn -0.1794 0.9304 -0.3196
vn -0.1832 0.9397 -0.2889
vn -0.3973 0.8439 -0.3605
vn -0.3677 0.8406 -0.3976
vn -0.2820 0.8219 -0.4950
vn -0.3678 0.8406 -0.3976
vn -0.2274 0.8593 -0.4582
vn -0.3487 0.6862 -0.6383
vn -0.2168 0.7074 -0.6727
vn -0.3163 0.6465 -0.6942
vn -0.2576 0.7469 -0.6130
vn -0.2168 0.7074 -0.6728
vn -0.2001 0.7927 -0.5759
vn -0.1211 0.7553 -0.6441
vn -0.3307 0.7784 -0.5335
vn -0.3872 0.7243 -0.5706
vn -0.3307 0.7785 -0.5335
vn -0.0731 0.8198 -0.5679
vn -0.0901 0.8886 -0.4498
vn -0.0210 0.8777 -0.4788
vn -0.1453 0.8347 -0.5311
vn -0.1453 0.8348 -0.5311
vn -0.0732 0.8198 -0.5679
vn -0.1210 0.7553 -0.6441
vn -0.4675 0.7709 -0.4326
vn -0.4321 0.7787 -0.4549
vn -0.4741 0.7000 -0.5341
vn -0.5022 0.6904 -0.5208
vn -0.4321 0.7787 -0.4548
vn -0.3307 0.7784 -0.5336
vn -0.4676 0.7709 -0.4326
vn 0.0367 0.9272 -0.3729
vn -0.0601 0.9533 -0.2960
vn 0.0577 0.9412 -0.3329
vn -0.0618 0.9398 -0.3361
vn -0.0619 0.9398 -0.3361
vn -0.0901 0.8886 -0.4497
vn -0.4210 0.5687 -0.7066
vn -0.4991 0.6098 -0.6156
vn -0.4619 0.6267 -0.6276
vn -0.4572 0.5380 -0.7082
vn -0.3488 0.6862 -0.6383
vn -0.3872 0.7242 -0.5706
vn -0.5022 0.6903 -0.5208
vn 0.1592 0.9051 -0.3942
vn 0.2061 0.8459 -0.4919
vn 0.1268 0.8984 -0.4204
vn 0.2336 0.8483 -0.4753
vn 0.0453 0.8589 -0.5101
vn 0.1227 0.8335 -0.5387
vn -0.0115 0.7514 -0.6597
vn 0.0020 0.8025 -0.5966
vn 0.1118 0.7850 -0.6093
vn 0.1056 0.7371 -0.6674
vn 0.0020 0.8025 -0.5967
vn -0.1506 0.5793 -0.8011
vn -0.1794 0.6604 -0.7292
vn -0.1001 0.6820 -0.7245
vn -0.0764 0.5943 -0.8006
vn -0.2768 0.6067 -0.7452
vn -0.2335 0.5544 -0.7989
vn -0.0032 0.6110 -0.7916
vn -0.0191 0.6949 -0.7189
vn -0.0191 0.6948 -0.7189
vn 0.0925 0.6861 -0.7216
vn 0.0813 0.6222 -0.7786
vn 0.0924 0.6861 -0.7216
vn 0.2327 0.7095 -0.6652
vn 0.2363 0.7768 -0.5837
vn 0.2750 0.7764 -0.5671
vn 0.2779 0.6965 -0.6615
vn 0.2363 0.7768 -0.5838
vn 0.1226 0.8335 -0.5387
vn 0.1119 0.7850 -0.6093
vn -0.3821 0.4808 -0.7892
vn -0.2689 0.4734 -0.8388
vn -0.2800 0.4453 -0.8505
vn -0.3615 0.5158 -0.7767
vn -0.3614 0.5158 -0.7767
vn -0.2335 0.5544 -0.7988
vn -0.2768 0.6066 -0.7452
vn -0.4573 0.5380 -0.7082
vn 0.1510 0.5641 -0.8118
vn 0.2437 0.6161 -0.7490
vn 0.1740 0.5436 -0.8211
vn 0.2093 0.6389 -0.7402
vn 0.2093 0.6389 -0.7403
vn -0.1618 0.4333 -0.8866
vn -0.1535 0.4708 -0.8688
vn -0.0491 0.4882 -0.8714
vn -0.0389 0.4476 -0.8934
vn -0.1506 0.5792 -0.8011
vn -0.1619 0.4333 -0.8866
vn 0.0519 0.5153 -0.8555
vn -0.0388 0.4476 -0.8934
vn 0.0771 0.4851 -0.8711
vn -0.4788 0.5488 0.6853
vn -0.4777 0.5493 0.6857
vn -0.7242 0.4011 0.5609
vn -0.1868 0.6454 0.7406
vn -0.4787 0.5488 0.6853
vn -0.1855 0.6457 0.7407
vn -0.1854 0.6457 0.7407
vn 0.1230 0.6816 0.7213
vn -0.1867 0.6455 0.7406
vn 0.1245 0.6817 0.7210
vn -0.9872 0.0141 0.1590
vn -0.8992 0.2173 0.3799
vn -0.8994 0.2169 0.3795
vn -0.9872 0.0140 0.1589
vn -0.9789 -0.1879 -0.0800
vn 0.6776 0.5637 0.4722
vn 0.4208 0.6536 0.6290
vn 0.6768 0.5642 0.4729
vn 0.1232 0.6816 0.7212
vn 0.1246 0.6817 0.7210
vn 0.4208 0.6536 0.6291
vn -0.8754 -0.3687 -0.3128
vn -0.6856 -0.5113 -0.5182
vn -0.8750 -0.3690 -0.3133
vn 0.9700 0.2406 0.0345
vn 0.8662 0.4218 0.2680
vn 0.9699 0.2408 0.0348
vn 0.8665 0.4214 0.2676
vn 0.6769 0.5641 0.4728
vn 0.6777 0.5636 0.4722
vn 0.8661 0.4218 0.2681
vn -0.6864 -0.5108 -0.5177
vn -0.4306 -0.6006 -0.6737
vn -0.6855 -0.5114 -0.5183
vn -0.4305 -0.6006 -0.6738
vn -0.1331 -0.6287 -0.7662
vn -0.4293 -0.6008 -0.6743
vn 0.9782 0.0388 -0.2039
vn 0.9700 0.2405 0.0344
vn 0.1783 -0.5925 -0.7856
vn 0.4701 -0.4957 -0.7303
vn 0.1770 -0.5927 -0.7857
vn -0.1315 -0.6287 -0.7665
vn 0.1769 -0.5928 -0.7857
vn 0.1782 -0.5925 -0.7856
vn 0.8904 -0.1639 -0.4245
vn 0.7148 -0.3486 -0.6062
vn -0.1730 0.9287 -0.3281
vn -0.0887 0.8845 -0.4580
vn -0.1634 0.8800 -0.4460
vn -0.0681 0.9378 -0.3405
vn -0.1833 0.9398 -0.2884
vn -0.0602 0.9531 -0.2965
vn -0.1730 0.9287 -0.3280
vn -0.2994 0.9021 -0.3109
vn -0.2868 0.8956 -0.3401
vn -0.2469 0.8708 -0.4252
vn -0.2861 0.8251 -0.4873
vn -0.1863 0.8215 -0.5390
vn -0.2195 0.7723 -0.5961
vn -0.3220 0.7801 -0.5365
vn -0.1061 0.8231 -0.5578
vn -0.2195 0.7724 -0.5961
vn -0.2860 0.8251 -0.4873
vn -0.4672 0.7710 -0.4328
vn -0.3976 0.8439 -0.3602
vn -0.4298 0.7758 -0.4619
vn -0.3751 0.8382 -0.3958
vn -0.3752 0.8382 -0.3958
vn -0.2861 0.8251 -0.4872
vn -0.3976 0.8439 -0.3601
vn 0.1370 0.8984 -0.4172
vn 0.0579 0.9413 -0.3325
vn 0.1589 0.9051 -0.3945
vn 0.0344 0.9301 -0.3658
vn 0.0345 0.9300 -0.3658
vn -0.0601 0.9531 -0.2965
vn -0.0146 0.8810 -0.4729
vn 0.0708 0.8729 -0.4827
vn -0.0124 0.7738 -0.6333
vn -0.0245 0.8226 -0.5682
vn 0.0865 0.8276 -0.5546
vn 0.1037 0.7830 -0.6133
vn -0.0146 0.8810 -0.4730
vn -0.0245 0.8225 -0.5682
vn -0.4710 0.6258 -0.6218
vn -0.5026 0.6902 -0.5206
vn -0.4653 0.7061 -0.5337
vn -0.4987 0.6100 -0.6157
vn -0.3507 0.7304 -0.5861
vn -0.3848 0.6687 -0.6363
vn -0.4710 0.6257 -0.6218
vn -0.3506 0.7304 -0.5861
vn -0.3249 0.6431 -0.6935
vn -0.1958 0.6915 -0.6953
vn -0.2732 0.6139 -0.7406
vn -0.2564 0.7186 -0.6464
vn -0.3848 0.6687 -0.6362
vn -0.3249 0.6430 -0.6935
vn 0.2340 0.8483 -0.4750
vn 0.2745 0.7764 -0.5672
vn 0.2298 0.7806 -0.5813
vn 0.2008 0.8422 -0.5003
vn 0.1589 0.9050 -0.3945
vn -0.0678 0.6925 -0.7182
vn 0.0542 0.6460 -0.7614
vn -0.0100 0.6160 -0.7877
vn 0.0054 0.7205 -0.6934
vn 0.1294 0.6726 -0.7286
vn 0.1139 0.7338 -0.6697
vn 0.1140 0.7338 -0.6697
vn 0.1037 0.7831 -0.6132
vn -0.0773 0.5869 -0.8060
vn -0.1378 0.6562 -0.7419
vn -0.2157 0.5857 -0.7813
vn -0.1378 0.6563 -0.7419
vn -0.0774 0.5869 -0.8060
vn -0.1516 0.5463 -0.8238
vn 0.2151 0.6313 -0.7451
vn 0.2390 0.7115 -0.6608
vn 0.2783 0.6964 -0.6615
vn 0.2433 0.6163 -0.7490
vn 0.2746 0.7764 -0.5672
vn -0.4576 0.5377 -0.7082
vn -0.3541 0.5182 -0.7785
vn -0.3818 0.4812 -0.7891
vn -0.4229 0.5621 -0.7107
vn -0.4229 0.5622 -0.7107
vn -0.4230 0.5622 -0.7107
vn 0.0769 0.4855 -0.8709
vn 0.1408 0.5670 -0.8116
vn 0.1744 0.5433 -0.8212
vn 0.0538 0.5218 -0.8514
vn 0.1407 0.5670 -0.8116
vn 0.0543 0.6460 -0.7614
vn -0.0099 0.6160 -0.7877
vn -0.1618 0.4337 -0.8864
vn -0.2802 0.4449 -0.8506
vn -0.1596 0.4626 -0.8721
vn -0.2705 0.4823 -0.8332
vn -0.3540 0.5182 -0.7785
vn -0.3819 0.4812 -0.7891
vn -0.0426 0.4844 -0.8738
vn -0.0387 0.4472 -0.8936
vn -0.0388 0.4472 -0.8936
vn 0.7148 -0.3486 -0.6063
vn 0.7154 -0.3482 -0.6058
vn -0.1559 -0.5762 -0.8023
vn 0.1531 -0.5478 -0.8225
vn -0.1560 -0.5762 -0.8023
vn -0.4510 -0.5400 -0.7106
vn -0.4511 -0.5400 -0.7106
vn 0.4460 -0.4581 -0.7689
vn 0.6938 -0.3156 -0.6473
vn 0.1532 -0.5478 -0.8225
vn 0.4459 -0.4581 -0.7689
vn -0.4512 -0.5400 -0.7105
vn -0.7033 -0.4432 -0.5559
vn -0.8877 -0.2947 -0.3537
vn -0.7034 -0.4431 -0.5558
vn 0.9653 0.0680 -0.2521
vn 0.8729 -0.1344 -0.4691
vn 0.9653 0.0680 -0.2522
vn 0.8728 -0.1345 -0.4692
vn 0.6939 -0.3155 -0.6473
vn -0.8878 -0.2946 -0.3536
vn -0.9862 -0.1097 -0.1237
vn -0.9893 0.0941 0.1113
vn -0.9863 -0.1096 -0.1236
vn -0.9893 0.0941 0.1112
vn 0.9622 0.2717 -0.0170
vn 0.8637 0.4569 0.2127
vn 0.9653 0.0681 -0.2521
vn 0.9623 0.2716 -0.0171
vn -0.8968 0.2963 0.3285
vn -0.9893 0.0942 0.1113
vn -0.8968 0.2964 0.3285
vn -0.7179 0.4776 0.5064
vn 0.6793 0.6052 0.4151
vn 0.4271 0.7022 0.5696
vn 0.8637 0.4569 0.2128
vn 0.6794 0.6052 0.4150
vn -0.7178 0.4777 0.5065
vn -0.4700 0.6200 0.6283
vn -0.4699 0.6200 0.6283
vn -0.1772 0.7099 0.6816
vn 0.1319 0.7382 0.6616
vn 0.0020 0.7169 -0.6972
vn 0.0783 0.7340 -0.6747
vn 0.0600 0.6954 -0.7161
vn 0.0069 0.7433 -0.6689
vn 0.0264 0.6603 -0.7505
vn -0.0256 0.6972 -0.7164
vn -0.0521 0.6758 -0.7353
vn -0.0215 0.6335 -0.7735
vn -0.1935 0.6171 -0.7627
vn -0.1285 0.6608 -0.7395
vn -0.1367 0.6108 -0.7799
vn -0.1631 0.6702 -0.7240
vn -0.0216 0.6335 -0.7735
vn -0.0774 0.6157 -0.7842
vn -0.0905 0.6693 -0.7374
vn -0.1286 0.6608 -0.7395
vn -0.1366 0.6108 -0.7799
vn -0.1981 0.6777 -0.7082
vn -0.2774 0.6642 -0.6942
vn -0.2156 0.6997 -0.6811
vn -0.2414 0.6362 -0.7328
vn -0.2341 0.7200 -0.6533
vn -0.2971 0.7389 -0.6048
vn -0.2279 0.7464 -0.6252
vn -0.2957 0.7000 -0.6501
vn -0.1934 0.6171 -0.7627
vn -0.1631 0.6703 -0.7240
vn -0.2449 0.8127 -0.5288
vn -0.2228 0.7716 -0.5958
vn -0.2787 0.7778 -0.5634
vn -0.1953 0.7925 -0.5777
vn -0.1685 0.8127 -0.5578
vn -0.1408 0.8572 -0.4953
vn -0.1302 0.8204 -0.5567
vn -0.1968 0.8397 -0.5061
vn -0.1968 0.8398 -0.5061
vn -0.0920 0.8276 -0.5537
vn -0.0816 0.8622 -0.4999
vn -0.0920 0.8277 -0.5536
vn -0.0248 0.8556 -0.5170
vn -0.0577 0.8194 -0.5703
vn -0.0249 0.8556 -0.5170
vn -0.0226 0.8107 -0.5850
vn 0.0229 0.8367 -0.5472
vn 0.0588 0.8085 -0.5855
vn -0.0053 0.7900 -0.6131
vn 0.0133 0.7684 -0.6398
vn 0.0769 0.7730 -0.6297
vn -0.1112 0.7502 -0.6518
vn -0.0522 0.6758 -0.7352
vn -0.1112 0.7502 -0.6517
vn -0.0920 0.8276 -0.5536
vn -0.1952 0.7925 -0.5777
vn 0.4270 0.7023 0.5696
vn 0.1320 0.7382 0.6616
vn -0.1239 0.7566 -0.6420
vn -0.1224 0.7548 -0.6444
vn -0.1210 0.7551 -0.6443
vn -0.1283 0.7532 -0.6452
vn 0.9792 -0.1619 0.1220
vn 0.9218 -0.3823 0.0651
vn 0.9189 -0.3532 0.1756
vn 0.9910 -0.1098 0.0762
vn 0.9678 0.1781 0.1781
vn 0.9921 0.0785 0.0981
vn 0.9922 0.0075 0.1243
vn 0.9724 0.0509 0.2277
vn 0.9461 0.2871 0.1502
vn 0.9219 0.2459 0.2994
vn 0.8858 0.3773 0.2702
vn 0.9415 -0.1291 0.3112
vn 0.9497 -0.0236 0.3123
vn 0.9661 -0.1068 0.2352
vn 0.9493 -0.1932 0.2478
vn 0.9305 -0.2738 0.2434
vn 0.9347 -0.2205 0.2788
vn -0.2572 -0.6965 0.6699
vn -0.2448 -0.9240 0.2938
vn -0.2214 -0.9682 0.1165
vn -0.3284 -0.7614 0.5590
vn -0.1260 -0.8175 0.5620
vn -0.2448 -0.9240 0.2939
vn -0.1569 -0.6456 0.7474
vn 0.0117 -0.5935 0.8047
vn -0.0533 -0.4949 0.8673
vn -0.1570 -0.6455 0.7474
vn -0.2152 -0.4729 0.8544
vn -0.1343 -0.4063 0.9038
vn 0.8586 -0.4983 0.1205
vn 0.8074 -0.5890 0.0339
vn 0.8375 -0.5427 0.0635
vn 0.8354 -0.5425 0.0881
vn 0.5394 -0.8328 -0.1240
vn 0.6217 -0.7767 -0.1013
vn 0.6573 -0.7478 -0.0935
vn 0.5653 -0.8147 -0.1294
vn 0.9434 0.1185 0.3099
vn 0.9372 0.1043 0.3329
vn 0.9238 0.1833 0.3361
vn 0.9388 -0.0379 0.3424
vn 0.9372 0.1042 0.3329
vn 0.8922 0.2945 0.3425
vn 0.8519 0.4140 0.3208
vn 0.9026 -0.4241 0.0747
vn 0.8965 -0.4279 0.1147
vn 0.8711 -0.4881 0.0535
vn 0.9129 -0.3860 0.1328
vn 0.9219 0.2459 0.2993
vn 0.7523 0.6413 0.1509
vn 0.9024 0.4086 0.1368
vn 0.8399 0.4952 0.2221
vn 0.8268 0.5546 0.0938
vn 0.8267 0.5547 0.0938
vn 0.6434 0.7633 0.0585
vn 0.7546 0.6555 -0.0301
vn -0.1222 0.7559 -0.6432
vn -0.1221 0.7553 -0.6439
vn 0.6874 0.7136 -0.1350
vn 0.7407 0.6543 -0.1527
vn 0.8089 0.5309 -0.2526
vn 0.7944 0.5736 -0.2000
vn 0.8099 0.5054 -0.2977
vn 0.0585 -0.8660 -0.4967
vn 0.0233 -0.8788 -0.4765
vn -0.0028 -0.9781 -0.2083
vn -0.2194 -0.8791 -0.4231
vn -0.0029 -0.9781 -0.2082
vn -0.2208 -0.8783 -0.4240
vn -0.2035 -0.8856 -0.4174
vn -0.0029 -0.9781 -0.2083
vn 0.0556 -0.9969 0.0560
vn 0.0637 -0.9964 0.0559
vn 0.0357 -0.9977 0.0583
vn 0.0090 -0.9979 0.0637
vn -0.0028 -0.9781 -0.2082
vn -0.0060 -0.9977 0.0681
vn -0.1103 -0.8946 -0.4330
vn -0.1673 -0.8898 -0.4245
vn -0.2030 -0.8830 -0.4231
vn -0.0002 -0.9779 -0.2091
vn -0.0380 -0.8913 -0.4518
vn 0.6056 0.7885 -0.1073
vn 0.6134 0.7819 -0.1111
vn 0.5533 0.8275 -0.0955
vn 0.5293 0.8431 -0.0951
vn 0.0652 0.9281 -0.3667
vn 0.1304 0.9504 -0.2823
vn 0.1436 0.9556 -0.2574
vn 0.0426 0.9202 -0.3891
vn 0.2356 0.9525 -0.1929
vn 0.2900 0.9428 -0.1645
vn 0.3057 0.9392 -0.1563
vn 0.2052 0.9562 -0.2086
vn -0.1237 0.7539 -0.6452
vn -0.1225 0.7536 -0.6458
vn -0.1220 0.7537 -0.6458
vn -0.1237 0.7539 -0.6453
vn -0.1211 0.7552 -0.6442
vn -0.1220 0.7551 -0.6442
vn -0.1213 0.7552 -0.6442
vn -0.1208 0.7551 -0.6444
vn -0.1211 0.7551 -0.6443
vn -0.1211 0.7551 -0.6444
vn -0.1214 0.7558 -0.6434
vn -0.1213 0.7552 -0.6441
vn -0.1213 0.7549 -0.6445
vn -0.1212 0.7550 -0.6444
vn -0.1215 0.7553 -0.6441
vn -0.1215 0.7547 -0.6447
vn -0.1215 0.7547 -0.6448
vn -0.1213 0.7546 -0.6448
vn -0.1214 0.7546 -0.6448
vn -0.1215 0.7551 -0.6442
vn -0.1216 0.7552 -0.6442
vn -0.1216 0.7551 -0.6443
vn -0.1215 0.7550 -0.6443
vn -0.1215 0.7550 -0.6444
vn -0.1214 0.7550 -0.6444
vn -0.1213 0.7550 -0.6445
vn -0.1218 0.7552 -0.6441
vn -0.1219 0.7552 -0.6441
vn -0.1211 0.7549 -0.6445
vn -0.1206 0.7539 -0.6458
vn -0.1209 0.7538 -0.6459
vn -0.1224 0.7539 -0.6455
vn -0.1226 0.7539 -0.6455
vn -0.1229 0.7539 -0.6454
vn -0.1222 0.7538 -0.6456
vn -0.1214 0.7551 -0.6442
vn -0.1215 0.7548 -0.6447
vn -0.1215 0.7552 -0.6442
vn -0.1214 0.7553 -0.6440
vn -0.1213 0.7554 -0.6440
vn -0.1216 0.7547 -0.6447
vn -0.1217 0.7549 -0.6445
vn -0.1215 0.7548 -0.6446
vn -0.1221 0.7550 -0.6442
vn -0.1217 0.7542 -0.6452
vn -0.1221 0.7544 -0.6450
vn -0.1225 0.7544 -0.6449
vn -0.1222 0.7543 -0.6451
vn -0.1228 0.7544 -0.6448
vn -0.1224 0.7545 -0.6448
vn -0.1221 0.7545 -0.6449
vn -0.1224 0.7544 -0.6450
vn -0.1222 0.7545 -0.6448
vn -0.1224 0.7546 -0.6447
vn -0.1221 0.7546 -0.6448
vn -0.1219 0.7537 -0.6458
vn -0.1221 0.7537 -0.6458
vn -0.1218 0.7538 -0.6457
vn -0.1217 0.7539 -0.6456
vn -0.1207 0.7549 -0.6446
vn -0.1208 0.7548 -0.6448
vn -0.1200 0.7555 -0.6440
vn -0.1202 0.7554 -0.6442
vn -0.1195 0.7560 -0.6436
vn -0.1209 0.7547 -0.6449
vn -0.1193 0.7563 -0.6432
vn -0.1195 0.7560 -0.6435
vn -0.1194 0.7563 -0.6432
vn -0.1193 0.7563 -0.6433
vn -0.1192 0.7564 -0.6431
vn -0.1201 0.7560 -0.6435
vn -0.1208 0.7556 -0.6438
vn -0.1201 0.7559 -0.6435
vn -0.1190 0.7567 -0.6429
vn -0.1200 0.7561 -0.6434
vn -0.1207 0.7556 -0.6438
vn -0.1228 0.7542 -0.6450
vn -0.1198 0.7557 -0.6439
vn -0.1235 0.7538 -0.6454
vn -0.1222 0.7546 -0.6447
vn -0.1209 0.7555 -0.6439
vn -0.1231 0.7541 -0.6451
vn -0.1190 0.7551 -0.6447
vn -0.1190 0.7553 -0.6445
vn -0.1189 0.7552 -0.6447
vn -0.1192 0.7546 -0.6452
vn -0.1192 0.7545 -0.6453
vn -0.1190 0.7550 -0.6448
vn -0.1188 0.7555 -0.6442
vn -0.1192 0.7548 -0.6450
vn -0.1191 0.7550 -0.6448
vn -0.1189 0.7552 -0.6446
vn -0.1191 0.7549 -0.6450
vn -0.1189 0.7553 -0.6446
vn -0.1186 0.7556 -0.6442
vn -0.1187 0.7556 -0.6442
vn -0.1185 0.7556 -0.6442
vn -0.1185 0.7558 -0.6440
vn -0.1194 0.7552 -0.6445
vn -0.1186 0.7557 -0.6441
vn -0.1196 0.7551 -0.6447
vn -0.1196 0.7558 -0.6438
vn -0.1192 0.7555 -0.6443
vn -0.1202 0.7575 -0.6417
vn -0.1196 0.7558 -0.6437
vn -0.1203 0.7578 -0.6412
vn -0.1200 0.7565 -0.6429
vn -0.1192 0.7556 -0.6441
vn -0.1188 0.7558 -0.6440
vn -0.1191 0.7555 -0.6442
vn -0.1197 0.7561 -0.6434
vn -0.1191 0.7552 -0.6445
vn -0.1189 0.7555 -0.6443
vn -0.1192 0.7552 -0.6445
vn -0.1189 0.7554 -0.6444
vn -0.1191 0.7552 -0.6446
vn -0.1189 0.7553 -0.6445
vn -0.1199 0.7562 -0.6432
vn -0.1201 0.7565 -0.6428
vn -0.1203 0.7563 -0.6431
vn -0.1205 0.7564 -0.6429
vn -0.1205 0.7562 -0.6431
vn -0.1198 0.7558 -0.6438
vn -0.1206 0.7562 -0.6431
vn -0.1208 0.7563 -0.6430
vn -0.1204 0.7563 -0.6430
vn -0.1208 0.7565 -0.6428
vn -0.1210 0.7563 -0.6429
vn -0.1208 0.7562 -0.6431
vn -0.1205 0.7562 -0.6432
vn -0.1211 0.7564 -0.6428
vn -0.1209 0.7561 -0.6433
vn -0.1214 0.7562 -0.6429
vn -0.1209 0.7562 -0.6431
vn -0.1208 0.7560 -0.6433
vn -0.1209 0.7559 -0.6434
vn -0.1211 0.7560 -0.6433
vn -0.1209 0.7561 -0.6432
vn -0.1204 0.7557 -0.6437
vn -0.1215 0.7560 -0.6432
vn -0.1212 0.7559 -0.6434
vn -0.1200 0.7564 -0.6430
vn -0.1197 0.7559 -0.6436
vn -0.1213 0.7559 -0.6434
vn -0.1218 0.7558 -0.6434
vn -0.1215 0.7559 -0.6433
vn -0.1216 0.7558 -0.6434
vn -0.1218 0.7559 -0.6433
vn -0.1213 0.7557 -0.6436
vn -0.1214 0.7557 -0.6435
vn -0.1214 0.7557 -0.6436
vn -0.1214 0.7556 -0.6437
vn -0.1219 0.7557 -0.6434
vn -0.1209 0.7557 -0.6437
vn -0.1212 0.7556 -0.6437
vn -0.1212 0.7557 -0.6437
vn -0.1213 0.7556 -0.6437
vn -0.1219 0.7554 -0.6439
vn -0.1209 0.7556 -0.6438
vn -0.1214 0.7555 -0.6438
vn -0.1213 0.7555 -0.6438
vn -0.1210 0.7556 -0.6438
vn -0.1215 0.7555 -0.6438
vn -0.1210 0.7555 -0.6438
vn -0.1212 0.7555 -0.6439
vn -0.1212 0.7555 -0.6438
vn -0.1213 0.7554 -0.6439
vn -0.1201 0.7559 -0.6436
vn -0.1210 0.7555 -0.6439
vn -0.1200 0.7559 -0.6436
vn -0.1199 0.7560 -0.6435
vn -0.1197 0.7560 -0.6436
vn -0.1200 0.7560 -0.6435
vn -0.1214 0.7559 -0.6433
vn -0.1213 0.7559 -0.6433
vn -0.1193 0.7557 -0.6440
vn -0.1198 0.7561 -0.6433
vn -0.1201 0.7558 -0.6437
vn -0.1191 0.7558 -0.6438
vn -0.1193 0.7554 -0.6443
vn -0.1193 0.7558 -0.6439
vn -0.1190 0.7561 -0.6435
vn -0.1192 0.7563 -0.6433
vn -0.1191 0.7558 -0.6439
vn -0.1190 0.7560 -0.6437
vn -0.1190 0.7559 -0.6437
vn -0.1191 0.7563 -0.6433
vn -0.1190 0.7557 -0.6440
vn -0.1190 0.7564 -0.6432
vn -0.1190 0.7561 -0.6436
vn -0.1191 0.7567 -0.6428
vn -0.1193 0.7560 -0.6436
vn -0.1192 0.7556 -0.6442
vn -0.1194 0.7558 -0.6438
vn -0.1192 0.7561 -0.6435
vn -0.1195 0.7561 -0.6434
vn -0.1197 0.7561 -0.6435
vn -0.1195 0.7562 -0.6434
vn -0.1197 0.7563 -0.6432
vn -0.1208 0.7547 -0.6449
vn -0.1198 0.7562 -0.6433
vn -0.1205 0.7549 -0.6447
vn -0.1198 0.7560 -0.6435
vn -0.1240 0.7549 -0.6440
vn -0.1237 0.7551 -0.6438
vn -0.1239 0.7552 -0.6437
vn -0.1241 0.7552 -0.6436
vn -0.1239 0.7554 -0.6434
vn -0.1238 0.7551 -0.6438
vn -0.1240 0.7554 -0.6434
vn -0.1207 0.7548 -0.6448
vn -0.1239 0.7554 -0.6435
vn -0.1206 0.7548 -0.6448
vn -0.1203 0.7548 -0.6448
vn -0.1206 0.7547 -0.6449
vn -0.1208 0.7547 -0.6448
vn -0.1204 0.7544 -0.6453
vn -0.1210 0.7547 -0.6448
vn -0.1202 0.7547 -0.6449
vn -0.1240 0.7546 -0.6443
vn -0.1239 0.7549 -0.6440
vn -0.1241 0.7546 -0.6443
vn -0.1206 0.7546 -0.6450
vn -0.1201 0.7546 -0.6451
vn -0.1210 0.7547 -0.6449
vn -0.1203 0.7544 -0.6453
vn -0.1207 0.7540 -0.6457
vn -0.1201 0.7545 -0.6452
vn -0.1208 0.7539 -0.6457
vn -0.1202 0.7544 -0.6454
vn -0.1200 0.7544 -0.6453
vn -0.1204 0.7542 -0.6455
vn -0.1200 0.7543 -0.6454
vn -0.1206 0.7538 -0.6460
vn -0.1205 0.7540 -0.6457
vn -0.1202 0.7541 -0.6457
vn -0.1201 0.7541 -0.6457
vn -0.1205 0.7538 -0.6460
vn -0.1205 0.7539 -0.6459
vn -0.1203 0.7540 -0.6458
vn -0.1203 0.7539 -0.6458
vn -0.1210 0.7536 -0.6460
vn -0.1208 0.7536 -0.6461
vn -0.1205 0.7538 -0.6459
vn -0.1206 0.7538 -0.6459
vn -0.1208 0.7537 -0.6460
vn -0.1210 0.7538 -0.6458
vn -0.1208 0.7544 -0.6452
vn -0.1202 0.7542 -0.6456
vn -0.1207 0.7538 -0.6459
vn -0.1209 0.7537 -0.6460
vn -0.1210 0.7539 -0.6457
vn -0.1210 0.7540 -0.6456
vn -0.1214 0.7538 -0.6458
vn -0.1211 0.7543 -0.6453
vn -0.1210 0.7545 -0.6451
vn -0.1210 0.7540 -0.6457
vn -0.1212 0.7551 -0.6443
vn -0.1212 0.7549 -0.6445
vn -0.1224 0.7538 -0.6456
vn -0.1221 0.7539 -0.6455
vn -0.1227 0.7538 -0.6455
vn -0.1222 0.7539 -0.6455
vn -0.1216 0.7537 -0.6458
vn -0.1223 0.7538 -0.6456
vn -0.1221 0.7540 -0.6454
vn -0.1219 0.7540 -0.6454
vn -0.1222 0.7540 -0.6455
vn -0.1218 0.7540 -0.6455
vn -0.1224 0.7542 -0.6452
vn -0.1223 0.7541 -0.6452
vn -0.1223 0.7540 -0.6454
vn -0.1225 0.7542 -0.6452
vn -0.1223 0.7543 -0.6451
vn -0.1218 0.7543 -0.6451
vn -0.1222 0.7541 -0.6453
vn -0.1222 0.7537 -0.6457
vn -0.1225 0.7538 -0.6456
vn -0.1225 0.7537 -0.6457
vn -0.1223 0.7538 -0.6457
vn 0.6255 0.0267 -0.7798
vn 0.6250 0.0263 -0.7802
vn 0.5665 -0.0212 -0.8238
vn 0.5659 -0.0215 -0.8242
vn -0.1212 0.7541 -0.6455
vn -0.1213 0.7540 -0.6455
vn -0.0853 0.8675 -0.4901
vn -0.0418 0.8857 -0.4624
vn -0.1001 0.8750 -0.4736
vn -0.1010 0.8762 -0.4712
vn -0.0936 -0.9506 -0.2958
vn -0.0574 -0.9494 -0.3088
vn -0.0553 -0.9515 -0.3027
vn -0.0934 -0.9483 -0.3035
vn -0.1637 -0.3275 -0.9305
vn -0.1877 -0.3337 -0.9238
vn -0.1636 -0.3275 -0.9306
vn -0.1878 -0.3337 -0.9238
vn 0.1042 -0.0659 0.9924
vn 0.2463 -0.0527 0.9678
vn 0.1051 -0.0658 0.9923
vn 0.2452 -0.0527 0.9680
vn -0.0078 -0.9951 -0.0989
vn 0.0097 -0.9817 -0.1903
vn 0.0269 -0.9947 -0.0996
vn -0.0278 -0.9826 -0.1837
vn -0.0900 -0.9602 -0.2644
vn -0.0493 -0.9595 -0.2773
vn -0.0936 -0.9506 -0.2959
vn -0.1220 0.7536 -0.6459
vn -0.1214 0.7540 -0.6456
vn -0.1229 0.7534 -0.6460
vn -0.1241 0.7539 -0.6451
vn -0.1235 0.7538 -0.6453
vn -0.1247 0.7541 -0.6448
vn -0.1242 0.7539 -0.6451
vn -0.1244 0.7539 -0.6451
vn -0.1243 0.7539 -0.6451
vn -0.1241 0.7541 -0.6449
vn -0.1241 0.7538 -0.6453
vn -0.1238 0.7538 -0.6453
vn -0.1236 0.7537 -0.6455
vn -0.1238 0.7537 -0.6454
vn -0.1241 0.7538 -0.6452
vn -0.1235 0.7539 -0.6453
vn -0.1234 0.7538 -0.6454
vn -0.1235 0.7537 -0.6455
vn -0.1230 0.7542 -0.6451
vn -0.4832 -0.2213 -0.8471
vn -0.4045 -0.2383 -0.8830
vn -0.4052 -0.2382 -0.8827
vn -0.4839 -0.2209 -0.8468
vn 0.7669 -0.2954 -0.5697
vn 0.8185 -0.3214 -0.4762
vn 0.8187 -0.3215 -0.4757
vn 0.7667 -0.2953 -0.5701
vn 0.3327 0.0162 0.9429
vn 0.3425 0.0466 0.9384
vn 0.3318 0.0183 0.9432
vn 0.3406 0.0438 0.9392
vn -0.6625 0.0163 -0.7489
vn -0.7040 -0.0024 -0.7102
vn -0.6770 0.0099 -0.7359
vn 0.3102 0.8890 -0.3370
vn 0.2803 0.9108 -0.3031
vn 0.3113 0.8880 -0.3384
vn 0.2792 0.9115 -0.3019
vn -0.1165 0.2816 -0.9524
vn -0.1466 0.2745 -0.9503
vn -0.1484 0.2739 -0.9503
vn -0.1154 0.2817 -0.9525
vn -0.2226 -0.3308 -0.9171
vn -0.2448 -0.3205 -0.9151
vn -0.2506 -0.3122 -0.9164
vn -0.2461 -0.3132 -0.9172
vn -0.2499 -0.3121 -0.9166
vn -0.2461 -0.3131 -0.9173
vn -0.3387 -0.3053 -0.8900
vn -0.3139 -0.3134 -0.8962
vn -0.3380 -0.3059 -0.8900
vn -0.3167 -0.3131 -0.8954
vn -0.3459 -0.2941 -0.8910
vn -0.3381 -0.3059 -0.8900
vn -0.3651 -0.2629 -0.8931
vn -0.3519 -0.2810 -0.8929
vn -0.3660 -0.2616 -0.8931
vn -0.3514 -0.2817 -0.8928
vn -0.3789 -0.2329 -0.8957
vn -0.3828 -0.2039 -0.9010
vn -0.3829 -0.2052 -0.9007
vn -0.3786 -0.2339 -0.8955
vn -0.4195 -0.1778 -0.8902
vn -0.4605 -0.1630 -0.8726
vn -0.4667 -0.1596 -0.8699
vn -0.4180 -0.1781 -0.8908
vn -0.4950 -0.1287 -0.8593
vn -0.5004 -0.1006 -0.8600
vn -0.4997 -0.0936 -0.8612
vn -0.4919 -0.1350 -0.8601
vn -0.4981 -0.0570 -0.8653
vn -0.5019 -0.0248 -0.8646
vn -0.5035 -0.0180 -0.8638
vn -0.4981 -0.0640 -0.8647
vn -0.5076 0.0159 -0.8615
vn -0.4983 0.0520 -0.8654
vn -0.4954 0.0558 -0.8669
vn -0.5077 0.0221 -0.8613
vn -0.4638 0.0769 -0.8826
vn -0.4300 0.0850 -0.8988
vn -0.4289 0.0851 -0.8993
vn -0.4675 0.0755 -0.8808
vn -0.4065 0.0930 -0.9089
vn -0.3931 0.1115 -0.9127
vn -0.3932 0.1113 -0.9127
vn -0.3783 0.1408 -0.9149
vn -0.3562 0.1711 -0.9186
vn -0.3555 0.1719 -0.9187
vn -0.3786 0.1403 -0.9149
vn -0.3016 0.2109 -0.9298
vn -0.3284 0.1955 -0.9241
vn -0.3023 0.2106 -0.9297
vn -0.2582 0.2305 -0.9382
vn -0.2791 0.2212 -0.9344
vn -0.2787 0.2214 -0.9345
vn -0.2108 0.2491 -0.9452
vn -0.2363 0.2395 -0.9417
vn -0.2365 0.2394 -0.9417
vn -0.2102 0.2494 -0.9453
vn -0.1796 0.2614 -0.9484
vn -0.1811 0.2608 -0.9483
vn -0.1213 -0.3391 -0.9329
vn -0.1022 -0.3505 -0.9310
vn -0.1216 -0.3389 -0.9329
vn -0.1019 -0.3506 -0.9310
vn -0.0821 -0.3503 -0.9330
vn -0.0593 -0.3404 -0.9384
vn -0.0586 -0.3400 -0.9386
vn -0.0820 -0.3503 -0.9331
vn -0.0101 -0.3240 -0.9460
vn -0.0318 -0.3286 -0.9439
vn -0.0340 -0.3293 -0.9436
vn -0.0072 -0.3237 -0.9461
vn 0.0387 -0.3034 -0.9521
vn 0.0168 -0.3176 -0.9481
vn 0.0133 -0.3188 -0.9477
vn 0.0423 -0.3002 -0.9529
vn 0.0971 -0.2370 -0.9666
vn 0.0847 -0.2578 -0.9625
vn 0.0828 -0.2597 -0.9621
vn 0.0976 -0.2356 -0.9669
vn 0.1241 -0.1326 -0.9834
vn 0.1095 -0.1707 -0.9792
vn 0.1093 -0.1714 -0.9791
vn 0.1243 -0.1321 -0.9834
vn 0.1371 -0.0961 -0.9859
vn 0.1370 -0.0964 -0.9859
vn 0.1340 -0.0647 -0.9889
vn 0.1204 -0.0365 -0.9920
vn 0.1346 -0.0660 -0.9887
vn 0.1193 -0.0344 -0.9923
vn 0.1234 0.0697 -0.9899
vn 0.1169 0.0359 -0.9925
vn 0.1235 0.0701 -0.9899
vn 0.1166 0.0349 -0.9926
vn 0.1235 0.0702 -0.9899
vn 0.1169 0.1022 -0.9879
vn 0.1176 0.1008 -0.9879
vn 0.1013 0.1343 -0.9857
vn 0.0881 0.1644 -0.9825
vn 0.1025 0.1320 -0.9859
vn 0.0873 0.1664 -0.9822
vn 0.0576 0.2163 -0.9746
vn 0.0753 0.1941 -0.9781
vn 0.0747 0.1953 -0.9779
vn 0.0566 0.2170 -0.9745
vn 0.0284 0.2286 -0.9731
vn -0.0055 0.2330 -0.9725
vn 0.0299 0.2283 -0.9731
vn -0.0070 0.2331 -0.9724
vn -0.0411 0.2418 -0.9695
vn -0.0679 0.2590 -0.9635
vn -0.0404 0.2415 -0.9696
vn -0.0678 0.2590 -0.9635
vn -0.0999 -0.9757 -0.1949
vn -0.0082 -0.9747 -0.2232
vn -0.1061 -0.9753 -0.1940
vn -0.0025 -0.9742 -0.2256
vn -0.1845 -0.9649 -0.1867
vn -0.1061 -0.9752 -0.1940
vn -0.1881 -0.9642 -0.1867
vn -0.3174 -0.9286 -0.1921
vn -0.2575 -0.9476 -0.1889
vn -0.2582 -0.9474 -0.1889
vn -0.3785 -0.9081 -0.1789
vn -0.3573 -0.9147 -0.1888
vn -0.3792 -0.9080 -0.1783
vn -0.3566 -0.9149 -0.1889
vn -0.3891 -0.9058 -0.1680
vn -0.3895 -0.9057 -0.1675
vn -0.3910 -0.9067 -0.1582
vn -0.3838 -0.9120 -0.1447
vn -0.3912 -0.9065 -0.1589
vn -0.3829 -0.9126 -0.1432
vn -0.3676 -0.9226 -0.1170
vn -0.3514 -0.9322 -0.0872
vn -0.3694 -0.9215 -0.1202
vn -0.3486 -0.9337 -0.0821
vn 0.0915 -0.9568 -0.2759
vn 0.0955 -0.9557 -0.2784
vn -0.0083 -0.9747 -0.2232
vn 0.3271 -0.8708 -0.3671
vn 0.2663 -0.8932 -0.3623
vn 0.2686 -0.8923 -0.3629
vn 0.3264 -0.8710 -0.3673
vn 0.3672 -0.8801 -0.3010
vn 0.3544 -0.8702 -0.3423
vn 0.3537 -0.8697 -0.3442
vn 0.3689 -0.8817 -0.2941
vn 0.3836 -0.8923 -0.2381
vn 0.3928 -0.8973 -0.2015
vn 0.5939 -0.7959 -0.1175
vn 0.3813 -0.8910 -0.2465
vn 0.0598 -0.9782 -0.1988
vn 0.0676 -0.9930 -0.0971
vn 0.1153 -0.9716 -0.2068
vn 0.1128 -0.9885 -0.1004
vn 0.1575 -0.9818 -0.1065
vn 0.2229 -0.9510 -0.2142
vn 0.2000 -0.9734 -0.1122
vn 0.1702 -0.9624 -0.2116
vn 0.2782 -0.9357 -0.2167
vn 0.2764 -0.9537 -0.1187
vn 0.2404 -0.9637 -0.1166
vn 0.3391 -0.9155 -0.2164
vn 0.3965 -0.8959 -0.2003
vn 0.3380 -0.9337 -0.1181
vn 0.3071 -0.9442 -0.1194
vn 0.4395 -0.8812 -0.1744
vn 0.3990 -0.9014 -0.1679
vn 0.5939 -0.7959 -0.1174
vn 0.5394 -0.8329 -0.1240
vn 0.3930 -0.9117 -0.1200
vn 0.5078 -0.8511 -0.1334
vn 0.4010 -0.9055 -0.1388
vn -0.4506 -0.8877 0.0943
vn -0.2709 -0.9625 0.0122
vn -0.2894 -0.9572 -0.0049
vn -0.4254 -0.9014 0.0804
vn -0.4080 -0.9116 0.0500
vn -0.2486 -0.9685 0.0150
vn -0.2575 -0.9661 0.0181
vn -0.3962 -0.9181 0.0086
vn -0.2790 -0.9569 -0.0806
vn -0.2302 -0.9731 -0.0010
vn -0.3300 -0.9421 -0.0599
vn -0.2064 -0.9783 -0.0166
vn -0.1898 -0.9749 -0.1161
vn -0.1717 -0.9846 -0.0319
vn -0.2330 -0.9674 -0.0994
vn -0.1363 -0.9898 -0.0415
vn -0.5050 -0.8563 0.1083
vn -0.3109 -0.9500 -0.0280
vn -0.3316 -0.9418 -0.0545
vn -0.4786 -0.8739 0.0845
vn -0.9846 0.1463 0.0957
vn -0.9679 0.2259 0.1105
vn -0.9698 0.2242 0.0961
vn -0.9828 0.1497 0.1078
vn -0.9379 0.3258 0.1192
vn -0.9391 0.3289 0.0996
vn -0.9654 0.2248 0.1319
vn -0.9365 0.3176 0.1487
vn -0.7011 0.7082 0.0830
vn -0.8711 0.4863 0.0690
vn -0.8692 0.4872 0.0844
vn -0.7030 0.7086 0.0598
vn -0.7050 0.6997 0.1156
vn -0.8706 0.4806 0.1055
vn -0.8706 0.4805 0.1055
vn -0.9401 0.3300 0.0851
vn -0.8693 0.4871 0.0844
vn -0.9920 0.0789 0.0988
vn -0.9943 0.0078 0.1067
vn -0.9927 0.0131 0.1197
vn -0.9904 0.0830 0.1107
vn -0.9846 0.1463 0.0956
vn -0.9879 0.0877 0.1283
vn -0.9804 0.1521 0.1256
vn -0.9714 0.2215 0.0857
vn -0.9860 0.1423 0.0870
vn -0.9714 0.2214 0.0857
vn -0.9872 0.1374 0.0805
vn -0.9731 0.2167 0.0780
vn -0.9940 0.0704 0.0840
vn -0.9960 -0.0021 0.0896
vn -0.9953 0.0032 0.0973
vn -0.9931 0.0749 0.0904
vn -0.9920 0.0790 0.0988
vn -0.9931 0.0750 0.0904
vn -0.6599 -0.4715 0.5851
vn -0.6835 -0.4329 0.5877
vn -0.6655 -0.5012 0.5532
vn -0.6762 -0.4099 0.6122
vn -0.6496 -0.5384 0.5368
vn -0.6655 -0.5011 0.5532
vn -0.6489 -0.5735 0.4999
vn -0.6598 -0.4715 0.5851
vn -0.6857 -0.5461 0.4812
vn -0.6572 -0.6184 0.4309
vn -0.6511 -0.5944 0.4720
vn -0.6153 -0.7352 0.2844
vn -0.6452 -0.6964 0.3143
vn -0.6442 -0.6290 0.4352
vn -0.5910 -0.7762 0.2196
vn -0.6412 -0.6711 0.3721
vn -0.6152 -0.7353 0.2844
vn -0.6441 -0.6290 0.4352
vn -0.6067 -0.4058 0.6836
vn -0.6540 -0.3819 0.6530
vn -0.6380 -0.4377 0.6335
vn -0.6252 -0.3539 0.6956
vn -0.6008 -0.4577 0.6554
vn -0.6381 -0.4377 0.6335
vn -0.6316 -0.4973 0.5948
vn -0.6067 -0.4058 0.6835
vn -0.6782 -0.3764 0.6312
vn -0.6835 -0.3857 0.6197
vn -0.6876 -0.3973 0.6077
vn -0.6722 -0.3626 0.6454
vn -0.6782 -0.3763 0.6312
vn -0.7166 -0.4342 0.5458
vn -0.7093 -0.4769 0.5191
vn -0.0628 -0.9832 -0.1712
vn -0.0278 -0.9826 -0.1838
vn -0.6537 -0.6492 0.3889
vn -0.6093 -0.5048 0.6115
vn -0.6383 -0.5498 0.5388
vn -0.6411 -0.5966 0.4829
vn -0.6452 -0.6963 0.3144
vn -0.6537 -0.6492 0.3888
vn -0.6332 -0.3214 0.7041
vn -0.6526 -0.3363 0.6790
vn -0.6582 -0.3494 0.6669
vn -0.6296 -0.3093 0.7127
vn -0.5078 -0.3551 0.7849
vn -0.5886 -0.3281 0.7389
vn -0.5616 -0.3768 0.7367
vn -0.5456 -0.3034 0.7812
vn -0.5615 -0.3768 0.7367
vn -0.4801 -0.3882 0.7866
vn -0.5502 -0.4193 0.7222
vn -0.5501 -0.4192 0.7222
vn -0.5616 -0.3768 0.7366
vn 0.7342 -0.6789 -0.0042
vn 0.7137 -0.6988 -0.0473
vn 0.6959 -0.7161 -0.0544
vn -0.5971 -0.5393 0.5938
vn -0.4706 -0.4099 0.7813
vn -0.5559 -0.4579 0.6937
vn -0.5093 -0.4773 0.7161
vn -0.6410 -0.5965 0.4829
vn -0.5559 -0.4580 0.6937
vn -0.6396 -0.7281 0.2464
vn -0.6537 -0.6493 0.3888
vn -0.6569 -0.6791 0.3278
vn -0.3803 -0.4150 0.8266
vn -0.2312 -0.3628 0.9027
vn -0.3531 -0.3717 0.8586
vn -0.2388 -0.3608 0.9015
vn -0.4707 -0.4099 0.7813
vn -0.3803 -0.4150 0.8265
vn -0.3841 -0.3686 0.8465
vn -0.4802 -0.3882 0.7866
vn -0.6494 -0.6224 0.4368
vn -0.5971 -0.5394 0.5937
vn -0.6411 -0.5965 0.4829
vn -0.6037 -0.5606 0.5668
vn -0.5078 -0.4927 0.7067
vn -0.3726 -0.4220 0.8265
vn -0.5051 -0.8563 0.1084
vn -0.6152 -0.7353 0.2843
vn -0.5909 -0.7763 0.2196
vn -0.6003 -0.7716 0.2107
vn -0.5663 -0.2612 0.7817
vn -0.6021 -0.2804 0.7476
vn -0.6040 -0.2931 0.7411
vn -0.5653 -0.2446 0.7878
vn -0.5886 -0.3280 0.7389
vn -0.4276 -0.3182 0.8461
vn -0.4662 -0.2618 0.8450
vn -0.3790 -0.3164 0.8696
vn -0.4662 -0.2618 0.8451
vn -0.4275 -0.3182 0.8462
vn -0.4289 -0.2560 0.8663
vn -0.4276 -0.3181 0.8462
vn -0.2957 -0.3778 0.8774
vn -0.3193 -0.5421 0.7773
vn -0.2572 -0.6964 0.6699
vn -0.1002 -0.3273 0.9396
vn -0.1343 -0.4062 0.9039
vn 0.0103 -0.3179 0.9481
vn -0.2387 -0.3608 0.9016
vn -0.3193 -0.5422 0.7772
vn -0.4498 -0.5219 0.7248
vn -0.3575 -0.4402 0.8237
vn -0.3821 -0.6418 0.6649
vn -0.4402 -0.3081 0.8434
vn -0.4288 -0.2559 0.8664
vn -0.4031 -0.3723 0.8360
vn -0.4915 -0.3603 0.7928
vn -0.4793 -0.4341 0.7628
vn -0.4031 -0.3724 0.8360
vn -0.4498 -0.5218 0.7248
vn -0.4648 -0.1993 0.8627
vn -0.5224 -0.2013 0.8286
vn -0.5016 -0.2248 0.8354
vn -0.4818 -0.1535 0.8627
vn -0.5016 -0.2247 0.8354
vn -0.4345 -0.1099 0.8939
vn -0.4502 -0.1044 0.8868
vn -0.4492 -0.1635 0.8784
vn -0.4281 -0.0549 0.9021
vn -0.4463 -0.2420 0.8615
vn -0.4477 -0.1957 0.8725
vn -0.4492 -0.1636 0.8783
vn -0.4464 -0.2420 0.8615
vn -0.4739 -0.2809 0.8346
vn -0.5016 -0.2943 0.8135
vn -0.4833 -0.2389 0.8422
vn -0.5064 -0.2476 0.8260
vn -0.4163 -0.0499 0.9079
vn -0.4352 -0.1225 0.8920
vn -0.4088 -0.0025 0.9126
vn -0.3846 0.0558 0.9214
vn -0.3956 0.0110 0.9184
vn -0.4834 -0.1628 0.8601
vn -0.5141 -0.1730 0.8401
vn -0.4969 -0.0950 0.8626
vn -0.5417 -0.1032 0.8342
vn -0.4833 -0.2388 0.8422
vn -0.4173 0.0143 0.9087
vn -0.3286 0.1781 0.9275
vn -0.3685 0.0815 0.9261
vn -0.3946 0.1164 0.9115
vn -0.4284 -0.0590 0.9017
vn -0.4173 0.0144 0.9087
vn -0.3506 0.1266 0.9279
vn -0.5076 -0.0028 0.8616
vn -0.5750 -0.0015 0.8181
vn -0.5317 0.0997 0.8411
vn -0.6295 0.0911 0.7716
vn -0.5751 -0.0015 0.8181
vn -0.4318 0.1844 0.8829
vn -0.3125 0.4482 0.8376
vn -0.3107 0.2868 0.9062
vn -0.4848 0.3211 0.8136
vn -0.2637 0.3429 0.9016
vn -0.3042 0.2266 0.9253
vn -0.3107 0.2869 0.9062
vn -0.5916 0.1434 0.7934
vn -0.6943 0.1345 0.7070
vn -0.6405 0.2348 0.7312
vn -0.7372 0.1945 0.6471
vn -0.5919 0.1427 0.7933
vn -0.6296 0.0912 0.7716
vn -0.5317 0.0997 0.8410
vn -0.3179 0.6157 0.7210
vn -0.1817 0.8235 0.5375
vn -0.2097 0.6659 0.7160
vn -0.3130 0.7646 0.5634
vn -0.3125 0.4482 0.8375
vn -0.2098 0.6658 0.7160
vn -0.2329 0.5046 0.8313
vn -0.3180 0.6156 0.7210
vn -0.1425 0.9687 -0.2033
vn -0.1768 0.9636 -0.2006
vn -0.1784 0.9633 -0.2004
vn -0.1413 0.9688 -0.2034
vn -0.7255 0.4636 0.5086
vn -0.6548 0.6883 0.3122
vn -0.5405 0.6122 0.5771
vn -0.8527 0.4538 0.2588
vn -0.8184 0.3815 0.4297
vn -0.8949 0.3842 0.2271
vn -0.8527 0.4537 0.2588
vn -0.7255 0.4635 0.5086
vn -0.7094 0.7037 0.0391
vn -0.8829 0.4669 0.0504
vn -0.8746 0.4815 0.0561
vn -0.7109 0.7025 0.0326
vn -0.7030 0.7086 0.0599
vn -0.8710 0.4863 0.0690
vn -0.8711 0.4862 0.0690
vn -0.9456 0.3182 0.0672
vn -0.9421 0.3270 0.0745
vn -0.8747 0.4815 0.0561
vn -0.9779 0.1977 0.0683
vn -0.9899 0.1223 0.0718
vn -0.9885 0.1308 0.0758
vn -0.9753 0.2087 0.0725
vn -0.9505 0.3045 0.0616
vn -0.9311 0.3613 0.0513
vn -0.9030 0.4087 0.1328
vn -0.9217 0.3587 0.1476
vn -0.9377 0.3293 0.1109
vn -0.9030 0.4087 0.1327
vn -0.8528 0.4537 0.2587
vn -0.8123 0.5717 0.1155
vn -0.8524 0.4543 0.2588
vn -0.6549 0.6883 0.3121
vn -0.8283 0.5595 0.0290
vn -0.9305 0.3662 0.0127
vn -0.8994 0.4347 0.0469
vn -0.8656 0.5001 0.0247
vn -0.8993 0.4348 0.0469
vn -0.8829 0.4668 0.0504
vn -0.8830 0.4668 0.0504
vn -0.9564 0.2863 0.0580
vn -0.9565 0.2792 0.0851
vn -0.9772 0.2117 0.0140
vn -0.9562 0.2925 0.0110
vn -0.9763 0.2047 0.0699
vn -0.9565 0.2792 0.0852
vn -0.9305 0.3661 0.0127
vn -0.9956 0.0574 0.0743
vn -0.9969 -0.0163 0.0773
vn -0.9965 -0.0086 0.0832
vn -0.9948 0.0645 0.0789
vn -0.9885 0.1307 0.0758
vn -0.9897 -0.1031 0.0990
vn -0.9534 -0.2787 0.1153
vn -0.9560 -0.2632 0.1296
vn -0.9895 -0.0948 0.1092
vn -0.9888 -0.0868 0.1215
vn -0.9877 0.1518 0.0375
vn -0.9959 0.0906 0.0043
vn -0.9942 0.1038 0.0296
vn -0.9869 0.1598 0.0238
vn -0.9869 0.1598 0.0239
vn -0.9847 0.1698 0.0387
vn -0.9681 0.2493 0.0261
vn -0.9807 0.1843 0.0649
vn -0.9807 0.1842 0.0649
vn -0.9913 0.1123 0.0680
vn -0.9926 0.1083 0.0544
vn -0.9913 0.1124 0.0680
vn -0.9971 0.0403 0.0651
vn -0.9973 -0.0333 0.0648
vn -0.9972 -0.0249 0.0711
vn -0.9963 0.0493 0.0697
vn -0.9996 0.0251 -0.0121
vn -0.9984 -0.0472 -0.0319
vn -0.9991 -0.0379 0.0202
vn -0.9990 0.0331 0.0299
vn -0.9891 -0.1220 0.0819
vn -0.9485 -0.3039 0.0892
vn -0.9508 -0.2923 0.1027
vn -0.9896 -0.1122 0.0903
vn -0.9886 -0.1317 0.0729
vn -0.9866 -0.1566 0.0461
vn -0.9462 -0.3149 0.0748
vn 0.0956 -0.6652 0.7405
vn -0.0202 -0.9396 0.3416
vn 0.0118 -0.5935 0.8048
vn 0.1927 -0.3479 0.9175
vn 0.0956 -0.6651 0.7406
vn 0.0949 -0.3235 0.9415
vn 0.0949 -0.3234 0.9415
vn 0.0117 -0.5935 0.8048
vn 0.0104 -0.3179 0.9481
vn -0.1261 -0.8175 0.5620
vn -0.2818 -0.9521 0.1187
vn -0.2449 -0.9240 0.2938
vn -0.0506 -0.9985 0.0190
vn -0.0504 -0.9877 -0.1480
vn -0.2509 -0.9626 -0.1018
vn -0.2551 -0.9669 -0.0034
vn -0.2819 -0.9521 0.1186
vn -0.0506 -0.9985 0.0191
vn -0.2718 -0.9597 -0.0715
vn -0.2818 -0.9521 0.1186
vn -0.2552 -0.9669 -0.0035
vn -0.2515 -0.9634 -0.0933
vn -0.9751 -0.2210 -0.0173
vn -0.9011 -0.4335 0.0120
vn -0.9244 -0.3791 -0.0419
vn -0.9821 -0.1884 -0.0044
vn -0.9991 -0.0379 0.0201
vn -0.9821 -0.1883 -0.0044
vn -0.8426 -0.5386 0.0037
vn -0.4495 -0.8920 -0.0485
vn -0.5802 -0.8131 -0.0462
vn -0.8411 -0.5393 -0.0408
vn -0.8195 -0.5728 -0.0170
vn -0.8412 -0.5393 -0.0409
vn -0.9411 -0.3382 0.0011
vn -0.0571 -0.9827 -0.1763
vn -0.0074 -0.9939 -0.1101
vn -0.2432 -0.9681 -0.0598
vn -0.2644 -0.9575 -0.1151
vn -0.2509 -0.9626 -0.1019
vn -0.2338 -0.9660 -0.1101
vn -0.2509 -0.9627 -0.1018
vn -0.2486 -0.9628 -0.1056
vn -0.5444 -0.8387 -0.0119
vn -0.2219 -0.9734 -0.0564
vn -0.2058 -0.9783 -0.0254
vn -0.5802 -0.8132 -0.0462
vn 0.0730 -0.9968 -0.0311
vn 0.0161 -0.9980 -0.0607
vn -0.2057 -0.9783 -0.0254
vn -0.2432 -0.9681 -0.0599
vn -0.5199 -0.8524 0.0562
vn -0.1870 -0.9817 0.0349
vn -0.1822 -0.9811 0.0648
vn -0.5230 -0.8481 0.0845
vn 0.1378 -0.9893 0.0478
vn -0.1869 -0.9818 0.0349
vn 0.1195 -0.9927 0.0157
vn -0.1821 -0.9811 0.0648
vn -0.8054 -0.5853 0.0938
vn -0.8009 -0.5945 0.0716
vn -0.9485 -0.3040 0.0892
vn -0.5231 -0.8480 0.0845
vn -0.8009 -0.5946 0.0716
vn -0.5200 -0.8523 0.0562
vn -0.8053 -0.5854 0.0938
vn -0.8195 -0.5729 -0.0170
vn -0.5445 -0.8387 -0.0118
vn -0.8009 -0.5946 0.0715
vn -0.5296 -0.8406 0.1137
vn -0.1851 -0.9778 0.0980
vn -0.1922 -0.9723 0.1332
vn -0.5405 -0.8290 0.1437
vn 0.1407 -0.9831 0.1172
vn -0.1850 -0.9779 0.0980
vn 0.1397 -0.9868 0.0817
vn -0.1921 -0.9723 0.1332
vn -0.1850 -0.9778 0.0980
vn -0.8197 -0.5566 0.1355
vn -0.8108 -0.5738 0.1155
vn -0.9534 -0.2788 0.1153
vn -0.5406 -0.8289 0.1437
vn -0.8107 -0.5739 0.1155
vn -0.5297 -0.8406 0.1137
vn -0.8196 -0.5567 0.1355
vn -0.8108 -0.5739 0.1155
vn -0.8443 -0.5036 0.1829
vn -0.9560 -0.2633 0.1296
vn -0.8324 -0.5315 0.1568
vn -0.9579 -0.2467 0.1471
vn -0.5868 -0.7817 0.2113
vn -0.5625 -0.8081 0.1748
vn -0.8443 -0.5037 0.1830
vn -0.5625 -0.8081 0.1749
vn 0.0280 -0.9341 0.3559
vn -0.2757 -0.9211 0.2750
vn 0.0656 -0.9601 0.2717
vn -0.3107 -0.8823 0.3536
vn -0.2400 -0.9465 0.2155
vn 0.1012 -0.9736 0.2047
vn -0.2758 -0.9210 0.2750
vn -0.5867 -0.7818 0.2113
vn -0.2401 -0.9465 0.2155
vn -0.6126 -0.7466 0.2593
vn 0.1246 -0.9798 0.1563
vn -0.2109 -0.9623 0.1717
vn -0.2110 -0.9623 0.1717
vn -0.5624 -0.8081 0.1749
vn -0.2111 -0.9623 0.1718
vn -0.9583 -0.2039 0.2003
vn -0.9875 -0.0777 0.1375
vn -0.9588 -0.2282 0.1692
vn -0.9849 -0.0640 0.1610
vn -0.8626 -0.4326 0.2621
vn -0.8552 -0.4713 0.2157
vn -0.9583 -0.2040 0.2003
vn -0.6364 -0.6996 0.3247
vn -0.6127 -0.7466 0.2593
vn -0.8626 -0.4327 0.2622
vn -0.6445 -0.6449 0.4108
vn -0.3289 -0.8278 0.4546
vn -0.3147 -0.7587 0.5704
vn -0.6354 -0.5769 0.5133
vn 0.0088 -0.8299 0.5579
vn -0.3288 -0.8278 0.4546
vn 0.0164 -0.8907 0.4543
vn -0.3146 -0.7587 0.5704
vn -0.3107 -0.8823 0.3537
vn 0.0165 -0.8907 0.4542
vn -0.8539 -0.3322 0.4005
vn -0.9539 -0.1731 0.2451
vn -0.8645 -0.3853 0.3227
vn -0.9414 -0.1382 0.3076
vn -0.8645 -0.3854 0.3228
vn -0.6446 -0.6449 0.4107
vn -0.8539 -0.3323 0.4005
vn -0.6364 -0.6997 0.3248
vn -0.6445 -0.6449 0.4107
vn -0.9753 0.0537 0.2144
vn -0.9838 0.0920 0.1536
vn -0.9850 0.0335 0.1692
vn -0.9749 0.1061 0.1956
vn -0.9900 0.0212 0.1393
vn -0.9850 0.0334 0.1692
vn -0.9770 0.1531 0.1485
vn -0.9683 -0.0195 0.2492
vn -0.9795 -0.0446 0.1965
vn -0.9414 -0.1381 0.3076
vn -0.9539 -0.1730 0.2452
vn -0.9849 -0.0641 0.1610
vn -0.9539 -0.1730 0.2451
vn -0.9161 -0.0957 0.3894
vn -0.7746 -0.2094 0.5967
vn -0.8720 -0.0439 0.4876
vn -0.8219 -0.2700 0.5016
vn -0.5410 -0.3711 0.7547
vn -0.6089 -0.4834 0.6289
vn -0.7746 -0.2095 0.5967
vn -0.9560 0.0898 0.2794
vn -0.9011 0.0613 0.4293
vn -0.9163 0.1447 0.3733
vn -0.9458 0.0151 0.3243
vn -0.9161 -0.0956 0.3894
vn -0.9161 -0.0957 0.3893
vn -0.9567 0.2031 0.2087
vn -0.9334 0.3024 0.1932
vn -0.9615 0.2215 0.1627
vn -0.9277 0.2732 0.2543
vn -0.9718 0.1523 0.1800
vn -0.9615 0.2214 0.1628
vn -0.9615 0.2214 0.1627
vn -0.9226 0.2175 0.3186
vn -0.9567 0.1511 0.2488
vn -0.9567 0.1512 0.2488
vn -0.4970 -0.1950 0.8456
vn -0.7123 -0.1327 0.6892
vn -0.5410 -0.3711 0.7548
vn -0.7124 -0.1326 0.6891
vn -0.8719 -0.0439 0.4876
vn -0.7605 0.0056 0.6494
vn -0.2933 -0.5605 0.7744
vn -0.6088 -0.4834 0.6290
vn -0.3068 -0.6614 0.6844
vn -0.5409 -0.3712 0.7548
vn 0.0357 -0.6598 0.7506
vn 0.0204 -0.7507 0.6604
vn -0.2932 -0.5606 0.7745
vn 0.0204 -0.7507 0.6603
vn 0.0621 -0.5237 0.8496
vn -0.1772 -0.4820 0.8580
vn 0.0358 -0.6598 0.7506
vn -0.1773 -0.4820 0.8580
vn -0.2933 -0.5605 0.7745
vn -0.2464 -0.3550 0.9018
vn -0.5624 0.1575 0.8117
vn -0.8230 0.2198 0.5237
vn -0.7958 0.1151 0.5946
vn -0.6055 0.3129 0.7317
vn -0.5161 -0.0055 0.8565
vn -0.7958 0.1150 0.5946
vn -0.7604 0.0057 0.6494
vn -0.9010 0.0613 0.4294
vn -0.8719 -0.0438 0.4877
vn -0.7605 0.0057 0.6493
vn -0.7958 0.1150 0.5945
vn 0.0923 -0.2116 0.9730
vn 0.0906 -0.0334 0.9953
vn -0.2450 -0.0230 0.9692
vn -0.2488 -0.2168 0.9440
vn -0.2463 -0.3550 0.9018
vn 0.0923 -0.2117 0.9730
vn 0.0878 -0.3530 0.9315
vn -0.4969 -0.1951 0.8456
vn -0.2489 -0.2168 0.9439
vn -0.5409 -0.3711 0.7548
vn -0.5623 0.1576 0.8118
vn -0.2916 0.3758 0.8796
vn -0.6054 0.3129 0.7318
vn -0.2619 0.1727 0.9495
vn 0.0875 0.3857 0.9184
vn -0.2618 0.1727 0.9495
vn 0.1048 0.1688 0.9801
vn -0.2915 0.3758 0.8797
vn -0.2450 -0.0229 0.9692
vn -0.2618 0.1727 0.9496
vn -0.8596 0.3826 0.3388
vn -0.8427 0.3132 0.4380
vn -0.6438 0.4509 0.6182
vn -0.6798 0.5555 0.4788
vn -0.6055 0.3129 0.7318
vn -0.8427 0.3131 0.4380
vn -0.8231 0.2199 0.5237
vn -0.8231 0.2198 0.5236
vn -0.7087 0.6161 0.3436
vn -0.8719 0.4225 0.2474
vn -0.6798 0.5556 0.4788
vn -0.8720 0.4224 0.2474
vn -0.8596 0.3826 0.3387
vn -0.8754 0.4486 0.1800
vn -0.7132 0.6816 0.1635
vn -0.8733 0.4681 0.1352
vn -0.7185 0.6540 0.2367
vn -0.8733 0.4680 0.1352
vn -0.8706 0.4805 0.1056
vn 0.0847 0.5883 0.8042
vn 0.0639 0.7578 0.6494
vn -0.3610 0.7092 0.6056
vn -0.3238 0.5596 0.7629
vn 0.0875 0.3858 0.9184
vn 0.0847 0.5882 0.8042
vn -0.6054 0.3130 0.7318
vn -0.6437 0.4509 0.6183
vn 0.0281 0.8757 0.4821
vn 0.0008 0.9442 0.3293
vn -0.4143 0.8593 0.2999
vn -0.3959 0.8058 0.4405
vn -0.3958 0.8058 0.4405
vn 0.0639 0.7578 0.6493
vn 0.0281 0.8756 0.4821
vn -0.7086 0.6162 0.3437
vn -0.3611 0.7092 0.6055
vn -0.3960 0.8057 0.4405
vn -0.6797 0.5556 0.4788
vn -0.0111 0.9783 0.2069
vn -0.0152 0.9924 0.1222
vn -0.4056 0.9056 0.1236
vn -0.4107 0.8908 0.1946
vn -0.4144 0.8593 0.2999
vn -0.4107 0.8907 0.1946
vn -0.7184 0.6541 0.2368
vn -0.0110 0.9783 0.2068
vn 0.3267 0.9385 0.1121
vn -0.0151 0.9924 0.1222
vn 0.3391 0.9204 0.1945
vn 0.5603 0.8221 0.1011
vn 0.3392 0.9204 0.1945
vn 0.5693 0.8032 0.1752
vn 0.3267 0.9384 0.1121
vn 0.3550 0.8819 0.3103
vn 0.5756 0.7709 0.2728
vn -0.0221 0.9973 0.0699
vn -0.0293 0.9990 0.0339
vn -0.4063 0.9125 0.0475
vn -0.4027 0.9119 0.0788
vn -0.0152 0.9924 0.1221
vn -0.4057 0.9056 0.1235
vn -0.4028 0.9119 0.0788
vn -0.7010 0.7083 0.0830
vn -0.0220 0.9973 0.0699
vn 0.3084 0.9510 0.0227
vn -0.0292 0.9990 0.0339
vn 0.3164 0.9468 0.0591
vn 0.5437 0.8391 0.0155
vn 0.3165 0.9467 0.0591
vn 0.5503 0.8334 0.0507
vn 0.3085 0.9510 0.0227
vn 0.5603 0.8221 0.1010
vn -0.4167 0.9088 0.0225
vn -0.0306 0.9995 0.0056
vn -0.4064 0.9125 0.0475
vn -0.7030 0.7087 0.0599
vn -0.4167 0.9087 0.0225
vn -0.4019 0.9156 0.0092
vn -0.7108 0.7026 0.0326
vn -0.7093 0.7038 0.0391
vn -0.4167 0.9087 0.0224
vn -0.0304 0.9995 0.0056
vn 0.3101 0.9500 -0.0359
vn -0.0180 0.9997 -0.0170
vn 0.3069 0.9517 -0.0082
vn 0.5412 0.8407 -0.0153
vn 0.3102 0.9500 -0.0359
vn 0.3070 0.9517 -0.0082
vn 0.5417 0.8393 -0.0449
vn -0.3398 0.9405 -0.0091
vn -0.2783 0.9597 -0.0388
vn -0.5773 0.8165 0.0083
vn -0.5054 0.8626 -0.0204
vn -0.3397 0.9405 -0.0091
vn 0.0307 0.9974 -0.0647
vn -0.2782 0.9597 -0.0388
vn 0.0079 0.9991 -0.0417
vn -0.4018 0.9157 0.0092
vn -0.0181 0.9997 -0.0170
vn -0.5055 0.8626 -0.0204
vn -0.7243 0.6895 0.0042
vn -0.5774 0.8164 0.0083
vn -0.7022 0.7119 0.0055
vn -0.7243 0.6894 0.0042
vn -0.8283 0.5596 0.0290
vn -0.7109 0.7026 0.0326
vn -0.3129 0.7647 0.5634
vn -0.1446 0.9249 0.3516
vn -0.1816 0.8235 0.5374
vn -0.3352 0.8677 0.3671
vn -0.3129 0.7646 0.5634
vn -0.6548 0.6884 0.3121
vn -0.5159 0.8434 0.1501
vn -0.8122 0.5718 0.1155
vn -0.6420 0.7640 0.0640
vn -0.4425 0.8967 -0.0131
vn -0.3186 0.9476 0.0243
vn -0.5158 0.8434 0.1501
vn -0.6419 0.7641 0.0640
vn -0.4426 0.8966 -0.0132
vn -0.6419 0.7641 0.0639
vn 0.0296 0.9960 -0.0839
vn -0.2461 0.9676 -0.0572
vn -0.2462 0.9675 -0.0572
vn -0.4425 0.8967 -0.0132
vn -0.1813 0.9819 -0.0549
vn -0.4424 0.8967 -0.0132
vn -0.1427 0.9889 0.0412
vn -0.0424 0.9988 0.0235
vn -0.0904 0.9822 0.1647
vn -0.2630 0.9465 0.1871
vn -0.2630 0.9465 0.1870
vn 0.3105 0.9466 -0.0863
vn 0.3137 0.9472 -0.0661
vn 0.5389 0.8390 -0.0758
vn 0.5284 0.8429 -0.1015
vn 0.5418 0.8393 -0.0449
vn 0.0080 0.9991 -0.0417
vn 0.3136 0.9473 -0.0661
vn 0.8572 0.5147 -0.0156
vn 0.8518 0.5219 -0.0446
vn 0.7240 0.6881 -0.0480
vn 0.7271 0.6862 -0.0182
vn 0.7271 0.6862 -0.0181
vn 0.8613 0.5079 0.0129
vn 0.7308 0.6825 0.0115
vn 0.5413 0.8407 -0.0153
vn 0.7271 0.6863 -0.0181
vn 0.5438 0.8391 0.0155
vn 0.0775 0.9892 -0.1244
vn 0.0241 0.9967 -0.0771
vn -0.0556 0.9967 -0.0589
vn 0.1136 0.9856 -0.1252
vn 0.0341 0.9935 -0.1087
vn -0.1813 0.9819 -0.0548
vn -0.0555 0.9967 -0.0589
vn 0.2581 0.9567 -0.1346
vn 0.5032 0.8553 -0.1234
vn 0.4579 0.8791 -0.1321
vn 0.2904 0.9512 -0.1043
vn 0.5032 0.8553 -0.1233
vn 0.0297 0.9960 -0.0839
vn 0.3104 0.9467 -0.0863
vn 0.2903 0.9512 -0.1043
vn 0.0308 0.9974 -0.0647
vn 0.2190 0.9684 -0.1192
vn 0.2254 0.9646 -0.1367
vn 0.3866 0.9164 -0.1037
vn 0.3492 0.9346 -0.0679
vn 0.2255 0.9646 -0.1367
vn 0.3867 0.9164 -0.1037
vn 0.2580 0.9567 -0.1346
vn 0.5453 0.8375 -0.0351
vn 0.6318 0.7687 -0.0994
vn 0.4580 0.8791 -0.1321
vn 0.5452 0.8376 -0.0351
vn 0.3493 0.9346 -0.0679
vn 0.4607 0.8875 0.0125
vn 0.7941 0.5985 -0.1059
vn 0.6319 0.7687 -0.0994
vn 0.6731 0.7292 -0.1235
vn 0.6731 0.7292 -0.1234
vn 0.8272 0.5519 -0.1061
vn 0.7064 0.6992 -0.1102
vn 0.5033 0.8553 -0.1234
vn 0.7063 0.6992 -0.1102
vn 0.6730 0.7292 -0.1234
vn 0.5285 0.8428 -0.1015
vn 0.8443 0.5307 -0.0748
vn 0.8272 0.5518 -0.1061
vn 0.7203 0.6892 -0.0784
vn 0.8518 0.5219 -0.0447
vn 0.5389 0.8389 -0.0758
vn 0.7239 0.6882 -0.0480
vn 0.7202 0.6893 -0.0784
vn 0.5419 0.8393 -0.0449
vn 0.9115 0.4013 -0.0904
vn 0.9575 0.2821 -0.0601
vn 0.8899 0.4481 -0.0854
vn 0.9674 0.2442 -0.0678
vn 0.7941 0.5984 -0.1059
vn 0.9114 0.4014 -0.0904
vn 0.8899 0.4481 -0.0855
vn 0.8772 0.4775 -0.0506
vn 0.7547 0.6554 -0.0301
vn 0.9757 0.2141 -0.0473
vn 0.9263 0.3714 -0.0635
vn 0.9263 0.3713 -0.0635
vn 0.9803 0.1964 -0.0227
vn 0.9757 0.2140 -0.0473
vn 0.9339 0.3557 -0.0353
vn 0.8443 0.5306 -0.0748
vn 0.9339 0.3557 -0.0354
vn 0.8519 0.5218 -0.0447
vn 0.9990 0.0439 -0.0091
vn 0.9979 0.0580 -0.0302
vn 0.9674 0.2441 -0.0678
vn 0.9958 0.0793 -0.0456
vn 0.9948 -0.1006 -0.0157
vn 0.9952 -0.0937 -0.0298
vn 0.9828 0.1849 0.0016
vn 0.9340 0.3556 -0.0353
vn 0.9387 0.3447 -0.0084
vn 0.9837 0.1775 0.0267
vn 0.9415 0.3365 0.0188
vn 0.8573 0.5146 -0.0156
vn 0.9415 0.3366 0.0188
vn 0.9387 0.3448 -0.0084
vn 0.8614 0.5078 0.0129
vn 0.7360 0.6755 0.0454
vn 0.8662 0.4909 0.0939
vn 0.8645 0.5004 0.0462
vn 0.7423 0.6635 0.0935
vn 0.7422 0.6636 0.0935
vn 0.7359 0.6756 0.0454
vn 0.5504 0.8334 0.0507
vn 0.9989 0.0295 0.0355
vn 0.9993 0.0348 0.0126
vn 0.9838 0.1775 0.0267
vn 0.9993 0.0347 0.0126
vn 0.9990 0.0438 -0.0091
vn 0.9937 -0.1093 0.0227
vn 0.9943 -0.1062 0.0028
vn 0.9426 0.3299 0.0516
vn 0.9801 0.1691 0.1043
vn 0.9833 0.1725 0.0583
vn 0.9408 0.3244 0.0986
vn 0.8646 0.5003 0.0462
vn 0.9408 0.3244 0.0985
vn 0.8662 0.4908 0.0939
vn 0.9426 0.3300 0.0516
vn 0.9936 0.0246 0.1106
vn 0.9975 0.0264 0.0656
vn 0.9801 0.1690 0.1043
vn 0.9910 -0.1121 0.0732
vn 0.9928 -0.1112 0.0441
vn 0.7465 0.6223 0.2357
vn 0.8634 0.4789 0.1584
vn 0.7467 0.6456 0.1598
vn 0.8539 0.4631 0.2377
vn 0.5694 0.8032 0.1752
vn 0.7464 0.6223 0.2357
vn 0.7467 0.6457 0.1598
vn 0.7422 0.6636 0.0936
vn 0.4304 0.6811 0.5923
vn 0.6068 0.6865 0.4007
vn 0.3962 0.7982 0.4537
vn 0.6735 0.5518 0.4919
vn 0.0282 0.8757 0.4821
vn 0.3961 0.7983 0.4538
vn 0.0640 0.7578 0.6493
vn 0.3549 0.8819 0.3103
vn 0.0009 0.9442 0.3293
vn 0.3961 0.7983 0.4537
vn 0.5757 0.7708 0.2728
vn 0.7413 0.5860 0.3272
vn 0.6068 0.6864 0.4007
vn 0.7414 0.5859 0.3272
vn 0.8538 0.4631 0.2377
vn 0.7465 0.6222 0.2357
vn 0.8129 0.4661 0.3491
vn 0.9154 0.3199 0.2444
vn 0.9714 0.1683 0.1675
vn 0.9331 0.3206 0.1628
vn 0.9534 0.1720 0.2478
vn 0.9154 0.3200 0.2444
vn 0.8635 0.4789 0.1584
vn 0.6429 0.4530 0.6176
vn 0.6735 0.5517 0.4920
vn 0.4259 0.5355 0.7293
vn 0.6461 0.2724 0.7130
vn 0.4144 0.3498 0.8402
vn 0.0848 0.5882 0.8042
vn 0.4258 0.5355 0.7293
vn 0.0876 0.3858 0.9184
vn 0.8273 0.3495 0.4397
vn 0.9223 0.1798 0.3421
vn 0.8776 0.3329 0.3450
vn 0.8767 0.1839 0.4445
vn 0.8775 0.3330 0.3450
vn 0.6735 0.5517 0.4919
vn 0.8273 0.3496 0.4398
vn 0.8130 0.4661 0.3490
vn 0.8539 0.4630 0.2377
vn 0.6430 0.4530 0.6176
vn 0.7761 0.3370 0.5330
vn 0.7761 0.3369 0.5330
vn 0.7958 0.1975 0.5725
vn 0.8273 0.3495 0.4398
vn 0.9674 0.0287 0.2517
vn 0.9776 -0.1103 0.1794
vn 0.9847 0.0246 0.1725
vn 0.9600 -0.1062 0.2591
vn 0.9847 0.0246 0.1724
vn 0.9674 0.0288 0.2517
vn 0.8867 0.0473 0.4598
vn 0.8774 -0.0899 0.4712
vn 0.9289 -0.0992 0.3568
vn 0.9367 0.0372 0.3480
vn 0.8868 0.0474 0.4598
vn 0.9223 0.1797 0.3421
vn 0.6556 0.1027 0.7481
vn 0.7927 -0.0783 0.6046
vn 0.8025 0.0645 0.5932
vn 0.6488 -0.0626 0.7584
vn 0.6462 0.2723 0.7129
vn 0.7957 0.1974 0.5726
vn 0.7958 0.1974 0.5725
vn 0.8867 0.0474 0.4598
vn 0.8767 0.1838 0.4445
vn 0.8025 0.0645 0.5931
vn 0.1049 0.1688 0.9801
vn 0.4209 -0.0440 0.9060
vn 0.4227 0.1450 0.8946
vn 0.0907 -0.0334 0.9953
vn 0.4227 0.1451 0.8946
vn 0.4143 0.3498 0.8402
vn 0.1049 0.1688 0.9800
vn 0.6555 0.1027 0.7481
vn 0.6461 0.2723 0.7130
vn 0.4228 0.1451 0.8946
vn 0.7146 -0.3356 0.6138
vn 0.7996 -0.3524 0.4863
vn 0.8482 -0.2239 0.4801
vn 0.7599 -0.2204 0.6116
vn 0.7599 -0.2203 0.6116
vn 0.5608 -0.3844 0.7333
vn 0.6225 -0.2242 0.7498
vn 0.7927 -0.0784 0.6046
vn 0.6226 -0.2241 0.7498
vn 0.7598 -0.2203 0.6117
vn 0.3942 -0.3600 0.8456
vn 0.5608 -0.3843 0.7334
vn 0.4164 -0.2179 0.8827
vn 0.4163 -0.2179 0.8827
vn 0.0879 -0.3529 0.9315
vn 0.3941 -0.3599 0.8456
vn 0.0924 -0.2116 0.9730
vn 0.4163 -0.2178 0.8827
vn 0.4210 -0.0440 0.9060
vn 0.8720 -0.3935 0.2911
vn 0.8994 -0.2345 0.3689
vn 0.8418 -0.3777 0.3855
vn 0.9313 -0.2428 0.2714
vn 0.7996 -0.3525 0.4863
vn 0.8418 -0.3777 0.3856
vn 0.8482 -0.2239 0.4800
vn 0.8720 -0.3936 0.2911
vn 0.8928 -0.3999 0.2074
vn 0.9499 -0.2478 0.1903
vn 0.9313 -0.2428 0.2715
vn 0.9776 -0.1104 0.1794
vn 0.9598 -0.2506 0.1268
vn 0.9867 -0.1120 0.1177
vn 0.6614 -0.4475 0.6019
vn 0.5274 -0.5378 0.6577
vn 0.7145 -0.3357 0.6138
vn 0.7995 -0.3525 0.4863
vn 0.6614 -0.4474 0.6019
vn 0.7070 -0.4931 0.5069
vn 0.7146 -0.3357 0.6137
vn 0.0622 -0.5237 0.8496
vn 0.3509 -0.5694 0.7434
vn 0.3115 -0.4921 0.8129
vn 0.0359 -0.6598 0.7506
vn 0.0879 -0.3530 0.9315
vn 0.3115 -0.4920 0.8130
vn 0.3941 -0.3600 0.8456
vn 0.7626 -0.5612 0.3219
vn 0.7364 -0.5324 0.4174
vn 0.5667 -0.6847 0.4583
vn 0.5828 -0.7317 0.3534
vn 0.5495 -0.6237 0.5559
vn 0.7070 -0.4932 0.5069
vn 0.8418 -0.3778 0.3856
vn 0.7070 -0.4932 0.5068
vn 0.7365 -0.5323 0.4174
vn 0.0205 -0.7507 0.6603
vn 0.0089 -0.8299 0.5579
vn 0.3236 -0.7515 0.5749
vn 0.3328 -0.6641 0.6695
vn 0.0205 -0.7507 0.6604
vn 0.5274 -0.5379 0.6577
vn 0.3510 -0.5694 0.7434
vn 0.9122 -0.4053 0.0608
vn 0.9643 -0.2520 0.0814
vn 0.9106 -0.4032 0.0912
vn 0.9661 -0.2530 0.0522
vn 0.9597 -0.2506 0.1267
vn 0.9050 -0.4019 0.1393
vn 0.9867 -0.1119 0.1177
vn 0.9598 -0.2506 0.1267
vn 0.3315 -0.8712 0.3620
vn 0.0166 -0.8907 0.4543
vn 0.0281 -0.9341 0.3560
vn 0.3262 -0.8193 0.4715
vn 0.0089 -0.8299 0.5578
vn 0.3236 -0.7516 0.5749
vn 0.0165 -0.8907 0.4543
vn 0.3263 -0.8193 0.4715
vn 0.5666 -0.6848 0.4583
vn 0.3237 -0.7515 0.5748
vn 0.5494 -0.6238 0.5559
vn 0.6399 -0.7484 0.1746
vn 0.7883 -0.5701 0.2312
vn 0.6128 -0.7481 0.2544
vn 0.8067 -0.5700 0.1560
vn 0.5829 -0.7317 0.3533
vn 0.7883 -0.5701 0.2313
vn 0.7626 -0.5612 0.3218
vn 0.6128 -0.7481 0.2545
vn 0.7884 -0.5700 0.2313
vn 0.7626 -0.5611 0.3218
vn 0.8172 -0.5719 0.0709
vn 0.8152 -0.5697 0.1039
vn 0.9122 -0.4053 0.0607
vn 0.6589 -0.7475 0.0841
vn 0.8152 -0.5698 0.1039
vn 0.6545 -0.7464 0.1201
vn 0.8172 -0.5720 0.0709
vn 0.6399 -0.7484 0.1745
vn 0.3597 -0.8935 0.2687
vn 0.1013 -0.9736 0.2047
vn 0.3947 -0.8987 0.1910
vn 0.0657 -0.9601 0.2717
vn 0.0281 -0.9341 0.3559
vn 0.3315 -0.8712 0.3619
vn 0.0657 -0.9601 0.2718
vn 0.6128 -0.7482 0.2545
vn 0.3317 -0.8712 0.3620
vn 0.3598 -0.8935 0.2687
vn 0.5828 -0.7318 0.3534
vn 0.9065 -0.4219 0.0173
vn 0.9664 -0.2552 0.0310
vn 0.9108 -0.4111 0.0380
vn 0.9657 -0.2593 0.0117
vn 0.9108 -0.4110 0.0380
vn 0.9661 -0.2530 0.0523
vn 0.8041 -0.5942 0.0207
vn 0.8136 -0.5797 0.0450
vn 0.9064 -0.4220 0.0173
vn 0.6416 -0.7666 0.0247
vn 0.8135 -0.5798 0.0450
vn 0.6545 -0.7542 0.0538
vn 0.8040 -0.5943 0.0207
vn 0.6589 -0.7475 0.0840
vn 0.1248 -0.9798 0.1563
vn 0.4262 -0.8990 0.1006
vn 0.4163 -0.8985 0.1392
vn 0.1408 -0.9831 0.1172
vn 0.3947 -0.8987 0.1909
vn 0.1013 -0.9736 0.2046
vn 0.6545 -0.7465 0.1201
vn 0.3948 -0.8987 0.1909
vn 0.4164 -0.8984 0.1392
vn 0.6398 -0.7484 0.1745
vn 0.1399 -0.9868 0.0817
vn 0.4139 -0.9097 0.0323
vn 0.4275 -0.9015 0.0668
vn 0.1409 -0.9831 0.1172
vn 0.4262 -0.8990 0.1005
vn 0.1398 -0.9868 0.0817
vn 0.4276 -0.9015 0.0668
vn 0.6544 -0.7542 0.0538
vn 0.4263 -0.8990 0.1005
vn 0.6588 -0.7476 0.0840
vn 0.8879 -0.4595 -0.0228
vn 0.9643 -0.2646 -0.0060
vn 0.8996 -0.4367 -0.0015
vn 0.9615 -0.2740 -0.0224
vn 0.7658 -0.6424 -0.0286
vn 0.8995 -0.4368 -0.0015
vn 0.7898 -0.6133 -0.0007
vn 0.8878 -0.4596 -0.0228
vn 0.5887 -0.8076 -0.0347
vn 0.7898 -0.6134 -0.0007
vn 0.6214 -0.7835 -0.0005
vn 0.7658 -0.6425 -0.0286
vn 0.6214 -0.7835 -0.0004
vn 0.3905 -0.9206 0.0033
vn 0.0731 -0.9968 -0.0311
vn 0.3557 -0.9340 -0.0330
vn 0.1196 -0.9927 0.0157
vn 0.1379 -0.9893 0.0478
vn 0.6213 -0.7836 -0.0004
vn 0.6415 -0.7667 0.0247
vn 0.4140 -0.9097 0.0323
vn 0.3906 -0.9206 0.0033
vn 0.2821 -0.9485 -0.1438
vn 0.4774 -0.8687 -0.1324
vn 0.5404 -0.8371 -0.0851
vn 0.3201 -0.9440 -0.0806
vn 0.3200 -0.9440 -0.0806
vn -0.0073 -0.9939 -0.1101
vn 0.0162 -0.9980 -0.0606
vn 0.0162 -0.9980 -0.0607
vn 0.3200 -0.9440 -0.0805
vn 0.6718 -0.7347 -0.0941
vn 0.8667 -0.4965 -0.0469
vn 0.7261 -0.6843 -0.0675
vn 0.8359 -0.5463 -0.0519
vn 0.7260 -0.6844 -0.0675
vn 0.4775 -0.8686 -0.1324
vn 0.6717 -0.7348 -0.0941
vn 0.5405 -0.8370 -0.0851
vn 0.7658 -0.6425 -0.0287
vn 0.9953 -0.0929 -0.0271
vn 0.9961 -0.0879 -0.0066
vn 0.9926 0.1213 -0.0100
vn 0.9940 0.1030 -0.0375
vn 0.9953 -0.0930 -0.0271
vn 0.9940 0.1031 -0.0375
vn 0.9435 -0.3309 -0.0189
vn 0.9961 -0.0880 -0.0066
vn 0.9548 -0.2956 -0.0317
vn 0.8360 -0.5463 -0.0519
vn 0.9548 -0.2957 -0.0317
vn 0.8668 -0.4964 -0.0469
vn 0.8668 -0.4965 -0.0468
vn 0.8879 -0.4596 -0.0228
vn 0.1630 -0.9776 -0.1330
vn 0.3537 -0.9346 -0.0382
vn 0.4070 -0.9037 -0.1330
vn 0.2164 -0.9573 -0.1918
vn -0.0503 -0.9877 -0.1480
vn 0.1629 -0.9776 -0.1330
vn -0.0570 -0.9827 -0.1764
vn -0.0570 -0.9827 -0.1763
vn 0.6170 -0.7849 -0.0566
vn 0.3538 -0.9345 -0.0382
vn 0.5802 -0.8133 0.0431
vn 0.4071 -0.9036 -0.1330
vn 0.4774 -0.8686 -0.1324
vn 0.6171 -0.7849 -0.0566
vn 0.8360 -0.5463 -0.0520
vn 0.8066 -0.5910 0.0031
vn 0.7932 -0.6053 0.0661
vn 0.9281 -0.3710 0.0300
vn 0.8067 -0.5909 0.0031
vn 0.9217 -0.3824 0.0650
vn 0.9281 -0.3710 0.0299
vn 0.9435 -0.3310 -0.0189
vn 0.8360 -0.5462 -0.0520
vn 0.9282 -0.3710 0.0299
vn 0.9957 -0.0838 0.0387
vn 0.8137 -0.5517 0.1832
vn 0.9217 -0.3823 0.0651
vn 0.9189 -0.3533 0.1756
vn 0.9840 0.1680 0.0598
vn 0.9957 -0.0837 0.0387
vn 0.9369 0.3468 0.0433
vn 0.8771 0.4775 -0.0506
vn 0.9509 0.3087 -0.0227
vn 0.8669 0.4974 0.0308
vn 0.9922 0.0075 0.1244
vn 0.9910 -0.1097 0.0762
vn 0.9792 -0.1618 0.1220
vn 0.8200 -0.5719 0.0238
vn 0.7815 -0.6239 -0.0031
vn 0.7503 -0.6580 -0.0630
vn 0.7979 -0.6015 -0.0394
vn 0.7968 0.5459 0.2590
vn 0.9460 0.2871 0.1503
vn 0.9402 -0.1002 0.3255
vn 0.9219 0.2460 0.2992
vn 0.9253 -0.2918 0.2422
vn 0.9152 -0.3416 0.2140
vn 0.9367 -0.1948 0.2908
vn 0.9402 -0.1002 0.3254
vn 0.9347 -0.2205 0.2789
vn 0.9019 -0.3942 0.1764
vn 0.9109 -0.3460 0.2249
vn 0.8971 -0.3942 0.1994
vn 0.8804 -0.4487 0.1536
vn 0.8971 -0.3943 0.1994
vn 0.9141 -0.3259 0.2413
vn 0.9277 -0.2673 0.2604
vn 0.9253 -0.2918 0.2421
vn 0.3538 -0.9345 -0.0381
vn 0.5764 -0.7869 0.2204
vn 0.3268 -0.9333 0.1491
vn 0.8376 -0.5427 0.0634
vn 0.7425 -0.5846 0.3271
vn 0.8136 -0.5517 0.1833
vn 0.5765 -0.7868 0.2205
vn 0.5593 -0.7061 0.4343
vn 0.8939 -0.4044 0.1933
vn 0.9048 -0.3609 0.2260
vn 0.9048 -0.3608 0.2260
vn 0.8649 -0.4481 0.2263
vn 0.7425 -0.5845 0.3270
vn 0.8185 -0.5268 0.2292
vn 0.8649 -0.4480 0.2263
vn 0.8137 -0.5517 0.1833
vn 0.8785 -0.4464 0.1705
vn 0.8559 -0.4977 0.1405
vn 0.8674 -0.4631 0.1821
vn 0.8210 -0.5603 0.1099
vn 0.8313 -0.5299 0.1680
vn 0.8785 -0.4464 0.1704
vn 0.7966 -0.5814 0.1654
vn 0.7749 -0.6301 0.0501
vn 0.7981 -0.5854 0.1429
vn 0.7820 -0.5796 0.2290
vn 0.7580 -0.5419 0.3631
vn 0.7966 -0.5814 0.1655
vn 0.6994 -0.5972 0.3927
vn 0.6994 -0.5972 0.3928
vn 0.7425 -0.5846 0.3270
vn 0.7343 -0.6789 -0.0042
vn 0.7880 -0.6102 0.0816
vn 0.7617 -0.6478 0.0140
vn 0.7880 -0.6102 0.0817
vn 0.7973 -0.6012 0.0536
vn -0.2330 -0.3611 0.9030
vn -0.0929 -0.3151 0.9445
vn 0.7138 -0.6988 -0.0473
vn 0.7728 -0.6346 0.0071
vn 0.3605 -0.6282 0.6895
vn 0.6294 -0.4927 0.6009
vn 0.5393 -0.6116 0.5790
vn 0.4537 -0.4305 0.7802
vn 0.3323 -0.8454 0.4182
vn 0.5393 -0.6116 0.5789
vn 0.5593 -0.7061 0.4344
vn 0.3604 -0.6282 0.6895
vn 0.5594 -0.7060 0.4344
vn 0.6993 -0.5972 0.3928
vn -0.0505 -0.9985 0.0191
vn 0.1754 -0.9227 0.3434
vn 0.1520 -0.9869 0.0548
vn 0.1519 -0.9869 0.0548
vn -0.0505 -0.9985 0.0190
vn 0.3267 -0.9333 0.1491
vn 0.7749 -0.6301 0.0502
vn 0.8113 -0.5697 0.1313
vn 0.3035 -0.3760 0.8755
vn 0.2255 -0.6590 0.7176
vn 0.1928 -0.3479 0.9175
vn -0.0201 -0.9396 0.3417
vn 0.2254 -0.6591 0.7175
vn 0.1754 -0.9226 0.3435
vn 0.1754 -0.9226 0.3434
vn 0.2255 -0.6590 0.7175
vn 0.4538 -0.4305 0.7803
vn 0.6512 -0.4567 0.6061
vn 0.6295 -0.4926 0.6009
vn 0.4681 -0.3851 0.7954
vn -0.7050 0.4132 0.5765
vn -0.5710 0.2369 0.7860
vn -0.4886 0.1417 0.8609
vn -0.7203 0.4353 0.5400
vn -0.7050 0.4132 0.5764
vn -0.7452 0.5269 0.4086
vn -0.7461 0.5212 0.4143
vn -0.7686 0.5859 0.2566
vn -0.8845 0.4664 -0.0114
vn -0.7688 0.5861 0.2558
vn -0.8926 0.4497 -0.0307
vn -0.0129 -0.4265 0.9044
vn -0.0111 -0.4615 0.8871
vn -0.0093 -0.4628 0.8864
vn -0.0231 -0.4074 0.9129
vn -0.0518 -0.4201 0.9060
vn -0.0550 -0.4156 0.9079
vn -0.0687 -0.3582 0.9311
vn -0.0694 -0.3769 0.9236
vn -0.0689 -0.3575 0.9314
vn -0.0696 -0.3790 0.9228
vn -0.0891 -0.3317 0.9392
vn -0.0785 -0.3414 0.9366
vn -0.0893 -0.3317 0.9392
vn -0.0774 -0.3428 0.9362
vn -0.1148 -0.3900 0.9136
vn -0.0978 -0.3450 0.9335
vn -0.1152 -0.3909 0.9132
vn -0.0979 -0.3452 0.9334
vn -0.1527 -0.4591 0.8751
vn -0.2081 -0.5391 0.8161
vn -0.1514 -0.4571 0.8764
vn -0.2099 -0.5415 0.8140
vn -0.6461 -0.7569 0.0989
vn -0.5138 -0.7791 0.3592
vn -0.5080 -0.7783 0.3690
vn -0.6543 -0.7521 0.0789
vn -0.7432 -0.6392 -0.1977
vn -0.7711 -0.5144 -0.3753
vn -0.7729 -0.4954 -0.3965
vn -0.7363 -0.6553 -0.1686
vn -0.7649 -0.3500 -0.5408
vn -0.7200 -0.1860 -0.6686
vn -0.7639 -0.3444 -0.5457
vn -0.7163 -0.1761 -0.6752
vn -0.6324 0.1271 -0.7641
vn -0.6607 -0.0073 -0.7506
vn -0.6318 0.1364 -0.7630
vn -0.6649 -0.0210 -0.7466
vn -0.6376 0.2115 -0.7408
vn -0.6395 0.2156 -0.7380
vn -0.6607 0.2142 -0.7195
vn -0.6587 0.1548 -0.7363
vn -0.6592 0.2169 -0.7200
vn -0.6584 0.1536 -0.7369
vn 0.0672 -0.9536 0.2934
vn -0.0355 -0.9256 0.3769
vn 0.0725 -0.9248 0.3735
vn -0.0491 -0.9492 0.3107
vn -0.1281 -0.9014 0.4135
vn -0.0492 -0.9492 0.3107
vn -0.1595 -0.9299 0.3315
vn -0.2348 -0.9095 0.3430
vn -0.3039 -0.8427 0.4444
vn -0.2079 -0.8722 0.4428
vn -0.3272 -0.8777 0.3502
vn -0.3273 -0.8777 0.3502
vn -0.2405 -0.9212 0.3059
vn -0.3290 -0.8897 0.3165
vn -0.2348 -0.9096 0.3429
vn -0.4815 -0.7605 0.4355
vn -0.4152 -0.8380 0.3541
vn -0.4989 -0.7904 0.3554
vn -0.3955 -0.8062 0.4400
vn -0.4112 -0.8523 0.3232
vn -0.4916 -0.8075 0.3260
vn -0.4152 -0.8380 0.3540
vn -0.6455 -0.6490 0.4026
vn -0.5770 -0.7365 0.3532
vn -0.6513 -0.6752 0.3462
vn -0.5638 -0.7076 0.4259
vn -0.2427 -0.9272 0.2853
vn -0.3271 -0.8966 0.2984
vn -0.6513 -0.6753 0.3462
vn -0.5707 -0.7534 0.3264
vn -0.6461 -0.6905 0.3254
vn -0.5770 -0.7365 0.3531
vn -0.7863 -0.5225 0.3299
vn -0.7196 -0.6082 0.3350
vn -0.7797 -0.5374 0.3215
vn -0.7213 -0.5872 0.3675
vn -0.4033 -0.8622 0.3066
vn -0.4807 -0.8203 0.3099
vn -0.7131 -0.6230 0.3213
vn -0.7722 -0.5527 0.3132
vn -0.8863 -0.3710 0.2771
vn -0.8319 -0.4626 0.3064
vn -0.8787 -0.3797 0.2892
vn -0.8408 -0.4515 0.2987
vn -0.6461 -0.6904 0.3254
vn -0.5622 -0.7660 0.3118
vn -0.6398 -0.7017 0.3136
vn -0.8255 -0.4771 0.3015
vn -0.8746 -0.3905 0.2874
vn -0.9191 -0.2862 0.2708
vn -0.9491 -0.1871 0.2533
vn -0.9432 -0.1855 0.2755
vn -0.9214 -0.2816 0.2677
vn -0.7064 -0.6351 0.3124
vn -0.7652 -0.5666 0.3057
vn -0.7132 -0.6230 0.3213
vn -0.9171 -0.2918 0.2715
vn -0.9482 -0.1904 0.2542
vn -0.9615 0.0407 0.2717
vn -0.9686 -0.0829 0.2343
vn -0.9778 0.0196 0.2087
vn -0.9544 -0.0752 0.2890
vn -0.8199 -0.4905 0.2951
vn -0.8713 -0.4003 0.2839
vn -0.9679 -0.0905 0.2344
vn -0.9772 0.0057 0.2121
vn -0.9772 0.1178 0.1766
vn -0.9666 0.2160 0.1380
vn -0.9615 0.2431 0.1279
vn -0.9671 0.1468 0.2077
vn -0.9150 -0.2971 0.2729
vn -0.9455 -0.1942 0.2612
vn -0.9768 0.1025 0.1882
vn -0.9657 0.2027 0.1624
vn -0.9774 0.1177 0.1754
vn -0.9462 0.3081 0.0985
vn -0.9147 0.4004 0.0548
vn -0.9080 0.4179 -0.0306
vn -0.9410 0.3337 0.0569
vn -0.9640 -0.0985 0.2471
vn -0.9734 -0.0056 0.2289
vn -0.9443 0.2995 0.1361
vn -0.9091 0.4021 0.1093
vn -0.9463 0.3080 0.0986
vn -0.9740 0.0914 0.2074
vn -0.9657 0.2028 0.1624
vn -0.9634 0.1928 0.1860
vn -0.9409 0.2938 0.1684
vn -0.9024 0.4044 0.1490
vn -0.8857 0.4642 0.0074
vn -0.8746 0.4748 0.0984
vn -0.8776 0.4792 0.0159
vn -0.8655 0.4982 0.0522
vn -0.7725 0.6242 0.1168
vn -0.7428 0.6558 0.1348
vn -0.6783 0.7223 0.1349
vn 0.0656 -0.2776 -0.9585
vn 0.0623 -0.2810 -0.9577
vn 0.7358 0.6614 -0.1456
vn 0.6716 0.7299 -0.1277
vn 0.7407 0.6542 -0.1526
vn -0.1483 0.9213 -0.3595
vn -0.1178 0.8998 -0.4201
vn -0.1522 0.9229 -0.3536
vn -0.1174 0.8992 -0.4215
vn -0.2237 0.9524 -0.2073
vn -0.1865 0.9435 -0.2739
vn -0.2494 0.9536 -0.1685
vn -0.1800 0.9386 -0.2942
vn -0.8098 0.5719 0.1306
vn -0.8116 0.5678 0.1376
vn -0.7397 0.6585 0.1390
vn -0.1221 0.7556 -0.6435
vn -0.8099 0.5719 0.1306
vn -0.7725 0.6241 0.1168
vn -0.8654 0.4983 0.0522
vn -0.3435 0.9384 -0.0379
vn -0.2961 0.9510 -0.0891
vn -0.3562 0.9340 -0.0267
vn -0.2869 0.9521 -0.1059
vn -0.2495 0.9536 -0.1684
vn -0.3993 0.9167 0.0185
vn -0.4040 0.9144 0.0246
vn -0.6773 0.7233 0.1347
vn -0.5995 0.7906 0.1244
vn -0.6017 0.7889 0.1249
vn 0.4410 0.6615 -0.6066
vn 0.4388 0.6669 -0.6023
vn 0.4371 0.6708 -0.5992
vn 0.4220 0.7161 -0.5559
vn 0.4304 0.6892 -0.5829
vn 0.4212 0.7186 -0.5533
vn 0.4315 0.6858 -0.5860
vn 0.3792 0.8046 -0.4569
vn 0.3942 0.7834 -0.4805
vn 0.3787 0.8052 -0.4563
vn 0.3947 0.7826 -0.4814
vn 0.3554 0.8285 -0.4327
vn 0.3550 0.8289 -0.4324
vn 0.3792 0.8047 -0.4569
vn 0.2922 0.8766 -0.3824
vn 0.2672 0.8933 -0.3615
vn 0.2939 0.8755 -0.3836
vn 0.2660 0.8941 -0.3604
vn 0.2154 0.9238 -0.3166
vn 0.2420 0.9097 -0.3376
vn 0.2423 0.9095 -0.3378
vn 0.2131 0.9248 -0.3153
vn 0.1774 0.9378 -0.2984
vn 0.1403 0.9475 -0.2874
vn 0.1376 0.9481 -0.2867
vn 0.1801 0.9370 -0.2993
vn 0.0984 0.9560 -0.2762
vn 0.0685 0.9617 -0.2653
vn 0.0647 0.9625 -0.2634
vn 0.1026 0.9553 -0.2774
vn 0.0357 0.9682 -0.2475
vn 0.0074 0.9726 -0.2322
vn 0.0057 0.9728 -0.2314
vn 0.0384 0.9677 -0.2491
vn -0.0298 0.9753 -0.2190
vn -0.0681 0.9750 -0.2114
vn -0.0700 0.9749 -0.2111
vn -0.0281 0.9752 -0.2195
vn -0.2170 0.9557 -0.1989
vn -0.2503 0.9466 -0.2033
vn -0.2523 0.9459 -0.2038
vn -0.2148 0.9562 -0.1989
vn -0.3155 0.9192 -0.2358
vn -0.2833 0.9340 -0.2178
vn -0.2819 0.9346 -0.2169
vn -0.3167 0.9186 -0.2364
vn -0.3970 0.8805 -0.2589
vn -0.3560 0.8998 -0.2520
vn -0.3551 0.9003 -0.2518
vn -0.3977 0.8802 -0.2589
vn -0.4972 0.8302 -0.2522
vn -0.4429 0.8587 -0.2577
vn -0.4967 0.8305 -0.2523
vn -0.4432 0.8586 -0.2577
vn -0.5783 0.7759 -0.2521
vn -0.5495 0.7979 -0.2479
vn -0.5470 0.7996 -0.2480
vn -0.5805 0.7738 -0.2534
vn -0.0905 0.2761 -0.9569
vn -0.0901 0.2759 -0.9570
vn -0.6183 0.6863 -0.3830
vn -0.6101 0.7068 -0.3580
vn -0.6084 0.7114 -0.3517
vn -0.6201 0.6825 -0.3869
vn -0.5995 0.7382 -0.3092
vn -0.5930 0.7561 -0.2768
vn -0.5920 0.7586 -0.2723
vn -0.6007 0.7345 -0.3157
vn 0.1565 -0.9115 0.3803
vn 0.0672 -0.9536 0.2935
vn 0.1385 -0.9493 0.2821
vn -0.8016 0.5430 -0.2501
vn -0.8857 0.4643 0.0074
vn -0.8578 0.4920 -0.1485
vn 0.1385 -0.9494 0.2820
vn 0.0641 -0.9627 0.2629
vn 0.1379 -0.9587 0.2486
vn -0.5161 0.8509 0.0979
vn -0.5198 0.8484 0.1004
vn 0.3294 -0.8766 0.3507
vn 0.2267 -0.9380 0.2623
vn 0.2431 -0.8974 0.3683
vn 0.3141 -0.9186 0.2399
vn 0.2253 -0.9468 0.2298
vn 0.2267 -0.9380 0.2622
vn 0.3115 -0.9271 0.2083
vn 0.5096 -0.8040 0.3065
vn 0.4062 -0.8886 0.2130
vn 0.4204 -0.8461 0.3277
vn 0.4982 -0.8475 0.1831
vn 0.0610 -0.9671 0.2470
vn 0.1389 -0.9626 0.2326
vn -0.0475 -0.9631 0.2648
vn -0.0493 -0.9580 0.2826
vn 0.4982 -0.8475 0.1830
vn 0.4013 -0.8976 0.1823
vn 0.4062 -0.8886 0.2129
vn 0.4911 -0.8577 0.1521
vn 0.6679 -0.6976 0.2593
vn 0.5807 -0.7996 0.1533
vn 0.5898 -0.7549 0.2867
vn 0.6604 -0.7411 0.1210
vn 0.2255 -0.9499 0.2165
vn 0.3104 -0.9300 0.1969
vn 0.6604 -0.7411 0.1209
vn 0.5746 -0.8095 0.1209
vn 0.5806 -0.7996 0.1533
vn 0.6575 -0.7482 0.0888
vn 0.7427 -0.6645 0.0828
vn 0.8206 -0.5380 0.1931
vn 0.8173 -0.5746 0.0425
vn 0.7482 -0.6243 0.2244
vn 0.3973 -0.9013 0.1729
vn 0.4848 -0.8627 0.1440
vn 0.7411 -0.6692 0.0538
vn 0.8148 -0.5795 0.0169
vn 0.8743 -0.4854 0.0046
vn 0.9267 -0.3549 0.1236
vn 0.9198 -0.3909 -0.0346
vn 0.8779 -0.4500 0.1637
vn 0.5700 -0.8138 0.1133
vn 0.6564 -0.7499 0.0825
vn 0.9198 -0.3909 -0.0347
vn 0.8693 -0.4939 -0.0179
vn 0.8742 -0.4855 0.0045
vn 0.9123 -0.4060 -0.0535
vn 0.7410 -0.6695 0.0517
vn 0.8136 -0.5810 0.0206
vn 0.9577 -0.2774 -0.0771
vn 0.9907 -0.1328 0.0286
vn 0.9800 -0.1625 -0.1145
vn 0.9666 -0.2455 0.0742
vn 0.9732 -0.1908 -0.1285
vn 0.9494 -0.2999 -0.0929
vn 0.9576 -0.2774 -0.0772
vn 0.8662 -0.4996 -0.0090
vn 0.9123 -0.4060 -0.0536
vn 0.9065 -0.4202 -0.0397
vn 0.9690 -0.2198 -0.1129
vn 0.9431 -0.3236 -0.0762
vn 0.9494 -0.3000 -0.0929
vn 0.9065 -0.4203 -0.0397
vn 0.9821 -0.1217 -0.1436
vn 0.9690 -0.2197 -0.1129
vn 0.9833 -0.0909 -0.1577
vn 0.9854 -0.0210 -0.1692
vn 0.9821 -0.1218 -0.1436
vn 0.9830 0.0091 -0.1834
vn 0.9876 -0.0587 -0.1458
vn 0.9954 0.0778 -0.0560
vn 0.9836 0.0422 -0.1754
vn 0.9996 -0.0257 -0.0123
vn 0.9836 0.0422 -0.1755
vn 0.9876 -0.0588 -0.1459
vn 0.9721 0.1119 -0.2063
vn 0.9424 0.2412 -0.2318
vn 0.9508 0.2117 -0.2263
vn 0.9681 0.1445 -0.2045
vn 0.9681 0.1446 -0.2044
vn 0.9483 0.2785 -0.1520
vn 0.9779 0.1812 -0.1046
vn 0.9246 0.2957 -0.2403
vn 0.8833 0.3738 -0.2829
vn 0.8959 0.3712 -0.2442
vn 0.9130 0.3162 -0.2579
vn 0.9781 0.0836 -0.1905
vn 0.9508 0.2116 -0.2263
vn 0.9602 0.1872 -0.2071
vn 0.8547 0.4605 -0.2396
vn 0.8051 0.4964 -0.3246
vn 0.8215 0.5229 -0.2274
vn 0.8374 0.4489 -0.3118
vn 0.9130 0.3163 -0.2579
vn 0.8547 0.4261 -0.2967
vn 0.9083 0.3613 -0.2110
vn 0.9352 0.2815 -0.2149
vn 0.9031 0.3749 -0.2093
vn 0.9602 0.1871 -0.2071
vn 0.6732 0.5644 -0.4778
vn 0.8099 0.5054 -0.2978
vn 0.8177 0.5486 -0.1744
vn 0.8569 0.4785 -0.1918
vn 0.8547 0.4605 -0.2397
vn -0.0122 0.8953 -0.4452
vn 0.6716 0.7298 -0.1277
vn -0.0119 0.8953 -0.4454
vn 0.4660 0.8792 -0.0993
vn 0.5294 0.8431 -0.0951
vn 0.4552 0.8842 -0.1048
vn 0.1984 0.0557 0.9785
vn 0.1546 0.0427 0.9871
vn 0.1565 0.0436 0.9867
vn 0.1973 0.0555 0.9788
vn 0.1349 0.0353 0.9902
vn 0.1245 0.0360 0.9916
vn 0.1246 0.0356 0.9916
vn 0.1334 0.0351 0.9904
vn 0.1229 0.0423 0.9915
vn 0.1244 0.0363 0.9916
vn 0.1228 0.0434 0.9915
vn 0.1247 0.0356 0.9916
vn 0.1284 0.0574 0.9901
vn 0.1229 0.0530 0.9910
vn 0.1298 0.0576 0.9899
vn 0.1227 0.0519 0.9911
vn 0.1631 0.0522 0.9852
vn 0.1458 0.0547 0.9878
vn 0.1660 0.0521 0.9847
vn 0.1431 0.0555 0.9881
vn 0.1741 0.0680 0.9824
vn 0.1778 0.0580 0.9824
vn 0.1732 0.0688 0.9825
vn 0.1772 0.0568 0.9825
vn 0.1590 0.0778 0.9842
vn 0.1494 0.0831 0.9853
vn 0.1596 0.0775 0.9841
vn 0.1491 0.0831 0.9853
vn 0.1545 0.0823 0.9846
vn 0.1673 0.0762 0.9830
vn 0.1542 0.0824 0.9846
vn 0.1677 0.0759 0.9829
vn 0.1754 0.0760 0.9816
vn 0.1737 0.0937 0.9803
vn 0.1753 0.0758 0.9816
vn 0.1736 0.0943 0.9803
vn 0.1712 0.1231 0.9775
vn 0.1738 0.1469 0.9738
vn 0.1712 0.1225 0.9776
vn 0.1740 0.1477 0.9736
vn 0.1801 0.1643 0.9698
vn 0.1866 0.1768 0.9664
vn 0.1798 0.1637 0.9700
vn 0.1869 0.1773 0.9662
vn 0.1953 0.1893 0.9623
vn 0.2115 0.2013 0.9564
vn 0.2113 0.2012 0.9565
vn 0.1957 0.1897 0.9621
vn 0.2680 0.2210 0.9377
vn 0.2960 0.2349 0.9259
vn 0.2970 0.2355 0.9254
vn 0.2669 0.2206 0.9381
vn 0.3355 0.2342 0.9125
vn 0.3222 0.2455 0.9143
vn 0.3218 0.2455 0.9144
vn 0.3355 0.2341 0.9125
vn 0.3007 0.1440 0.9428
vn 0.3263 0.1937 0.9252
vn 0.3269 0.1952 0.9247
vn 0.2983 0.1401 0.9441
vn 0.2626 0.0879 0.9609
vn 0.2719 0.1012 0.9570
vn 0.2743 0.1043 0.9560
vn 0.2624 0.0875 0.9610
vn 0.2853 0.0902 0.9542
vn 0.2707 0.0886 0.9586
vn 0.2685 0.0879 0.9593
vn 0.2883 0.0902 0.9533
vn 0.3271 0.0753 0.9420
vn 0.3081 0.0864 0.9474
vn 0.3056 0.0873 0.9481
vn 0.3290 0.0738 0.9414
vn 0.3479 0.0495 0.9362
vn 0.3472 0.0507 0.9364
vn 0.3423 0.0017 0.9396
vn 0.3411 0.0029 0.9400
vn 0.3524 0.0002 0.9359
vn 0.3532 0.0010 0.9356
vn 0.3410 0.0030 0.9401
vn 0.3327 0.0163 0.9429
vn 0.3317 0.0184 0.9432
vn -0.7162 0.5825 -0.3843
vn -0.6211 0.5989 -0.5055
vn -0.6892 0.5482 -0.4739
vn -0.6458 0.6390 -0.4179
vn -0.7859 0.5123 -0.3463
vn -0.7579 0.4840 -0.4375
vn -0.6805 0.5394 -0.4959
vn -0.7500 0.4769 -0.4583
vn -0.7579 0.4839 -0.4375
vn -0.8464 0.4363 -0.3052
vn -0.8960 0.3591 -0.2612
vn -0.9191 0.3773 -0.1133
vn -0.8716 0.4640 -0.1584
vn -0.8715 0.4640 -0.1584
vn -0.7859 0.5123 -0.3462
vn -0.8464 0.4363 -0.3053
vn -0.8111 0.5488 -0.2026
vn -0.8756 0.4830 0.0095
vn -0.8111 0.5488 -0.2025
vn -0.8171 0.5754 -0.0356
vn -0.7467 0.6604 -0.0790
vn -0.6669 0.6906 -0.2798
vn -0.7403 0.6264 -0.2439
vn -0.6712 0.7319 -0.1172
vn -0.8110 0.5488 -0.2025
vn -0.7468 0.6604 -0.0790
vn -0.7404 0.6264 -0.2439
vn -0.8122 0.4796 0.3322
vn -0.8951 0.3887 0.2185
vn -0.8485 0.3801 0.3682
vn -0.8547 0.4880 0.1770
vn -0.9199 0.3884 0.0539
vn -0.8756 0.4830 0.0096
vn -0.8000 0.5854 0.1320
vn -0.8547 0.4880 0.1769
vn -0.7640 0.4608 0.4517
vn -0.8060 0.3682 0.4635
vn -0.7958 0.3644 0.4836
vn -0.7732 0.4644 0.4318
vn -0.8122 0.4796 0.3323
vn -0.7277 0.5639 0.3906
vn -0.7627 0.5789 0.2884
vn -0.8748 0.2768 0.3977
vn -0.9387 0.1840 0.2916
vn -0.8886 0.1746 0.4242
vn -0.9233 0.2857 0.2568
vn -0.9726 0.1893 0.1352
vn -0.9233 0.2858 0.2567
vn -0.9524 0.2892 0.0968
vn -0.9387 0.1840 0.2915
vn -0.9523 0.2893 0.0967
vn -0.9199 0.3883 0.0539
vn -0.8111 0.4086 -0.4184
vn -0.8604 0.3374 -0.3819
vn -0.8677 0.3442 -0.3587
vn -0.8177 0.4151 -0.3987
vn -0.8177 0.4152 -0.3987
vn -0.7579 0.4839 -0.4376
vn -0.7578 0.4840 -0.4376
vn -0.9374 0.2721 -0.2175
vn -0.9664 0.1797 -0.1840
vn -0.9818 0.1875 -0.0308
vn -0.9563 0.2842 -0.0689
vn -0.9191 0.3773 -0.1132
vn -0.9563 0.2843 -0.0688
vn -0.9200 0.3883 0.0538
vn -0.8212 0.2646 0.5056
vn -0.8470 0.1649 0.5054
vn -0.8373 0.1605 0.5227
vn -0.8318 0.2675 0.4864
vn -0.8470 0.1649 0.5053
vn -0.8902 0.0771 0.4489
vn -0.9367 -0.0126 0.3499
vn -0.8830 -0.0159 0.4692
vn -0.9426 0.0850 0.3230
vn -0.9808 -0.0100 0.1947
vn -0.9817 0.0899 0.1678
vn -0.9726 0.1893 0.1353
vn -0.9018 0.2562 -0.3481
vn -0.9317 0.1711 -0.3205
vn -0.9410 0.1727 -0.2911
vn -0.9106 0.2611 -0.3202
vn -0.9373 0.2721 -0.2176
vn -0.9832 0.0872 -0.1602
vn -0.9900 -0.0080 -0.1408
vn -0.9997 -0.0091 0.0235
vn -0.9959 0.0900 -0.0007
vn -0.9959 0.0901 -0.0007
vn -0.9832 0.0872 -0.1603
vn -0.9818 0.1874 -0.0308
vn -0.9817 0.0899 0.1677
vn -0.9818 0.1874 -0.0307
vn -0.9959 0.0900 -0.0006
vn -0.9726 0.1892 0.1352
vn -0.8395 0.0622 0.5397
vn -0.8421 -0.0201 0.5389
vn -0.8315 -0.0240 0.5551
vn -0.8492 0.0680 0.5236
vn -0.8830 -0.0159 0.4691
vn -0.8903 0.0771 0.4489
vn -0.8687 -0.1074 0.4836
vn -0.8485 -0.1948 0.4921
vn -0.8147 -0.1847 0.5498
vn -0.8298 -0.1045 0.5481
vn -0.8687 -0.1073 0.4837
vn -0.8421 -0.0200 0.5389
vn -0.8194 -0.1034 0.5638
vn -0.8315 -0.0240 0.5550
vn -0.9700 -0.1110 0.2163
vn -0.9494 -0.2115 0.2322
vn -0.9000 -0.2043 0.3852
vn -0.9222 -0.1097 0.3709
vn -0.9808 -0.0101 0.1947
vn -0.9700 -0.1109 0.2163
vn -0.8687 -0.1073 0.4836
vn -0.9367 -0.0127 0.3499
vn -0.9222 -0.1098 0.3709
vn -0.9495 0.0872 -0.3015
vn -0.9581 -0.0006 -0.2866
vn -0.9666 -0.0044 -0.2562
vn -0.9585 0.0859 -0.2718
vn -0.9495 0.0871 -0.3015
vn -0.9410 0.1728 -0.2911
vn -0.9664 0.1797 -0.1841
vn -0.9723 -0.2069 -0.1089
vn -0.9930 -0.1101 0.0434
vn -0.9867 -0.1058 -0.1236
vn -0.9753 -0.2129 0.0594
vn -0.9867 -0.1058 -0.1237
vn -0.9700 -0.1109 0.2162
vn -0.9997 -0.0091 0.0236
vn -0.9808 -0.0101 0.1946
vn -0.9539 -0.1951 -0.2282
vn -0.9723 -0.2068 -0.1089
vn -0.9653 -0.0980 -0.2420
vn -0.9474 -0.1879 -0.2589
vn -0.9576 -0.0924 -0.2730
vn -0.9539 -0.1951 -0.2281
vn -0.9666 -0.0043 -0.2562
vn -0.9575 -0.0924 -0.2730
vn -0.9653 -0.0979 -0.2420
vn -0.8285 -0.2659 0.4929
vn -0.8099 -0.3265 0.4873
vn -0.7829 -0.3070 0.5411
vn -0.7990 -0.2512 0.5463
vn -0.8485 -0.1947 0.4921
vn -0.7928 -0.2447 0.5583
vn -0.8071 -0.1789 0.5627
vn -0.9501 -0.2959 -0.0988
vn -0.9049 -0.3644 -0.2202
vn -0.9227 -0.3736 -0.0945
vn -0.9335 -0.2841 -0.2186
vn -0.8960 -0.3628 -0.2561
vn -0.9336 -0.2841 -0.2186
vn -0.9275 -0.2785 -0.2492
vn -0.9275 -0.2786 -0.2492
vn -0.9241 -0.2969 0.2406
vn -0.8969 -0.3703 0.2418
vn -0.8522 -0.3500 0.3889
vn -0.8759 -0.2829 0.3908
vn -0.8759 -0.2829 0.3909
vn -0.9241 -0.2968 0.2406
vn -0.9000 -0.2042 0.3852
vn -0.8999 -0.2043 0.3852
vn -0.8969 -0.3703 0.2417
vn -0.9508 -0.3017 0.0696
vn -0.9225 -0.3788 0.0736
vn -0.9241 -0.2969 0.2405
vn -0.9227 -0.3737 -0.0945
vn -0.9509 -0.3017 0.0695
vn -0.9501 -0.2959 -0.0987
vn -0.9501 -0.2958 -0.0988
vn -0.9723 -0.2069 -0.1088
vn -0.7828 -0.4011 0.4758
vn -0.7568 -0.4698 0.4545
vn -0.7411 -0.4353 0.5111
vn -0.7621 -0.3717 0.5301
vn -0.8099 -0.3264 0.4873
vn -0.7577 -0.3572 0.5463
vn -0.7829 -0.3071 0.5411
vn -0.7757 -0.2992 0.5557
vn -0.8549 -0.4625 0.2349
vn -0.8084 -0.5474 0.2163
vn -0.7827 -0.5114 0.3548
vn -0.8179 -0.4336 0.3782
vn -0.8969 -0.3704 0.2418
vn -0.8179 -0.4336 0.3783
vn -0.8765 -0.4719 -0.0948
vn -0.8215 -0.5620 -0.0970
vn -0.8224 -0.5656 0.0621
vn -0.8763 -0.4763 0.0717
vn -0.8764 -0.4763 0.0717
vn -0.9227 -0.3737 -0.0944
vn -0.8766 -0.4719 -0.0949
vn -0.9225 -0.3789 0.0736
vn -0.8550 -0.4625 0.2348
vn -0.9225 -0.3789 0.0737
vn -0.8969 -0.3704 0.2417
vn -0.8765 -0.4719 -0.0949
vn -0.8108 -0.5406 -0.2242
vn -0.8215 -0.5620 -0.0971
vn -0.8596 -0.4574 -0.2280
vn -0.8041 -0.5328 -0.2639
vn -0.8595 -0.4574 -0.2280
vn -0.8483 -0.4548 -0.2714
vn -0.9048 -0.3644 -0.2202
vn -0.8483 -0.4547 -0.2714
vn -0.7831 -0.6138 -0.1003
vn -0.7439 -0.6603 -0.1030
vn -0.7494 -0.6613 0.0321
vn -0.7861 -0.6163 0.0472
vn -0.8214 -0.5620 -0.0971
vn -0.7790 -0.5972 0.1909
vn -0.7861 -0.6163 0.0471
vn -0.7357 -0.6467 -0.2012
vn -0.7756 -0.5945 -0.2120
vn -0.7304 -0.6439 -0.2280
vn -0.7756 -0.5946 -0.2120
vn -0.7718 -0.5874 -0.2435
vn -0.8040 -0.5328 -0.2638
vn -0.5926 -0.7878 -0.1682
vn -0.6726 -0.7333 -0.0994
vn -0.6670 -0.7210 -0.1881
vn -0.5929 -0.7999 -0.0927
vn -0.6670 -0.7209 -0.1881
vn -0.5932 -0.7828 -0.1879
vn -0.6622 -0.7186 -0.2122
vn -0.7357 -0.6468 -0.2012
vn -0.6239 -0.7729 0.1157
vn -0.6817 -0.7313 0.0213
vn -0.6051 -0.7961 0.0096
vn -0.6902 -0.7096 0.1419
vn -0.6051 -0.7961 0.0097
vn -0.7483 -0.6424 0.1653
vn -0.7404 -0.6057 0.2915
vn -0.7628 -0.5597 0.3240
vn -0.7628 -0.5597 0.3239
vn -0.8084 -0.5475 0.2163
vn -0.7447 -0.5143 0.4254
vn -0.6406 -0.7345 0.2239
vn -0.6945 -0.6713 0.2589
vn -0.6944 -0.6261 0.3547
vn -0.7298 -0.5600 0.3921
vn -0.7298 -0.5601 0.3921
vn -0.7257 -0.5173 0.4537
vn -0.7352 -0.4719 0.4866
vn -0.7205 -0.4117 0.5579
vn -0.6510 -0.6911 0.3140
vn -0.6616 -0.6517 0.3710
vn -0.6967 -0.5853 0.4148
vn -0.6966 -0.5854 0.4148
vn -0.7093 -0.4770 0.5190
vn -0.5353 -0.8278 0.1677
vn -0.5947 -0.7817 0.1881
vn -0.5119 -0.8495 0.1274
vn -0.6121 -0.7441 0.2677
vn -0.5742 -0.8137 0.0906
vn -0.4947 -0.8664 0.0678
vn -0.5946 -0.7817 0.1881
vn -0.5741 -0.8137 0.0906
vn -0.6407 -0.7345 0.2239
vn -0.5684 -0.8021 0.1832
vn -0.5910 -0.7762 0.2195
vn -0.6316 -0.7090 0.3137
vn -0.5354 -0.8278 0.1677
vn -0.5684 -0.8021 0.1831
vn -0.6510 -0.6911 0.3141
vn 0.2091 -0.2845 0.9356
vn 0.3164 -0.3210 0.8927
vn 0.1927 -0.3478 0.9175
vn -0.5524 -0.8336 -0.0040
vn -0.4801 -0.8772 -0.0015
vn -0.4650 -0.8820 -0.0770
vn -0.4801 -0.8772 -0.0014
vn -0.5400 -0.8368 -0.0905
vn -0.5929 -0.7999 -0.0928
vn -0.4902 -0.8570 -0.1588
vn -0.5400 -0.8368 -0.0906
vn -0.5398 -0.8273 -0.1554
vn -0.4895 -0.8543 -0.1749
vn -0.5420 -0.8223 -0.1733
vn -0.4507 -0.8877 0.0944
vn -0.4787 -0.8739 0.0845
vn -0.3749 -0.9048 -0.2017
vn -0.3487 -0.9253 -0.1490
vn -0.4043 -0.9070 -0.1178
vn -0.4326 -0.8839 -0.1776
vn -0.3776 -0.9021 -0.2088
vn -0.4319 -0.8818 -0.1895
vn -0.2597 -0.9354 -0.2398
vn -0.2449 -0.9490 -0.1987
vn -0.2959 -0.9392 -0.1742
vn -0.3181 -0.9216 -0.2223
vn -0.2643 -0.9334 -0.2428
vn -0.3231 -0.9186 -0.2274
vn -0.3749 -0.9049 -0.2017
vn -0.2791 -0.9569 -0.0806
vn -0.1532 -0.9487 -0.2764
vn -0.1492 -0.9583 -0.2437
vn -0.1975 -0.9547 -0.2226
vn -0.2043 -0.9447 -0.2565
vn -0.1503 -0.9477 -0.2817
vn -0.2051 -0.9441 -0.2582
vn -0.2052 -0.9440 -0.2582
vn -0.0934 -0.9482 -0.3035
vn -0.0174 -0.9522 -0.3048
vn -0.0111 -0.9586 -0.2847
vn -0.0393 -0.9955 -0.0856
vn -0.0192 -0.9507 -0.3094
vn 0.0434 -0.9508 -0.3067
vn 0.0469 -0.9509 -0.3059
vn -0.1090 -0.9826 -0.1505
vn -0.1502 -0.9797 -0.1324
vn 0.1149 -0.9446 -0.3073
vn 0.1809 -0.9317 -0.3150
vn 0.1144 -0.9445 -0.3080
vn 0.1837 -0.9310 -0.3154
vn 0.1145 -0.9445 -0.3080
vn 0.1168 -0.9464 -0.3012
vn 0.0521 -0.9541 -0.2948
vn 0.0598 -0.9782 -0.1989
vn 0.1153 -0.9715 -0.2069
vn 0.2452 -0.9150 -0.3204
vn 0.3077 -0.8960 -0.3203
vn 0.3054 -0.8982 -0.3162
vn 0.2417 -0.9165 -0.3186
vn 0.2453 -0.9150 -0.3204
vn 0.2421 -0.9225 -0.3006
vn 0.1809 -0.9356 -0.3030
vn 0.1703 -0.9624 -0.2116
vn 0.3721 -0.8718 -0.3186
vn 0.4370 -0.8446 -0.3094
vn 0.3746 -0.8736 -0.3105
vn 0.4319 -0.8433 -0.3199
vn 0.3747 -0.8736 -0.3105
vn 0.3753 -0.8840 -0.2787
vn 0.3064 -0.9058 -0.2926
vn 0.4872 -0.8090 -0.3287
vn 0.5411 -0.7649 -0.3496
vn 0.5487 -0.7644 -0.3384
vn 0.4913 -0.8110 -0.3175
vn 0.4319 -0.8432 -0.3199
vn 0.5131 -0.8141 -0.2720
vn 0.4913 -0.8110 -0.3176
vn 0.4504 -0.8554 -0.2559
vn 0.6089 -0.7040 -0.3655
vn 0.5986 -0.7052 -0.3799
vn 0.6359 -0.7095 -0.3037
vn 0.5488 -0.7644 -0.3384
vn 0.5706 -0.7698 -0.2862
vn 0.6445 -0.6458 -0.4094
vn 0.7103 -0.5485 -0.4411
vn 0.7223 -0.5494 -0.4200
vn 0.6588 -0.6418 -0.3924
vn 0.3537 0.0637 0.9332
vn 0.7613 -0.5518 -0.3405
vn 0.8424 -0.4840 -0.2368
vn 0.8032 -0.5508 -0.2269
vn 0.7985 -0.4825 -0.3600
vn 0.7921 -0.2875 -0.5384
vn 0.7877 -0.3835 -0.4822
vn 0.7742 -0.3852 -0.5023
vn 0.8085 -0.2854 -0.5147
vn 0.7614 -0.4718 -0.4447
vn 0.7492 -0.4746 -0.4620
vn 0.7877 -0.3834 -0.4822
vn 0.8327 -0.3953 -0.3877
vn 0.7613 -0.4718 -0.4447
vn 0.9153 -0.2929 -0.2764
vn 0.9135 -0.3884 -0.1208
vn 0.8819 -0.3974 -0.2537
vn 0.9485 -0.2866 -0.1350
vn 0.9153 -0.2929 -0.2765
vn 0.8609 -0.2913 -0.4172
vn 0.8819 -0.3974 -0.2538
vn 0.8225 -0.0977 -0.5603
vn 0.8761 -0.1971 -0.4399
vn 0.8214 -0.1923 -0.5370
vn 0.8804 -0.1030 -0.4628
vn 0.8059 -0.0974 -0.5839
vn 0.8214 -0.1923 -0.5369
vn 0.8054 -0.1942 -0.5600
vn 0.9416 -0.1044 -0.3201
vn 0.9691 -0.1949 -0.1512
vn 0.9338 -0.1987 -0.2974
vn 0.9799 -0.1025 -0.1709
vn 0.8805 -0.1030 -0.4628
vn 0.8762 -0.1971 -0.4399
vn 0.8762 -0.1971 -0.4398
vn 0.9339 -0.1987 -0.2974
vn 0.7876 0.0828 -0.6106
vn 0.8725 -0.0084 -0.4885
vn 0.8100 -0.0041 -0.5864
vn 0.8536 0.0823 -0.5144
vn 0.7684 0.0825 -0.6346
vn 0.7917 -0.0027 -0.6109
vn 0.9244 0.0840 -0.3720
vn 0.9809 -0.0088 -0.1943
vn 0.9384 -0.0091 -0.3454
vn 0.9718 0.0843 -0.2201
vn 0.9384 -0.0091 -0.3455
vn 0.8725 -0.0085 -0.4885
vn 0.9244 0.0841 -0.3721
vn 0.9416 -0.1043 -0.3201
vn 0.8726 -0.0085 -0.4884
vn 0.7228 0.2452 -0.6461
vn 0.8262 0.1692 -0.5374
vn 0.7590 0.1644 -0.6300
vn 0.7907 0.2546 -0.5568
vn 0.7025 0.2427 -0.6691
vn 0.7397 0.1623 -0.6531
vn 0.8666 0.2658 -0.4223
vn 0.9527 0.1777 -0.2465
vn 0.9004 0.1754 -0.3982
vn 0.9234 0.2714 -0.2714
vn 0.7907 0.2545 -0.5568
vn 0.9003 0.1755 -0.3983
vn 0.8262 0.1692 -0.5373
vn 0.8263 0.1692 -0.5373
vn 0.6245 0.3941 -0.6743
vn 0.7453 0.3379 -0.5748
vn 0.6766 0.3241 -0.6612
vn 0.6927 0.4141 -0.5906
vn 0.6036 0.3884 -0.6963
vn 0.6552 0.3206 -0.6840
vn 0.7025 0.2427 -0.6690
vn 0.6552 0.3207 -0.6840
vn 0.7710 0.4378 -0.4625
vn 0.8836 0.3645 -0.2938
vn 0.8229 0.3545 -0.4440
vn 0.8345 0.4534 -0.3132
vn 0.6927 0.4141 -0.5905
vn 0.8229 0.3545 -0.4441
vn 0.7453 0.3379 -0.5747
vn 0.8666 0.2658 -0.4224
vn 0.7454 0.3378 -0.5747
vn 0.5113 0.5152 -0.6878
vn 0.6352 0.4835 -0.6023
vn 0.5699 0.4563 -0.6834
vn 0.5726 0.5485 -0.6093
vn 0.4931 0.5047 -0.7086
vn 0.5503 0.4479 -0.7047
vn 0.6035 0.3884 -0.6963
vn 0.5699 0.4563 -0.6833
vn 0.6467 0.5870 -0.4870
vn 0.7768 0.5369 -0.3290
vn 0.7122 0.5151 -0.4769
vn 0.7113 0.6145 -0.3412
vn 0.7121 0.5151 -0.4770
vn 0.6352 0.4835 -0.6022
vn 0.7709 0.4378 -0.4626
vn 0.3809 0.6154 -0.6901
vn 0.5054 0.6072 -0.6131
vn 0.4479 0.5694 -0.6893
vn 0.4360 0.6569 -0.6151
vn 0.3627 0.6038 -0.7098
vn 0.4303 0.5583 -0.7093
vn 0.5113 0.5152 -0.6879
vn 0.5035 0.7066 -0.4971
vn 0.6398 0.6842 -0.3499
vn 0.5763 0.6515 -0.4935
vn 0.5654 0.7441 -0.3559
vn 0.5762 0.6515 -0.4935
vn 0.4361 0.6570 -0.6150
vn 0.5035 0.7066 -0.4972
vn 0.5055 0.6072 -0.6131
vn 0.6467 0.5870 -0.4871
vn 0.5055 0.6072 -0.6130
vn 0.2440 0.6845 -0.6870
vn 0.3640 0.6990 -0.6155
vn 0.3123 0.6527 -0.6903
vn 0.2891 0.7354 -0.6128
vn 0.3123 0.6526 -0.6903
vn 0.2298 0.6691 -0.7067
vn 0.2948 0.6395 -0.7100
vn 0.3628 0.6038 -0.7098
vn 0.3468 0.7956 -0.4967
vn 0.4866 0.7966 -0.3587
vn 0.4275 0.7543 -0.4983
vn 0.4021 0.8429 -0.3577
vn 0.2891 0.7355 -0.6128
vn 0.3641 0.6990 -0.6155
vn 0.5034 0.7066 -0.4972
vn 0.4360 0.6570 -0.6150
vn 0.1045 0.7384 -0.6662
vn 0.2118 0.7672 -0.6055
vn 0.1754 0.7136 -0.6782
vn 0.1326 0.7948 -0.5922
vn 0.0959 0.7210 -0.6862
vn 0.1650 0.6969 -0.6979
vn 0.1689 0.8619 -0.4781
vn 0.3106 0.8824 -0.3535
vn 0.2609 0.8309 -0.4914
vn 0.2090 0.9148 -0.3456
vn 0.1689 0.8619 -0.4782
vn 0.0309 0.7557 -0.6542
vn -0.0217 0.8324 -0.5537
vn 0.0541 0.8176 -0.5732
vn -0.0434 0.7647 -0.6429
vn 0.0224 0.7364 -0.6761
vn -0.0435 0.7647 -0.6430
vn -0.0513 0.7430 -0.6674
vn -0.4838 0.6789 -0.5522
vn -0.5741 0.6864 -0.4464
vn -0.4972 0.7290 -0.4704
vn -0.5544 0.6404 -0.5316
vn -0.5543 0.6404 -0.5316
vn -0.5741 0.6864 -0.4463
vn -0.5471 0.6283 -0.5531
vn -0.6127 0.5886 -0.5273
vn -0.1222 0.7441 -0.6568
vn -0.1881 0.7637 -0.6176
vn -0.1163 0.7669 -0.6312
vn -0.1914 0.7418 -0.6427
vn -0.0514 0.7430 -0.6674
vn -0.0971 0.8371 -0.5383
vn -0.0218 0.8324 -0.5537
vn -0.0435 0.7647 -0.6429
vn -0.1162 0.7669 -0.6312
vn -0.3329 0.7389 -0.5858
vn -0.4146 0.7656 -0.4919
vn -0.3322 0.7943 -0.5087
vn -0.4077 0.7136 -0.5697
vn -0.4972 0.7290 -0.4705
vn -0.4838 0.6789 -0.5523
vn -0.4045 0.6983 -0.5906
vn -0.4784 0.6648 -0.5737
vn -0.2517 0.8166 -0.5194
vn -0.1732 0.8316 -0.5276
vn -0.2606 0.7547 -0.6021
vn -0.2606 0.7547 -0.6020
vn -0.2612 0.7355 -0.6252
vn -0.3315 0.7222 -0.6070
vn -0.5075 0.7917 -0.3400
vn -0.5901 0.7450 -0.3111
vn -0.5911 0.7923 -0.1513
vn -0.5056 0.8430 -0.1837
vn -0.6712 0.7320 -0.1173
vn -0.6668 0.6907 -0.2798
vn -0.5912 0.7922 -0.1513
vn -0.6668 0.6906 -0.2799
vn -0.5901 0.7450 -0.3112
vn -0.7313 0.6764 0.0875
vn -0.6210 0.7562 0.2059
vn -0.6554 0.7537 0.0484
vn -0.6967 0.6749 0.2432
vn -0.6967 0.6748 0.2432
vn -0.8000 0.5853 0.1320
vn -0.8171 0.5754 -0.0355
vn -0.7313 0.6764 0.0874
vn -0.7468 0.6604 -0.0789
vn -0.8000 0.5854 0.1319
vn -0.5856 0.7484 0.3115
vn -0.6967 0.6749 0.2433
vn -0.6626 0.6639 0.3466
vn -0.6210 0.7562 0.2060
vn -0.5717 0.7492 0.3345
vn -0.6506 0.6643 0.3681
vn -0.5856 0.7483 0.3115
vn -0.7276 0.5639 0.3906
vn -0.7176 0.5624 0.4108
vn -0.3236 0.8624 -0.3892
vn -0.4179 0.8308 -0.3676
vn -0.4122 0.8850 -0.2163
vn -0.3108 0.9175 -0.2483
vn -0.5075 0.7917 -0.3401
vn -0.4123 0.8850 -0.2163
vn -0.4146 0.7656 -0.4918
vn -0.5074 0.7917 -0.3401
vn -0.4179 0.8308 -0.3677
vn -0.5748 0.8182 0.0133
vn -0.4589 0.8772 0.1414
vn -0.4893 0.8719 -0.0207
vn -0.5416 0.8224 0.1742
vn -0.6553 0.7538 0.0484
vn -0.6210 0.7563 0.2059
vn -0.5417 0.8224 0.1742
vn -0.5748 0.8182 0.0134
vn -0.6712 0.7320 -0.1172
vn -0.5912 0.7922 -0.1512
vn -0.6554 0.7538 0.0483
vn -0.4285 0.8664 0.2562
vn -0.5072 0.8136 0.2843
vn -0.4589 0.8772 0.1415
vn -0.5072 0.8136 0.2844
vn -0.4165 0.8635 0.2844
vn -0.4286 0.8664 0.2562
vn -0.4931 0.8130 0.3096
vn -0.5718 0.7492 0.3345
vn -0.1485 0.9017 -0.4061
vn -0.2118 0.9375 -0.2759
vn -0.1281 0.9464 -0.2966
vn -0.2311 0.8867 -0.4005
vn -0.3107 0.9175 -0.2483
vn -0.2118 0.9376 -0.2759
vn -0.3964 0.9163 -0.0565
vn -0.2764 0.9587 0.0668
vn -0.2972 0.9500 -0.0960
vn -0.3698 0.9231 0.1051
vn -0.3964 0.9163 -0.0564
vn -0.4893 0.8719 -0.0208
vn -0.4123 0.8850 -0.2162
vn -0.3965 0.9163 -0.0565
vn -0.5056 0.8430 -0.1836
vn -0.3446 0.9120 0.2224
vn -0.3698 0.9231 0.1052
vn -0.2552 0.9485 0.1874
vn -0.3353 0.9076 0.2528
vn -0.2478 0.9437 0.2190
vn -0.0524 0.9486 -0.3122
vn 0.0241 0.9456 -0.3245
vn 0.0018 0.9017 -0.4325
vn -0.0725 0.9067 -0.4155
vn 0.0798 0.8865 -0.4557
vn 0.0240 0.9456 -0.3245
vn 0.1086 0.9359 -0.3351
vn 0.0018 0.9017 -0.4324
vn 0.0017 0.9017 -0.4324
vn -0.1832 0.9827 0.0274
vn -0.0922 0.9957 -0.0080
vn -0.1135 0.9781 -0.1745
vn -0.2001 0.9700 -0.1383
vn -0.2002 0.9700 -0.1382
vn -0.2764 0.9587 0.0667
vn -0.1833 0.9827 0.0274
vn -0.2971 0.9500 -0.0960
vn -0.2119 0.9376 -0.2759
vn -0.2971 0.9500 -0.0961
vn -0.3107 0.9175 -0.2482
vn -0.1639 0.9741 0.1557
vn -0.0921 0.9957 -0.0079
vn -0.1832 0.9827 0.0275
vn -0.0708 0.9893 0.1279
vn -0.1570 0.9692 0.1895
vn -0.0642 0.9842 0.1649
vn 0.0015 0.9995 -0.0324
vn 0.0990 0.9942 -0.0424
vn 0.0564 0.9770 -0.2055
vn -0.0304 0.9798 -0.1975
vn -0.0303 0.9798 -0.1975
vn -0.0921 0.9957 -0.0080
vn -0.1135 0.9781 -0.1746
vn 0.2536 0.9464 -0.2002
vn 0.1501 0.9676 -0.2030
vn 0.2958 0.9543 -0.0421
vn 0.1970 0.9795 -0.0425
vn 0.2537 0.9464 -0.2001
vn 0.0565 0.9770 -0.2055
vn 0.1969 0.9795 -0.0425
vn 0.0991 0.9942 -0.0424
vn 0.0332 0.9891 0.1434
vn 0.1283 0.9877 0.0896
vn 0.0273 0.9941 0.1052
vn 0.1334 0.9832 0.1249
vn 0.0273 0.9941 0.1053
vn 0.0015 0.9995 -0.0323
vn 0.3107 0.8824 -0.3534
vn 0.4483 0.8697 -0.2064
vn 0.4020 0.8429 -0.3576
vn 0.3554 0.9126 -0.2023
vn 0.4829 0.8741 -0.0517
vn 0.3554 0.9126 -0.2022
vn 0.3915 0.9190 -0.0459
vn 0.4484 0.8697 -0.2063
vn 0.2537 0.9463 -0.2002
vn 0.2959 0.9543 -0.0421
vn 0.2304 0.9668 0.1103
vn 0.3201 0.9447 0.0710
vn 0.2255 0.9710 0.0795
vn 0.3249 0.9406 0.0984
vn 0.1282 0.9877 0.0896
vn 0.1970 0.9795 -0.0424
vn 0.0991 0.9942 -0.0423
vn 0.4867 0.7966 -0.3586
vn 0.6146 0.7622 -0.2034
vn 0.5654 0.7441 -0.3558
vn 0.5353 0.8188 -0.2075
vn 0.6478 0.7601 -0.0521
vn 0.5353 0.8188 -0.2074
vn 0.5700 0.8198 -0.0550
vn 0.6146 0.7622 -0.2033
vn 0.5699 0.8199 -0.0550
vn 0.4830 0.8741 -0.0518
vn 0.4170 0.9046 0.0885
vn 0.5018 0.8632 0.0554
vn 0.4120 0.9090 0.0627
vn 0.5072 0.8580 0.0810
vn 0.3250 0.9406 0.0984
vn 0.4171 0.9046 0.0885
vn 0.3915 0.9190 -0.0458
vn 0.7579 0.6258 -0.1842
vn 0.7113 0.6146 -0.3411
vn 0.6399 0.6842 -0.3499
vn 0.6883 0.6987 -0.1952
vn 0.6883 0.6987 -0.1951
vn 0.7841 0.6199 -0.0300
vn 0.7580 0.6258 -0.1841
vn 0.7186 0.6941 -0.0428
vn 0.6147 0.7621 -0.2033
vn 0.7185 0.6942 -0.0428
vn 0.6882 0.6988 -0.1951
vn 0.6478 0.7600 -0.0520
vn 0.5881 0.8072 0.0510
vn 0.6719 0.7363 0.0802
vn 0.6653 0.7447 0.0536
vn 0.5939 0.8008 0.0769
vn 0.5940 0.8008 0.0769
vn 0.5017 0.8632 0.0554
vn 0.5699 0.8198 -0.0550
vn 0.8752 0.4584 -0.1546
vn 0.8345 0.4535 -0.3131
vn 0.7769 0.5369 -0.3290
vn 0.8210 0.5449 -0.1706
vn 0.8916 0.4529 -0.0020
vn 0.8752 0.4583 -0.1546
vn 0.8422 0.5389 -0.0162
vn 0.7580 0.6257 -0.1841
vn 0.7394 0.6669 0.0924
vn 0.7939 0.6029 0.0792
vn 0.7336 0.6766 0.0645
vn 0.7968 0.5944 0.1082
vn 0.7336 0.6766 0.0644
vn 0.7186 0.6942 -0.0427
vn 0.9555 0.2716 -0.1151
vn 0.9234 0.2714 -0.2713
vn 0.8837 0.3644 -0.2938
vn 0.9203 0.3666 -0.1362
vn 0.9204 0.3666 -0.1361
vn 0.9630 0.2676 0.0312
vn 0.9321 0.3619 0.0135
vn 0.8753 0.4583 -0.1545
vn 0.9321 0.3620 0.0135
vn 0.9203 0.3667 -0.1361
vn 0.8916 0.4528 -0.0019
vn 0.8458 0.5194 0.1219
vn 0.8907 0.4423 0.1047
vn 0.8461 0.5248 0.0929
vn 0.8882 0.4400 0.1327
vn 0.7969 0.5944 0.1082
vn 0.7939 0.6028 0.0792
vn 0.7841 0.6199 -0.0299
vn 0.9942 0.0836 -0.0678
vn 0.9527 0.1776 -0.2464
vn 0.9800 0.1768 -0.0919
vn 0.9800 0.1767 -0.0919
vn 0.9941 0.0830 0.0703
vn 0.9834 0.1740 0.0508
vn 0.9834 0.1741 0.0507
vn 0.9630 0.2676 0.0313
vn 0.9278 0.3542 0.1171
vn 0.9517 0.2644 0.1564
vn 0.9560 0.2627 0.1309
vn 0.9241 0.3539 0.1441
vn 0.9241 0.3540 0.1441
vn 0.9321 0.3619 0.0136
vn 0.9851 0.0862 0.1491
vn 0.9941 0.0831 0.0703
vn 0.9745 0.1736 0.1423
vn 0.9827 0.0925 0.1605
vn 0.9704 0.1782 0.1630
vn 0.9559 0.2627 0.1309
vn 0.9517 0.2643 0.1564
vn 0.9950 -0.0970 -0.0256
vn 0.9809 -0.0088 -0.1942
vn 0.9990 -0.0073 -0.0449
vn 0.9912 -0.0884 0.0983
vn 0.9949 -0.0970 -0.0256
vn 0.9962 -0.0038 0.0869
vn 0.9942 0.0836 -0.0677
vn 0.9990 -0.0073 -0.0448
vn 0.9829 -0.0825 0.1647
vn 0.9912 -0.0883 0.0983
vn 0.9878 0.0001 0.1557
vn 0.9818 -0.0808 0.1718
vn 0.9870 0.0039 0.1604
vn 0.9870 0.0040 0.1604
vn 0.9622 -0.2725 -0.0021
vn 0.9485 -0.2865 -0.1349
vn 0.9691 -0.1949 -0.1511
vn 0.9826 -0.1852 -0.0114
vn 0.9826 -0.1853 -0.0114
vn 0.9614 -0.2537 0.1065
vn 0.9796 -0.1717 0.1047
vn 0.9564 -0.2365 0.1714
vn 0.9719 -0.1608 0.1717
vn 0.9552 -0.2297 0.1868
vn 0.9702 -0.1569 0.1846
vn 0.8732 -0.4733 -0.1160
vn 0.9292 -0.3695 0.0013
vn 0.8919 -0.4523 -0.0068
vn 0.9135 -0.3884 -0.1209
vn 0.9292 -0.3696 0.0013
vn 0.9026 -0.4240 0.0746
vn 0.8919 -0.4522 -0.0068
vn 0.9342 -0.3431 0.0974
vn 0.9622 -0.2725 -0.0020
vn 0.9342 -0.3431 0.0975
vn 0.9025 -0.4241 0.0746
vn 0.9363 -0.3141 0.1571
vn 0.9193 -0.3631 0.1520
vn 0.9129 -0.3859 0.1328
vn 0.9377 -0.3012 0.1730
vn 0.9564 -0.2365 0.1715
vn 0.7224 -0.5494 -0.4200
vn 0.7301 -0.6480 -0.2171
vn 0.8350 -0.5376 -0.1171
vn 0.7663 -0.6303 -0.1245
vn 0.8032 -0.5509 -0.2269
vn 0.6890 -0.6522 -0.3161
vn 0.8031 -0.5509 -0.2269
vn -0.8626 0.4864 0.1390
vn 0.8934 -0.4358 0.1091
vn 0.8804 -0.4487 0.1535
vn 0.8646 -0.4947 0.0875
vn 0.8934 -0.4357 0.1091
vn 0.9054 -0.3896 0.1684
vn 0.8965 -0.4279 0.1148
vn 0.8575 -0.5142 -0.0177
vn 0.7979 -0.6014 -0.0394
vn 0.7663 -0.6304 -0.1245
vn 0.7145 -0.6863 -0.1357
vn 0.6504 -0.7453 -0.1466
vn 0.6095 -0.7637 -0.2129
vn 0.6757 -0.7048 -0.2162
vn 0.5986 -0.7053 -0.3799
vn 0.6588 -0.6419 -0.3924
vn 0.5522 -0.8072 -0.2086
vn 0.5952 -0.7890 -0.1522
vn 0.5130 -0.8141 -0.2720
vn 0.5011 -0.8411 -0.2033
vn 0.5523 -0.8072 -0.2086
vn 0.4504 -0.8554 -0.2558
vn 0.2782 -0.9357 -0.2168
vn 0.7503 -0.6581 -0.0630
vn 0.6906 -0.7181 -0.0863
vn 0.7298 -0.6828 -0.0336
vn 0.7145 -0.6864 -0.1357
vn 0.8375 -0.5427 0.0634
vn 0.8376 -0.5426 0.0634
vn 0.6359 -0.7648 -0.1031
vn 0.6779 -0.7327 -0.0604
vn 0.5827 -0.8025 -0.1284
vn 0.7638 -0.6454 0.0023
vn -0.6772 0.7233 0.1347
vn 0.3966 -0.8959 -0.2003
vn 0.5012 -0.8411 -0.2033
vn 0.7201 -0.6930 -0.0346
vn 0.7617 -0.6478 0.0139
vn 0.6574 -0.7477 -0.0935
vn 0.7639 -0.6454 0.0023
vn 0.7201 -0.6931 -0.0346
vn 0.6216 -0.7767 -0.1013
vn 0.5079 -0.8510 -0.1334
vn 0.0321 -0.9985 -0.0436
vn 0.0139 -0.9939 -0.1094
vn 0.0547 -0.9985 0.0091
vn 0.0974 -0.9931 0.0657
vn 0.0949 -0.9934 0.0646
vn 0.0940 -0.9935 0.0634
vn 0.0893 -0.9942 0.0595
vn 0.0948 -0.3234 0.9415
vn 0.1927 -0.3478 0.9176
vn 0.1085 -0.2728 0.9559
vn 0.0722 -0.9966 0.0392
vn 0.0827 -0.9952 0.0527
vn -0.0198 -0.9968 0.0769
vn -0.0109 -0.9983 0.0580
vn -0.0198 -0.9966 0.0795
vn -0.0233 -0.9963 0.0832
vn 0.0384 -0.8956 -0.4433
vn 0.0173 -0.9302 -0.3667
vn -0.0128 -0.9973 0.0728
vn -0.0080 -0.9976 0.0690
vn -0.1090 -0.9826 -0.1504
vn -0.0718 -0.9953 -0.0652
vn -0.1040 -0.9933 -0.0499
vn -0.1502 -0.9798 -0.1323
vn -0.0576 -0.1009 0.9932
vn 0.1042 -0.0660 0.9924
vn -0.0574 -0.1008 0.9932
vn -0.2029 -0.1368 0.9696
vn -0.3178 -0.1647 0.9337
vn -0.3173 -0.1646 0.9339
vn -0.2031 -0.1368 0.9695
vn -0.5059 -0.2249 0.8328
vn -0.4162 -0.1921 0.8887
vn -0.4170 -0.1924 0.8883
vn -0.5049 -0.2245 0.8335
vn -0.5859 -0.2620 0.7669
vn -0.6532 -0.2991 0.6956
vn -0.6521 -0.2984 0.6969
vn -0.5871 -0.2625 0.7658
vn -0.7754 -0.3668 0.5139
vn -0.7108 -0.3326 0.6198
vn -0.7119 -0.3335 0.6180
vn -0.7745 -0.3664 0.5156
vn -0.8749 -0.4109 0.2564
vn -0.8332 -0.3943 0.3878
vn -0.8332 -0.3953 0.3868
vn -0.8748 -0.4109 0.2569
vn -0.0080 -0.9976 0.0688
vn -0.0062 -0.9977 0.0682
vn -0.9156 -0.4014 0.0245
vn -0.8996 -0.4138 0.1396
vn -0.8997 -0.4138 0.1393
vn -0.9156 -0.4014 0.0243
vn -0.5483 0.1101 -0.8290
vn -0.3740 0.1424 -0.9164
vn -0.3794 0.1420 -0.9143
vn -0.5439 0.1114 -0.8317
vn -0.7160 0.0248 -0.6976
vn -0.5484 0.1100 -0.8289
vn -0.7173 0.0238 -0.6964
vn -0.5440 0.1114 -0.8317
vn -0.8884 -0.2107 -0.4078
vn -0.8339 -0.1018 -0.5424
vn -0.8888 -0.2118 -0.4065
vn -0.8330 -0.1004 -0.5440
vn -0.0141 -0.9817 -0.1897
vn -0.0440 -0.9659 -0.2551
vn -0.1122 -0.9295 -0.3514
vn -0.0789 -0.9471 -0.3111
vn -0.0029 -0.9781 -0.2081
vn 0.0076 -0.9999 -0.0148
vn -0.0007 -0.9996 0.0275
vn -0.9236 -0.3627 -0.1242
vn -0.9139 -0.2957 -0.2782
vn -0.9236 -0.3624 -0.1249
vn -0.9139 -0.2956 -0.2783
vn 0.9285 -0.3443 -0.1388
vn 0.9039 -0.3483 -0.2484
vn 0.9036 -0.3483 -0.2494
vn 0.9288 -0.3442 -0.1374
vn 0.9439 -0.3294 -0.0231
vn 0.9441 -0.3291 -0.0214
vn 0.9285 -0.3444 -0.1388
vn 0.9360 -0.2798 0.2136
vn 0.9469 -0.3066 0.0965
vn 0.9361 -0.2800 0.2127
vn 0.9469 -0.3063 0.0980
vn 0.9130 -0.2537 0.3195
vn 0.8757 -0.2281 0.4256
vn 0.8758 -0.2281 0.4254
vn 0.9129 -0.2537 0.3197
vn 0.7480 -0.1759 0.6400
vn 0.8188 -0.2013 0.5376
vn 0.7484 -0.1760 0.6394
vn 0.8186 -0.2012 0.5380
vn 0.6720 -0.1553 0.7240
vn 0.5793 -0.1344 0.8039
vn 0.5795 -0.1344 0.8038
vn 0.6718 -0.1552 0.7243
vn 0.3572 -0.0711 0.9313
vn 0.2462 -0.0527 0.9678
vn 0.3567 -0.0709 0.9315
vn 0.4676 -0.1053 0.8776
vn 0.4677 -0.1053 0.8776
vn -0.2264 0.1529 -0.9620
vn -0.0932 0.1577 -0.9831
vn -0.0924 0.1577 -0.9832
vn -0.2258 0.1525 -0.9622
vn 0.0278 0.1421 -0.9895
vn 0.1507 0.0989 -0.9836
vn 0.1504 0.0990 -0.9837
vn 0.3794 -0.0261 -0.9249
vn 0.4712 -0.0901 -0.8774
vn 0.4707 -0.0904 -0.8777
vn 0.3795 -0.0255 -0.9248
vn 0.5657 -0.1574 -0.8094
vn 0.6539 -0.2200 -0.7239
vn 0.6542 -0.2202 -0.7236
vn 0.5659 -0.1575 -0.8093
vn 0.7186 -0.2654 -0.6428
vn 0.7182 -0.2652 -0.6433
vn 0.0595 -0.8699 -0.4896
vn 0.0684 -0.8609 -0.5041
vn 0.0037 -0.9919 -0.1270
vn 0.0104 -0.9976 -0.0681
vn -0.1458 -0.9125 -0.3822
vn -0.1776 -0.8972 -0.4043
vn 0.0634 -0.9964 0.0559
vn 0.0719 -0.9958 0.0574
vn 0.0043 -0.9836 -0.1801
vn 0.0051 -0.9630 -0.2694
vn 0.8383 0.4755 -0.2668
vn 0.8445 0.4112 -0.3431
vn 0.8445 0.4091 -0.3455
vn 0.8379 0.4775 -0.2644
vn 0.8391 0.3416 -0.4234
vn 0.8396 0.3434 -0.4208
vn 0.8221 0.2738 -0.4993
vn 0.8227 0.2759 -0.4970
vn 0.8197 0.5418 -0.1858
vn 0.7912 0.6015 -0.1107
vn 0.7901 0.6033 -0.1084
vn 0.8204 0.5399 -0.1882
vn 0.7541 0.1409 -0.6414
vn 0.7948 0.2084 -0.5700
vn 0.7555 0.1429 -0.6394
vn 0.7936 0.2066 -0.5723
vn 0.7496 0.6610 -0.0332
vn 0.7003 0.7129 0.0368
vn 0.6987 0.7144 0.0389
vn 0.7510 0.6594 -0.0354
vn 0.6443 0.0174 -0.7646
vn 0.7060 0.0792 -0.7038
vn 0.6463 0.0192 -0.7629
vn 0.7041 0.0776 -0.7058
vn 0.5704 0.8040 0.1682
vn 0.5683 0.8050 0.1701
vn 0.6399 0.7613 0.1050
vn 0.6379 0.7626 0.1069
vn 0.4982 -0.0903 -0.8624
vn 0.4165 -0.1351 -0.8990
vn 0.4138 -0.1364 -0.9001
vn 0.5007 -0.0888 -0.8611
vn 0.5704 0.8040 0.1681
vn 0.4905 0.8413 0.2273
vn 0.5682 0.8051 0.1699
vn 0.4928 0.8404 0.2256
vn 0.3234 -0.1766 -0.9296
vn 0.2310 -0.2093 -0.9502
vn 0.2280 -0.2102 -0.9507
vn 0.3262 -0.1754 -0.9289
vn 0.4081 0.8701 0.2765
vn 0.3148 0.8931 0.3215
vn 0.4055 0.8708 0.2778
vn 0.3174 0.8926 0.3201
vn 0.2219 0.9077 0.3561
vn 0.1199 0.9152 0.3847
vn 0.2191 0.9080 0.3570
vn 0.1228 0.9152 0.3838
vn 0.0276 -0.2564 -0.9662
vn -0.0718 -0.2680 -0.9607
vn -0.0749 -0.2683 -0.9604
vn 0.0307 -0.2559 -0.9662
vn -0.0838 0.9067 0.4134
vn -0.1830 0.8914 0.4146
vn -0.1858 0.8909 0.4145
vn -0.0810 0.9070 0.4133
vn -0.1740 -0.2725 -0.9463
vn -0.1771 -0.2725 -0.9457
vn -0.0717 -0.2680 -0.9607
vn -0.2861 0.8677 0.4066
vn -0.3806 0.8383 0.3904
vn -0.3833 0.8373 0.3899
vn -0.2833 0.8684 0.4070
vn -0.3752 -0.2576 -0.8904
vn -0.2746 -0.2694 -0.9230
vn -0.3724 -0.2581 -0.8915
vn -0.2776 -0.2689 -0.9223
vn -0.4762 0.8003 0.3644
vn -0.5612 0.7583 0.3317
vn -0.5636 0.7570 0.3306
vn -0.4737 0.8014 0.3652
vn -0.5567 -0.2126 -0.8031
vn -0.4660 -0.2397 -0.8517
vn -0.5542 -0.2135 -0.8046
vn -0.4687 -0.2388 -0.8505
vn -0.7174 0.6540 0.2400
vn -0.6422 0.7095 0.2902
vn -0.7155 0.6556 0.2413
vn -0.6444 0.7080 0.2889
vn -0.7119 -0.1397 -0.6883
vn -0.7753 -0.0955 -0.6244
vn -0.7771 -0.0940 -0.6224
vn -0.7098 -0.1410 -0.6901
vn -0.7818 0.5957 0.1842
vn -0.7801 0.5974 0.1857
vn -0.7174 0.6541 0.2398
vn -0.8328 -0.0429 -0.5520
vn -0.8771 0.0114 -0.4801
vn -0.8783 0.0130 -0.4780
vn -0.8313 -0.0445 -0.5541
vn -0.8814 0.4691 0.0554
vn -0.8353 0.5356 0.1241
vn -0.8803 0.4710 0.0572
vn -0.8367 0.5338 0.1223
vn -0.9130 0.0730 -0.4013
vn -0.9360 0.1343 -0.3252
vn -0.9366 0.1361 -0.3230
vn -0.9122 0.0712 -0.4035
vn -0.9379 0.3347 -0.0906
vn -0.9145 0.4044 -0.0139
vn -0.9374 0.3368 -0.0886
vn -0.9153 0.4025 -0.0160
vn -0.9490 0.2670 -0.1678
vn -0.9485 0.2017 -0.2441
vn -0.9484 0.1998 -0.2463
vn -0.9488 0.2689 -0.1656
vn -0.4482 0.8029 0.3930
vn -0.5430 0.7592 0.3589
vn -0.5432 0.7591 0.3588
vn -0.4479 0.8030 0.3931
vn -0.1339 0.8897 0.4365
vn -0.2419 0.8687 0.4322
vn -0.2420 0.8687 0.4322
vn -0.1338 0.8897 0.4365
vn -0.5433 0.7590 0.3588
vn -0.6307 0.7089 0.3156
vn -0.6310 0.7087 0.3154
vn 0.0843 0.9062 0.4144
vn -0.0246 0.9022 0.4305
vn -0.7799 0.5918 0.2040
vn -0.7100 0.6529 0.2638
vn -0.7796 0.5920 0.2043
vn -0.7103 0.6527 0.2636
vn 0.1912 0.9015 0.3882
vn 0.1913 0.9015 0.3882
vn -0.8861 0.4589 0.0654
vn -0.8385 0.5271 0.1379
vn -0.8859 0.4592 0.0657
vn -0.8387 0.5269 0.1376
vn 0.3928 0.8666 0.3077
vn 0.2947 0.8882 0.3524
vn 0.3930 0.8665 0.3076
vn 0.2946 0.8882 0.3525
vn -0.9436 0.3179 -0.0924
vn -0.9211 0.3892 -0.0113
vn -0.9436 0.3182 -0.0920
vn -0.9212 0.3889 -0.0117
vn 0.5685 0.7996 0.1938
vn 0.4848 0.8368 0.2544
vn 0.5688 0.7994 0.1935
vn 0.4846 0.8369 0.2546
vn -0.9326 0.1093 -0.3441
vn -0.9493 0.1769 -0.2599
vn -0.9493 0.1772 -0.2596
vn -0.9325 0.1090 -0.3444
vn 0.7616 0.6476 -0.0252
vn 0.7078 0.7044 0.0531
vn 0.7081 0.7041 0.0527
vn 0.7613 0.6479 -0.0248
vn -0.8610 -0.0164 -0.5083
vn -0.9028 0.0442 -0.4277
vn -0.9030 0.0445 -0.4274
vn -0.8609 -0.0166 -0.5086
vn 0.8421 0.4867 -0.2322
vn 0.8131 0.5671 -0.1311
vn 0.8131 0.5671 -0.1310
vn 0.8420 0.4872 -0.2316
vn -0.7427 -0.1228 -0.6583
vn -0.8072 -0.0726 -0.5859
vn -0.8074 -0.0724 -0.5856
vn -0.7425 -0.1229 -0.6585
vn -0.6680 -0.1667 -0.7253
vn -0.6678 -0.1668 -0.7254
vn -0.4929 -0.2331 -0.8383
vn -0.5844 -0.2037 -0.7855
vn -0.4930 -0.2331 -0.8382
vn -0.5842 -0.2037 -0.7856
vn -0.3953 -0.2545 -0.8826
vn -0.2926 -0.2676 -0.9180
vn 0.8517 0.4033 -0.3345
vn 0.8517 0.4043 -0.3332
vn 0.0304 -0.2560 -0.9662
vn -0.0783 -0.2684 -0.9601
vn -0.0782 -0.2684 -0.9601
vn 0.0302 -0.2561 -0.9662
vn 0.8410 0.3120 -0.4421
vn 0.8409 0.3115 -0.4426
vn 0.2425 -0.2067 -0.9479
vn 0.1375 -0.2354 -0.9621
vn 0.1378 -0.2354 -0.9621
vn 0.2422 -0.2068 -0.9479
vn 0.7820 0.1711 -0.5993
vn 0.8176 0.2405 -0.5231
vn 0.7817 0.1707 -0.5998
vn 0.8178 0.2410 -0.5226
vn 0.4378 -0.1270 -0.8901
vn 0.3426 -0.1705 -0.9239
vn 0.3430 -0.1704 -0.9237
vn 0.4374 -0.1272 -0.8902
vn 0.6747 0.0389 -0.7370
vn 0.7338 0.1030 -0.6715
vn 0.6744 0.0385 -0.7374
vn 0.7341 0.1034 -0.6712
vn 0.6049 -0.0217 -0.7960
vn 0.5251 -0.0775 -0.8475
vn 0.5255 -0.0772 -0.8473
vn 0.6045 -0.0220 -0.7963
vn -0.3832 0.8434 0.3765
vn -0.4643 0.8113 0.3553
vn -0.4628 0.8121 0.3554
vn -0.3848 0.8429 0.3762
vn -0.6096 0.7354 0.2958
vn -0.6766 0.6902 0.2564
vn -0.6754 0.6913 0.2569
vn -0.6110 0.7346 0.2951
vn -0.2154 0.8913 0.3989
vn -0.3021 0.8695 0.3908
vn -0.3005 0.8701 0.3906
vn -0.2171 0.8910 0.3988
vn -0.7353 0.6433 0.2133
vn -0.7364 0.6424 0.2124
vn -0.6755 0.6911 0.2572
vn -0.0434 0.9176 0.3951
vn -0.1289 0.9073 0.4002
vn -0.0417 0.9178 0.3949
vn -0.1306 0.9071 0.4003
vn -0.8348 0.5391 0.1115
vn -0.7895 0.5915 0.1637
vn -0.8356 0.5381 0.1105
vn -0.7886 0.5925 0.1646
vn 0.1297 0.9218 0.3653
vn 0.0453 0.9226 0.3831
vn 0.1313 0.9217 0.3649
vn 0.0436 0.9225 0.3834
vn -0.9043 0.4269 -0.0056
vn -0.8741 0.4828 0.0536
vn -0.9047 0.4260 -0.0067
vn -0.8735 0.4837 0.0546
vn 0.2139 0.9154 0.3410
vn 0.2154 0.9152 0.3405
vn -0.9465 0.2531 -0.2002
vn -0.9413 0.3097 -0.1343
vn -0.9465 0.2522 -0.2012
vn -0.9410 0.3110 -0.1337
vn 0.3736 0.8860 0.2746
vn 0.2969 0.9032 0.3100
vn 0.3750 0.8856 0.2739
vn 0.2954 0.9034 0.3107
vn -0.9262 0.1225 -0.3565
vn -0.9434 0.1960 -0.2676
vn -0.9433 0.1951 -0.2686
vn -0.9268 0.1234 -0.3546
vn 0.5168 0.8355 0.1869
vn 0.4489 0.8628 0.2324
vn 0.5179 0.8350 0.1861
vn 0.4476 0.8633 0.2332
vn 0.6380 0.7658 0.0812
vn 0.5814 0.8023 0.1352
vn 0.6388 0.7651 0.0802
vn 0.5804 0.8029 0.1360
vn -0.8017 -0.0597 -0.5947
vn -0.8582 0.0001 -0.5134
vn -0.8578 -0.0003 -0.5140
vn -0.8023 -0.0594 -0.5940
vn 0.7692 0.6306 -0.1031
vn 0.7326 0.6796 -0.0385
vn 0.7332 0.6789 -0.0395
vn 0.7688 0.6313 -0.1021
vn -0.6920 -0.1383 -0.7085
vn -0.7508 -0.1007 -0.6528
vn -0.7502 -0.1011 -0.6534
vn -0.6927 -0.1382 -0.7078
vn 0.8174 0.5260 -0.2349
vn 0.7971 0.5802 -0.1675
vn 0.7974 0.5794 -0.1684
vn 0.8172 0.5267 -0.2340
vn -0.6927 -0.1379 -0.7079
vn -0.6277 -0.1709 -0.7594
vn -0.6285 -0.1708 -0.7589
vn 0.8322 0.4140 -0.3687
vn 0.8290 0.4714 -0.3010
vn 0.8291 0.4706 -0.3018
vn 0.8323 0.4148 -0.3678
vn -0.5579 -0.1987 -0.8058
vn -0.5586 -0.1983 -0.8054
vn -0.4832 -0.2211 -0.8471
vn 0.8136 0.2994 -0.4984
vn 0.8269 0.3566 -0.4347
vn 0.8132 0.2990 -0.4993
vn 0.8271 0.3573 -0.4339
vn -0.4044 -0.2384 -0.8829
vn -0.3231 -0.2498 -0.9128
vn -0.4052 -0.2381 -0.8827
vn -0.3223 -0.2499 -0.9130
vn 0.7916 0.2421 -0.5610
vn 0.7911 0.2417 -0.5619
vn 0.8134 0.2996 -0.4986
vn -0.0648 -0.2509 -0.9658
vn -0.1514 -0.2563 -0.9547
vn -0.0641 -0.2509 -0.9659
vn -0.1521 -0.2563 -0.9546
vn 0.7235 0.1305 -0.6778
vn 0.7610 0.1852 -0.6218
vn 0.7230 0.1301 -0.6785
vn 0.7613 0.1858 -0.6212
vn 0.1096 -0.2233 -0.9686
vn 0.0225 -0.2400 -0.9705
vn 0.0231 -0.2399 -0.9705
vn 0.1090 -0.2240 -0.9685
vn 0.6256 0.0266 -0.7797
vn 0.6775 0.0770 -0.7315
vn 0.6780 0.0775 -0.7310
vn 0.2768 -0.1745 -0.9450
vn 0.1937 -0.2017 -0.9601
vn 0.1944 -0.2015 -0.9600
vn 0.2763 -0.1752 -0.9450
vn -0.3857 -0.7295 0.5649
vn -0.3879 -0.7310 0.5614
vn -0.5079 -0.7783 0.3691
vn -0.5138 -0.7791 0.3593
vn -0.1200 0.7557 -0.6439
vn -0.1202 0.7556 -0.6439
vn -0.1202 0.7555 -0.6440
vn -0.1210 0.7552 -0.6442
vn -0.1220 0.7553 -0.6439
vn -0.1215 0.7553 -0.6440
vn -0.1217 0.7555 -0.6438
vn -0.1222 0.7555 -0.6437
vn -0.1219 0.7554 -0.6438
vn -0.1215 0.7552 -0.6441
vn 0.4310 -0.1062 -0.8961
vn 0.3553 -0.1429 -0.9238
vn 0.3559 -0.1426 -0.9236
vn 0.4306 -0.1069 -0.8962
vn 0.1619 0.9632 -0.2144
vn 0.2042 0.9491 -0.2400
vn 0.1611 0.9635 -0.2140
vn 0.2052 0.9487 -0.2407
vn -0.1216 0.7559 -0.6433
vn 0.1156 0.9746 -0.1920
vn 0.1150 0.9747 -0.1918
vn 0.0162 0.9870 -0.1598
vn 0.0666 0.9826 -0.1734
vn 0.0163 0.9870 -0.1599
vn 0.0667 0.9825 -0.1737
vn -0.1395 0.9794 -0.1460
vn -0.0867 0.9855 -0.1459
vn -0.1381 0.9796 -0.1459
vn -0.0877 0.9854 -0.1459
vn -0.2375 0.9582 -0.1593
vn -0.1902 0.9701 -0.1506
vn -0.1886 0.9705 -0.1504
vn -0.2394 0.9577 -0.1598
vn -0.2863 0.9424 -0.1732
vn -0.3280 0.9254 -0.1896
vn -0.3303 0.9244 -0.1906
vn -0.2841 0.9431 -0.1725
vn -0.1221 0.7556 -0.6436
vn -0.1220 0.7558 -0.6434
vn -0.1221 0.7555 -0.6436
vn -0.1222 0.7554 -0.6437
vn -0.1220 0.7556 -0.6436
vn -0.3711 0.9042 -0.2116
vn -0.4059 0.8834 -0.2342
vn -0.4082 0.8819 -0.2359
vn -0.3688 0.9054 -0.2103
vn -0.4413 0.8579 -0.2631
vn -0.4681 0.8346 -0.2904
vn -0.4702 0.8326 -0.2927
vn -0.4391 0.8597 -0.2611
vn -0.4946 0.8064 -0.3242
vn -0.5131 0.7816 -0.3547
vn -0.5145 0.7794 -0.3574
vn -0.4929 0.8084 -0.3217
vn -0.5300 0.7521 -0.3917
vn -0.5402 0.7271 -0.4237
vn -0.5410 0.7247 -0.4267
vn -0.5289 0.7544 -0.3888
vn -0.5499 0.6730 -0.4946
vn -0.5476 0.6975 -0.4622
vn -0.5472 0.6999 -0.4591
vn -0.5499 0.6708 -0.4976
vn -0.5433 0.6214 -0.5645
vn -0.5482 0.6446 -0.5328
vn -0.5485 0.6468 -0.5298
vn -0.5426 0.6193 -0.5674
vn -0.5217 0.5735 -0.6316
vn -0.5334 0.5950 -0.6013
vn -0.5342 0.5969 -0.5985
vn -0.5206 0.5718 -0.6341
vn -0.4869 0.5306 -0.6938
vn -0.5045 0.5498 -0.6657
vn -0.5059 0.5514 -0.6634
vn -0.4854 0.5291 -0.6960
vn -0.4650 0.5112 -0.7228
vn -0.4634 0.5099 -0.7247
vn -0.4388 0.4923 -0.7518
vn -0.4404 0.4934 -0.7501
vn -0.4133 0.4771 -0.7756
vn -0.4116 0.4762 -0.7770
vn -0.3522 0.4498 -0.8208
vn -0.3822 0.4618 -0.8004
vn -0.3838 0.4625 -0.7992
vn -0.3506 0.4492 -0.8218
vn -0.2833 0.4297 -0.8574
vn -0.3172 0.4383 -0.8410
vn -0.3186 0.4388 -0.8402
vn -0.2820 0.4294 -0.8580
vn -0.2071 0.4174 -0.8848
vn -0.1686 0.4145 -0.8943
vn -0.1679 0.4144 -0.8945
vn -0.2080 0.4174 -0.8846
vn -0.1278 0.4136 -0.9014
vn -0.0872 0.4150 -0.9056
vn -0.0869 0.4150 -0.9056
vn -0.1282 0.4136 -0.9014
vn -0.0870 0.4150 -0.9056
vn -0.0457 0.4186 -0.9070
vn -0.0458 0.4186 -0.9070
vn -0.0871 0.4150 -0.9056
vn -0.0044 0.4245 -0.9054
vn 0.0373 0.4328 -0.9007
vn 0.0367 0.4326 -0.9008
vn -0.0041 0.4245 -0.9054
vn 0.1172 0.4558 -0.8823
vn 0.0782 0.4433 -0.8929
vn 0.1182 0.4562 -0.8820
vn 0.0774 0.4431 -0.8931
vn 0.1928 0.4880 -0.8513
vn 0.1569 0.4713 -0.8679
vn 0.1941 0.4887 -0.8506
vn 0.1558 0.4708 -0.8683
vn 0.2605 0.5287 -0.8078
vn 0.2291 0.5082 -0.8302
vn 0.2618 0.5297 -0.8068
vn 0.2278 0.5074 -0.8311
vn 0.2916 0.5531 -0.7804
vn 0.3170 0.5769 -0.7528
vn 0.2903 0.5520 -0.7817
vn 0.3182 0.5782 -0.7513
vn 0.3411 0.6048 -0.7196
vn 0.3591 0.6312 -0.6875
vn 0.3400 0.6034 -0.7213
vn 0.3600 0.6327 -0.6856
vn 0.3746 0.6616 -0.6496
vn 0.3841 0.6895 -0.6140
vn 0.3739 0.6600 -0.6516
vn 0.3845 0.6911 -0.6119
vn 0.3896 0.7211 -0.5729
vn 0.3896 0.7495 -0.5352
vn 0.3894 0.7195 -0.5751
vn 0.3895 0.7511 -0.5330
vn 0.3842 0.7808 -0.4927
vn 0.3742 0.8084 -0.4545
vn 0.3846 0.7793 -0.4948
vn 0.3735 0.8098 -0.4525
vn 0.3576 0.8378 -0.4127
vn 0.3375 0.8631 -0.3758
vn 0.3584 0.8364 -0.4146
vn 0.3364 0.8642 -0.3741
vn -0.1217 0.7559 -0.6433
vn -0.1212 0.7560 -0.6433
vn -0.1205 0.7560 -0.6433
vn -0.1204 0.7562 -0.6432
vn 0.0076 -0.9999 -0.0149
vn -0.1229 0.7546 -0.6446
vn -0.1218 0.7548 -0.6445
vn -0.1222 0.7551 -0.6441
vn -0.1217 0.7548 -0.6446
vn -0.1222 0.7552 -0.6440
vn -0.6405 0.2349 0.7312
vn -0.5243 0.4741 0.7073
vn -0.6820 0.3583 0.6376
vn -0.6820 0.3582 0.6376
vn -0.7652 0.3050 0.5670
vn 0.5665 -0.0211 -0.8238
vn 0.5009 -0.0659 -0.8630
vn 0.5014 -0.0655 -0.8627
vn 0.5661 -0.0219 -0.8240
vn -0.1214 0.7548 -0.6446
vn -0.1216 0.7548 -0.6446
vn -0.1214 0.7549 -0.6445
vn -0.1211 0.7549 -0.6446
vn 0.1290 -0.2369 -0.9629
vn 0.1321 -0.2362 -0.9627
vn -0.1218 0.7537 -0.6458
vn -0.1221 0.7537 -0.6457
vn -0.1197 0.7556 -0.6440
vn -0.1201 0.7556 -0.6439
vn -0.1208 0.7553 -0.6441
vn -0.1876 -0.3337 -0.9238
vn -0.2462 -0.3132 -0.9172
vn -0.2460 -0.3131 -0.9173
vn -0.2795 -0.3144 -0.9072
vn -0.2760 -0.3142 -0.9084
vn -0.3167 -0.3131 -0.8953
vn -0.3519 -0.2811 -0.8929
vn -0.3660 -0.2617 -0.8931
vn -0.3789 -0.2328 -0.8957
vn -0.3829 -0.2039 -0.9010
vn -0.3895 -0.1867 -0.9019
vn -0.3828 -0.2052 -0.9007
vn -0.3904 -0.1862 -0.9016
vn -0.4981 -0.0570 -0.8652
vn -0.5076 0.0160 -0.8615
vn -0.4670 0.0757 -0.8810
vn -0.4066 0.0929 -0.9089
vn -0.2786 0.2215 -0.9345
vn -0.2366 0.2394 -0.9417
vn -0.1810 0.2608 -0.9483
vn -0.2109 0.2491 -0.9452
vn -0.1512 -0.3219 -0.9346
vn -0.1390 -0.3256 -0.9352
vn -0.1513 -0.3219 -0.9346
vn -0.1388 -0.3258 -0.9352
vn -0.1216 -0.3388 -0.9329
vn -0.1020 -0.3506 -0.9309
vn -0.0585 -0.3400 -0.9386
vn -0.0319 -0.3286 -0.9439
vn -0.0071 -0.3237 -0.9461
vn 0.0655 -0.2776 -0.9585
vn 0.0386 -0.3034 -0.9521
vn 0.1032 -0.2061 -0.9731
vn 0.1031 -0.2071 -0.9729
vn 0.1370 -0.0961 -0.9859
vn 0.1112 -0.0025 -0.9938
vn 0.1112 -0.0002 -0.9938
vn 0.1013 0.1344 -0.9857
vn 0.8187 -0.3215 -0.4758
vn 0.8679 -0.3408 -0.3615
vn 0.8681 -0.3409 -0.3608
vn -0.3912 -0.9065 -0.1591
vn -0.3892 -0.9057 -0.1679
vn -0.3910 -0.9067 -0.1584
vn -0.3829 -0.9126 -0.1433
vn -0.3487 -0.9336 -0.0821
vn -0.3318 -0.9418 -0.0547
vn -0.3513 -0.9322 -0.0872
vn 0.1858 -0.9254 -0.3303
vn 0.1831 -0.9264 -0.3289
vn 0.1832 -0.9264 -0.3289
vn 0.3544 -0.8702 -0.3422
vn -0.1637 -0.3275 -0.9306
vn -0.1638 -0.3276 -0.9305
vn 0.1154 -0.9716 -0.2068
vn 0.2404 -0.9636 -0.1166
vn 0.3699 -0.9218 -0.1157
vn 0.4395 -0.8812 -0.1743
vn 0.4743 -0.8675 -0.1497
vn 0.3380 -0.9337 -0.1182
vn 0.3930 -0.9117 -0.1201
vn 0.5653 -0.8147 -0.1293
vn -0.2708 -0.9625 0.0122
vn -0.3745 -0.9268 -0.0298
vn -0.2419 -0.9703 0.0090
vn -0.2487 -0.9685 0.0150
vn -0.2418 -0.9703 0.0089
vn -0.2302 -0.9731 -0.0011
vn -0.1718 -0.9846 -0.0319
vn -0.1502 -0.9798 -0.1324
vn 0.2791 0.9115 -0.3019
vn 0.2448 0.9311 -0.2704
vn 0.2804 0.9108 -0.3031
vn 0.2437 0.9317 -0.2695
vn 0.8394 0.3437 -0.4210
vn 0.8221 0.2738 -0.4992
vn 0.8229 0.2756 -0.4968
vn 0.7947 0.2087 -0.5701
vn 0.7557 0.1426 -0.6392
vn 0.7058 0.0795 -0.7039
vn 0.7902 0.6032 -0.1084
vn 0.7496 0.6610 -0.0331
vn 0.6464 0.0189 -0.7627
vn 0.5753 -0.0388 -0.8170
vn 0.5776 -0.0371 -0.8155
vn 0.4056 0.8707 0.2780
vn 0.4904 0.8414 0.2271
vn 0.4081 0.8701 0.2764
vn 0.3263 -0.1754 -0.9289
vn 0.2191 0.9080 0.3572
vn 0.3147 0.8932 0.3213
vn 0.2281 -0.2102 -0.9507
vn 0.1290 -0.2370 -0.9629
vn 0.1199 0.9153 0.3845
vn 0.0214 0.9150 0.4030
vn 0.0185 0.9148 0.4034
vn -0.1067 0.9726 -0.2065
vn -0.1081 0.9725 -0.2064
vn -0.1740 -0.2727 -0.9462
vn -0.2746 -0.2691 -0.9231
vn -0.2860 0.8677 0.4066
vn -0.3724 -0.2583 -0.8914
vn -0.4660 -0.2394 -0.8518
vn -0.3833 0.8373 0.3898
vn -0.4736 0.8014 0.3652
vn -0.5542 -0.2137 -0.8045
vn -0.6381 -0.1794 -0.7487
vn -0.6358 -0.1805 -0.7505
vn -0.7119 -0.1398 -0.6883
vn -0.6358 -0.1805 -0.7504
vn -0.7818 0.5957 0.1841
vn -0.8367 0.5338 0.1224
vn -0.7770 -0.0940 -0.6224
vn -0.8814 0.4691 0.0553
vn -0.8803 0.4710 0.0573
vn -0.9153 0.4024 -0.0159
vn -0.9379 0.3348 -0.0907
vn -0.9484 0.1999 -0.2463
vn -0.9485 0.2018 -0.2441
vn -0.3473 0.8396 0.4176
vn -0.3471 0.8397 0.4176
vn -0.2421 0.8687 0.4322
vn -0.6310 0.7088 0.3154
vn -0.8387 0.5268 0.1376
vn -0.8385 0.5272 0.1379
vn 0.2945 0.8882 0.3525
vn -0.9435 0.3182 -0.0920
vn -0.9530 0.2472 -0.1751
vn -0.9530 0.2469 -0.1755
vn 0.5687 0.7994 0.1936
vn 0.6433 0.7552 0.1263
vn 0.6435 0.7550 0.1260
vn 0.6432 0.7552 0.1263
vn 0.7079 0.7044 0.0531
vn -0.8073 -0.0724 -0.5856
vn -0.8071 -0.0726 -0.5859
vn -0.6680 -0.1667 -0.7252
vn -0.1864 -0.2723 -0.9440
vn -0.1865 -0.2723 -0.9440
vn 0.8176 0.2406 -0.5231
vn 0.1376 -0.2354 -0.9621
vn 0.7341 0.1034 -0.6711
vn 0.7338 0.1030 -0.6716
vn -0.4628 0.8119 0.3557
vn -0.5400 0.7751 0.3281
vn -0.5385 0.7760 0.3284
vn -0.5386 0.7758 0.3287
vn -0.6096 0.7356 0.2954
vn -0.3832 0.8436 0.3762
vn -0.3004 0.8700 0.3910
vn -0.2154 0.8915 0.3985
vn -0.8356 0.5382 0.1106
vn -0.9268 0.3691 -0.0686
vn -0.9271 0.3682 -0.0696
vn -0.9271 0.3682 -0.0697
vn -0.9411 0.3101 -0.1347
vn 0.4489 0.8628 0.2325
vn -0.9467 0.2518 -0.2009
vn 0.5179 0.8349 0.1860
vn 0.5815 0.8023 0.1351
vn -0.9267 0.1238 -0.3549
vn -0.9262 0.1225 -0.3564
vn -0.8979 0.0589 -0.4361
vn -0.8986 0.0594 -0.4347
vn 0.6896 0.7239 0.0219
vn 0.6888 0.7245 0.0228
vn 0.6388 0.7652 0.0802
vn -0.8984 0.0598 -0.4350
vn -0.8979 0.0589 -0.4362
vn -0.8583 -0.0002 -0.5132
vn 0.6896 0.7239 0.0218
vn 0.7332 0.6789 -0.0394
vn -0.8022 -0.0592 -0.5941
vn -0.8017 -0.0597 -0.5948
vn -0.7509 -0.1009 -0.6527
vn 0.7974 0.5795 -0.1684
vn -0.6277 -0.1711 -0.7594
vn -0.5579 -0.1986 -0.8058
vn -0.6284 -0.1706 -0.7590
vn 0.8291 0.4707 -0.3019
vn 0.8273 0.3571 -0.4337
vn 0.8270 0.3567 -0.4347
vn 0.8323 0.4148 -0.3679
vn -0.2384 -0.2559 -0.9368
vn -0.3223 -0.2500 -0.9130
vn -0.2377 -0.2559 -0.9370
vn 0.7914 0.2423 -0.5612
vn 0.7615 0.1856 -0.6211
vn -0.2377 -0.2560 -0.9370
vn -0.1514 -0.2562 -0.9547
vn 0.7234 0.1307 -0.6780
vn 0.7230 0.1302 -0.6785
vn 0.6781 0.0773 -0.7309
vn -0.0642 -0.2509 -0.9659
vn 0.0225 -0.2404 -0.9704
vn 0.1089 -0.2235 -0.9686
vn 0.1939 -0.2021 -0.9600
vn 0.4304 -0.1065 -0.8963
vn 0.5010 -0.0663 -0.8629
vn -0.1212 0.7554 -0.6440
vn -0.1212 0.7552 -0.6442
vn -0.1238 0.7543 -0.6447
vn -0.1231 0.7540 -0.6452
vn -0.1237 0.7542 -0.6448
vn -0.1214 0.7550 -0.6443
vn -0.1215 0.7551 -0.6443
vn -0.1214 0.7551 -0.6443
vn -0.1216 0.7551 -0.6442
vn -0.1243 0.7542 -0.6448
vn -0.1241 0.7540 -0.6451
vn -0.1242 0.7542 -0.6448
vn -0.1236 0.7538 -0.6454
vn -0.1236 0.7539 -0.6453
vn -0.1236 0.7539 -0.6452
vn -0.1223 0.7537 -0.6457
vn -0.1221 0.7554 -0.6438
vn -0.1221 0.7550 -0.6443
vn -0.1222 0.7553 -0.6439
vn 0.2762 -0.1747 -0.9451
vn 0.3554 -0.1433 -0.9237
vn -0.1223 0.7557 -0.6434
vn -0.1224 0.7556 -0.6435
vn -0.1210 0.7560 -0.6432
vn 0.0666 0.9826 -0.1737
vn 0.1155 0.9746 -0.1920
vn -0.1219 0.7558 -0.6434
vn 0.0163 0.9870 -0.1601
vn -0.0350 0.9880 -0.1506
vn -0.0356 0.9880 -0.1505
vn -0.0876 0.9854 -0.1459
vn -0.0867 0.9855 -0.1460
vn -0.1394 0.9794 -0.1460
vn -0.1220 0.7557 -0.6434
vn -0.1221 0.7557 -0.6435
vn -0.1210 0.7560 -0.6433
vn -0.1213 0.7560 -0.6432
vn -0.1222 0.7550 -0.6442
vn -0.1223 0.7554 -0.6437
vn -0.4701 0.8327 -0.2926
vn -0.4928 0.8085 -0.3217
vn -0.4682 0.8346 -0.2904
vn -0.5145 0.7795 -0.3574
vn -0.5131 0.7816 -0.3546
vn -0.5410 0.7248 -0.4267
vn -0.5476 0.6976 -0.4621
vn -0.5499 0.6731 -0.4946
vn -0.5427 0.6193 -0.5674
vn -0.5342 0.5969 -0.5986
vn -0.5433 0.6214 -0.5646
vn -0.5206 0.5717 -0.6341
vn -0.4634 0.5100 -0.7247
vn -0.3838 0.4626 -0.7992
vn -0.3507 0.4492 -0.8218
vn -0.3172 0.4384 -0.8410
vn -0.3522 0.4497 -0.8208
vn -0.2463 0.4226 -0.8722
vn -0.2452 0.4224 -0.8726
vn -0.2832 0.4299 -0.8573
vn -0.2080 0.4175 -0.8846
vn -0.1679 0.4144 -0.8944
vn 0.0368 0.4326 -0.9008
vn 0.1558 0.4708 -0.8684
vn 0.1940 0.4887 -0.8506
vn 0.3845 0.6912 -0.6119
vn 0.3735 0.8098 -0.4524
vn 0.3585 0.8364 -0.4146
vn 0.3742 0.8083 -0.4545
vn 0.3374 0.8631 -0.3758
vn -0.1220 0.7558 -0.6433
vn -0.1204 0.7560 -0.6434
vn -0.1205 0.7561 -0.6433
vn -0.1204 0.7561 -0.6433
vn -0.1222 0.7552 -0.6441
vn -0.1243 0.7547 -0.6442
vn -0.1243 0.7544 -0.6445
vn -0.1240 0.7547 -0.6443
vn -0.1238 0.7543 -0.6448
vn -0.1242 0.7539 -0.6452
vn -0.1240 0.7539 -0.6451
vn -0.4848 0.3212 0.8135
vn -0.1211 0.7548 -0.6446
vn -0.1210 0.7548 -0.6447
vn -0.1207 0.7549 -0.6447
vn -0.1214 0.7545 -0.6450
vn -0.1211 0.7547 -0.6448
vn -0.1209 0.7548 -0.6447
vn -0.1225 0.7542 -0.6451
vn -0.1232 0.7539 -0.6454
vn -0.1233 0.7538 -0.6454
vn -0.1220 0.7544 -0.6450
vn -0.1210 0.7550 -0.6445
vn -0.1210 0.7549 -0.6445
vn -0.1209 0.7549 -0.6446
vn -0.1208 0.7550 -0.6445
vn -0.1208 0.7549 -0.6446
vn -0.1213 0.7550 -0.6444
vn -0.1219 0.7552 -0.6440
vn -0.1209 0.7550 -0.6445
vn -0.1213 0.7557 -0.6435
vn -0.1212 0.7553 -0.6441
vn -0.9804 0.1520 0.1256
vn -0.6836 -0.4329 0.5877
vn -0.6510 -0.5945 0.4720
vn -0.6490 -0.5735 0.4999
vn -0.6876 -0.3973 0.6078
vn -0.7205 -0.4117 0.5580
vn 0.6959 -0.7161 -0.0545
vn -0.6723 -0.3626 0.6454
vn -0.6526 -0.3363 0.6789
vn -0.6003 -0.7715 0.2107
vn -0.6568 -0.6791 0.3278
vn -0.6410 -0.5966 0.4828
vn -0.6494 -0.6225 0.4368
vn -0.6037 -0.5605 0.5669
vn -0.5078 -0.4928 0.7066
vn -0.3725 -0.4220 0.8265
vn -0.2388 -0.3609 0.9015
vn -0.3802 -0.4150 0.8266
vn -0.2331 -0.3611 0.9029
vn -0.0928 -0.3150 0.9445
vn -0.1001 -0.3273 0.9396
vn 0.0180 -0.2841 0.9586
vn -0.6332 -0.3213 0.7042
vn -0.5078 -0.3550 0.7849
vn -0.3574 -0.4401 0.8237
vn -0.4492 -0.1635 0.8783
vn -0.4501 -0.1046 0.8868
vn -0.4284 -0.0589 0.9017
vn -0.4162 -0.0499 0.9079
vn -0.3685 0.0816 0.9261
vn -0.3946 0.1163 0.9114
vn -0.2329 0.5046 0.8314
vn -0.4848 0.3211 0.8135
vn -0.9753 0.2087 0.0726
vn -0.9847 0.1698 0.0386
vn -0.9534 -0.2787 0.1152
vn -0.9411 -0.3381 0.0011
vn -0.9462 -0.3148 0.0748
vn -0.2515 -0.9633 -0.0933
vn -0.2486 -0.9628 -0.1055
vn -0.5445 -0.8387 -0.0119
vn -0.5803 -0.8131 -0.0462
vn -0.8009 -0.5945 0.0715
vn -0.9411 -0.3382 0.0012
vn -0.8195 -0.5728 -0.0169
vn -0.5230 -0.8481 0.0846
vn -0.9508 -0.2924 0.1027
vn -0.8196 -0.5566 0.1355
vn -0.3108 -0.8822 0.3536
vn -0.6363 -0.6997 0.3248
vn -0.2109 -0.9623 0.1718
vn -0.9874 -0.0778 0.1375
vn -0.8552 -0.4712 0.2156
vn -0.8443 -0.5036 0.1830
vn -0.3109 -0.8822 0.3537
vn -0.9539 -0.1731 0.2452
vn -0.9749 0.1061 0.1957
vn -0.9718 0.1523 0.1799
vn -0.7123 -0.1326 0.6892
vn -0.5161 -0.0056 0.8565
vn -0.7604 0.0056 0.6494
vn -0.4969 -0.1950 0.8456
vn -0.6088 -0.4835 0.6290
vn -0.1772 -0.4820 0.8581
vn -0.9163 0.1447 0.3734
vn -0.5160 -0.0056 0.8566
vn -0.2489 -0.2168 0.9440
vn -0.2451 -0.0230 0.9692
vn -0.5160 -0.0055 0.8565
vn -0.2451 -0.0229 0.9692
vn -0.5623 0.1575 0.8118
vn -0.8596 0.3825 0.3388
vn -0.7185 0.6540 0.2368
vn -0.7087 0.6162 0.3436
vn -0.7051 0.6996 0.1156
vn -0.6797 0.5556 0.4789
vn -0.7184 0.6540 0.2368
vn -0.3959 0.8057 0.4405
vn -0.4058 0.9056 0.1235
vn -0.7132 0.6817 0.1635
vn -0.0110 0.9783 0.2069
vn -0.7029 0.7087 0.0599
vn -0.4064 0.9125 0.0474
vn -0.4167 0.9088 0.0224
vn 0.3084 0.9510 0.0226
vn -0.0305 0.9995 0.0056
vn -0.7023 0.7119 0.0055
vn -0.5406 0.6121 0.5771
vn -0.7255 0.4636 0.5087
vn -0.8123 0.5718 0.1155
vn -0.6420 0.7640 0.0639
vn 0.0340 0.9935 -0.1087
vn -0.1446 0.9249 0.3515
vn -0.3351 0.8677 0.3671
vn 0.2190 0.9684 -0.1193
vn 0.5786 0.8075 0.1146
vn 0.6730 0.7293 -0.1235
vn 0.5285 0.8429 -0.1015
vn 0.9575 0.2822 -0.0601
vn 0.9948 -0.1005 -0.0157
vn 0.8519 0.5219 -0.0446
vn 0.9340 0.3556 -0.0354
vn 0.9928 -0.1111 0.0441
vn 0.7423 0.6635 0.0936
vn 0.7467 0.6457 0.1597
vn 0.7413 0.5860 0.3273
vn 0.4303 0.6811 0.5924
vn 0.0848 0.5883 0.8042
vn 0.9534 0.1721 0.2479
vn 0.6462 0.2724 0.7129
vn 0.7761 0.3369 0.5331
vn 0.7957 0.1975 0.5726
vn 0.9368 0.0372 0.3480
vn 0.7927 -0.0783 0.6045
vn 0.6555 0.1027 0.7482
vn 0.7927 -0.0784 0.6045
vn 0.6487 -0.0626 0.7584
vn 0.4164 -0.2178 0.8827
vn 0.6225 -0.2241 0.7498
vn 0.4210 -0.0441 0.9060
vn 0.8994 -0.2345 0.3688
vn 0.9499 -0.2479 0.1903
vn 0.8928 -0.3998 0.2074
vn 0.5274 -0.5379 0.6576
vn 0.6614 -0.4474 0.6020
vn 0.5494 -0.6237 0.5560
vn 0.3116 -0.4920 0.8129
vn 0.3510 -0.5693 0.7434
vn 0.8418 -0.3778 0.3855
vn 0.7626 -0.5611 0.3219
vn 0.3329 -0.6641 0.6695
vn 0.3237 -0.7515 0.5749
vn 0.9643 -0.2521 0.0815
vn 0.8068 -0.5699 0.1560
vn 0.7884 -0.5701 0.2313
vn 0.9050 -0.4020 0.1393
vn 0.9105 -0.4032 0.0912
vn 0.6398 -0.7484 0.1746
vn 0.6128 -0.7482 0.2544
vn 0.3948 -0.8987 0.1910
vn 0.4164 -0.8985 0.1392
vn 0.6588 -0.7476 0.0841
vn 0.4263 -0.8990 0.1006
vn 0.9615 -0.2739 -0.0224
vn 0.8996 -0.4368 -0.0015
vn 0.3558 -0.9340 -0.0330
vn 0.6213 -0.7836 -0.0005
vn 0.3557 -0.9340 -0.0331
vn 0.7659 -0.6424 -0.0287
vn 0.9509 0.3086 -0.0227
vn 0.9926 0.1214 -0.0100
vn 0.9953 -0.0931 -0.0271
vn 0.2821 -0.9485 -0.1439
vn 0.5803 -0.8133 0.0431
vn 0.8067 -0.5910 0.0031
vn 0.7932 -0.6054 0.0661
vn 0.9370 0.3467 0.0434
vn 0.9840 0.1680 0.0599
vn 0.8669 0.4975 0.0308
vn 0.8771 0.4776 -0.0506
vn 0.9678 0.1781 0.1780
vn 0.9957 -0.0837 0.0388
vn 0.7027 0.6864 0.1870
vn 0.8399 0.4953 0.2221
vn 0.7027 0.6865 0.1869
vn 0.5787 0.8075 0.1147
vn 0.7523 0.6414 0.1509
vn 0.9370 0.3467 0.0433
vn 0.9277 -0.2673 0.2605
vn 0.3268 -0.9333 0.1492
vn 0.5764 -0.7869 0.2205
vn 0.3322 -0.8454 0.4181
vn 0.8136 -0.5518 0.1833
vn 0.8674 -0.4630 0.1821
vn 0.6959 -0.7160 -0.0544
vn 0.6295 -0.4927 0.6008
vn 0.7579 -0.5419 0.3632
vn 0.5393 -0.6115 0.5789
vn 0.1516 -0.9869 0.0550
vn 0.3339 -0.8452 0.4172
vn 0.3267 -0.9333 0.1492
vn 0.1754 -0.9227 0.3433
vn 0.7820 -0.5163 0.3491
vn 0.4537 -0.4305 0.7803
vn 0.3604 -0.6282 0.6896
vn 0.3035 -0.3761 0.8755
vn 0.6513 -0.4567 0.6061
vn 0.7820 -0.5163 0.3492
vn -0.6461 0.0734 -0.7597
vn -0.6456 0.0620 -0.7612
vn -0.6770 0.0099 -0.7360
vn -0.6624 0.0163 -0.7489
vn -0.4886 0.1416 0.8609
vn -0.3696 0.0170 0.9290
vn -0.5709 0.2368 0.7861
vn -0.7461 0.5213 0.4143
vn -0.7688 0.5861 0.2559
vn -0.9295 0.3353 -0.1539
vn -0.8927 0.4497 -0.0308
vn -0.8845 0.4664 -0.0115
vn -0.0230 -0.4073 0.9130
vn -0.0547 -0.3441 0.9373
vn -0.0550 -0.3441 0.9373
vn -0.0130 -0.4265 0.9044
vn -0.0519 -0.4201 0.9060
vn -0.0784 -0.3414 0.9366
vn -0.2874 -0.6389 0.7135
vn -0.2099 -0.5415 0.8141
vn -0.2911 -0.6434 0.7080
vn -0.2874 -0.6389 0.7136
vn -0.2912 -0.6434 0.7080
vn -0.3878 -0.7310 0.5615
vn -0.3869 -0.7285 0.5653
vn -0.5243 0.4742 0.7073
vn -0.3179 0.6156 0.7211
vn -0.7363 -0.6553 -0.1685
vn -0.6544 -0.7520 0.0788
vn -0.6461 -0.7568 0.0988
vn -0.7432 -0.6393 -0.1976
vn -0.7729 -0.4954 -0.3966
vn -0.7649 -0.3500 -0.5407
vn -0.7639 -0.3445 -0.5457
vn -0.7711 -0.5143 -0.3754
vn -0.6649 -0.0211 -0.7466
vn -0.6607 -0.0074 -0.7506
vn -0.7200 -0.1859 -0.6687
vn -0.6396 0.2156 -0.7378
vn -0.6584 0.1535 -0.7369
vn 0.7356 0.5297 -0.4223
vn -0.1596 -0.9299 0.3315
vn -0.2348 -0.9095 0.3429
vn -0.2080 -0.8722 0.4428
vn -0.1615 -0.9413 0.2965
vn -0.3273 -0.8776 0.3502
vn 0.4049 0.9059 -0.1245
vn 0.3741 0.9177 -0.1336
vn -0.5769 -0.7365 0.3532
vn -0.4815 -0.7606 0.4355
vn -0.1589 -0.9480 0.2758
vn -0.5769 -0.7365 0.3531
vn -0.7213 -0.5871 0.3675
vn -0.3270 -0.8967 0.2984
vn -0.6462 -0.6905 0.3250
vn -0.7863 -0.5224 0.3299
vn -0.4806 -0.8203 0.3099
vn -0.5707 -0.7534 0.3265
vn -0.7722 -0.5528 0.3132
vn -0.8320 -0.4626 0.3064
vn -0.7133 -0.6231 0.3208
vn -0.6398 -0.7016 0.3136
vn -0.7651 -0.5666 0.3057
vn -0.9778 0.0197 0.2087
vn -0.9774 0.1177 0.1755
vn -0.8746 -0.3904 0.2874
vn -0.9666 0.2159 0.1380
vn 0.7788 0.6067 -0.1590
vn 0.8177 0.5485 -0.1744
vn -0.9734 -0.0057 0.2289
vn -0.0494 -0.9580 0.2826
vn -0.8628 0.4864 0.1382
vn -0.8746 0.4748 0.0983
vn 0.0971 -0.2371 -0.9666
vn 0.1031 -0.2061 -0.9731
vn -0.4668 0.8818 0.0671
vn -0.3992 0.9167 0.0184
vn -0.4575 0.8870 0.0618
vn 0.4389 0.6669 -0.6022
vn 0.4304 0.6893 -0.5828
vn 0.4212 0.7187 -0.5533
vn 0.4084 0.7543 -0.5141
vn 0.4088 0.7532 -0.5153
vn 0.3246 0.8539 -0.4068
vn 0.3235 0.8548 -0.4059
vn 0.2659 0.8941 -0.3603
vn 0.9369 0.3468 0.0434
vn 0.8670 0.4974 0.0308
vn 0.0647 0.9625 -0.2635
vn 0.0684 0.9617 -0.2653
vn 0.0075 0.9726 -0.2322
vn -0.0299 0.9753 -0.2190
vn -0.8184 0.3815 0.4298
vn -0.7255 0.4635 0.5087
vn -0.2818 0.9346 -0.2169
vn -0.3560 0.8998 -0.2521
vn -0.4966 0.8305 -0.2523
vn -0.5494 0.7979 -0.2479
vn -0.5805 0.7739 -0.2534
vn -0.6007 0.7345 -0.3158
vn -0.6274 0.6690 -0.3984
vn -0.6183 0.6862 -0.3831
vn -0.6296 0.6659 -0.4002
vn -0.9147 0.4005 0.0547
vn -0.9080 0.4180 -0.0306
vn -0.5198 0.8484 0.1003
vn -0.4575 0.8870 0.0619
vn 0.1386 -0.9493 0.2821
vn 0.2430 -0.8974 0.3683
vn 0.4203 -0.8461 0.3277
vn 0.3295 -0.8766 0.3507
vn 0.5899 -0.7549 0.2867
vn 0.8174 -0.5745 0.0425
vn 0.8742 -0.4855 0.0046
vn 0.8205 -0.5380 0.1931
vn 0.8174 -0.5746 0.0424
vn 0.9665 -0.2455 0.0742
vn 0.9576 -0.2774 -0.0771
vn 0.9801 -0.1625 -0.1145
vn 0.9996 -0.0258 -0.0123
vn 0.9800 -0.1625 -0.1146
vn 0.9681 0.1446 -0.2045
vn 0.9779 0.1813 -0.1046
vn 0.9682 0.1445 -0.2044
vn 0.9954 0.0779 -0.0560
vn 0.8959 0.3712 -0.2441
vn 0.8547 0.4604 -0.2397
vn 0.9130 0.3162 -0.2578
vn 0.8374 0.4489 -0.3119
vn 0.7356 0.5298 -0.4222
vn 0.7407 0.6543 -0.1526
vn 0.9031 0.3748 -0.2093
vn 0.8569 0.4785 -0.1916
vn 0.4048 0.9059 -0.1245
vn 0.7944 0.5736 -0.1999
vn -0.6329 0.6608 -0.4035
vn -0.6295 0.6660 -0.4003
vn -0.6274 0.6691 -0.3984
vn 0.2236 0.0605 0.9728
vn 0.1227 0.0434 0.9915
vn 0.1229 0.0531 0.9910
vn 0.1227 0.0517 0.9911
vn 0.1229 0.0424 0.9915
vn 0.1299 0.0575 0.9899
vn 0.1458 0.0548 0.9878
vn 0.1285 0.0577 0.9900
vn 0.1660 0.0521 0.9848
vn 0.1632 0.0521 0.9852
vn 0.1596 0.0776 0.9841
vn 0.1494 0.0830 0.9853
vn 0.1491 0.0832 0.9853
vn 0.1544 0.0823 0.9846
vn 0.1679 0.0758 0.9829
vn 0.1675 0.0761 0.9829
vn 0.1736 0.0942 0.9803
vn 0.1801 0.1644 0.9698
vn 0.1957 0.1898 0.9621
vn 0.1953 0.1894 0.9623
vn 0.1868 0.1772 0.9663
vn 0.2369 0.2107 0.9484
vn 0.2375 0.2109 0.9482
vn 0.2116 0.2013 0.9564
vn 0.2971 0.2355 0.9254
vn 0.2962 0.2348 0.9258
vn 0.2743 0.1044 0.9560
vn 0.2626 0.0880 0.9609
vn 0.2683 0.0879 0.9593
vn 0.2708 0.0886 0.9586
vn 0.3055 0.0872 0.9482
vn 0.3571 0.0197 0.9339
vn 0.3570 0.0206 0.9339
vn 0.1348 0.0353 0.9902
vn 0.1546 0.0428 0.9870
vn -0.6806 0.5394 -0.4959
vn -0.9199 0.3884 0.0538
vn -0.8716 0.4640 -0.1583
vn -0.7163 0.5825 -0.3843
vn -0.6669 0.6906 -0.2799
vn -0.8748 0.2768 0.3976
vn -0.9563 0.2842 -0.0688
vn -0.9818 0.1875 -0.0307
vn -0.9524 0.2893 0.0967
vn -0.7958 0.3645 0.4836
vn -0.9663 0.1797 -0.1841
vn -0.9808 -0.0100 0.1946
vn -0.9997 -0.0090 0.0236
vn -0.8492 0.0681 0.5236
vn -0.8070 -0.1789 0.5627
vn -0.8147 -0.1846 0.5498
vn -0.9221 -0.1098 0.3710
vn -0.9000 -0.2043 0.3851
vn -0.9494 -0.2115 0.2321
vn -0.9930 -0.1102 0.0435
vn -0.9509 -0.3017 0.0696
vn -0.7577 -0.3572 0.5462
vn -0.8763 -0.4763 0.0718
vn -0.8766 -0.4718 -0.0949
vn -0.7494 -0.6613 0.0322
vn -0.7440 -0.6603 -0.1030
vn -0.7495 -0.6613 0.0321
vn -0.6818 -0.7313 0.0213
vn -0.6616 -0.6516 0.3710
vn -0.6122 -0.7441 0.2677
vn -0.6407 -0.7344 0.2239
vn -0.5910 -0.7763 0.2195
vn -0.5050 -0.8563 0.1084
vn -0.4255 -0.9014 0.0804
vn -0.3745 -0.9267 -0.0298
vn -0.3963 -0.9181 0.0086
vn 0.0597 -0.9782 -0.1989
vn 0.1809 -0.9357 -0.3030
vn 0.1154 -0.9715 -0.2069
vn 0.3055 -0.8982 -0.3162
vn 0.3063 -0.9058 -0.2926
vn 0.8327 -0.3953 -0.3878
vn 0.9135 -0.3885 -0.1208
vn 0.8804 -0.1030 -0.4629
vn 0.8535 0.0823 -0.5145
vn 0.9718 0.0843 -0.2202
vn 0.9527 0.1776 -0.2465
vn 0.7906 0.2546 -0.5569
vn 0.7227 0.2452 -0.6461
vn 0.8230 0.3544 -0.4440
vn 0.8836 0.3644 -0.2939
vn 0.6926 0.4141 -0.5906
vn 0.8344 0.4535 -0.3132
vn 0.7710 0.4378 -0.4626
vn 0.5725 0.5485 -0.6094
vn 0.5763 0.6515 -0.4934
vn 0.7112 0.6146 -0.3412
vn 0.4360 0.6570 -0.6151
vn 0.4276 0.7543 -0.4983
vn 0.4020 0.8429 -0.3577
vn 0.3107 0.8824 -0.3535
vn -0.4784 0.6649 -0.5737
vn -0.3316 0.7222 -0.6070
vn -0.4046 0.6982 -0.5906
vn -0.5900 0.7450 -0.3112
vn -0.7467 0.6604 -0.0789
vn -0.6967 0.6748 0.2433
vn -0.4146 0.7657 -0.4918
vn -0.3236 0.8624 -0.3893
vn -0.5911 0.7923 -0.1512
vn -0.3108 0.9175 -0.2482
vn -0.2972 0.9500 -0.0961
vn -0.4122 0.8850 -0.2162
vn -0.0970 0.8371 -0.5383
vn 0.0797 0.8865 -0.4557
vn -0.1281 0.9464 -0.2965
vn -0.1833 0.9827 0.0275
vn 0.1501 0.9676 -0.2031
vn 0.0990 0.9942 -0.0423
vn 0.3553 0.9126 -0.2023
vn 0.2090 0.9148 -0.3455
vn 0.3106 0.8824 -0.3534
vn 0.4021 0.8429 -0.3576
vn 0.4484 0.8697 -0.2064
vn 0.4829 0.8741 -0.0516
vn 0.6882 0.6987 -0.1952
vn 0.6478 0.7601 -0.0520
vn 0.7113 0.6145 -0.3411
vn 0.7768 0.5370 -0.3289
vn 0.7186 0.6941 -0.0427
vn 0.9203 0.3667 -0.1362
vn 0.8916 0.4528 -0.0020
vn 0.8423 0.5388 -0.0162
vn 0.8462 0.5248 0.0929
vn 0.9799 0.1768 -0.0920
vn 0.9527 0.1777 -0.2464
vn 0.9278 0.3541 0.1171
vn 0.9630 0.2675 0.0313
vn 0.9834 0.1740 0.0507
vn 0.9559 0.2627 0.1310
vn 0.9800 -0.1025 -0.1708
vn 0.9485 -0.2866 -0.1349
vn 0.9025 -0.4241 0.0747
vn 0.8965 -0.4280 0.1147
vn 0.6756 -0.7048 -0.2162
vn 0.5438 -0.8234 -0.1618
vn 0.5011 -0.8412 -0.2033
vn 0.6505 -0.7453 -0.1465
vn 0.7663 -0.6304 -0.1244
vn 0.5439 -0.8234 -0.1618
vn 0.5827 -0.8024 -0.1284
vn 0.8074 -0.5891 0.0339
vn 0.4744 -0.8675 -0.1497
vn 0.6574 -0.7478 -0.0935
vn 0.5828 -0.8024 -0.1284
vn 0.0854 -0.9945 0.0611
vn 0.0718 -0.9958 0.0574
vn 0.0047 -0.9836 -0.1801
vn 0.0855 -0.9945 0.0611
vn 0.0948 -0.9934 0.0645
vn 0.0968 -0.9932 0.0653
vn 0.0826 -0.9952 0.0527
vn -0.0198 -0.9968 0.0771
vn -0.0229 -0.9963 0.0826
vn 0.0384 -0.8956 -0.4432
vn -0.0628 -0.9832 -0.1711
vn -0.0394 -0.9955 -0.0856
vn -0.2028 -0.1368 0.9696
vn -0.5049 -0.2244 0.8335
vn -0.7120 -0.3333 0.6180
vn -0.7754 -0.3669 0.5139
vn -0.8335 -0.3944 0.3869
vn -0.8333 -0.3939 0.3879
vn -0.0082 -0.9976 0.0691
vn -0.0081 -0.9976 0.0688
vn -0.2257 0.1530 -0.9621
vn -0.2263 0.1521 -0.9621
vn -0.7174 0.0240 -0.6962
vn -0.8339 -0.1018 -0.5425
vn -0.8330 -0.1004 -0.5441
vn -0.7161 0.0247 -0.6976
vn -0.8888 -0.2117 -0.4065
vn -0.9139 -0.2957 -0.2781
vn -0.8884 -0.2107 -0.4079
vn 0.9439 -0.3293 -0.0231
vn 0.6721 -0.1553 0.7240
vn 0.7479 -0.1759 0.6400
vn 0.5794 -0.1344 0.8039
vn -0.0191 -0.9507 -0.3094
vn -0.0573 -0.9494 -0.3088
vn 0.0233 -0.8789 -0.4765
vn -0.0379 -0.8913 -0.4518
vn 0.1503 0.0990 -0.9837
vn 0.2752 0.0374 -0.9607
vn 0.2746 0.0377 -0.9608
vn 0.3794 -0.0262 -0.9249
vn 0.3793 -0.0261 -0.9249
vn 0.4709 -0.0899 -0.8776
vn 0.5655 -0.1580 -0.8095
vn 0.6536 -0.2207 -0.7240
vn 0.0585 -0.8659 -0.4967
vn 0.0688 -0.8606 -0.5045
vn -0.2206 -0.8784 -0.4239
vn -0.2001 -0.9654 -0.1673
vn -0.0100 -0.9852 -0.1711
vn -0.1726 -0.9727 -0.1552
vn -0.0345 -0.9811 -0.1904
vn -0.9929 -0.1122 0.0386
vn -0.9888 -0.0543 0.1389
vn -0.9820 -0.1384 0.1282
vn -0.9991 -0.0227 0.0356
vn -0.8416 -0.5170 0.1561
vn -0.6773 -0.7281 0.1055
vn 0.0957 -0.4139 0.9053
vn 0.0783 -0.3642 0.9280
vn 0.0956 -0.4139 0.9053
vn -0.0532 -0.9855 0.1613
vn 0.1873 -0.5200 0.8334
vn -0.6772 -0.7282 0.1055
vn 0.0769 -0.3373 0.9383
vn -0.9624 -0.2185 0.1617
vn -0.9143 -0.3666 0.1721
vn 0.0796 -0.3038 0.9494
vn -0.9143 -0.3667 0.1721
vn -0.9825 -0.1279 0.1357
vn 0.0982 -0.0993 0.9902
vn -0.9790 -0.0165 0.2031
vn 0.0791 -0.2409 0.9673
vn 0.0796 -0.3039 0.9494
vn -0.9619 0.2096 0.1757
vn -0.9390 0.1398 0.3142
vn 0.0907 0.0936 0.9915
vn 0.0362 0.3302 0.9432
vn 0.0907 0.0937 0.9915
vn 0.0982 -0.0994 0.9902
vn -0.9584 0.2774 0.0674
vn -0.0322 0.5969 0.8017
vn -0.0998 0.7786 0.6196
vn -0.9600 0.2618 0.0999
vn 0.0362 0.3303 0.9432
vn -0.9600 0.2617 0.0999
vn -0.0321 0.5968 0.8017
vn -0.9586 0.2729 0.0819
vn -0.2675 0.9602 0.0799
vn -0.9573 0.2657 0.1143
vn -0.1869 0.9116 0.3662
vn -0.1869 0.9115 0.3663
vn -0.9584 0.2775 0.0674
vn -0.9523 0.2724 0.1374
vn -0.3506 0.8576 -0.3763
vn -0.9508 0.2802 0.1319
vn -0.3134 0.9395 -0.1383
vn -0.9882 0.1253 0.0880
vn -0.9511 0.3037 0.0567
vn -0.3702 0.7273 -0.5779
vn -0.3983 0.5646 -0.7229
vn -0.3703 0.7273 -0.5779
vn -0.9903 -0.1046 0.0917
vn -0.9922 -0.0396 0.1180
vn -0.4227 0.4192 -0.8035
vn -0.4223 0.3444 -0.8385
vn -0.4227 0.4193 -0.8035
vn -0.4286 0.2565 -0.8663
vn -0.9760 -0.2034 0.0777
vn -0.4234 0.2974 -0.8557
vn -0.9443 -0.3174 0.0868
vn -0.4234 0.2973 -0.8558
vn -0.4223 0.3443 -0.8385
vn -0.8528 -0.5194 0.0546
vn -0.4286 0.2564 -0.8664
vn -0.4442 0.1795 -0.8777
vn -0.9443 -0.3175 0.0868
vn -0.9944 0.0734 -0.0766
vn -0.9619 0.2095 0.1756
vn -0.9600 0.2617 0.0998
vn -0.9980 0.0367 -0.0513
vn -0.9390 0.1398 0.3141
vn -0.9790 -0.0164 0.2030
vn -0.9971 -0.0552 -0.0524
vn -0.9790 -0.0165 0.2030
vn -0.9825 -0.1278 0.1356
vn -0.9971 -0.0244 -0.0715
vn -0.9975 0.0647 0.0271
vn -0.9586 0.2728 0.0819
vn -0.9949 0.0822 -0.0581
vn -0.9987 -0.0079 -0.0510
vn -0.9949 0.0822 -0.0582
vn -0.9991 -0.0226 0.0356
vn -0.9787 0.0435 0.2007
vn -0.9749 -0.0822 0.2071
vn -0.9902 0.0483 0.1312
vn -0.9524 0.2723 0.1374
vn -0.9573 0.2656 0.1143
vn -0.9573 0.2655 0.1143
vn -0.9649 -0.0992 0.2430
vn -0.9713 0.0303 0.2361
vn -0.9922 -0.0396 0.1181
vn -0.9511 0.3037 0.0568
vn -0.9882 0.1253 0.0881
vn -0.9508 0.2801 0.1320
vn -0.9508 0.2802 0.1320
vn -0.9713 0.0303 0.2360
vn -0.9436 -0.2809 0.1754
vn -0.9676 -0.1614 0.1943
vn -0.9344 -0.2772 0.2237
vn -0.9565 -0.1729 0.2350
vn -0.9760 -0.2034 0.0778
vn -0.9903 -0.1046 0.0918
vn -0.9528 -0.3036 -0.0067
vn -0.9917 -0.1184 -0.0492
vn -0.9585 -0.2834 -0.0311
vn -0.9890 -0.1450 -0.0275
vn -0.9649 -0.0993 0.2430
vn -0.9748 -0.0822 0.2071
vn -0.9918 -0.1184 -0.0492
vn -0.9143 -0.3666 0.1720
vn -0.9890 -0.1451 -0.0275
vn -0.9624 -0.2185 0.1616
vn -0.7408 -0.6699 -0.0502
vn -0.9063 -0.4216 -0.0306
vn -0.7662 -0.6402 -0.0565
vn -0.8926 -0.4507 -0.0103
vn -0.9585 -0.2835 -0.0311
vn -0.8417 -0.5170 0.1561
vn -0.9528 -0.3037 -0.0067
vn -0.8926 -0.4507 -0.0102
vn -0.8926 -0.4508 -0.0103
vn -0.7407 -0.6699 -0.0502
vn -0.8416 -0.5170 0.1560
vn -0.7661 -0.6402 -0.0565
vn -0.1727 -0.9727 -0.1552
vn -0.7407 -0.6700 -0.0502
vn -0.1176 -0.9898 -0.0809
vn -0.7972 -0.5694 0.2008
vn -0.8945 -0.3820 0.2322
vn -0.9443 -0.3175 0.0869
vn -0.8528 -0.5194 0.0547
vn -0.9044 -0.3865 0.1805
vn -0.8055 -0.5722 0.1541
vn -0.6772 -0.7282 0.1054
vn -0.1177 -0.9898 -0.0809
vn -0.0531 -0.9855 0.1612
vn -0.2647 -0.9639 -0.0278
vn -0.7971 -0.5694 0.2008
vn -0.8527 -0.5195 0.0546
vn -0.3494 -0.9280 -0.1297
vn -0.3085 -0.4769 -0.8230
vn -0.3938 -0.1236 -0.9108
vn -0.3281 0.2225 -0.9181
vn -0.4442 0.1796 -0.8778
vn -0.7971 -0.5695 0.2008
vn -0.2413 -0.9674 -0.0765
vn -0.8055 -0.5723 0.1541
vn 0.0784 -0.3642 0.9280
vn 0.1795 -0.3037 0.9357
vn 0.1826 -0.3117 0.9325
vn 0.1827 -0.3118 0.9324
vn 0.1999 -0.3369 0.9201
vn 0.1705 -0.2382 0.9561
vn 0.0797 -0.3038 0.9494
vn 0.1757 -0.2882 0.9413
vn 0.0791 -0.2410 0.9673
vn 0.1795 -0.3036 0.9357
vn 0.1303 0.0956 0.9869
vn 0.0983 -0.0993 0.9902
vn 0.1600 -0.1037 0.9816
vn 0.1600 -0.1038 0.9816
vn 0.0983 -0.0994 0.9902
vn 0.0363 0.3302 0.9432
vn 0.0802 0.3497 0.9334
vn 0.0122 0.6221 0.7829
vn 0.0122 0.6221 0.7828
vn -0.0628 0.8025 0.5934
vn -0.0321 0.5969 0.8017
vn -0.1520 0.9305 0.3331
vn -0.1868 0.9115 0.3663
vn -0.0627 0.8025 0.5933
vn -0.2674 0.9538 -0.1373
vn -0.2228 0.9723 0.0708
vn -0.3135 0.9395 -0.1383
vn -0.2228 0.9723 0.0709
vn -0.2675 0.9602 0.0800
vn -0.1521 0.9306 0.3331
vn -0.3340 0.7492 -0.5720
vn -0.3073 0.8797 -0.3628
vn -0.3073 0.8798 -0.3628
vn -0.3135 0.9395 -0.1384
vn -0.2674 0.9538 -0.1374
vn -0.3506 0.8576 -0.3762
vn -0.3385 0.4376 -0.8330
vn -0.3422 0.5897 -0.7316
vn -0.4227 0.4193 -0.8034
vn -0.3422 0.5897 -0.7315
vn -0.3341 0.7492 -0.5720
vn -0.3318 0.3617 -0.8712
vn -0.4222 0.3444 -0.8385
vn -0.3295 0.3217 -0.8877
vn -0.4234 0.2974 -0.8558
vn -0.3340 0.2901 -0.8968
vn -0.4285 0.2565 -0.8664
vn -0.0796 -0.9880 -0.1322
vn -0.3493 -0.9280 -0.1297
vn -0.3084 -0.4769 -0.8231
vn -0.3938 -0.1237 -0.9108
vn -0.4443 0.1795 -0.8777
vn -0.9629 -0.2687 -0.0259
vn -0.9929 -0.1123 0.0386
vn -0.9622 -0.2706 0.0311
vn -0.9942 -0.1012 -0.0359
vn -0.9624 -0.2184 0.1616
vn -0.9825 -0.1279 0.1356
vn -0.9942 -0.1011 -0.0358
vn -0.9987 -0.0079 -0.0509
vn -0.9918 -0.1183 -0.0492
vn -0.9548 -0.2775 0.1066
vn -0.9676 -0.1614 0.1944
vn -0.9820 -0.1385 0.1282
vn -0.9154 -0.3878 0.1078
vn -0.8055 -0.5924 0.0127
vn -0.9206 -0.3892 0.0329
vn -0.8104 -0.5798 0.0842
vn -0.9436 -0.2810 0.1754
vn -0.9044 -0.3866 0.1805
vn -0.9173 -0.3975 -0.0229
vn -0.7662 -0.6402 -0.0564
vn -0.7909 -0.6105 -0.0424
vn -0.9205 -0.3893 0.0329
vn -0.7909 -0.6105 -0.0423
vn -0.8055 -0.5925 0.0127
vn -0.2146 -0.9647 -0.1528
vn -0.2001 -0.9654 -0.1674
vn -0.0492 -0.9812 -0.1865
vn -0.2412 -0.9674 -0.0765
vn -0.0556 -0.9926 -0.1077
vn -0.0558 -0.9882 -0.1428
vn -0.2646 -0.9639 -0.0278
vn -0.2258 -0.9665 -0.1222
vn -0.8103 -0.5799 0.0842
vn -0.8055 -0.5925 0.0126
vn -0.8104 -0.5799 0.0842
vn -0.0796 -0.9880 -0.1321
vn -0.2646 -0.9640 -0.0278
vn 0.1872 -0.5201 0.8334
vn 0.1238 -0.9798 0.1572
vn 0.2286 -0.5735 0.7867
vn 0.2286 -0.5734 0.7867
vn -0.2145 -0.9647 -0.1528
vn -0.0553 -0.9839 -0.1698
vn -0.2257 -0.9665 -0.1222
vn 0.0344 -0.9955 -0.0877
vn -0.1176 -0.9898 -0.0810
vn 0.0344 -0.9956 -0.0877
vn 0.1237 -0.9798 0.1573
vn -0.4576 0.8730 0.1688
vn -0.4498 0.8836 0.1301
vn -0.6558 0.7547 0.0194
vn -0.6708 0.7396 0.0547
vn -0.3888 -0.5617 -0.7303
vn -0.5078 -0.1452 -0.8492
vn -0.3816 -0.2005 -0.9023
vn -0.5166 -0.5411 -0.6636
vn -0.6854 0.0753 -0.7243
vn -0.4686 0.0193 -0.8832
vn -0.4771 -0.0204 -0.8786
vn -0.6699 0.1123 -0.7339
vn -0.2207 -0.0186 -0.9752
vn -0.2108 0.1802 -0.9608
vn 0.0046 0.1996 -0.9799
vn 0.0437 0.0054 -0.9990
vn -0.2109 0.1802 -0.9608
vn -0.2058 0.2465 -0.9470
vn -0.0091 0.2644 -0.9644
vn 0.0045 0.1996 -0.9799
vn -0.2110 0.1802 -0.9607
vn -0.4128 0.2115 -0.8859
vn -0.3900 0.2754 -0.8786
vn -0.4128 0.2114 -0.8860
vn -0.8193 0.2194 -0.5297
vn -0.6700 0.1124 -0.7338
vn -0.6855 0.0754 -0.7242
vn -0.7994 0.2516 -0.5455
vn -0.2208 -0.0596 -0.9735
vn 0.0437 0.0053 -0.9990
vn 0.0524 -0.0344 -0.9980
vn 0.3739 0.3699 -0.8505
vn 0.2933 0.0858 -0.9522
vn 0.2080 0.2647 -0.9416
vn 0.4971 0.2149 -0.8407
vn 0.3280 0.4197 -0.8463
vn 0.2079 0.2648 -0.9416
vn 0.1767 0.3235 -0.9296
vn 0.3738 0.3699 -0.8505
vn 0.2079 0.2647 -0.9417
vn 0.0438 0.0054 -0.9990
vn 0.2932 0.0857 -0.9522
vn -0.2209 -0.0596 -0.9735
vn -0.4770 -0.0204 -0.8787
vn -0.2208 -0.0187 -0.9751
vn 0.3100 0.0486 -0.9495
vn 0.2933 0.0857 -0.9522
vn 0.5203 0.1824 -0.8343
vn 0.6815 0.5498 -0.4831
vn 0.4842 0.5005 -0.7176
vn 0.5240 0.6425 -0.5592
vn 0.6324 0.3754 -0.6776
vn 0.5239 0.6425 -0.5592
vn 0.4291 0.5388 -0.7250
vn 0.4652 0.6685 -0.5803
vn 0.3281 0.4198 -0.8462
vn 0.4842 0.5005 -0.7177
vn 0.3739 0.3700 -0.8505
vn 0.4291 0.5387 -0.7250
vn 0.4971 0.2150 -0.8406
vn 0.0438 0.0053 -0.9990
vn 0.3100 0.0485 -0.9495
vn 0.7105 0.5281 -0.4651
vn 0.6815 0.5497 -0.4831
vn 0.6601 0.3480 -0.6658
vn 0.4904 0.7777 -0.3932
vn 0.5115 0.8544 -0.0920
vn 0.6401 0.7157 -0.2793
vn 0.3855 0.8907 -0.2409
vn 0.4348 0.7920 -0.4286
vn 0.3386 0.8952 -0.2897
vn 0.4904 0.7777 -0.3933
vn 0.4652 0.6686 -0.5802
vn 0.4348 0.7920 -0.4287
vn 0.5239 0.6426 -0.5591
vn 0.5240 0.6425 -0.5591
vn 0.4905 0.7777 -0.3933
vn 0.6815 0.5498 -0.4830
vn 0.4972 0.2149 -0.8406
vn 0.6600 0.3479 -0.6658
vn 0.5204 0.1824 -0.8342
vn 0.6402 0.7157 -0.2792
vn 0.5352 0.8425 -0.0614
vn 0.6680 0.6992 -0.2546
vn 0.2233 0.9675 -0.1187
vn 0.0651 0.9865 0.1504
vn 0.3122 0.9482 0.0580
vn 0.0220 0.9988 -0.0437
vn 0.1907 0.9654 -0.1780
vn 0.2233 0.9675 -0.1188
vn 0.0067 0.9939 -0.1099
vn 0.3854 0.8908 -0.2409
vn 0.1908 0.9654 -0.1781
vn 0.3854 0.8908 -0.2408
vn 0.5114 0.8544 -0.0920
vn 0.7105 0.5281 -0.4650
vn 0.6402 0.7157 -0.2793
vn 0.6681 0.6992 -0.2546
vn 0.0746 0.9791 0.1893
vn 0.0651 0.9865 0.1505
vn 0.3298 0.9394 0.0939
vn -0.1995 0.9639 0.1764
vn -0.1937 0.9808 -0.0226
vn -0.3975 0.9156 -0.0605
vn -0.3975 0.9156 -0.0606
vn -0.1901 0.9776 -0.0904
vn -0.3761 0.9180 -0.1255
vn -0.1936 0.9808 -0.0226
vn 0.0066 0.9939 -0.1099
vn -0.1935 0.9808 -0.0226
vn 0.0219 0.9988 -0.0437
vn -0.1900 0.9776 -0.0904
vn -0.1994 0.9639 0.1764
vn -0.1935 0.9808 -0.0225
vn -0.5401 0.3445 -0.7679
vn -0.5770 0.2873 -0.7645
vn -0.6824 0.4010 -0.6112
vn -0.6360 0.4485 -0.6280
vn -0.5771 0.2873 -0.7645
vn -0.7994 0.2517 -0.5456
vn -0.6824 0.4009 -0.6112
vn -0.4129 0.2114 -0.8859
vn -0.4686 0.0194 -0.8832
vn -0.6699 0.1124 -0.7339
vn -0.5770 0.2873 -0.7646
vn -0.3901 0.2755 -0.8786
vn -0.5400 0.3445 -0.7679
vn -0.6763 0.6794 -0.2847
vn -0.8422 0.4182 -0.3404
vn -0.7918 0.5934 -0.1448
vn -0.7175 0.5366 -0.4441
vn -0.8422 0.4182 -0.3405
vn -0.7994 0.2517 -0.5455
vn -0.7175 0.5366 -0.4442
vn -0.6360 0.4486 -0.6279
vn -0.6682 0.5722 -0.4755
vn -0.6682 0.5722 -0.4754
vn -0.6304 0.7026 -0.3301
vn -0.7174 0.5367 -0.4441
vn -0.5656 0.8108 -0.1508
vn -0.7918 0.5934 -0.1447
vn -0.6558 0.7547 0.0193
vn -0.5296 0.8224 -0.2077
vn -0.3762 0.9180 -0.1255
vn -0.5296 0.8224 -0.2076
vn -0.3976 0.9156 -0.0606
vn -0.4498 0.8836 0.1300
vn 0.3298 0.9394 0.0938
vn 0.5114 0.8544 -0.0919
vn 0.3123 0.9482 0.0580
vn -0.1988 0.9558 0.2167
vn -0.4497 0.8836 0.1301
vn -0.4575 0.8730 0.1688
vn 0.0746 0.9791 0.1894
vn -0.1987 0.9558 0.2167
vn -0.7995 0.2516 -0.5455
vn -0.8193 0.2195 -0.5296
vn -0.8637 0.3914 -0.3174
vn -0.8422 0.4181 -0.3405
vn -0.7918 0.5933 -0.1448
vn -0.8637 0.3915 -0.3174
vn -0.8115 0.5729 -0.1152
vn -0.8115 0.5729 -0.1151
vn -0.6709 0.7396 0.0547
vn 0.0627 -0.9966 0.0539
vn -0.0222 -0.8117 -0.5836
vn 0.0634 -0.9908 0.1196
vn -0.0110 -0.8378 -0.5458
vn 0.2264 -0.6438 -0.7309
vn -0.0222 -0.8117 -0.5837
vn -0.0110 -0.8378 -0.5459
vn 0.2211 -0.7758 -0.5910
vn 0.2178 -0.9745 0.0547
vn 0.0627 -0.9966 0.0538
vn 0.7601 -0.4938 -0.4225
vn 0.5077 -0.6594 -0.5544
vn 0.4319 -0.9018 0.0155
vn 0.5932 -0.7984 0.1033
vn 0.5076 -0.6595 -0.5545
vn 0.2212 -0.7758 -0.5909
vn 0.2265 -0.6438 -0.7309
vn 0.5076 -0.6594 -0.5545
vn 0.4949 -0.5255 -0.6921
vn 0.4950 -0.5254 -0.6920
vn 0.7601 -0.4937 -0.4225
vn 0.7505 -0.3495 -0.5609
vn 0.5077 -0.6594 -0.5545
vn 0.1375 -0.9416 0.3074
vn 0.0941 -0.9477 0.3049
vn 0.0933 -0.9908 0.0984
vn 0.1557 -0.9873 0.0317
vn 0.0846 -0.9507 0.2985
vn 0.0771 -0.9860 0.1476
vn 0.0635 -0.9908 0.1197
vn 0.2178 -0.9745 0.0548
vn 0.2249 -0.9276 0.2982
vn 0.3036 -0.9528 0.0003
vn 0.2817 -0.9061 0.3155
vn 0.1375 -0.9416 0.3073
vn 0.4032 -0.9097 0.0992
vn 0.0031 -0.5721 -0.8202
vn 0.1477 -0.5585 -0.8162
vn 0.1849 -0.8972 -0.4010
vn 0.0760 -0.9253 -0.3715
vn 0.0409 -0.9338 -0.3554
vn 0.0759 -0.9253 -0.3715
vn -0.0539 -0.5682 -0.8211
vn 0.0759 -0.9253 -0.3714
vn 0.0933 -0.9908 0.0983
vn 0.0770 -0.9861 0.1475
vn 0.0759 -0.9254 -0.3714
vn 0.1849 -0.8973 -0.4009
vn 0.1557 -0.9873 0.0316
vn 0.4158 -0.8347 0.3611
vn 0.3426 -0.8832 0.3203
vn 0.4554 -0.8756 0.1612
vn 0.5262 -0.8233 0.2127
vn 0.3427 -0.8832 0.3203
vn 0.4319 -0.9018 0.0156
vn 0.3148 -0.5142 -0.7978
vn 0.4715 -0.4527 -0.7568
vn 0.4959 -0.7991 -0.3399
vn 0.3475 -0.8490 -0.3981
vn 0.1477 -0.5585 -0.8163
vn 0.3474 -0.8490 -0.3981
vn 0.3036 -0.9528 0.0002
vn 0.3474 -0.8490 -0.3980
vn 0.3475 -0.8490 -0.3980
vn 0.4959 -0.7991 -0.3398
vn 0.0031 -0.5720 -0.8202
vn -0.2183 -0.1283 -0.9674
vn -0.0682 -0.1159 -0.9909
vn -0.0539 -0.5681 -0.8212
vn 0.0691 -0.1638 -0.9841
vn 0.1477 -0.5584 -0.8163
vn -0.0682 -0.1158 -0.9909
vn 0.3148 -0.5141 -0.7978
vn 0.3467 -0.0318 -0.9374
vn 0.4715 -0.4526 -0.7569
vn 0.2335 -0.1588 -0.9593
vn 0.7372 -0.2854 -0.6124
vn 0.6130 -0.7429 -0.2688
vn 0.6136 -0.3758 -0.6944
vn 0.7208 -0.6655 -0.1936
vn 0.4715 -0.4526 -0.7568
vn 0.6130 -0.7430 -0.2688
vn 0.4960 -0.7991 -0.3399
vn 0.4554 -0.8756 0.1611
vn 0.6130 -0.7430 -0.2687
vn 0.7208 -0.6656 -0.1935
vn 0.5262 -0.8233 0.2126
vn 0.7269 -0.5462 0.4163
vn 0.9328 -0.2968 -0.2045
vn 0.7057 -0.6689 0.2334
vn 0.9954 -0.0816 0.0511
vn 0.7601 -0.4937 -0.4224
vn 0.5932 -0.7984 0.1032
vn 0.9328 -0.2968 -0.2046
vn 0.9268 -0.1394 -0.3488
vn 0.9917 0.0876 -0.0945
vn 0.9328 -0.2967 -0.2046
vn 0.9954 -0.0815 0.0510
vn 0.9268 -0.1393 -0.3487
vn 0.7057 -0.6690 0.2334
vn 0.4671 -0.7782 0.4198
vn 0.4784 -0.7408 0.4716
vn 0.7268 -0.5462 0.4164
vn 0.4671 -0.7782 0.4199
vn 0.5878 -0.7634 0.2677
vn 0.6465 -0.7036 0.2949
vn 0.4715 -0.4525 -0.7569
vn 0.4521 0.0460 -0.8908
vn 0.6136 -0.3757 -0.6945
vn 0.9128 -0.0756 -0.4013
vn 0.8108 -0.5749 -0.1100
vn 0.8380 -0.1841 -0.5136
vn 0.8813 -0.4715 -0.0303
vn 0.7209 -0.6655 -0.1936
vn 0.8108 -0.5749 -0.1099
vn 0.5263 -0.8233 0.2126
vn 0.7208 -0.6655 -0.1935
vn 0.5878 -0.7634 0.2676
vn 0.8813 -0.4716 -0.0303
vn 0.5879 -0.7634 0.2676
vn 0.6465 -0.7036 0.2948
vn 0.7296 -0.5917 0.3429
vn 0.4974 -0.6977 0.5156
vn 0.4956 -0.6450 0.5816
vn 0.7100 -0.5173 0.4778
vn 0.4956 -0.6451 0.5816
vn 0.5831 0.0704 -0.8094
vn 0.6959 0.1342 -0.7055
vn 0.7177 0.2881 -0.6340
vn 0.8380 -0.1840 -0.5137
vn 0.9775 0.1503 -0.1477
vn 0.9337 -0.3504 0.0729
vn 0.9599 0.0367 -0.2781
vn 0.9451 -0.2506 0.2099
vn 0.9128 -0.0757 -0.4012
vn 0.9337 -0.3505 0.0728
vn 0.9337 -0.3505 0.0729
vn 0.6466 -0.7036 0.2949
vn 0.7297 -0.5916 0.3428
vn 0.9450 -0.2507 0.2100
vn 0.7297 -0.5916 0.3429
vn 0.7101 -0.5172 0.4778
vn 0.7187 -0.3666 0.5908
vn 0.5686 -0.3004 0.7658
vn 0.7781 0.3136 0.5443
vn 0.9407 0.1396 0.3090
vn 0.7269 -0.5462 0.4164
vn 0.9408 0.1396 0.3090
vn 0.9916 0.0877 -0.0945
vn 0.9371 0.3043 0.1711
vn 0.9371 0.3043 0.1712
vn 0.7695 0.4843 0.4164
vn 0.9407 0.1397 0.3090
vn 0.7187 -0.3667 0.5908
vn 0.4535 -0.5537 0.6984
vn 0.5686 -0.3005 0.7658
vn 0.4895 -0.5945 0.6380
vn 0.6387 -0.4459 0.6271
vn 0.6610 -0.4934 0.5653
vn 0.6611 -0.4934 0.5653
vn 0.4957 -0.6450 0.5816
vn 0.8380 -0.1841 -0.5137
vn 0.6958 0.1342 -0.7056
vn 0.9598 0.0368 -0.2781
vn 0.7266 0.4097 -0.5515
vn 0.8934 -0.0797 0.4421
vn 0.9651 0.2616 -0.0147
vn 0.9230 0.3665 0.1168
vn 0.9259 -0.1725 0.3362
vn 0.9259 -0.1726 0.3362
vn 0.9651 0.2616 -0.0146
vn 0.9258 -0.1726 0.3362
vn 0.6611 -0.4934 0.5652
vn 0.6388 -0.4458 0.6271
vn 0.9258 -0.1726 0.3363
vn 0.9775 0.1504 -0.1478
vn 0.7344 0.5089 -0.4491
vn 0.7262 0.6573 -0.2017
vn 0.9230 0.3666 0.1168
vn 0.7309 0.5946 -0.3350
vn 0.8528 0.4620 0.2435
vn 0.7579 0.1570 0.6332
vn 0.8457 0.0356 0.5324
vn 0.7561 0.5456 0.3615
vn 0.8458 0.0356 0.5324
vn 0.6257 -0.3662 0.6887
vn 0.8457 0.0355 0.5324
vn 0.6400 -0.1751 0.7482
vn 0.6257 -0.3662 0.6888
vn 0.7579 0.1569 0.6332
vn 0.3912 -0.2717 0.8793
vn 0.3489 -0.4799 0.8050
vn 0.4823 -0.2656 0.8348
vn 0.4181 -0.5013 0.7576
vn 0.4181 -0.5013 0.7575
vn 0.6399 -0.1752 0.7482
vn 0.6257 -0.3663 0.6887
vn 0.6387 -0.4458 0.6271
vn 0.9775 0.1504 -0.1477
vn 0.7088 0.7044 -0.0379
vn 0.8528 0.4620 0.2434
vn 0.7262 0.6573 -0.2018
vn 0.4963 0.6671 0.5556
vn 0.6279 0.1882 0.7552
vn 0.6358 0.6149 0.4666
vn 0.5014 0.1953 0.8429
vn 0.7560 0.5456 0.3615
vn 0.4823 -0.2655 0.8348
vn 0.6399 -0.1751 0.7482
vn 0.6279 0.1881 0.7552
vn 0.3913 -0.2716 0.8793
vn 0.5014 0.1952 0.8429
vn 0.8528 0.4621 0.2434
vn 0.5995 0.7991 0.0440
vn 0.7560 0.5457 0.3614
vn 0.4963 0.6672 0.5555
vn 0.4707 0.8783 0.0840
vn 0.3676 0.9142 0.1706
vn 0.6358 0.6149 0.4665
vn 0.2132 -0.4459 0.8694
vn 0.3199 -0.2533 0.9130
vn 0.2470 -0.1914 0.9499
vn 0.2852 -0.4505 0.8460
vn 0.3489 -0.4798 0.8050
vn 0.4229 -0.1591 0.8921
vn 0.1850 -0.1654 0.9687
vn 0.2132 -0.4458 0.8694
vn 0.1755 0.7151 0.6766
vn 0.3717 0.2164 0.9028
vn 0.3415 0.7008 0.6264
vn 0.2313 0.2506 0.9400
vn 0.3415 0.7008 0.6263
vn 0.3717 0.2163 0.9028
vn 0.3912 -0.2716 0.8793
vn 0.2471 -0.1913 0.9499
vn 0.3717 0.2162 0.9028
vn 0.2313 0.2504 0.9401
vn 0.2471 -0.1914 0.9499
vn 0.1020 -0.1498 0.9834
vn 0.1316 -0.4393 0.8886
vn 0.1316 -0.4394 0.8886
vn 0.2132 -0.4459 0.8693
vn 0.0683 -0.4511 0.8899
vn 0.0683 -0.4511 0.8898
vn -0.0162 -0.2364 0.9715
vn 0.1315 -0.4393 0.8886
vn 0.1870 0.6544 0.7327
vn 0.5088 0.6059 0.6115
vn 0.2091 0.4706 0.8572
vn 0.5271 0.4300 0.7330
vn 0.2091 0.4705 0.8573
vn 0.4230 -0.1591 0.8921
vn 0.5271 0.4299 0.7330
vn 0.5272 0.4299 0.7330
vn 0.7694 0.4843 0.4164
vn 0.5272 0.4300 0.7329
vn 0.5089 0.6059 0.6115
vn -0.4493 0.3566 0.8191
vn -0.0336 -0.1484 0.9884
vn -0.2330 -0.2155 0.9483
vn -0.1287 0.4488 0.8843
vn -0.1286 0.4489 0.8843
vn 0.2090 0.4705 0.8573
vn -0.1575 0.6239 0.7655
vn 0.2090 0.4706 0.8573
vn 0.1869 0.6544 0.7327
vn -0.4828 0.5182 0.7060
vn -0.1287 0.4489 0.8843
vn -0.4494 0.3567 0.8190
vn -0.1576 0.6238 0.7655
vn 0.5995 0.7992 0.0441
vn 0.4707 0.8783 0.0839
vn 0.2591 0.9161 0.3059
vn -0.0970 0.2162 0.9715
vn 0.0038 0.7098 0.7044
vn -0.1677 0.6850 0.7090
vn 0.0638 0.2606 0.9633
vn 0.0038 0.7098 0.7043
vn 0.2313 0.2506 0.9401
vn 0.1020 -0.1497 0.9834
vn 0.2313 0.2505 0.9401
vn 0.0638 0.2606 0.9634
vn 0.2470 -0.1913 0.9499
vn -0.0162 -0.2363 0.9715
vn 0.0637 0.2606 0.9634
vn -0.0970 0.2161 0.9715
vn 0.1020 -0.1497 0.9835
vn -0.0855 -0.4801 0.8730
vn -0.0837 -0.2896 0.9535
vn -0.1739 -0.3288 0.9283
vn 0.0038 -0.4507 0.8927
vn 0.0038 -0.4507 0.8926
vn -0.0336 -0.1484 0.9883
vn 0.1755 0.7152 0.6765
vn 0.1012 0.9356 0.3383
vn 0.0038 0.7099 0.7043
vn -0.0556 0.9481 0.3130
vn -0.1987 0.9325 0.3017
vn -0.1677 0.6850 0.7089
vn -0.3693 0.1020 0.9237
vn -0.3345 0.6410 0.6908
vn -0.4918 0.5793 0.6500
vn -0.2331 0.1594 0.9593
vn -0.2330 0.1594 0.9593
vn -0.0837 -0.2895 0.9535
vn -0.2330 0.1593 0.9593
vn -0.0163 -0.2363 0.9715
vn -0.1740 -0.3287 0.9283
vn -0.3693 0.1019 0.9237
vn 0.1755 0.7152 0.6766
vn -0.1678 0.6851 0.7089
vn -0.3394 0.8959 0.2865
vn -0.3344 0.6411 0.6908
vn -0.4953 0.0379 0.8679
vn -0.7580 0.4121 0.5056
vn -0.6083 -0.0206 0.7934
vn -0.6346 0.5022 0.5874
vn -0.4919 0.5793 0.6499
vn -0.4953 0.0378 0.8679
vn -0.2592 -0.3704 0.8920
vn -0.3693 0.1018 0.9237
vn -0.2592 -0.3703 0.8920
vn -0.6083 -0.0206 0.7935
vn -0.3386 -0.3849 0.8586
vn -0.3345 0.6411 0.6908
vn -0.3395 0.8959 0.2865
vn -0.4745 0.8482 0.2355
vn -0.4918 0.5794 0.6499
vn -0.5893 0.7918 0.1605
vn -0.7580 0.4122 0.5055
vn -0.6346 0.5023 0.5873
vn -0.6901 0.7176 0.0938
vn -0.3992 -0.3173 0.8602
vn -0.1910 -0.5702 0.7990
vn -0.4856 -0.4750 0.7339
vn -0.1606 -0.5263 0.8350
vn -0.3386 -0.3850 0.8586
vn -0.2591 -0.3704 0.8920
vn -0.1740 -0.3288 0.9283
vn -0.7144 -0.0999 0.6925
vn -0.9329 0.1867 0.3081
vn -0.7785 -0.2170 0.5890
vn -0.8511 0.3114 0.4227
vn -0.8511 0.3115 0.4227
vn -0.7144 -0.0998 0.6926
vn -0.7580 0.4121 0.5055
vn -0.3387 -0.3849 0.8586
vn -0.7144 -0.0999 0.6926
vn -0.4628 -0.4102 0.7858
vn -0.6083 -0.0207 0.7934
vn -0.4628 -0.4103 0.7858
vn -0.7784 -0.2170 0.5890
vn -0.4888 -0.5304 0.6926
vn -0.2299 -0.6053 0.7621
vn -0.1910 -0.5703 0.7990
vn -0.2300 -0.6053 0.7620
vn -0.2562 -0.6612 0.7051
vn -0.4887 -0.5304 0.6927
vn -0.4919 0.5794 0.6499
vn -0.6346 0.5023 0.5874
vn -0.8511 0.3115 0.4226
vn -0.7818 0.6209 0.0578
vn -0.8065 -0.3254 0.4936
vn -0.9989 -0.0241 0.0403
vn -0.8295 -0.4097 0.3796
vn -0.9832 0.0721 0.1674
vn -0.9832 0.0722 0.1675
vn -0.8065 -0.3254 0.4937
vn -0.8064 -0.3254 0.4937
vn -0.4681 -0.6068 0.6424
vn -0.8294 -0.4097 0.3797
vn -0.4941 -0.6437 0.5844
vn -0.8064 -0.3255 0.4937
vn -0.7818 0.6209 0.0577
vn -0.9329 0.1868 0.3080
vn -0.8816 0.4718 0.0152
vn -0.8947 0.4169 -0.1602
vn -0.9989 -0.0240 0.0403
vn -0.9832 0.0722 0.1674
vn -0.8872 0.3617 -0.2866
vn -0.2723 -0.7410 0.6138
vn -0.5738 -0.6028 0.5544
vn -0.2764 -0.7012 0.6573
vn -0.5101 -0.7583 0.4059
vn -0.2763 -0.7012 0.6573
vn -0.4940 -0.6437 0.5844
vn -0.4680 -0.6069 0.6424
vn -0.4887 -0.5304 0.6926
vn -0.4856 -0.4750 0.7338
vn -0.5448 -0.7013 0.4598
vn -0.2699 -0.7807 0.5636
vn -0.5102 -0.7583 0.4059
vn -0.2699 -0.7808 0.5635
vn -0.2392 -0.8304 0.5031
vn -0.2724 -0.7410 0.6138
vn -0.4693 -0.8016 0.3703
vn -0.7802 -0.6132 0.1234
vn -0.8299 -0.5029 0.2415
vn -0.9865 -0.1352 -0.0925
vn -0.9443 -0.2406 -0.2247
vn -0.8299 -0.5029 0.2416
vn -0.5449 -0.7012 0.4598
vn -0.4694 -0.8016 0.3703
vn -0.5449 -0.7012 0.4597
vn -0.8299 -0.5030 0.2415
vn -0.7801 -0.6133 0.1235
vn -0.8816 0.4717 0.0152
vn -0.8838 0.2621 -0.3876
vn -0.9989 -0.0241 0.0402
vn -0.8872 0.3616 -0.2866
vn -0.9865 -0.1351 -0.0926
vn -0.6320 -0.7716 -0.0713
vn -0.7081 -0.7054 0.0312
vn -0.8736 -0.3364 -0.3518
vn -0.7768 -0.4197 -0.4695
vn -0.7082 -0.7053 0.0313
vn -0.7802 -0.6133 0.1234
vn -0.7081 -0.7054 0.0313
vn -0.3888 -0.8564 0.3399
vn -0.6320 -0.7717 -0.0713
vn -0.3888 -0.8564 0.3398
vn -0.3416 -0.8950 0.2870
vn -0.8768 0.1190 -0.4658
vn -0.9443 -0.2405 -0.2247
vn -0.7135 -0.0066 -0.7006
vn -0.8736 -0.3363 -0.3518
vn -0.8233 -0.0023 -0.5676
vn -0.5476 -0.8144 -0.1923
vn -0.5166 -0.5412 -0.6635
vn -0.4222 -0.8492 -0.3172
vn -0.6567 -0.4888 -0.5743
vn -0.5476 -0.8143 -0.1923
vn -0.5475 -0.8144 -0.1923
vn -0.3416 -0.8950 0.2869
vn -0.3014 -0.9319 0.2018
vn -0.2822 -0.9594 0.0045
vn -0.8233 -0.0023 -0.5675
vn -0.8768 0.1190 -0.4659
vn -0.6123 -0.0445 -0.7894
vn -0.6567 -0.4887 -0.5743
vn -0.6567 -0.4887 -0.5744
vn -0.3377 -0.5626 -0.7546
vn -0.3815 -0.2005 -0.9023
vn -0.2821 -0.9594 0.0045
vn -0.2914 -0.8955 -0.3365
vn -0.1309 -0.9858 0.1053
vn -0.4221 -0.8492 -0.3172
vn -0.1135 -0.9919 0.0579
vn -0.2577 -0.9010 -0.3489
vn -0.2914 -0.8954 -0.3366
vn -0.3378 -0.5626 -0.7546
vn -0.2577 -0.9010 -0.3490
vn -0.3888 -0.5618 -0.7302
vn -0.4222 -0.8492 -0.3173
vn -0.3013 -0.9319 0.2019
vn -0.1648 -0.9039 0.3947
vn -0.3415 -0.8950 0.2870
vn -0.1118 -0.9376 0.3293
vn -0.2587 -0.9583 0.1213
vn -0.0655 -0.9396 0.3359
vn -0.1309 -0.9858 0.1054
vn -0.1117 -0.9376 0.3293
vn -0.1135 -0.9918 0.0580
vn -0.2821 -0.9594 0.0046
vn -0.1118 -0.9376 0.3292
vn -0.3013 -0.9319 0.2018
vn -0.1310 -0.9858 0.1054
vn -0.7069 0.1808 0.6838
vn -0.8757 -0.0322 0.4817
vn -0.3992 -0.3172 0.8602
vn -0.7068 0.1809 0.6839
vn -0.4494 0.3566 0.8191
vn -0.7499 0.3500 0.5614
vn -0.7069 0.1809 0.6838
vn -0.8758 -0.0321 0.4817
vn -0.9266 0.1396 0.3491
vn -0.4147 -0.8853 0.2105
vn -0.2089 -0.8717 0.4433
vn -0.3887 -0.8564 0.3399
vn -0.9391 -0.2505 0.2352
vn -0.8852 -0.4645 -0.0248
vn -0.5739 -0.6028 0.5544
vn -0.8758 -0.0322 0.4817
vn -0.9391 -0.2504 0.2352
vn -0.4857 -0.4750 0.7338
vn -0.9267 0.1396 0.3490
vn -0.9392 -0.2504 0.2351
vn -0.9917 -0.0876 0.0945
vn -0.8758 -0.0321 0.4816
vn -0.9369 -0.3047 -0.1716
vn -0.9917 -0.0878 0.0945
vn -0.8853 -0.4644 -0.0249
vn -0.7780 -0.4892 -0.3943
vn -0.5517 -0.7199 -0.4211
vn -0.5365 -0.6364 -0.5543
vn -0.7260 -0.6270 -0.2824
vn -0.5517 -0.7200 -0.4210
vn -0.4148 -0.8853 0.2104
vn -0.7260 -0.6271 -0.2824
vn -0.8852 -0.4645 -0.0249
vn -0.7780 -0.4891 -0.3942
vn -0.9368 -0.3047 -0.1717
vn -0.1540 -0.6726 -0.7238
vn -0.1455 -0.7575 -0.6364
vn -0.0629 -0.6522 -0.7554
vn -0.2570 -0.7634 -0.5926
vn -0.2588 -0.9583 0.1213
vn -0.5517 -0.7200 -0.4211
vn -0.5364 -0.6364 -0.5543
vn -0.1240 0.9282 -0.3508
vn -0.1458 0.8503 -0.5057
vn -0.1664 0.9193 -0.3566
vn -0.1193 0.8579 -0.4998
vn -0.0626 0.9381 -0.3406
vn -0.0486 0.8814 -0.4699
vn 0.1013 0.9356 0.3382
vn -0.1987 0.9324 0.3018
vn -0.1012 0.7890 -0.6060
vn -0.1209 0.7560 -0.6433
vn -0.1259 0.7758 -0.6183
vn -0.0966 0.7678 -0.6334
vn -0.0299 0.8352 -0.5492
vn -0.1013 0.7890 -0.6060
vn -0.0084 0.8100 -0.5864
vn -0.0486 0.8813 -0.4700
vn -0.0300 0.8352 -0.5492
vn -0.1193 0.8578 -0.4999
vn -0.1458 0.8503 -0.5058
vn -0.0990 0.7584 -0.6442
vn -0.0987 0.7622 -0.6398
vn -0.0135 0.7794 -0.6264
vn -0.0987 0.7622 -0.6397
vn -0.0057 0.7622 -0.6473
vn -0.0986 0.7622 -0.6397
vn -0.0136 0.7794 -0.6264
vn -0.0533 0.6833 -0.7282
vn -0.1164 0.7389 -0.6637
vn -0.0924 0.7415 -0.6646
vn -0.0956 0.6665 -0.7394
vn 0.0208 0.6854 -0.7279
vn -0.0022 0.7380 -0.6748
vn 0.0133 0.9423 -0.3345
vn 0.0459 0.9151 -0.4006
vn 0.0459 0.9151 -0.4005
vn 0.2591 0.9161 0.3060
vn 0.3676 0.9142 0.1705
vn -0.4745 0.8482 0.2354
vn -0.2178 0.9093 -0.3546
vn -0.2930 0.8820 -0.3692
vn -0.1764 0.8482 -0.4995
vn -0.2493 0.8467 -0.4701
vn -0.1763 0.8482 -0.4995
vn -0.2509 0.7986 -0.5471
vn -0.1544 0.7770 -0.6103
vn -0.1501 0.7579 -0.6349
vn -0.2700 0.7653 -0.5842
vn -0.1763 0.8481 -0.4996
vn -0.1544 0.7770 -0.6102
vn -0.2509 0.7986 -0.5470
vn -0.3811 0.8006 -0.4624
vn -0.2510 0.7986 -0.5470
vn -0.2701 0.7654 -0.5842
vn -0.3458 0.8382 -0.4218
vn -0.2509 0.7987 -0.5470
vn -0.6900 0.7177 0.0938
vn -0.5893 0.7918 0.1604
vn 0.1150 0.8794 -0.4619
vn 0.0732 0.8965 -0.4369
vn 0.4706 0.8783 0.0839
vn -0.0299 0.8352 -0.5491
vn -0.0084 0.8100 -0.5863
vn 0.1151 0.8794 -0.4619
vn 0.1434 0.8153 -0.5610
vn 0.1774 0.8537 -0.4896
vn 0.7261 0.6573 -0.2018
vn 0.5995 0.7992 0.0440
vn -0.3990 0.7251 -0.5613
vn -0.4087 0.7629 -0.5009
vn -0.8871 0.3617 -0.2866
vn -0.2701 0.7653 -0.5842
vn -0.4087 0.7631 -0.5007
vn -0.4087 0.7629 -0.5010
vn -0.6901 0.7177 0.0938
vn -0.1434 0.7492 -0.6466
vn -0.2356 0.7130 -0.6604
vn -0.2328 0.7400 -0.6310
vn -0.1454 0.7531 -0.6416
vn 0.1574 0.7512 -0.6411
vn 0.1463 0.7888 -0.5970
vn 0.7309 0.5946 -0.3351
vn 0.7344 0.5089 -0.4492
vn 0.7262 0.6572 -0.2017
vn 0.7308 0.5947 -0.3350
vn 0.1573 0.7512 -0.6411
vn 0.1581 0.7095 -0.6867
vn 0.1638 0.6688 -0.7252
vn 0.7266 0.4097 -0.5516
vn -0.0056 0.7622 -0.6473
vn 0.1871 0.6041 -0.7746
vn 0.1074 0.5851 -0.8038
vn 0.6958 0.1342 -0.7055
vn 0.7176 0.2881 -0.6340
vn -0.0533 0.6832 -0.7282
vn 0.0138 0.5613 -0.8275
vn 0.0501 0.5754 -0.8164
vn 0.4521 0.0461 -0.8908
vn 0.0138 0.5614 -0.8275
vn -0.8838 0.2621 -0.3877
vn -0.4003 0.6507 -0.6453
vn -0.8768 0.1189 -0.4659
vn -0.3922 0.6919 -0.6062
vn -0.8837 0.2622 -0.3877
vn -0.4154 0.5840 -0.6975
vn -0.3514 0.5896 -0.7272
vn -0.3514 0.5896 -0.7273
vn -0.1401 0.7320 -0.6667
vn -0.2027 0.6332 -0.7469
vn -0.2140 0.6892 -0.6923
vn -0.1376 0.6678 -0.7315
vn -0.0956 0.6664 -0.7394
vn 0.0137 0.5614 -0.8275
vn -0.0151 0.5051 -0.8629
vn -0.0924 0.5225 -0.8476
vn -0.0924 0.5224 -0.8477
vn 0.2334 -0.1588 -0.9593
vn 0.3467 -0.0317 -0.9374
vn -0.1837 0.5182 -0.8353
vn -0.1406 0.5285 -0.8372
vn -0.0925 0.5225 -0.8476
vn 0.0692 -0.1638 -0.9841
vn -0.1376 0.6678 -0.7316
vn -0.3037 0.5294 -0.7921
vn -0.5077 -0.1452 -0.8492
vn -0.3289 0.5691 -0.7536
vn -0.2141 0.6891 -0.6923
vn -0.2027 0.6332 -0.7470
vn -0.2548 0.4755 -0.8420
vn -0.2183 -0.1282 -0.9674
s 1
f 1//1 2//2 3//3
f 2//2 1//1 4//4
f 5//5 6//6 7//7
f 8//8 7//7 6//6
f 9//9 10//10 11//11
f 10//10 9//9 12//12
f 13//13 14//14 15//15
f 16//16 13//13 15//15
f 17//11 18//13 19//17
f 18//13 17//11 20//10
f 21//18 22//13 23//19
f 22//13 21//18 24//20
f 25//21 26//22 27//10
f 27//10 28//12 25//21
f 29//23 30//19 31//24
f 32//25 29//23 31//24
f 33//26 34//19 35//23
f 34//19 33//26 36//18
f 37//27 38//28 39//29
f 40//2 38//28 37//27
f 41//30 42//28 43//31
f 42//28 41//30 44//32
f 45//33 46//34 47//35
f 46//34 45//33 48//36
f 49//29 50//34 51//37
f 52//28 50//34 49//29
f 53//37 54//38 55//39
f 54//38 53//37 56//34
f 57//40 58//28 59//32
f 58//28 57//40 60//34
f 61//41 62//42 63//43
f 62//42 61//41 64//44
f 65//45 66//42 67//46
f 66//42 65//45 68//38
f 69//47 70//48 71//44
f 71//44 70//48 72//49
f 73//43 74//38 75//33
f 74//38 73//43 76//50
f 77//51 78//52 79//53
f 78//52 77//51 80//54
f 81//55 82//56 83//57
f 82//56 81//55 84//58
f 85//59 86//60 87//61
f 86//60 85//59 88//54
f 89//62 90//63 91//64
f 90//63 89//62 92//58
f 93//65 94//66 95//51
f 94//66 93//65 96//67
f 97//68 98//54 99//67
f 98//54 97//68 100//69
f 101//70 102//71 103//72
f 104//73 103//72 102//71
f 105//74 106//73 107//65
f 106//73 105//74 108//75
f 109//76 110//77 111//78
f 110//77 109//76 112//79
f 113//80 114//81 115//82
f 116//83 115//82 114//81
f 117//84 118//85 119//86
f 120//82 119//86 118//85
f 121//87 122//88 123//89
f 124//79 122//88 121//87
f 125//90 126//89 127//91
f 128//86 126//89 125//90
f 129//92 130//93 131//94
f 132//95 130//93 129//92
f 133//96 134//97 135//98
f 134//97 133//96 136//94
f 137//99 138//91 139//100
f 140//101 138//91 137//99
f 141//102 142//103 143//104
f 144//105 142//103 141//102
f 145//98 146//106 147//107
f 146//106 145//98 148//108
f 149//109 150//110 151//111
f 150//110 149//109 152//112
f 153//113 154//114 155//115
f 156//116 154//114 153//113
f 157//117 158//118 159//119
f 158//118 157//117 160//120
f 161//102 162//121 163//110
f 162//121 161//102 164//122
f 165//118 166//123 167//121
f 166//123 165//118 168//124
f 169//112 170//125 171//118
f 170//125 169//112 172//126
f 173//127 174//128 175//129
f 174//128 173//127 176//130
f 177//120 178//131 179//123
f 178//131 177//120 180//132
f 181//131 182//133 183//130
f 184//134 181//131 183//130
f 185//124 186//135 187//128
f 186//135 185//124 188//136
f 189//137 190//138 191//139
f 190//138 189//137 192//140
f 193//134 194//139 195//141
f 196//130 194//139 193//134
f 197//142 198//139 199//143
f 198//139 197//142 200//141
f 201//127 202//144 203//145
f 204//146 202//144 201//127
f 205//147 206//148 207//149
f 206//148 205//147 208//150
f 209//151 210//143 211//152
f 210//143 209//151 212//142
f 213//153 214//152 215//154
f 214//152 213//153 216//151
f 217//155 218//156 219//157
f 218//156 217//155 220//158
f 221//159 222//160 223//161
f 224//162 223//161 222//160
f 225//157 226//163 227//164
f 225//157 228//154 226//163
f 229//165 230//166 231//167
f 231//167 232//159 229//165
f 233//168 234//169 235//96
f 236//170 233//168 235//96
f 237//171 238//172 239//173
f 240//96 237//171 239//173
f 241//174 242//175 243//176
f 244//177 243//176 242//175
f 245//178 246//175 247//169
f 248//168 245//178 247//169
f 249//179 250//180 251//110
f 252//181 249//179 251//110
f 253//180 254//182 255//170
f 256//110 253//180 255//170
f 257//183 258//178 259//168
f 260//180 257//183 259//168
f 261//184 262//183 263//180
f 264//179 261//184 263//180
f 265//185 266//186 267//187
f 267//187 268//188 265//185
f 269//186 270//189 271//190
f 271//190 272//187 269//186
f 273//181 274//186 275//179
f 274//186 273//181 276//123
f 277//179 278//185 279//191
f 278//185 277//179 280//186
f 281//192 282//193 283//194
f 283//194 284//195 281//192
f 285//193 286//196 287//197
f 287//197 288//194 285//193
f 289//187 290//190 291//196
f 291//196 292//193 289//187
f 293//188 294//187 295//198
f 295//198 296//199 293//188
f 297//200 298//201 299//202
f 298//201 297//200 300//203
f 301//203 302//155 303//204
f 302//155 301//203 304//153
f 305//203 306//195 307//205
f 306//195 305//203 308//192
f 309//200 310//199 311//203
f 310//199 309//200 312//206
f 313//207 314//208 315//209
f 314//208 313//207 316//210
f 317//210 318//9 319//208
f 318//9 317//210 320//211
f 321//201 322//212 323//210
f 322//212 321//201 324//155
f 325//213 326//210 327//207
f 326//210 325//213 328//204
f 329//214 330//18 331//26
f 332//215 330//18 329//214
f 333//216 334//17 335//217
f 336//218 334//17 333//216
f 337//208 338//219 339//215
f 338//219 337//208 340//9
f 341//209 342//216 343//214
f 342//216 341//209 344//208
f 345//70 346//220 347//71
f 346//220 345//70 348//221
f 349//221 350//222 351//220
f 350//222 349//221 352//223
f 353//175 354//223 355//221
f 354//223 353//175 356//224
f 357//177 358//221 359//225
f 358//221 357//177 360//175
f 361//37 362//226 363//227
f 364//29 361//37 363//227
f 365//5 366//29 367//228
f 368//229 365//5 367//228
f 369//229 370//226 371//230
f 370//226 369//229 372//228
f 373//214 374//231 375//232
f 376//209 373//214 375//232
f 377//230 378//231 379//229
f 377//230 380//233 378//231
f 381//234 382//5 383//229
f 384//231 381//234 383//229
f 385//26 386//234 387//231
f 388//235 385//26 387//231
f 389//61 390//236 391//237
f 390//236 389//61 392//238
f 393//237 394//239 395//240
f 394//239 393//237 396//236
f 397//236 398//241 399//239
f 398//241 397//236 400//220
f 401//69 402//242 403//236
f 402//242 401//69 404//71
f 405//243 406//46 407//244
f 406//46 405//243 408//45
f 409//226 410//45 411//245
f 410//45 409//226 412//37
f 413//246 414//245 415//247
f 414//245 413//246 416//226
f 417//247 418//244 419//240
f 418//244 417//247 420//245
f 421//61 422//248 423//249
f 422//248 421//61 424//237
f 425//244 426//249 427//248
f 426//249 425//244 428//250
f 429//251 430//248 431//237
f 432//244 430//248 429//251
f 433//252 434//19 435//13
f 434//19 433//252 436//24
f 437//253 438//143 439//254
f 438//143 437//253 440//152
f 441//255 442//159 443//157
f 442//159 441//255 444//256
f 445//25 446//8 447//257
f 446//8 445//25 448//258
f 449//157 450//259 451//260
f 452//261 451//260 450//259
f 453//262 454//23 455//8
f 454//23 453//262 456//26
f 457//263 458//264 459//183
f 460//184 457//263 459//183
f 461//264 462//223 463//178
f 464//183 461//264 463//178
f 465//265 466//222 467//223
f 468//264 465//265 467//223
f 469//266 470//267 471//264
f 472//268 469//266 471//264
f 473//200 474//269 475//270
f 473//200 476//271 474//269
f 477//270 478//185 479//188
f 479//188 480//200 477//270
f 481//184 482//270 483//263
f 482//270 481//184 484//185
f 485//263 486//272 487//266
f 486//272 485//263 488//273
f 489//274 490//232 491//230
f 490//232 489//274 492//275
f 493//275 494//209 495//233
f 494//209 493//275 496//207
f 497//276 498//207 499//275
f 498//207 497//276 500//277
f 501//278 502//275 503//279
f 502//275 501//278 504//280
f 505//281 506//282 507//247
f 505//281 507//247 508//283
f 509//278 510//279 511//284
f 509//278 511//284 512//285
f 513//265 514//284 515//239
f 513//265 515//239 516//241
f 517//286 518//287 519//251
f 517//286 519//251 520//239
f 521//288 522//289 523//290
f 521//288 524//291 522//289
f 525//292 526//293 527//292
f 526//293 525//292 528//294
f 529//295 530//296 531//297
f 530//296 529//295 532//298
f 533//299 534//300 535//301
f 534//300 533//299 536//302
f 537//303 538//304 539//305
f 538//304 537//303 540//303
f 541//306 542//307 543//308
f 543//308 544//309 541//306
f 545//310 546//311 547//312
f 547//312 548//313 545//310
f 549//314 550//315 551//316
f 551//316 552//317 549//314
f 553//318 554//319 555//320
f 554//319 553//318 556//321
f 557//322 558//323 559//324
f 559//324 560//325 557//322
f 561//326 562//327 563//328
f 562//327 561//326 564//329
f 565//330 566//331 567//332
f 566//331 565//330 568//333
f 569//334 570//335 571//336
f 569//334 572//337 570//335
f 573//338 574//339 575//340
f 574//339 573//338 576//341
f 577//342 578//343 579//344
f 578//343 577//342 580//345
f 581//346 582//347 583//348
f 582//347 581//346 584//349
f 585//350 586//351 587//352
f 586//351 585//350 588//353
f 589//288 590//354 591//288
f 590//354 589//288 592//355
f 593//356 594//357 595//358
f 594//357 593//356 596//359
f 597//360 598//361 599//362
f 597//360 600//363 598//361
f 601//364 602//365 603//366
f 602//365 601//364 604//367
f 605//368 606//369 607//364
f 606//369 605//368 608//370
f 609//371 610//364 611//372
f 610//364 609//371 612//368
f 613//364 614//373 615//374
f 614//373 613//364 616//375
f 617//376 618//377 619//378
f 618//377 617//376 620//379
f 621//380 622//381 623//382
f 622//381 621//380 624//379
f 625//383 626//381 627//379
f 626//381 625//383 628//373
f 629//384 630//379 631//376
f 632//385 630//379 629//384
f 633//386 634//387 635//388
f 634//387 633//386 636//389
f 637//390 638//365 639//387
f 638//365 637//390 640//366
f 641//366 642//381 643//373
f 642//381 641//366 644//389
f 645//381 646//391 647//392
f 646//391 645//381 648//390
f 649//393 650//394 651//395
f 652//396 649//393 651//395
f 653//397 654//383 655//384
f 656//395 653//397 655//384
f 657//394 658//373 659//398
f 658//373 657//394 660//372
f 661//399 662//371 663//394
f 664//372 663//394 662//371
f 665//400 666//401 667//402
f 666//401 665//400 668//403
f 669//404 670//369 671//370
f 669//404 671//370 672//401
f 673//405 674//367 675//403
f 674//367 673//405 676//365
f 677//388 678//403 679//400
f 678//403 677//388 680//387
f 681//406 682//407 683//408
f 682//407 681//406 684//409
f 685//408 686//378 687//406
f 686//378 685//408 688//376
f 689//410 690//408 691//395
f 689//410 691//395 692//411
f 693//408 694//412 695//395
f 696//407 694//412 693//408
f 697//413 698//414 699//415
f 697//413 700//416 698//414
f 701//415 702//402 703//413
f 702//402 701//415 704//400
f 705//415 706//388 707//400
f 706//388 705//415 708//417
f 709//415 710//414 711//418
f 709//415 711//418 712//417
f 713//419 714//420 715//421
f 716//422 713//419 715//421
f 717//421 718//423 719//418
f 720//417 719//418 718//423
f 721//386 722//417 723//420
f 724//388 722//417 721//386
f 725//419 726//391 727//420
f 726//391 725//419 728//392
f 729//424 730//425 731//426
f 732//427 729//424 731//426
f 733//377 734//426 735//425
f 734//426 733//377 736//382
f 737//380 738//425 739//428
f 737//380 739//428 740//378
f 741//429 742//428 743//425
f 743//425 744//424 741//429
f 745//430 746//426 747//431
f 746//426 745//430 748//427
f 749//432 750//433 751//434
f 751//434 752//430 749//432
f 753//419 754//422 755//435
f 755//435 756//432 753//419
f 757//419 758//426 759//392
f 758//426 757//419 760//432
f 761//436 762//437 763//438
f 763//438 764//439 761//436
f 765//416 766//440 767//414
f 765//416 768//438 766//440
f 769//441 770//437 771//442
f 770//437 769//441 772//414
f 773//422 774//421 775//437
f 776//436 773//422 775//437
f 777//443 778//444 779//445
f 778//444 777//443 780//446
f 781//447 782//448 783//444
f 782//448 781//447 784//449
f 785//447 786//378 787//428
f 786//378 785//447 788//406
f 789//450 790//447 791//443
f 790//447 789//450 792//406
f 793//451 794//452 795//453
f 794//452 793//451 796//454
f 797//455 798//436 799//439
f 797//455 799//439 800//452
f 801//455 802//422 803//436
f 802//422 801//455 804//433
f 805//434 806//433 807//455
f 805//434 807//455 808//451
f 809//456 810//457 811//458
f 812//459 809//456 811//458
f 813//457 814//424 815//427
f 816//458 813//457 815//427
f 817//444 818//448 819//460
f 820//457 817//444 819//460
f 821//461 822//445 823//457
f 824//444 823//457 822//445
f 825//462 826//463 827//458
f 826//463 825//462 828//464
f 829//464 830//451 831//453
f 830//451 829//464 832//462
f 833//462 834//434 835//451
f 834//434 833//462 836//430
f 837//462 838//427 839//430
f 838//427 837//462 840//458
f 841//465 842//353 843//351
f 844//466 841//465 843//351
f 845//360 846//361 847//467
f 845//360 848//363 846//361
f 849//347 850//468 851//469
f 850//468 849//347 852//470
f 853//471 854//472 855//473
f 854//472 853//471 856//474
f 857//288 858//475 859//476
f 857//288 859//476 860//477
f 861//478 862//479 863//288
f 862//479 861//478 864//355
f 865//480 866//481 867//334
f 866//481 865//480 868//482
f 869//334 870//483 871//484
f 870//483 869//334 872//485
f 873//486 874//487 875//344
f 874//487 873//486 876//345
f 877//355 878//488 879//358
f 878//488 877//355 880//342
f 881//489 882//490 883//301
f 881//489 884//491 882//490
f 885//492 886//493 887//494
f 885//492 888//495 886//493
f 889//338 890//496 891//497
f 890//496 889//338 892//498
f 893//326 894//499 895//500
f 894//499 893//326 896//501
f 897//303 898//502 899//302
f 897//303 899//302 900//503
f 901//502 902//293 903//292
f 902//293 901//502 904//294
f 905//504 906//306 907//505
f 906//306 905//504 908//506
f 909//507 910//508 911//509
f 910//508 909//507 912//325
f 913//510 914//511 915//297
f 914//511 913//510 916//298
f 917//512 918//513 919//514
f 918//513 917//512 920//515
f 921//515 922//516 923//517
f 922//516 921//515 924//518
f 925//519 926//512 927//520
f 926//512 925//519 928//516
f 929//520 930//514 931//521
f 930//514 929//520 932//512
f 933//522 934//523 935//524
f 936//525 933//522 935//524
f 937//526 938//527 939//523
f 938//527 937//526 940//382
f 941//526 942//514 943//513
f 941//526 944//523 942//514
f 945//521 946//514 947//523
f 947//523 948//528 945//521
f 949//529 950//530 951//531
f 952//532 951//531 950//530
f 953//533 954//522 955//525
f 956//531 953//533 955//525
f 957//532 958//521 959//534
f 958//521 957//532 960//520
f 961//535 962//520 963//532
f 962//520 961//535 964//519
f 965//536 966//537 967//538
f 966//537 965//536 968//539
f 969//540 970//541 971//537
f 970//541 969//540 972//515
f 973//539 974//513 975//515
f 974//513 973//539 976//542
f 977//543 978//539 979//536
f 978//539 977//543 980//542
f 981//544 982//545 983//546
f 984//547 981//544 983//546
f 985//545 986//548 987//543
f 988//546 985//545 987//543
f 989//526 990//513 991//548
f 992//545 989//526 991//548
f 993//526 994//544 995//392
f 994//544 993//526 996//549
f 997//550 998//551 999//552
f 1000//553 998//551 997//550
f 1001//552 1002//554 1003//555
f 1004//556 1001//552 1003//555
f 1005//525 1006//552 1007//531
f 1006//552 1005//525 1008//557
f 1009//529 1010//531 1011//552
f 1012//551 1009//529 1011//552
f 1013//558 1014//559 1015//560
f 1014//559 1013//558 1016//561
f 1017//559 1018//524 1019//382
f 1018//524 1017//559 1020//561
f 1021//557 1022//527 1023//561
f 1024//525 1022//527 1021//557
f 1025//562 1026//561 1027//563
f 1028//557 1026//561 1025//562
f 1029//564 1030//565 1031//566
f 1029//564 1031//566 1032//567
f 1033//568 1034//564 1035//567
f 1033//568 1035//567 1036//536
f 1037//536 1038//546 1039//543
f 1037//536 1040//567 1038//546
f 1041//547 1042//546 1043//567
f 1043//567 1044//566 1041//547
f 1045//569 1046//570 1047//571
f 1046//570 1045//569 1048//572
f 1049//573 1050//572 1051//574
f 1050//572 1049//573 1052//570
f 1053//575 1054//544 1055//576
f 1054//544 1053//575 1056//572
f 1057//544 1058//569 1059//392
f 1058//569 1057//544 1060//572
f 1061//569 1062//577 1063//578
f 1061//569 1064//571 1062//577
f 1065//559 1066//569 1067//578
f 1066//569 1065//559 1068//392
f 1069//579 1070//559 1071//578
f 1070//559 1069//579 1072//560
f 1073//580 1074//581 1075//582
f 1073//580 1075//582 1076//579
f 1077//583 1078//584 1079//585
f 1077//583 1079//585 1080//586
f 1081//584 1082//566 1083//587
f 1083//587 1084//585 1081//584
f 1085//547 1086//584 1087//574
f 1086//584 1085//547 1088//566
f 1089//573 1090//584 1091//583
f 1089//573 1092//575 1090//584
f 1093//588 1094//589 1095//590
f 1094//589 1093//588 1096//591
f 1097//592 1098//560 1099//589
f 1098//560 1097//592 1100//558
f 1101//558 1102//550 1103//562
f 1102//550 1101//558 1104//591
f 1105//593 1106//553 1107//550
f 1106//553 1105//593 1108//588
f 1109//594 1110//595 1111//596
f 1110//595 1109//594 1112//597
f 1113//596 1114//583 1115//586
f 1114//583 1113//596 1116//598
f 1117//595 1118//573 1119//583
f 1118//573 1117//595 1120//599
f 1121//600 1122//598 1123//597
f 1122//598 1121//600 1124//570
f 1125//601 1126//602 1127//603
f 1128//604 1127//603 1126//602
f 1129//603 1130//604 1131//582
f 1131//582 1130//604 1132//579
f 1133//604 1134//560 1135//579
f 1134//560 1133//604 1136//605
f 1137//606 1138//604 1139//602
f 1138//604 1137//606 1140//589
f 1141//607 1142//601 1143//603
f 1142//601 1141//607 1144//608
f 1145//597 1146//609 1147//607
f 1146//609 1145//597 1148//594
f 1149//607 1150//571 1151//597
f 1150//571 1149//607 1152//577
f 1153//607 1154//582 1155//581
f 1153//607 1156//603 1154//582
f 1157//610 1158//611 1159//312
f 1159//312 1160//313 1157//610
f 1161//612 1162//613 1163//613
f 1162//613 1161//612 1164//612
f 1165//614 1166//615 1167//614
f 1166//615 1165//614 1168//616
f 1169//617 1170//618 1171//618
f 1170//618 1169//617 1172//617
f 1173//619 1174//620 1175//620
f 1174//620 1173//619 1176//619
f 1177//621 1178//622 1179//621
f 1178//622 1177//621 1180//622
f 1181//623 1182//624 1183//623
f 1182//624 1181//623 1184//624
f 1185//625 1186//626 1187//627
f 1186//626 1185//625 1188//626
f 1189//628 1190//629 1191//628
f 1190//629 1189//628 1192//629
f 1193//630 1194//631 1195//631
f 1196//623 1194//631 1193//630
f 1197//632 1198//633 1199//634
f 1198//633 1197//632 1200//633
f 1201//635 1202//636 1203//636
f 1202//636 1201//635 1204//635
f 1205//637 1206//638 1207//638
f 1206//638 1205//637 1208//625
f 1209//639 1210//640 1211//639
f 1210//640 1209//639 1212//640
f 1213//641 1214//642 1215//642
f 1216//641 1214//642 1213//641
f 1217//643 1218//644 1219//643
f 1218//644 1217//643 1220//644
f 1221//645 1222//646 1223//646
f 1222//646 1221//645 1224//645
f 1225//647 1226//648 1227//648
f 1226//648 1225//647 1228//647
f 1229//649 1230//650 1231//650
f 1230//650 1229//649 1232//649
f 1233//651 1234//651 1235//650
f 1236//650 1233//651 1235//650
f 1237//652 1238//653 1239//654
f 1238//653 1237//652 1240//655
f 1241//652 1242//656 1243//657
f 1242//656 1241//652 1244//654
f 1245//656 1246//658 1247//657
f 1246//658 1245//656 1248//659
f 1249//660 1250//661 1251//662
f 1250//661 1249//660 1252//663
f 1253//658 1254//664 1255//665
f 1255//665 1256//666 1253//658
f 1257//667 1258//665 1259//668
f 1258//665 1257//667 1260//666
f 1261//669 1262//670 1263//671
f 1262//670 1261//669 1264//672
f 1265//673 1266//674 1267//675
f 1266//674 1265//673 1268//676
f 1269//669 1270//677 1271//672
f 1270//677 1269//669 1272//678
f 1273//679 1274//680 1275//681
f 1274//680 1273//679 1276//682
f 1277//670 1278//673 1279//671
f 1278//673 1277//670 1280//676
f 1281//683 1282//684 1283//685
f 1282//684 1281//683 1284//686
f 1285//680 1286//674 1287//681
f 1286//674 1285//680 1288//675
f 1289//679 1290//687 1291//683
f 1292//682 1289//679 1291//683
f 1293//688 1294//684 1295//689
f 1294//684 1293//688 1296//685
f 1297//690 1298//691 1299//692
f 1298//691 1297//690 1300//689
f 1301//693 1302//694 1303//692
f 1302//694 1301//693 1304//695
f 1305//694 1306//695 1307//696
f 1308//697 1305//694 1307//696
f 1309//698 1310//696 1311//699
f 1310//696 1309//698 1312//697
f 1313//698 1314//700 1315//697
f 1314//700 1313//698 1316//655
f 1317//701 1318//700 1319//657
f 1318//700 1317//701 1320//666
f 1321//700 1322//666 1323//667
f 1321//700 1323//667 1324//678
f 1325//698 1326//653 1327//655
f 1328//699 1326//653 1325//698
f 1329//702 1330//663 1331//669
f 1332//671 1329//702 1331//669
f 1333//652 1334//700 1335//655
f 1334//700 1333//652 1336//657
f 1337//675 1338//700 1339//673
f 1339//673 1338//700 1340//671
f 1341//694 1342//700 1343//692
f 1342//700 1341//694 1344//697
f 1345//692 1346//700 1347//703
f 1347//703 1346//700 1348//685
f 1349//700 1350//704 1351//683
f 1352//685 1349//700 1351//683
f 1353//700 1354//675 1355//680
f 1353//700 1355//680 1356//682
f 1357//705 1358//706 1359//705
f 1358//706 1357//705 1360//706
s 0
f 1361//707 1362//707 1363//707
f 1364//707 1365//707 1366//707
f 1367//707 1368//707 1369//707
s 1
f 1370//707 1371//707 1372//707
f 1373//707 1374//707 1375//707
s 0
f 1376//707 1377//707 1378//707
s 1
f 1379//707 1380//707 1381//707
s 0
f 1382//707 1383//707 1384//707
f 1385//707 1386//707 1387//707
f 1388//707 1389//707 1390//707
s 1
f 1391//707 1392//707 1393//707
f 1394//707 1395//707 1396//707
f 1397//707 1398//707 1399//707
s 0
f 1400//707 1401//707 1402//707
f 1403//707 1404//707 1405//707
f 1406//707 1407//707 1408//707
f 1409//707 1410//707 1411//707
f 1412//707 1413//707 1414//707
f 1415//707 1416//707 1417//707
s 1
f 1418//707 1419//707 1420//707
s 0
f 1421//707 1422//707 1423//707
f 1424//707 1425//707 1426//707
f 1427//707 1428//707 1429//707
f 1430//707 1431//707 1432//707
f 1433//707 1434//707 1435//707
f 1436//707 1437//707 1438//707
f 1439//707 1440//707 1441//707
f 1442//707 1443//707 1444//707
f 1445//707 1446//707 1447//707
f 1448//707 1449//707 1450//707
f 1451//707 1452//707 1453//707
f 1454//707 1455//707 1456//707
f 1457//707 1458//707 1459//707
f 1460//707 1461//707 1462//707
f 1463//707 1464//707 1465//707
f 1466//707 1467//707 1468//707
f 1469//707 1470//707 1471//707
f 1472//707 1473//707 1474//707
f 1475//707 1476//707 1477//707
f 1478//707 1479//707 1480//707
f 1481//707 1482//707 1483//707
f 1484//707 1485//707 1486//707
f 1487//707 1488//707 1489//707
s 1
f 1490//707 1491//707 1492//707
s 0
f 1493//707 1494//707 1495//707
f 1496//707 1497//707 1498//707
f 1499//707 1500//707 1501//707
f 1502//707 1503//707 1504//707
f 1505//708 1506//708 1507//708
f 1508//708 1509//708 1510//708
f 1511//708 1512//708 1513//708
f 1514//708 1515//708 1516//708
f 1517//708 1518//708 1519//708
f 1520//708 1521//708 1522//708
f 1523//708 1524//708 1525//708
f 1526//708 1527//708 1528//708
f 1529//708 1530//708 1531//708
f 1532//708 1533//708 1534//708
f 1535//708 1536//708 1537//708
f 1538//708 1539//708 1540//708
s 1
f 1541//708 1542//708 1543//708
s 0
f 1544//708 1545//708 1546//708
f 1547//708 1548//708 1549//708
f 1550//708 1551//708 1552//708
f 1553//708 1554//708 1555//708
f 1556//708 1557//708 1558//708
f 1559//708 1560//708 1561//708
f 1562//708 1563//708 1564//708
f 1565//708 1566//708 1567//708
f 1568//708 1569//708 1570//708
f 1571//708 1572//708 1573//708
f 1574//708 1575//708 1576//708
f 1577//708 1578//708 1579//708
f 1580//708 1581//708 1582//708
f 1583//708 1584//708 1585//708
f 1586//708 1587//708 1588//708
f 1589//708 1590//708 1591//708
f 1592//708 1593//708 1594//708
f 1595//708 1596//708 1597//708
f 1598//708 1599//708 1600//708
f 1601//708 1602//708 1603//708
f 1604//708 1605//708 1606//708
f 1607//708 1608//708 1609//708
f 1610//708 1611//708 1612//708
s 1
f 1613//708 1614//708 1615//708
s 0
f 1616//708 1617//708 1618//708
f 1619//708 1620//708 1621//708
f 1622//708 1623//708 1624//708
f 1625//708 1626//708 1627//708
f 1628//708 1629//708 1630//708
f 1631//708 1632//708 1633//708
f 1634//708 1635//708 1636//708
f 1637//708 1638//708 1639//708
f 1640//708 1641//708 1642//708
f 1643//708 1644//708 1645//708
s 1
f 1646//708 1647//708 1648//708
f 1649//708 1650//708 1651//708
s 0
f 1652//708 1653//708 1654//708
f 1655//708 1656//708 1657//708
f 1658//708 1659//708 1660//708
f 1661//709 1662//709 1663//709
f 1664//709 1665//709 1666//709
s 1
f 1667//709 1668//709 1669//709
s 0
f 1670//709 1671//709 1672//709
f 1673//709 1674//709 1675//709
f 1676//709 1677//709 1678//709
f 1679//709 1680//709 1681//709
f 1682//709 1683//709 1684//709
f 1685//709 1686//709 1687//709
f 1688//709 1689//709 1690//709
f 1691//709 1692//709 1693//709
f 1694//709 1695//709 1696//709
f 1697//709 1698//709 1699//709
s 1
f 1700//709 1701//709 1702//709
f 1703//709 1704//709 1705//709
s 0
f 1706//709 1707//709 1708//709
s 1
f 1709//709 1710//709 1711//709
s 0
f 1712//709 1713//709 1714//709
f 1715//709 1716//709 1717//709
s 1
f 1718//709 1719//709 1720//709
s 0
f 1721//709 1722//709 1723//709
f 1724//709 1725//709 1726//709
f 1727//709 1728//709 1729//709
f 1730//709 1731//709 1732//709
s 1
f 1733//709 1734//709 1735//709
s 0
f 1736//709 1737//709 1738//709
f 1739//709 1740//709 1741//709
s 1
f 1742//709 1743//709 1744//709
s 0
f 1745//709 1746//709 1747//709
s 1
f 1748//709 1749//709 1750//709
s 0
f 1751//709 1752//709 1753//709
f 1754//709 1755//709 1756//709
s 1
f 1757//709 1758//709 1759//709
s 0
f 1760//709 1761//709 1762//709
f 1763//709 1764//709 1765//709
f 1766//709 1767//709 1768//709
f 1769//709 1770//709 1771//709
f 1772//709 1773//709 1774//709
s 1
f 1775//709 1776//709 1777//709
f 1778//709 1779//709 1780//709
s 0
f 1781//709 1782//709 1783//709
f 1784//709 1785//709 1786//709
f 1787//709 1788//709 1789//709
f 1790//709 1791//709 1792//709
f 1793//709 1794//709 1795//709
s 1
f 1796//709 1797//709 1798//709
s 0
f 1799//709 1800//709 1801//709
f 1802//709 1803//709 1804//709
f 1805//709 1806//709 1807//709
f 1808//709 1809//709 1810//709
f 1811//709 1812//709 1813//709
f 1814//709 1815//709 1816//709
f 1817//709 1818//709 1819//709
f 1820//709 1821//709 1822//709
s 1
f 1823//709 1824//709 1825//709
s 0
f 1826//709 1827//709 1828//709
s 1
f 1829//709 1830//709 1831//709
s 0
f 1832//709 1833//709 1834//709
f 1835//709 1836//709 1837//709
f 1838//709 1839//709 1840//709
f 1841//709 1842//709 1843//709
s 1
f 1844//710 1845//710 1846//710
f 1847//710 1848//710 1849//710
f 1850//710 1851//710 1852//710
s 0
f 1853//710 1854//710 1855//710
f 1856//710 1857//710 1858//710
f 1859//710 1860//710 1861//710
s 1
f 1862//710 1863//710 1864//710
f 1865//710 1866//710 1867//710
s 0
f 1868//710 1869//710 1870//710
f 1871//710 1872//710 1873//710
f 1874//710 1875//710 1876//710
f 1877//710 1878//710 1879//710
f 1880//710 1881//710 1882//710
f 1883//710 1884//710 1885//710
s 1
f 1886//710 1887//710 1888//710
s 0
f 1889//710 1890//710 1891//710
f 1892//710 1893//710 1894//710
f 1895//710 1896//710 1897//710
f 1898//710 1899//710 1900//710
f 1901//710 1902//710 1903//710
f 1904//710 1905//710 1906//710
f 1907//710 1908//710 1909//710
f 1910//710 1911//710 1912//710
f 1913//710 1914//710 1915//710
f 1916//710 1917//710 1918//710
s 1
f 1919//710 1920//710 1921//710
s 0
f 1922//710 1923//710 1924//710
s 1
f 1925//710 1926//710 1927//710
s 0
f 1928//710 1929//710 1930//710
f 1931//710 1932//710 1933//710
f 1934//710 1935//710 1936//710
f 1937//710 1938//710 1939//710
f 1940//710 1941//710 1942//710
s 1
f 1943//710 1944//710 1945//710
f 1946//710 1947//710 1948//710
f 1949//710 1950//710 1951//710
s 0
f 1952//710 1953//710 1954//710
s 1
f 1955//710 1956//710 1957//710
s 0
f 1958//710 1959//710 1960//710
f 1961//710 1962//710 1963//710
f 1964//710 1965//710 1966//710
f 1967//710 1968//710 1969//710
f 1970//710 1971//710 1972//710
s 1
f 1973//710 1974//710 1975//710
f 1976//710 1977//710 1978//710
s 0
f 1979//710 1980//710 1981//710
f 1982//710 1983//710 1984//710
f 1985//710 1986//710 1987//710
f 1988//710 1989//710 1990//710
s 1
f 1991//710 1992//710 1993//710
s 0
f 1994//710 1995//710 1996//710
f 1997//710 1998//710 1999//710
s 1
f 2000//710 2001//710 2002//710
s 0
f 2003//710 2004//710 2005//710
s 1
f 2006//710 2007//710 2008//710
s 0
f 2009//710 2010//710 2011//710
f 2012//710 2013//710 2014//710
f 2015//710 2016//710 2017//710
f 2018//710 2019//710 2020//710
f 2021//710 2022//710 2023//710
f 2024//710 2025//710 2026//710
f 2027//710 2028//710 2029//710
s 1
f 2030//711 2031//712 2032//713
f 2031//712 2030//711 2033//714
f 2034//715 2035//716 2036//717
f 2037//718 2034//715 2036//717
f 2038//719 2039//720 2040//721
f 2039//720 2038//719 2041//715
f 2042//722 2043//723 2044//724
f 2045//725 2042//722 2044//724
f 2046//726 2047//722 2048//725
f 2047//722 2046//726 2049//727
f 2050//728 2051//729 2052//730
f 2050//728 2052//730 2053//731
f 2054//728 2055//732 2056//733
f 2055//732 2054//728 2057//734
f 2058//735 2059//732 2060//734
f 2061//736 2058//735 2060//734
f 2062//736 2063//737 2064//738
f 2065//739 2062//736 2064//738
f 2066//740 2067//741 2068//742
f 2069//743 2067//741 2066//740
f 2070//744 2071//745 2072//746
f 2072//746 2073//747 2070//744
f 2074//723 2075//748 2076//718
f 2077//724 2074//723 2076//718
f 2078//723 2079//749 2080//748
f 2081//750 2080//748 2079//749
f 2082//751 2083//752 2084//723
f 2085//721 2086//753 2087//754
f 2086//753 2085//721 2088//720
f 2089//755 2090//756 2091//757
f 2089//755 2092//758 2090//756
f 2093//748 2094//750 2095//759
f 2096//753 2095//759 2094//750
f 2097//760 2098//761 2099//762
f 2098//761 2097//760 2100//763
f 2101//764 2102//765 2103//766
f 2102//765 2101//764 2104//760
f 2105//767 2106//768 2107//708
f 2108//769 2109//770 2110//771
f 2111//772 2112//773 2113//771
f 2114//774 2115//775 2116//776
f 2117//777 2118//778 2119//779
f 2120//780 2121//781 2122//777
f 2123//782 2124//783 2125//778
f 2126//784 2127//778 2128//785
f 2129//786 2130//787 2131//785
f 2132//788 2133//789 2134//781
f 2135//789 2136//790 2137//778
f 2138//791 2139//792 2140//788
f 2141//793 2142//794 2143//795
f 2141//793 2143//795 2144//796
f 2145//797 2146//798 2147//799
f 2146//798 2145//797 2148//800
f 2149//801 2150//802 2151//803
f 2150//802 2149//801 2152//804
f 2153//805 2154//806 2155//807
f 2154//806 2153//805 2156//808
f 2157//809 2158//809 2159//810
s 0
f 2160//811 2161//811 2162//811
s 1
f 2163//812 2164//813 2165//814
f 2166//815 2167//816 2168//815
f 2169//817 2170//818 2171//817
f 2172//819 2173//820 2174//819
f 2175//821 2176//822 2177//823
s 0
f 2178//824 2179//824 2180//824
f 2181//825 2182//825 2183//825
f 2184//826 2185//826 2186//826
f 2187//827 2188//827 2189//827
f 2190//828 2191//828 2192//828
f 2193//827 2194//827 2195//827
s 1
f 2196//829 2197//829 2198//829
s 0
f 2199//817 2200//817 2201//817
s 1
f 2202//830 2203//830 2204//831
s 0
f 2205//817 2206//817 2207//817
s 1
f 2208//768 2209//832 2210//833
f 2211//834 2212//835 2213//836
f 2213//836 2214//837 2211//834
f 2215//838 2216//839 2217//836
f 2218//820 2219//840 2220//841
s 0
f 2221//842 2222//842 2223//842
f 2224//843 2225//843 2226//843
s 1
f 2227//844 2228//828 2229//844
s 0
f 2230//845 2231//845 2232//845
s 1
f 2233//845 2234//846 2235//847
s 0
f 2236//848 2237//848 2238//848
s 1
f 2239//849 2240//850 2241//851
f 2240//850 2239//849 2242//852
f 2243//853 2244//854 2245//855
f 2244//854 2243//853 2246//856
f 2247//857 2248//858 2249//859
f 2248//858 2247//857 2250//855
f 2251//860 2252//861 2253//862
f 2252//861 2251//860 2254//807
f 2255//807 2256//863 2257//864
f 2258//865 2259//866 2260//865
f 2261//867 2262//868 2263//869
f 2264//866 2265//870 2266//871
f 2265//870 2264//866 2267//872
f 2268//873 2269//874 2270//875
f 2271//876 2272//877 2273//878
f 2272//877 2271//876 2274//879
f 2275//879 2276//880 2277//881
f 2278//865 2279//862 2280//882
f 2281//883 2282//884 2283//885
f 2281//883 2284//886 2282//884
f 2285//887 2286//887 2287//888
s 0
f 2288//889 2289//889 2290//889
s 1
f 2291//890 2292//891 2293//890
f 2294//892 2295//892 2296//893
s 0
f 2297//892 2298//892 2299//892
f 2300//892 2301//892 2302//892
s 1
f 2303//894 2304//895 2305//896
f 2306//896 2307//892 2308//897
f 2309//898 2310//899 2311//900
f 2310//899 2309//898 2312//901
f 2313//900 2314//902 2315//903
f 2314//902 2313//900 2316//904
f 2315//903 2314//902 2317//905
f 2318//906 2319//907 2320//908
f 2321//909 2322//910 2323//911
f 2324//912 2325//913 2326//914
f 2324//912 2327//915 2325//913
f 2328//916 2329//917 2330//918
s 0
f 2331//919 2332//919 2333//919
s 1
f 2334//920 2335//921 2336//919
f 2337//922 2338//923 2339//924
f 2340//911 2341//925 2342//926
f 2343//927 2344//928 2345//929
f 2344//928 2343//927 2346//930
f 2347//931 2348//932 2349//933
f 2348//932 2347//931 2350//934
f 2351//935 2352//936 2353//937
f 2352//936 2351//935 2354//938
f 2355//939 2356//940 2357//941
f 2356//940 2355//939 2358//942
f 2359//943 2360//940 2361//944
f 2361//944 2362//945 2359//943
f 2363//946 2364//927 2365//947
f 2364//927 2363//946 2366//923
f 2367//948 2368//949 2369//950
f 2368//949 2367//948 2370//951
f 2371//952 2372//951 2373//953
f 2373//953 2374//954 2371//952
f 2375//955 2376//956 2377//957
f 2376//956 2375//955 2378//956
s 0
f 2379//958 2380//958 2381//958
s 1
f 2382//959 2383//960 2384//959
f 2385//961 2386//962 2387//963
f 2386//962 2385//961 2388//964
f 2389//965 2390//966 2391//967
f 2390//966 2389//965 2392//876
s 0
f 2393//968 2394//968 2395//968
s 1
f 2396//969 2397//970 2398//969
f 2399//971 2400//972 2401//973
f 2400//972 2399//971 2402//974
f 2403//974 2404//975 2405//974
f 2404//975 2406//975 2405//974
f 2404//975 2403//974 2407//976
f 2408//875 2409//977 2410//978
f 2410//978 2411//979 2408//875
f 2412//980 2413//981 2414//980
f 2413//981 2412//980 2415//982
f 2416//983 2417//984 2418//983
f 2417//984 2416//983 2419//985
f 2420//986 2421//987 2422//988
f 2421//987 2420//986 2423//983
s 0
f 2424//989 2425//989 2426//989
f 2427//990 2428//990 2429//990
s 1
f 2430//991 2431//992 2432//993
f 2431//992 2430//991 2433//994
f 2434//870 2435//995 2436//996
f 2435//995 2434//870 2437//997
f 2438//998 2439//999 2440//1000
f 2439//999 2438//998 2441//999
f 2442//1001 2443//1002 2444//1003
f 2443//1002 2442//1001 2445//1000
f 2446//1004 2447//1005 2448//1006
f 2447//1005 2446//1004 2449//1007
f 2450//1008 2451//1009 2452//1008
f 2451//1009 2450//1008 2453//1010
f 2454//1011 2455//1012 2456//1013
f 2455//1012 2454//1011 2457//1014
f 2458//1012 2459//1015 2460//1016
f 2459//1015 2458//1012 2461//1017
f 2462//1018 2463//1015 2464//1019
f 2465//1020 2466//1021 2467//1022
s 0
f 2468//1023 2469//1023 2470//1023
s 1
f 2471//1017 2472//1006 2473//1015
f 2474//1008 2475//1024 2476//1025
f 2475//1024 2474//1008 2477//1026
f 2478//1027 2479//1028 2480//1029
f 2479//1028 2478//1027 2481//1030
f 2482//1021 2483//1031 2484//1032
f 2483//1031 2482//1021 2485//1033
f 2486//1034 2487//1035 2488//1036
f 2487//1035 2486//1034 2489//1037
f 2490//1035 2491//1038 2492//1039
f 2491//1038 2490//1035 2493//1040
f 2494//1041 2495//1042 2496//1043
s 0
f 2497//1042 2498//1042 2499//1042
f 2500//1044 2501//1044 2502//1044
f 2503//1045 2504//1045 2505//1045
s 1
f 2506//1046 2507//1047 2508//1047
s 0
f 2509//1048 2510//1048 2511//1048
s 1
f 2512//834 2513//1043 2514//1049
s 0
f 2515//1050 2516//1050 2517//1050
s 1
f 2518//1051 2519//1052 2520//1053
f 2518//1051 2520//1053 2521//1054
s 0
f 2522//1055 2523//1055 2524//1055
s 1
f 2525//1056 2526//1056 2527//1055
f 2526//1056 2525//1056 2528//1057
s 0
f 2529//1058 2530//1058 2531//1058
s 1
f 2532//1059 2533//1060 2534//1061
f 2533//1060 2532//1059 2535//971
s 0
f 2536//1062 2537//1062 2538//1062
f 2539//1063 2540//1063 2541//1063
f 2542//1062 2543//1062 2544//1063
f 2545//818 2546//818 2547//818
s 1
f 2548//1064 2549//1065 2550//836
f 2551//1066 2552//839 2553//1067
f 2554//1068 2555//1069 2556//1068
f 2557//862 2558//1070 2559//1071
f 2558//1070 2557//862 2560//1072
f 2561//1073 2562//1074 2563//1075
f 2562//1074 2561//1073 2564//1076
f 2565//1077 2566//1078 2567//1079
f 2566//1078 2565//1077 2568//1080
s 0
f 2569//1081 2570//1082 2571//1082
s 1
f 2572//1083 2573//1082 2574//1084
f 2575//1085 2576//1086 2577//1087
f 2578//1088 2577//1087 2576//1086
f 2579//1089 2580//1090 2581//903
f 2579//1089 2581//903 2582//903
f 2583//1091 2584//1092 2585//1093
f 2586//1094 2583//1091 2585//1093
f 2587//1095 2588//1096 2589//1097
f 2588//1096 2587//1095 2590//1098
f 2591//1099 2592//1100 2593//1101
f 2592//1100 2591//1099 2594//1102
f 2595//1103 2596//1104 2597//1105
f 2596//1104 2595//1103 2598//1106
f 2599//1107 2600//1108 2601//1109
f 2600//1108 2599//1107 2602//1110
f 2603//1111 2604//1097 2605//1112
f 2604//1097 2603//1111 2606//1113
f 2607//1114 2608//1115 2609//1114
f 2608//1115 2607//1114 2610//1116
f 2611//1117 2612//1118 2613//1119
s 0
f 2614//1120 2615//1120 2616//1120
s 1
f 2617//1121 2618//1122 2619//1123
s 0
f 2620//1124 2621//1124 2622//1124
f 2623//1125 2624//1126 2625//1126
s 1
f 2626//1127 2627//1127 2628//1120
s 0
f 2629//1128 2630//1128 2631//1128
s 1
f 2632//1129 2633//1130 2634//1131
f 2633//1130 2632//1129 2635//1132
f 2636//1133 2637//1134 2638//1135
f 2639//1136 2636//1133 2638//1135
f 2640//1137 2641//1138 2642//1139
f 2643//1140 2641//1138 2640//1137
f 2644//1141 2645//1142 2646//1143
f 2647//1144 2645//1142 2644//1141
f 2648//1145 2649//1146 2650//1146
f 2649//1146 2648//1145 2651//1147
f 2652//1148 2653//1149 2654//1150
f 2653//1149 2652//1148 2655//1151
f 2656//1152 2657//1153 2658//1154
f 2657//1153 2656//1152 2659//1155
f 2660//1156 2661//1157 2662//1156
f 2661//1157 2660//1156 2663//1157
f 2664//1158 2665//1159 2666//1160
f 2664//1158 2667//1161 2665//1159
f 2668//1162 2669//1163 2670//1164
f 2669//1163 2668//1162 2671//1165
f 2672//1166 2673//1167 2674//1166
f 2673//1167 2672//1166 2675//1162
f 2676//1168 2677//1169 2678//1170
f 2677//1169 2676//1168 2679//1171
f 2680//1172 2681//1173 2682//1174
f 2683//1175 2680//1172 2682//1174
f 2684//1176 2685//1177 2686//1178
f 2685//1177 2684//1176 2687//1179
f 2688//1180 2689//1181 2690//1182
f 2689//1181 2688//1180 2691//1183
f 2692//1184 2693//1185 2694//1186
f 2693//1185 2692//1184 2695//1187
f 2696//1188 2697//1189 2698//1190
f 2696//1188 2698//1190 2699//1191
f 2700//1192 2701//1193 2702//1194
f 2701//1193 2700//1192 2703//1195
f 2704//1196 2705//1197 2706//1198
f 2705//1197 2704//1196 2707//1196
f 2708//1199 2709//1200 2710//1201
f 2709//1200 2708//1199 2711//1202
f 2712//1203 2713//1204 2714//1204
f 2713//1204 2712//1203 2715//1205
f 2716//1206 2717//1207 2718//1208
f 2717//1207 2716//1206 2719//1206
f 2720//1209 2721//1210 2722//1211
f 2721//1210 2720//1209 2723//1212
f 2724//1154 2725//1213 2726//1214
f 2725//1213 2724//1154 2727//1153
f 2728//1215 2729//1216 2730//1217
f 2729//1216 2728//1215 2731//1218
f 2732//1219 2733//1220 2734//1221
f 2733//1220 2732//1219 2735//1222
f 2736//1223 2737//1224 2738//1225
f 2737//1224 2736//1223 2739//1226
f 2740//1227 2741//1228 2742//1229
f 2741//1228 2740//1227 2743//1230
f 2744//1231 2745//1232 2746//1233
f 2745//1232 2744//1231 2747//1234
f 2748//1235 2749//1236 2750//1237
f 2749//1236 2748//1235 2751//1238
f 2752//1238 2753//1235 2754//1239
f 2755//1240 2752//1238 2754//1239
f 2756//1241 2757//1242 2758//1243
f 2757//1242 2756//1241 2759//1244
f 2760//1245 2761//1246 2762//1247
f 2761//1246 2760//1245 2763//1248
f 2764//1249 2765//1250 2766//1251
f 2766//1251 2767//1245 2764//1249
f 2768//1252 2769//1253 2770//1254
f 2769//1253 2768//1252 2771//1255
f 2772//1256 2773//1257 2774//1258
f 2772//1256 2774//1258 2775//1259
f 2776//1260 2777//1261 2778//1262
f 2777//1261 2776//1260 2779//1263
f 2780//1264 2781//1265 2782//1266
f 2781//1265 2780//1264 2783//1267
f 2784//1268 2785//1269 2786//1270
f 2784//1268 2787//1271 2785//1269
f 2788//1272 2789//1273 2790//1274
f 2789//1273 2788//1272 2791//1268
f 2792//1275 2793//1276 2794//1277
f 2793//1276 2792//1275 2795//1275
f 2796//1278 2797//1279 2798//1280
f 2797//1279 2796//1278 2799//1281
f 2800//1282 2801//1280 2802//1283
f 2801//1280 2800//1282 2803//1278
f 2804//1284 2805//1285 2806//1286
f 2805//1285 2804//1284 2807//1287
f 2808//1288 2809//1289 2810//1290
f 2809//1289 2808//1288 2811//1291
f 2812//1292 2813//1271 2814//1293
f 2813//1271 2812//1292 2815//1294
f 2816//1295 2817//1296 2818//1297
f 2817//1296 2816//1295 2819//1298
f 2820//1299 2821//1300 2822//1301
f 2823//1302 2821//1300 2820//1299
f 2824//1303 2825//1304 2826//1305
f 2825//1304 2824//1303 2827//1306
f 2828//1109 2829//1307 2830//1308
f 2829//1307 2828//1109 2831//1108
f 2832//1308 2833//1309 2834//1310
f 2833//1309 2832//1308 2835//1307
f 2836//1311 2837//1312 2838//1313
f 2837//1312 2836//1311 2839//1314
f 2840//1315 2841//1316 2842//1317
f 2841//1316 2840//1315 2843//1318
f 2844//1319 2845//1320 2846//1321
f 2845//1320 2844//1319 2847//1322
f 2848//1323 2849//747 2850//1324
f 2848//1323 2850//1324 2851//1304
f 2852//1325 2853//1326 2854//1327
f 2853//1326 2852//1325 2855//1328
f 2856//1329 2857//1330 2858//1331
f 2857//1330 2856//1329 2859//1332
f 2860//1333 2861//1334 2862//1335
f 2861//1334 2860//1333 2863//1336
f 2864//1337 2865//1338 2866//1339
f 2865//1338 2864//1337 2867//1340
f 2868//1341 2869//1342 2870//1343
f 2869//1342 2868//1341 2871//1344
f 2872//1345 2873//1346 2874//1347
f 2873//1346 2872//1345 2875//1348
f 2876//1349 2877//1350 2878//1351
f 2877//1350 2876//1349 2879//1352
f 2880//1353 2881//1351 2882//1350
f 2880//1353 2883//1354 2881//1351
f 2884//1355 2885//1353 2886//1350
f 2885//1353 2884//1355 2887//1356
f 2888//1357 2889//1358 2890//1359
f 2888//1357 2891//1360 2889//1358
f 2892//1359 2893//1361 2894//1357
f 2893//1361 2892//1359 2895//1362
f 2896//1363 2897//1364 2898//1354
f 2897//1364 2896//1363 2899//1365
f 2900//1366 2901//1367 2902//1368
f 2903//1369 2900//1366 2902//1368
f 2904//1369 2905//1370 2906//1366
f 2905//1370 2904//1369 2907//1352
f 2908//1371 2909//1352 2910//1369
f 2909//1352 2908//1371 2911//1372
f 2912//1373 2913//1354 2914//1364
f 2913//1354 2912//1373 2915//1351
f 2916//1351 2917//1374 2918//1349
f 2917//1374 2916//1351 2919//1375
f 2920//1376 2921//1373 2922//1377
f 2921//1373 2920//1376 2923//1374
f 2924//1378 2925//1379 2926//1380
f 2927//1381 2924//1378 2926//1380
f 2928//1381 2929//1376 2930//1378
f 2929//1376 2928//1381 2931//1374
f 2932//1382 2933//1374 2934//1383
f 2933//1374 2932//1382 2935//1349
f 2936//1384 2937//1385 2938//1386
f 2937//1385 2936//1384 2939//1387
f 2940//1388 2941//1389 2942//1390
f 2941//1389 2940//1388 2943//1391
f 2944//1392 2945//1393 2946//1390
f 2946//1390 2947//1386 2944//1392
f 2948//1394 2949//1395 2950//1396
f 2949//1395 2948//1394 2951//1397
f 2952//1398 2953//1397 2954//1399
f 2953//1397 2952//1398 2955//1400
f 2956//1401 2957//1393 2958//1399
f 2957//1393 2956//1401 2959//1390
f 2960//1402 2961//1403 2962//1404
f 2961//1403 2960//1402 2963//1405
f 2964//1406 2965//1407 2966//1408
f 2965//1407 2964//1406 2967//1409
f 2968//1391 2969//1388 2970//1408
f 2970//1408 2971//1404 2968//1391
f 2972//1410 2973//1411 2974//1412
f 2973//1411 2972//1410 2975//1413
f 2976//1387 2977//1412 2978//1385
f 2977//1412 2976//1387 2979//1414
f 2980//1415 2981//1416 2982//1385
f 2982//1385 2983//1412 2980//1415
f 2984//1417 2985//1112 2986//1418
f 2985//1112 2984//1417 2987//1111
f 2988//1419 2989//1420 2990//1421
f 2989//1420 2988//1419 2991//1422
f 2992//1423 2993//1421 2994//1394
f 2993//1421 2992//1423 2995//1424
f 2996//1408 2997//1394 2998//1421
f 2999//1388 2997//1394 2996//1408
f 3000//1425 3001//1426 3002//1427
f 3001//1426 3000//1425 3003//1428
f 3004//1405 3005//1427 3006//1403
f 3005//1427 3004//1405 3007//1425
f 3008//1410 3009//1387 3010//1403
f 3010//1403 3011//1427 3008//1410
f 3012//1429 3013//1430 3014//1431
f 3013//1430 3012//1429 3015//1432
f 3016//1433 3017//1434 3018//1429
f 3017//1434 3016//1433 3019//1435
f 3020//1436 3021//1437 3022//1409
f 3020//1436 3022//1409 3023//1406
f 3024//1324 3025//1438 3026//1439
f 3025//1438 3024//1324 3027//1440
f 3028//1441 3029//1442 3030//1443
f 3029//1442 3028//1441 3031//1444
f 3032//1445 3033//1446 3034//1420
f 3033//1446 3032//1445 3035//1441
f 3036//1443 3037//1436 3038//1420
f 3039//1406 3038//1420 3037//1436
f 3040//1447 3041//1448 3042//1396
f 3041//1448 3040//1447 3043//1449
f 3044//1450 3045//1451 3046//1452
f 3045//1451 3044//1450 3047//1453
f 3048//1444 3049//1452 3050//1454
f 3049//1452 3048//1444 3051//1455
f 3052//1456 3053//1457 3054//1454
f 3055//1452 3052//1456 3054//1454
f 3056//1458 3057//1459 3058//1460
f 3057//1459 3056//1458 3059//1461
f 3060//1462 3061//1455 3062//1444
f 3061//1455 3060//1462 3063//1463
f 3064//1464 3065//1465 3066//1466
f 3065//1465 3064//1464 3067//1467
f 3068//1468 3069//1469 3070//1470
f 3069//1469 3068//1468 3071//1471
f 3072//1432 3073//1470 3074//1472
f 3073//1470 3072//1432 3075//1468
f 3076//1425 3077//1405 3078//1430
f 3078//1430 3079//1470 3076//1425
f 3080//1473 3081//1432 3082//1429
f 3081//1432 3080//1473 3083//1474
f 3084//1475 3085//1476 3086//1477
f 3087//1478 3085//1476 3084//1475
f 3088//1456 3089//1475 3090//1479
f 3089//1475 3088//1456 3091//1480
f 3092//738 3093//737 3094//1481
f 3095//1482 3094//1481 3093//737
f 3096//1483 3097//736 3098//1484
f 3097//736 3096//1483 3099//1485
f 3100//1486 3101//739 3102//1451
f 3101//739 3100//1486 3103//1483
f 3104//1487 3105//1488 3106//1489
f 3105//1488 3104//1487 3107//1490
f 3108//1490 3109//728 3110//731
f 3111//1487 3109//728 3108//1490
f 3112//1491 3113//1492 3114//1475
f 3114//1475 3115//1493 3112//1491
f 3116//1493 3117//1494 3118//1491
f 3117//1494 3116//1493 3119//1495
f 3120//1489 3121//1495 3122//1496
f 3121//1495 3120//1489 3123//1497
f 3124//1498 3125//1499 3126//1500
f 3125//1499 3124//1498 3127//1501
f 3128//1498 3129//1474 3130//1478
f 3129//1474 3128//1498 3131//1500
f 3132//1468 3133//1432 3134//1476
f 3134//1476 3135//1502 3132//1468
f 3136//1503 3137//1504 3138//1505
f 3137//1504 3136//1503 3139//1506
f 3140//1503 3141//1507 3142//1508
f 3140//1503 3143//1509 3141//1507
f 3144//1478 3145//1505 3146//1498
f 3145//1505 3144//1478 3147//1510
f 3148//1511 3149//1512 3150//1513
f 3151//1514 3150//1513 3149//1512
f 3152//1511 3153//1494 3154//1512
f 3153//1494 3152//1511 3155//1491
f 3156//1507 3157//1491 3158//1511
f 3157//1491 3156//1507 3159//1478
f 3160//1508 3161//1515 3162//1503
f 3161//1515 3160//1508 3163//1516
f 3164//1515 3165//1506 3166//1503
f 3165//1506 3164//1515 3167//1517
f 3168//1515 3169//1518 3170//1517
f 3169//1518 3168//1515 3171//1519
f 3172//1520 3173//1521 3174//1522
f 3175//1523 3174//1522 3173//1521
f 3176//1520 3177//1514 3178//1521
f 3177//1514 3176//1520 3179//1513
f 3180//1516 3181//1524 3182//1520
f 3183//1508 3181//1524 3180//1516
f 3184//1525 3185//1526 3186//1527
f 3185//1526 3184//1525 3187//1528
f 3188//1529 3189//1527 3190//1519
f 3189//1527 3188//1529 3191//1530
f 3192//1531 3193//1518 3194//1519
f 3195//1527 3192//1531 3194//1519
f 3196//1532 3197//1533 3198//1534
f 3198//1534 3197//1533 3199//1535
f 3200//1532 3201//1523 3202//1536
f 3201//1523 3200//1532 3203//1522
f 3204//1530 3205//1522 3206//1532
f 3207//1529 3205//1522 3204//1530
f 3208//1537 3209//1538 3210//1539
f 3209//1538 3208//1537 3211//1540
f 3212//1528 3213//1539 3214//1526
f 3213//1539 3212//1528 3215//1537
f 3216//1541 3217//1542 3218//1526
f 3219//1543 3216//1541 3218//1526
f 3220//1544 3221//1545 3222//1546
f 3223//1547 3222//1546 3221//1545
f 3224//1548 3225//1549 3226//1545
f 3225//1549 3224//1548 3227//1550
f 3228//1548 3229//1537 3230//1534
f 3231//1528 3230//1534 3229//1537
f 3232//1551 3233//1552 3234//1553
f 3233//1552 3232//1551 3235//1554
f 3236//1555 3237//1556 3238//1557
f 3237//1556 3236//1555 3239//1558
f 3240//1559 3241//1560 3242//1561
f 3241//1560 3240//1559 3243//1562
f 3244//1563 3245//1564 3246//1565
f 3245//1564 3244//1563 3247//1566
f 3248//1567 3249//1568 3250//1569
f 3251//1570 3248//1567 3250//1569
f 3252//1571 3253//1572 3254//1573
f 3255//1574 3253//1572 3252//1571
f 3256//1573 3257//1575 3258//1571
f 3257//1575 3256//1573 3259//1576
f 3260//1577 3261//1578 3262//1579
f 3260//1577 3263//1580 3261//1578
f 3264//1581 3265//1582 3266//1583
f 3267//1584 3264//1581 3266//1583
f 3268//1578 3269//1581 3270//1584
f 3271//1585 3269//1581 3268//1578
f 3272//1584 3273//1579 3274//1578
f 3273//1579 3272//1584 3275//1377
f 3276//1586 3277//1587 3278//1588
f 3276//1586 3278//1588 3279//1589
f 3280//1568 3281//1590 3282//1591
f 3281//1590 3280//1568 3283//1588
f 3284//1592 3285//1593 3286//1587
f 3287//1594 3285//1593 3284//1592
f 3288//1595 3289//1596 3290//1597
f 3291//1598 3289//1596 3288//1595
f 3292//1574 3293//1599 3294//1600
f 3293//1599 3292//1574 3295//1595
f 3296//1601 3297//1602 3298//1585
f 3296//1601 3299//1597 3297//1602
f 3300//1603 3301//1604 3302//1605
f 3303//1606 3301//1604 3300//1603
f 3304//1589 3305//1605 3306//1586
f 3305//1605 3304//1589 3307//1607
f 3308//1608 3309//1598 3310//1586
f 3310//1586 3311//1605 3308//1608
f 3312//1609 3313//1610 3314//1611
f 3315//1612 3312//1609 3314//1611
f 3316//1612 3317//1582 3318//1609
f 3317//1582 3316//1612 3319//1583
f 3320//1378 3321//1613 3322//1612
f 3321//1613 3320//1378 3323//1376
f 3324//1614 3325//1615 3326//1616
f 3327//1617 3324//1614 3326//1616
f 3328//1617 3329//1379 3330//1614
f 3329//1379 3328//1617 3331//1380
f 3332//1618 3333//1380 3334//1617
f 3333//1380 3332//1618 3335//1367
f 3336//1619 3337//1620 3338//1621
f 3339//1622 3336//1619 3338//1621
f 3340//1623 3341//1606 3342//1619
f 3341//1606 3340//1623 3343//1604
f 3344//1624 3345//1604 3346//1623
f 3345//1604 3344//1624 3347//1625
f 3348//1626 3349//1585 3350//1602
f 3349//1585 3348//1626 3351//1581
f 3352//1582 3353//1627 3354//1628
f 3353//1627 3352//1582 3355//1581
f 3356//1624 3357//1629 3358//1630
f 3359//1627 3356//1624 3358//1630
f 3360//1631 3361//1632 3362//1633
f 3363//1634 3360//1631 3362//1633
f 3364//1634 3365//1629 3366//1631
f 3365//1629 3364//1634 3367//1630
f 3368//1609 3369//1628 3370//1634
f 3369//1628 3368//1609 3371//1582
f 3372//1635 3373//1636 3374//1637
f 3375//1638 3372//1635 3374//1637
f 3376//1638 3377//1620 3378//1635
f 3377//1620 3376//1638 3379//1621
f 3380//1631 3381//1621 3382//1638
f 3381//1621 3380//1631 3383//1629
f 3384//1639 3385//1640 3386//1641
f 3387//1642 3384//1639 3386//1641
f 3388//1642 3389//1610 3390//1639
f 3389//1610 3388//1642 3391//1611
f 3392//1614 3393//1611 3394//1642
f 3393//1611 3392//1614 3395//1379
f 3396//1643 3397//1632 3398//1644
f 3397//1632 3396//1643 3399//1633
f 3400//1639 3401//1633 3402//1643
f 3401//1633 3400//1639 3403//1610
f 3404//1640 3405//1643 3406//1645
f 3405//1643 3404//1640 3407//1639
f 3408//1646 3409//1647 3410//732
f 3411//735 3408//1646 3410//732
f 3412//1648 3413//1649 3414//1650
f 3413//1649 3412//1648 3415//1651
f 3416//736 3417//1652 3418//1653
f 3417//1652 3416//736 3419//1654
f 3420//1655 3421//1656 3422//1657
f 3423//1647 3421//1656 3420//1655
f 3424//1658 3425//1659 3426//1660
f 3427//1661 3424//1658 3426//1660
f 3428//1647 3429//1661 3430//1662
f 3429//1661 3428//1647 3431//1663
f 3432//1664 3433//1665 3434//1666
f 3433//1665 3432//1664 3435//1667
f 3436//1668 3437//1669 3438//1670
f 3438//1670 3439//1671 3436//1668
f 3440//1671 3441//1636 3442//1668
f 3441//1636 3440//1671 3443//1672
f 3444//1644 3445//1637 3446//1673
f 3445//1637 3444//1644 3447//1632
f 3448//1674 3449//1675 3450//1676
f 3450//1676 3451//1677 3448//1674
f 3452//1677 3453//1669 3454//1674
f 3453//1669 3452//1677 3455//1670
f 3456//1678 3457//1670 3458//1679
f 3459//1680 3457//1670 3456//1678
f 3460//1681 3461//1682 3462//1683
f 3463//1684 3460//1681 3462//1683
f 3464//1684 3465//1659 3466//1681
f 3465//1659 3464//1684 3467//1685
f 3468//1686 3469//1687 3470//1684
f 3469//1687 3468//1686 3471//1688
f 3472//1689 3473//1690 3474//1691
f 3473//1690 3472//1689 3475//1692
f 3476//1693 3477//1690 3478//1694
f 3477//1690 3476//1693 3479//1695
f 3480//1696 3481//1694 3482//1690
f 3483//1682 3481//1694 3480//1696
f 3484//1697 3485//1698 3486//1699
f 3484//1697 3486//1699 3487//1700
f 3488//1701 3489//1702 3490//1703
f 3489//1702 3488//1701 3491//1704
f 3492//1695 3493//1703 3494//1698
f 3495//1693 3493//1703 3492//1695
f 3496//1705 3497//1645 3498//1706
f 3497//1645 3496//1705 3499//1707
f 3500//1708 3501//1709 3502//1710
f 3501//1709 3500//1708 3503//1711
f 3504//1712 3505//1713 3506//1710
f 3507//1714 3504//1712 3506//1710
f 3508//1715 3509//1716 3510//1717
f 3508//1715 3510//1717 3511//1718
f 3512//1719 3513//1720 3514//1721
f 3513//1720 3512//1719 3515//1722
f 3516//1704 3517//1721 3518//1723
f 3519//1701 3517//1721 3516//1704
f 3520//1724 3521//1641 3522//1725
f 3521//1641 3520//1724 3523//1726
f 3524//1727 3525//1728 3526//1729
f 3525//1728 3524//1727 3527//1730
f 3528//1711 3529//1708 3530//1715
f 3531//1731 3528//1711 3530//1715
f 3532//1732 3533//1733 3534//1734
f 3533//1733 3532//1732 3535//1735
f 3536//1736 3537//1734 3538//1737
f 3537//1734 3536//1736 3539//1738
f 3540//1730 3541//1727 3542//1739
f 3543//1734 3540//1730 3542//1739
f 3544//1740 3545//1741 3546//1742
f 3545//1741 3544//1740 3547//1743
f 3548//1744 3549//1742 3550//1741
f 3551//1745 3549//1742 3548//1744
f 3552//1746 3553//1747 3554//1748
f 3553//1747 3552//1746 3555//1749
f 3556//1722 3557//1750 3558//1751
f 3559//1719 3557//1750 3556//1722
f 3560//1752 3561//1718 3562//1717
f 3561//1718 3560//1752 3563//1737
f 3564//1753 3565//1754 3566//1748
f 3564//1753 3566//1748 3567//1747
f 3568//1755 3569//1756 3570//1757
f 3569//1756 3568//1755 3571//1758
f 3572//1618 3573//1735 3574//1757
f 3575//1756 3572//1618 3574//1757
f 3576//1756 3577//1367 3578//1618
f 3577//1367 3576//1756 3579//1368
f 3580//1759 3581//1757 3582//1760
f 3581//1757 3580//1759 3583//1761
f 3584//1762 3585//1760 3586//1763
f 3585//1760 3584//1762 3587//1764
f 3588//1738 3589//1736 3590//1763
f 3591//1760 3588//1738 3590//1763
f 3592//1765 3593//1766 3594//1767
f 3592//1765 3594//1767 3595//1768
f 3596//1769 3597//1770 3598//1771
f 3597//1770 3596//1769 3599//1772
f 3600//1773 3601//1774 3602//1770
f 3603//1740 3601//1774 3600//1773
f 3604//1775 3605//1776 3606//1777
f 3605//1776 3604//1775 3607//1778
f 3608//1768 3609//1779 3610//1780
f 3609//1779 3608//1768 3611//1781
f 3612//1764 3613//1782 3614//1783
f 3615//1779 3612//1764 3614//1783
f 3616//1784 3617//1785 3618//1786
f 3617//1785 3616//1784 3619//1787
f 3620//1371 3621//1788 3622//1789
f 3623//1785 3620//1371 3622//1789
f 3624//1785 3625//1372 3626//1371
f 3625//1372 3624//1785 3627//1790
f 3628//1791 3629//1789 3630//1792
f 3629//1789 3628//1791 3631//1784
f 3632//1793 3633//1792 3634//1794
f 3633//1792 3632//1793 3635//1791
f 3636//1795 3637//1755 3638//1796
f 3639//1792 3636//1795 3638//1796
f 3640//1797 3641//1798 3642//1799
f 3640//1797 3643//1800 3641//1798
f 3644//1801 3645//1800 3646//1802
f 3645//1800 3644//1801 3647//1803
f 3648//1781 3649//1768 3650//1802
f 3651//1800 3648//1781 3650//1802
f 3652//1804 3653//1805 3654//1806
f 3653//1805 3652//1804 3655//1807
f 3656//1799 3657//1807 3658//1808
f 3657//1807 3656//1799 3659//1805
f 3660//1791 3661//1793 3662//1809
f 3663//1807 3660//1791 3662//1809
f 3664//1810 3665//1811 3666//1812
f 3667//1813 3665//1811 3664//1810
f 3668//1814 3669//1815 3670//1790
f 3669//1815 3668//1814 3671//1810
f 3672//1355 3673//1372 3674//1790
f 3674//1790 3675//1816 3672//1355
f 3676//1810 3677//1817 3678//1813
f 3676//1810 3679//1818 3677//1817
f 3680//1806 3681//1819 3682//1804
f 3681//1819 3680//1806 3683//1817
f 3684//1787 3685//1804 3686//1819
f 3687//1784 3685//1804 3684//1787
f 3688//1803 3689//1820 3690//1821
f 3691//1822 3689//1820 3688//1803
f 3692//1823 3693//1824 3694//1798
f 3693//1824 3692//1823 3695//1825
f 3696//1826 3697//1827 3698//1828
f 3697//1827 3696//1826 3699//1829
f 3700//1830 3701//1828 3702//1831
f 3701//1828 3700//1830 3703//1832
f 3704//1772 3705//1769 3706//1833
f 3707//1828 3704//1772 3706//1833
f 3708//1832 3709//1834 3710//1835
f 3708//1832 3711//1836 3709//1834
f 3712//1837 3713//1829 3714//1838
f 3713//1829 3712//1837 3715//1839
f 3716//1840 3717//1841 3718//1842
f 3717//1841 3716//1840 3719//1843
f 3720//1844 3721//1845 3722//1846
f 3721//1845 3720//1844 3723//1840
f 3724//1847 3725//1848 3726//1849
f 3727//1850 3724//1847 3726//1849
f 3728//1851 3729//1852 3730//1853
f 3731//1854 3728//1851 3730//1853
f 3732//1855 3733//1856 3734//1854
f 3733//1856 3732//1855 3735//1857
f 3736//1858 3737//1839 3738//1859
f 3737//1839 3736//1858 3739//1860
f 3740//1861 3741//1862 3742//1863
f 3740//1861 3743//1864 3741//1862
f 3744//1865 3745//1866 3746//1867
f 3745//1866 3744//1865 3747//1868
f 3748//1869 3749//1867 3750//1870
f 3751//1852 3749//1867 3748//1869
f 3752//1871 3753//1872 3754//1873
f 3752//1871 3754//1873 3755//1874
f 3756//1875 3757//1876 3758//1877
f 3757//1876 3756//1875 3759//1873
f 3760//1817 3761//1878 3762//1876
f 3763//1806 3761//1878 3760//1817
f 3764//1871 3765//1879 3766//1880
f 3767//1881 3765//1879 3764//1871
f 3768//1882 3769//1813 3770//1883
f 3769//1813 3768//1882 3771//1811
f 3772//1811 3773//1884 3774//1356
f 3772//1811 3775//1882 3773//1884
f 3776//1884 3777//1885 3778//1886
f 3779//1887 3777//1885 3776//1884
f 3780//1888 3781//1356 3782//1884
f 3781//1356 3780//1888 3783//1353
f 3784//1889 3785//1354 3786//1353
f 3786//1353 3787//1888 3784//1889
f 3788//1890 3789//1891 3790//1892
f 3791//1893 3788//1890 3790//1892
f 3792//1893 3793//1894 3794//1895
f 3793//1894 3792//1893 3795//1868
f 3796//1893 3797//1896 3798//1862
f 3797//1896 3796//1893 3799//1897
f 3800//1898 3801//1899 3802//1900
f 3803//1901 3800//1898 3802//1900
f 3804//1902 3805//1903 3806//1904
f 3805//1903 3804//1902 3807//1892
f 3808//1905 3809//1906 3810//1907
f 3809//1906 3808//1905 3811//1908
f 3812//1909 3813//1910 3814//1911
f 3815//1912 3812//1909 3814//1911
f 3816//1912 3817//1899 3818//1909
f 3817//1899 3816//1912 3819//1900
f 3820//1885 3821//1913 3822//1914
f 3821//1913 3820//1885 3823//1915
f 3824//1916 3825//1917 3826//1918
f 3824//1916 3827//1919 3825//1917
f 3828//1920 3829//1921 3830//1922
f 3829//1921 3828//1920 3831//1923
f 3832//1924 3833//1922 3834//1921
f 3835//1925 3833//1922 3832//1924
f 3836//1926 3837//1927 3838//1928
f 3839//1929 3836//1926 3838//1928
f 3840//1929 3841//1930 3842//1926
f 3841//1930 3840//1929 3843//1911
f 3844//1931 3845//1932 3846//1933
f 3844//1931 3846//1933 3847//1361
f 3848//1934 3849//1935 3850//1936
f 3848//1934 3851//1937 3849//1935
f 3852//1938 3853//1939 3854//1940
f 3853//1939 3852//1938 3855//1941
f 3856//1917 3857//1940 3858//1939
f 3859//1942 3857//1940 3856//1917
f 3860//1943 3861//1927 3862//1944
f 3861//1927 3860//1943 3863//1928
f 3864//1945 3865//1571 3866//1946
f 3864//1945 3867//1947 3865//1571
f 3868//1948 3869//1949 3870//1950
f 3871//1951 3868//1948 3870//1950
f 3872//1952 3873//1953 3874//1954
f 3872//1952 3875//1955 3873//1953
f 3876//1956 3877//1957 3878//1958
f 3877//1957 3876//1956 3879//1959
f 3880//1941 3881//1956 3882//1958
f 3883//1938 3881//1956 3880//1941
f 3884//1960 3885//1961 3886//1962
f 3887//1963 3886//1962 3885//1961
f 3888//1964 3889//1965 3890//1966
f 3889//1965 3888//1964 3891//1967
f 3892//1967 3893//1968 3894//1969
f 3892//1967 3895//1964 3893//1968
f 3896//1970 3897//1971 3898//1972
f 3897//1971 3896//1970 3899//1973
f 3900//1974 3901//1975 3902//1972
f 3903//1976 3902//1972 3901//1975
f 3904//1977 3905//1978 3906//1979
f 3905//1978 3904//1977 3907//1980
f 3908//1565 3909//1980 3910//1981
f 3911//1982 3909//1980 3908//1565
f 3912//1983 3913//1982 3914//1984
f 3915//1985 3912//1983 3914//1984
f 3916//1986 3917//1987 3918//1988
f 3919//1989 3916//1986 3918//1988
f 3920//1973 3921//1990 3922//1991
f 3923//1970 3921//1990 3920//1973
f 3924//1992 3925//1966 3926//1965
f 3924//1992 3927//1993 3925//1966
f 3928//1963 3929//1994 3930//1995
f 3929//1994 3928//1963 3931//1961
f 3932//1996 3933//1997 3934//1994
f 3935//1987 3933//1997 3932//1996
f 3936//1998 3937//1999 3938//2000
f 3939//2001 3936//1998 3938//2000
f 3940//2002 3941//1987 3942//1998
f 3941//1987 3940//2002 3943//1983
f 3944//1980 3945//1983 3946//2002
f 3945//1983 3944//1980 3947//1982
f 3948//2003 3949//2004 3950//2005
f 3948//2003 3950//2005 3951//2006
f 3952//2007 3953//2004 3954//1957
f 3953//2004 3952//2007 3955//2005
f 3956//2008 3957//1954 3958//1953
f 3959//2009 3956//2008 3958//1953
f 3960//2010 3961//2011 3962//2012
f 3962//2012 3963//2013 3960//2010
f 3964//2014 3965//2015 3966//2010
f 3965//2015 3964//2014 3967//2016
f 3968//2017 3969//2016 3970//2018
f 3969//2016 3968//2017 3971//2019
f 3972//2020 3973//2021 3974//2022
f 3973//2021 3972//2020 3975//2023
f 3976//2024 3977//2022 3978//1996
f 3977//2022 3976//2024 3979//2020
f 3980//1998 3981//2025 3982//2026
f 3981//2025 3980//1998 3983//1987
f 3984//2027 3985//2028 3986//2029
f 3984//2027 3987//2030 3985//2028
f 3988//2006 3989//2030 3990//2003
f 3989//2030 3988//2006 3991//2031
f 3992//2032 3993//2033 3994//2034
f 3992//2032 3995//2035 3993//2033
f 3996//2036 3997//2037 3998//2038
f 3996//2036 3998//2038 3999//2039
f 4000//2029 4001//2040 4002//2027
f 4001//2040 4000//2029 4003//2041
f 4004//2020 4005//2024 4006//2042
f 4007//2037 4004//2020 4006//2042
f 4008//2043 4009//766 4010//765
f 4009//766 4008//2043 4011//2044
f 4012//2041 4013//2044 4014//2043
f 4015//2045 4013//2044 4012//2041
f 4016//2046 4017//2047 4018//2038
f 4017//2047 4016//2046 4019//2048
f 4020//2049 4021//766 4022//2050
f 4022//2050 4023//2051 4020//2049
f 4024//2052 4025//2053 4026//2049
f 4025//2053 4024//2052 4027//2054
f 4028//2055 4029//2056 4030//2057
f 4031//2058 4029//2056 4028//2055
f 4032//2059 4033//2060 4034//2054
f 4034//2054 4035//2061 4032//2059
f 4036//2061 4037//2062 4038//2059
f 4037//2062 4036//2061 4039//2012
f 4040//2063 4041//2064 4042//2065
f 4041//2064 4040//2063 4043//2066
f 4044//2067 4045//2068 4046//2069
f 4047//2070 4045//2068 4044//2067
f 4048//2071 4049//2072 4050//2073
f 4049//2072 4048//2071 4051//2060
f 4052//2074 4053//2049 4054//2073
f 4053//2049 4052//2074 4055//2075
f 4056//2076 4057//2070 4058//2067
f 4058//2067 4059//2077 4056//2076
f 4060//2078 4061//2079 4062//2080
f 4061//2079 4060//2078 4063//2081
f 4064//2082 4065//2083 4066//2077
f 4065//2083 4064//2082 4067//2084
f 4068//2080 4069//2085 4070//2086
f 4069//2085 4068//2080 4071//2079
f 4072//2087 4073//2086 4074//2088
f 4073//2086 4072//2087 4075//2080
f 4076//2089 4077//2090 4078//2088
f 4078//2088 4079//2086 4076//2089
f 4080//2091 4081//2079 4082//2092
f 4082//2092 4083//2093 4080//2091
f 4084//2093 4085//2094 4086//2091
f 4085//2094 4084//2093 4087//2095
f 4088//2096 4089//2097 4090//2098
f 4089//2097 4088//2096 4091//2099
f 4092//2100 4093//2101 4094//2102
f 4093//2101 4092//2100 4095//2103
f 4096//1940 4097//2104 4098//2105
f 4097//2104 4096//1940 4099//1942
f 4100//2019 4101//2105 4102//2016
f 4101//2105 4100//2019 4103//2106
f 4104//2091 4105//2107 4106//2108
f 4105//2107 4104//2091 4107//2109
f 4108//2079 4109//2110 4110//2111
f 4109//2110 4108//2079 4111//2091
f 4112//2112 4113//2113 4114//2111
f 4114//2111 4115//2108 4112//2112
f 4116//2114 4117//2115 4118//2116
f 4117//2115 4116//2114 4119//2117
f 4120//2118 4121//2119 4122//2114
f 4121//2119 4120//2118 4123//2120
f 4124//2099 4125//2121 4126//2097
f 4125//2121 4124//2099 4127//2118
f 4128//2116 4129//2122 4130//2123
f 4129//2122 4128//2116 4131//2124
f 4132//2094 4133//2123 4134//2107
f 4133//2123 4132//2094 4135//2116
f 4136//2125 4137//2126 4138//2107
f 4138//2107 4139//2123 4136//2125
f 4140//2127 4141//2128 4142//2129
f 4143//2130 4141//2128 4140//2127
f 4144//2131 4145//2132 4146//2133
f 4145//2132 4144//2131 4147//1925
f 4148//1942 4149//2133 4150//2134
f 4149//2133 4148//1942 4151//2131
f 4152//2135 4153//2136 4154//2137
f 4153//2136 4152//2135 4155//2138
f 4156//2139 4157//2135 4158//2140
f 4157//2135 4156//2139 4159//2141
f 4160//2139 4161//2142 4162//2143
f 4160//2139 4163//2144 4161//2142
f 4164//2145 4165//2146 4166//2127
f 4165//2146 4164//2145 4167//2147
f 4168//2148 4169//2149 4170//2150
f 4169//2149 4168//2148 4171//2151
f 4172//2152 4173//2153 4174//2154
f 4175//2155 4173//2153 4172//2152
f 4176//2154 4177//2130 4178//2156
f 4177//2130 4176//2154 4179//2157
f 4180//2157 4181//2119 4182//2120
f 4181//2119 4180//2157 4183//2154
f 4184//2158 4185//2159 4186//2135
f 4187//2160 4184//2158 4186//2135
f 4188//2160 4189//2161 4190//2158
f 4189//2161 4188//2160 4191//2162
f 4192//2163 4193//2162 4194//2164
f 4193//2162 4192//2163 4195//2165
f 4196//2166 4197//2167 4198//2168
f 4196//2166 4199//2169 4197//2167
f 4200//2170 4201//2171 4202//2172
f 4201//2171 4200//2170 4203//2151
f 4204//2173 4205//2156 4206//2174
f 4205//2156 4204//2173 4207//2168
f 4208//2172 4209//2171 4210//2175
f 4211//2176 4208//2172 4210//2175
f 4212//2169 4213//2177 4214//2178
f 4213//2177 4212//2169 4215//2179
f 4216//2180 4217//2181 4218//2182
f 4219//2183 4217//2181 4216//2180
f 4220//2184 4221//2155 4222//2185
f 4221//2155 4220//2184 4223//2153
f 4224//2153 4225//2122 4226//2124
f 4225//2122 4224//2153 4227//2184
f 4228//2186 4229//2187 4230//2188
f 4228//2186 4230//2188 4231//2189
f 4232//2189 4233//2169 4234//2190
f 4233//2169 4232//2189 4235//2191
f 4236//2167 4237//2185 4238//2155
f 4237//2185 4236//2167 4239//2189
f 4240//2192 4241//2193 4242//2194
f 4240//2192 4243//2195 4241//2193
f 4244//2194 4245//2196 4246//2192
f 4245//2196 4244//2194 4247//2197
f 4248//2198 4249//2199 4250//2200
f 4249//2199 4248//2198 4251//2201
f 4252//2202 4253//2203 4254//2204
f 4253//2203 4252//2202 4255//2205
f 4256//2165 4257//2206 4258//2207
f 4257//2206 4256//2165 4259//2208
f 4260//2209 4261//2210 4262//2162
f 4263//2211 4260//2209 4262//2162
f 4264//2212 4265//2213 4266//2214
f 4267//2215 4264//2212 4266//2214
f 4268//2216 4269//2217 4270//2212
f 4269//2217 4268//2216 4271//2218
f 4272//2219 4273//2220 4274//2221
f 4273//2220 4272//2219 4275//2195
f 4276//2222 4277//2223 4278//2218
f 4279//2224 4276//2222 4278//2218
f 4280//2225 4281//2226 4282//2227
f 4281//2226 4280//2225 4283//2228
f 4284//2228 4285//2229 4286//2230
f 4284//2228 4286//2230 4287//2205
f 4288//2231 4289//2232 4290//2233
f 4289//2232 4288//2231 4291//2234
f 4292//2232 4293//2235 4294//2236
f 4293//2235 4292//2232 4295//2237
f 4296//2188 4297//2237 4298//2232
f 4297//2237 4296//2188 4299//2187
f 4300//2234 4301//2238 4302//2239
f 4303//2240 4300//2234 4302//2239
f 4304//2240 4305//2183 4306//2241
f 4305//2183 4304//2240 4307//2242
f 4308//2181 4309//2243 4310//2244
f 4309//2243 4308//2181 4311//2240
f 4312//2245 4313//2217 4314//2246
f 4313//2217 4312//2245 4315//2247
f 4316//2248 4317//2249 4318//2250
f 4317//2249 4316//2248 4319//2251
f 4320//2252 4321//2253 4322//2254
f 4321//2253 4320//2252 4323//2255
f 4324//2256 4325//2257 4326//2258
f 4325//2257 4324//2256 4327//2252
f 4328//2259 4329//2260 4330//2261
f 4328//2259 4330//2261 4331//2262
f 4332//2263 4333//2260 4334//2264
f 4333//2260 4332//2263 4335//2261
f 4336//2265 4337//2266 4338//2267
f 4337//2266 4336//2265 4339//2235
f 4340//2268 4341//2269 4342//2270
f 4342//2270 4343//2271 4340//2268
f 4344//1836 4345//2271 4346//2253
f 4345//2271 4344//1836 4347//2272
f 4348//2271 4349//2273 4350//2274
f 4351//2217 4350//2274 4349//2273
f 4352//2275 4353//2276 4354//2277
f 4353//2276 4352//2275 4355//2278
f 4356//2279 4357//2277 4358//2276
f 4359//2280 4357//2277 4356//2279
f 4360//2276 4361//2281 4362//2282
f 4361//2281 4360//2276 4363//2125
f 4364//2283 4365//2284 4366//2285
f 4364//2283 4367//2286 4365//2284
f 4368//2287 4369//2286 4370//2288
f 4369//2286 4368//2287 4371//2289
f 4372//2290 4373//2291 4374//2292
f 4375//2293 4374//2292 4373//2291
f 4376//2294 4377//2295 4378//2296
f 4377//2295 4376//2294 4379//2297
f 4380//2298 4381//2299 4382//2300
f 4381//2299 4380//2298 4383//2301
f 4384//2302 4385//2238 4386//2303
f 4385//2238 4384//2302 4387//2239
f 4388//2304 4389//2277 4390//2305
f 4389//2277 4388//2304 4391//2306
f 4392//2307 4393//2308 4394//2309
f 4393//2308 4392//2307 4395//2310
f 4396//2308 4397//2297 4398//2309
f 4399//2311 4398//2309 4397//2297
f 4400//2312 4401//2313 4402//2314
f 4401//2313 4400//2312 4403//2315
f 4404//2316 4405//2312 4406//2317
f 4405//2312 4404//2316 4407//2318
f 4408//2319 4409//2320 4410//2321
f 4411//2322 4409//2320 4408//2319
f 4412//2323 4413//2324 4414//2325
f 4413//2324 4412//2323 4415//2326
f 4416//2278 4417//2327 4418//2324
f 4419//2275 4417//2327 4416//2278
f 4420//2112 4421//2328 4422//2324
f 4421//2328 4420//2112 4423//2126
f 4424//2329 4425//2325 4426//2330
f 4425//2325 4424//2329 4427//2331
f 4428//2332 4429//2333 4430//2334
f 4429//2333 4428//2332 4431//2335
f 4432//2333 4433//2310 4434//2334
f 4435//2336 4434//2334 4433//2310
f 4436//2337 4437//2338 4438//2339
f 4437//2338 4436//2337 4439//2340
f 4440//2337 4441//2339 4442//2341
f 4440//2337 4442//2341 4443//2342
f 4444//2343 4445//2344 4446//2345
f 4447//2346 4445//2344 4444//2343
f 4448//2347 4449//2348 4450//2349
f 4449//2348 4448//2347 4451//1701
f 4452//2350 4453//2349 4454//2351
f 4453//2349 4452//2350 4455//2352
f 4456//2353 4457//2354 4458//2355
f 4459//2356 4458//2355 4457//2354
f 4460//2357 4461//2358 4462//2359
f 4461//2358 4460//2357 4463//2360
f 4464//2326 4465//2359 4466//2358
f 4467//2323 4465//2359 4464//2326
f 4468//2358 4469//2113 4470//2326
f 4469//2113 4468//2358 4471//2089
f 4472//2361 4473//2362 4474//2363
f 4473//2362 4472//2361 4475//2364
f 4476//2365 4477//2366 4478//2367
f 4477//2366 4476//2365 4479//2368
f 4480//2366 4481//2335 4482//2369
f 4483//2332 4482//2369 4481//2335
f 4484//2370 4485//2371 4486//2372
f 4485//2371 4484//2370 4487//2373
f 4488//2374 4489//2370 4490//2348
f 4489//2370 4488//2374 4491//2373
f 4492//2375 4493//2376 4494//2377
f 4495//2378 4492//2375 4494//2377
f 4496//2379 4497//2380 4498//2381
f 4499//2382 4496//2379 4498//2381
f 4500//2383 4501//2384 4502//2379
f 4501//2384 4500//2383 4503//2385
f 4504//2386 4505//2372 4506//2371
f 4504//2386 4507//2387 4505//2372
f 4508//2388 4509//2389 4510//2390
f 4509//2389 4508//2388 4511//2391
f 4512//2392 4513//2393 4514//2394
f 4513//2393 4512//2392 4515//2395
f 4516//2392 4517//2396 4518//2395
f 4519//2365 4518//2395 4517//2396
f 4520//2397 4521//2398 4522//2399
f 4522//2399 4523//2400 4520//2397
f 4524//2400 4525//2090 4526//2401
f 4525//2090 4524//2400 4527//2088
f 4528//2068 4529//2088 4530//2402
f 4529//2088 4528//2068 4531//2087
f 4532//2401 4533//2403 4534//2404
f 4533//2403 4532//2401 4535//2405
f 4536//2406 4537//2407 4538//2408
f 4537//2407 4536//2406 4539//2403
f 4540//2407 4541//2360 4542//2409
f 4543//2410 4542//2409 4541//2360
f 4544//2411 4545//2412 4546//2413
f 4547//2414 4544//2411 4546//2413
f 4548//2414 4549//2415 4550//2416
f 4549//2415 4548//2414 4551//2417
f 4552//2418 4553//2379 4554//2384
f 4553//2379 4552//2418 4555//2414
f 4556//2419 4557//2420 4558//2421
f 4557//2420 4556//2419 4559//2422
f 4560//2394 4561//2422 4562//2419
f 4561//2422 4560//2394 4563//2423
f 4564//2424 4565//2425 4566//2388
f 4565//2425 4564//2424 4567//2426
f 4568//2427 4569//2428 4570//2429
f 4569//2428 4568//2427 4571//2430
f 4572//2431 4573//2432 4574//2429
f 4575//2433 4574//2429 4573//2432
f 4576//2434 4577//2404 4578//2403
f 4577//2404 4576//2434 4579//2435
f 4580//2436 4581//2437 4582//2427
f 4581//2437 4580//2436 4583//2438
f 4584//2439 4585//2399 4586//2440
f 4587//2398 4586//2440 4585//2399
f 4588//711 4589//725 4590//724
f 4589//725 4588//711 4591//2438
f 4592//2441 4593//2442 4594//2443
f 4593//2442 4592//2441 4595//2444
f 4596//2445 4597//724 4598//718
f 4597//724 4596//2445 4599//711
f 4600//2445 4601//2446 4602//2447
f 4601//2446 4600//2445 4603//716
f 4604//2448 4605//2449 4606//2450
f 4607//2451 4604//2448 4606//2450
f 4608//721 4609//2452 4610//762
f 4609//2452 4608//721 4611//754
f 4612//762 4613//2453 4614//721
f 4613//2453 4612//762 4615//761
f 4616//722 4617//751 4618//723
f 4617//751 4616//722 4619//2454
f 4620//748 4621//2455 4622//715
f 4623//718 4620//748 4622//715
f 4624//2456 4625//726 4626//2457
f 4625//726 4624//2456 4627//727
f 4628//2458 4629//2459 4630//722
f 4631//2460 4628//2458 4630//722
f 4632//2461 4633//2462 4634//2463
f 4632//2461 4634//2463 4635//2464
f 4636//2457 4637//2462 4638//2456
f 4637//2462 4636//2457 4639//2465
f 4640//2466 4641//2467 4642//2468
f 4640//2466 4642//2468 4643//2462
f 4644//2469 4645//2470 4646//2421
f 4645//2470 4644//2469 4647//2471
f 4648//2472 4649//2449 4650//2448
f 4649//2449 4648//2472 4651//741
f 4652//2473 4653//2474 4654//2475
f 4654//2475 4655//2476 4652//2473
f 4656//2477 4657//726 4658//2478
f 4657//726 4656//2477 4659//2457
f 4660//725 4661//2438 4662//2479
f 4662//2479 4663//726 4660//725
f 4664//2480 4665//2481 4666//2482
f 4665//2481 4664//2480 4667//2474
f 4668//2483 4669//2438 4670//2484
f 4669//2438 4668//2483 4671//2478
f 4672//2463 4673//2477 4674//2485
f 4675//2457 4673//2477 4672//2463
f 4676//2486 4677//2487 4678//2488
f 4679//2489 4678//2488 4677//2487
f 4680//2487 4681//2478 4682//2483
f 4681//2478 4680//2487 4683//2477
f 4684//2477 4685//2487 4686//2486
f 4687//2490 4684//2477 4686//2486
f 4688//2491 4689//2492 4690//2493
f 4690//2493 4691//2494 4688//2491
f 4692//2494 4693//2495 4694//2496
f 4693//2495 4692//2494 4695//2497
f 4696//2482 4697//2498 4698//2494
f 4697//2498 4696//2482 4699//2499
f 4700//2493 4701//2500 4702//2501
f 4703//2492 4701//2500 4700//2493
f 4704//2501 4705//2489 4706//2493
f 4705//2489 4704//2501 4707//2488
f 4708//2502 4709//2488 4710//2503
f 4709//2488 4708//2502 4711//2504
f 4712//2505 4713//1483 4714//1486
f 4713//1483 4712//2505 4715//2506
f 4716//2507 4717//2492 4718//2508
f 4717//2492 4716//2507 4719//1438
f 4720//2509 4721//2510 4722//2511
f 4721//2510 4720//2509 4723//2512
f 4724//2513 4725//2514 4726//2515
f 4725//2514 4724//2513 4727//2516
f 4728//2517 4729//2518 4730//2473
f 4728//2517 4731//2514 4729//2518
f 4732//2519 4733//2520 4734//2521
f 4733//2520 4732//2519 4735//1647
f 4736//2415 4737//2522 4738//2416
f 4737//2522 4736//2415 4739//2523
f 4740//2420 4741//2521 4742//2524
f 4741//2521 4740//2420 4743//2416
f 4744//2525 4745//2526 4746//2508
f 4745//2526 4744//2525 4747//2491
f 4748//1650 4749//2527 4750//2528
f 4749//2527 4748//1650 4751//2529
f 4752//2530 4753//2531 4754//2532
f 4753//2531 4752//2530 4755//1646
f 4756//2516 4757//2513 4758//2533
f 4759//2534 4756//2516 4758//2533
f 4760//2535 4761//2536 4762//2537
f 4761//2536 4760//2535 4763//2538
f 4764//2539 4765//2540 4766//2541
f 4765//2540 4764//2539 4767//2542
f 4768//2543 4769//2544 4770//2542
f 4769//2544 4768//2543 4771//2545
f 4772//2546 4773//2547 4774//2548
f 4773//2547 4772//2546 4775//2549
f 4776//2550 4777//2551 4778//2552
f 4777//2551 4776//2550 4779//2553
f 4780//2554 4781//2551 4782//2555
f 4781//2551 4780//2554 4783//2552
f 4784//2556 4785//2557 4786//2558
f 4785//2557 4784//2556 4787//2559
f 4788//2560 4789//2561 4790//2562
f 4789//2561 4788//2560 4791//2563
f 4792//2564 4793//2565 4794//2566
f 4793//2565 4792//2564 4795//2567
f 4796//2568 4797//2569 4798//2570
f 4797//2569 4796//2568 4799//2571
f 4800//2572 4801//2573 4802//2574
f 4801//2573 4800//2572 4803//2575
f 4804//2576 4805//2577 4806//2578
f 4805//2577 4804//2576 4807//2579
f 4808//2580 4809//2581 4810//2582
f 4809//2581 4808//2580 4811//2583
f 4812//2584 4813//2585 4814//2586
f 4813//2585 4812//2584 4815//2587
f 4816//2586 4817//2588 4818//2584
f 4817//2588 4816//2586 4819//2589
f 4820//2590 4821//2591 4822//2592
f 4821//2591 4820//2590 4823//2593
f 4824//2594 4825//2595 4826//2596
f 4824//2594 4827//2597 4825//2595
f 4828//2598 4829//2599 4830//2600
f 4829//2599 4828//2598 4831//2595
f 4832//2601 4833//2602 4834//2603
f 4832//2601 4835//2604 4833//2602
f 4836//2605 4837//2606 4838//2607
f 4837//2606 4836//2605 4839//2608
f 4840//2609 4841//2610 4842//2611
f 4841//2610 4840//2609 4843//2612
f 4844//2611 4845//2613 4846//2614
f 4845//2613 4844//2611 4847//2615
f 4848//2616 4849//2617 4850//2618
f 4849//2617 4848//2616 4851//2619
f 4852//2606 4853//2620 4854//2607
f 4855//2621 4854//2607 4853//2620
f 4856//2622 4857//2623 4858//2624
f 4857//2623 4856//2622 4859//2625
f 4860//2626 4861//2627 4862//2628
f 4861//2627 4860//2626 4863//2629
f 4864//2613 4865//2630 4866//2614
f 4867//2631 4866//2614 4865//2630
f 4868//2628 4869//2632 4870//2633
f 4869//2632 4868//2628 4871//2627
f 4872//2634 4873//2635 4874//2636
f 4873//2635 4872//2634 4875//2637
f 4876//2638 4877//2639 4878//2640
f 4877//2639 4876//2638 4879//2623
f 4880//2636 4881//2641 4882//2642
f 4881//2641 4880//2636 4883//2635
f 4884//2643 4885//2644 4886//2645
f 4886//2645 4887//2646 4884//2643
f 4888//2633 4889//2647 4890//2648
f 4889//2647 4888//2633 4891//2649
f 4892//2644 4893//2650 4894//2651
f 4893//2650 4892//2644 4895//2643
f 4896//2652 4897//2653 4898//2654
f 4897//2653 4896//2652 4899//2655
f 4900//2641 4901//2656 4902//2642
f 4903//2657 4902//2642 4901//2656
f 4904//2654 4905//2658 4906//2659
f 4905//2658 4904//2654 4907//2653
f 4908//2660 4909//2661 4910//2662
f 4910//2662 4911//2663 4908//2660
f 4912//2650 4913//2664 4914//2651
f 4915//2665 4914//2651 4913//2664
f 4916//2661 4917//2666 4918//2667
f 4917//2666 4916//2661 4919//2668
f 4920//2669 4921//2670 4922//2671
f 4922//2671 4923//2672 4920//2669
f 4924//2658 4925//2673 4926//2659
f 4927//2674 4926//2659 4925//2673
f 4928//2670 4929//2675 4930//2676
f 4929//2675 4928//2670 4931//2677
f 4932//2666 4933//2678 4934//2679
f 4935//2680 4934//2679 4933//2678
f 4936//2675 4937//2681 4938//2676
f 4939//2682 4938//2676 4937//2681
f 4940//2683 4941//2684 4942//2685
f 4942//2685 4941//2684 4943//2686
f 4944//2687 4945//2688 4946//2689
f 4947//2690 4948//2691 4949//1233
f 4950//1232 4947//2690 4949//1233
f 4951//2692 4952//769 4953//2693
f 4952//769 4951//2692 4954//2694
f 4955//2695 4956//2696 4957//2697
f 4956//2696 4955//2695 4958//2698
f 4959//2699 4960//2700 4961//2701
f 4960//2700 4959//2699 4962//2702
f 4963//2702 4964//2697 4965//2700
f 4964//2697 4963//2702 4966//2695
f 4967//2703 4968//2704 4969//2705
f 4969//2705 4970//2688 4967//2703
s 0
f 4971//957 4972//957 4973//957
f 4974//2706 4975//2706 4976//2706
s 1
f 4977//2707 4978//2708 4979//2709
f 4978//2708 4977//2707 4980//2688
f 4981//2710 4982//2711 4983//2712
f 4982//2711 4981//2710 4984//2713
f 4985//2713 4986//2714 4987//2711
f 4986//2714 4985//2713 4988//2699
f 4989//2712 4990//2715 4991//2710
f 4990//2715 4989//2712 4992//2716
f 4993//2689 4994//2717 4995//2718
f 4995//2718 4996//2719 4993//2689
f 4997//2720 4998//2721 4999//2720
f 4998//2721 4997//2720 5000//2722
f 5001//2723 5002//2724 5003//2725
f 5002//2724 5001//2723 5004//2726
f 5005//2727 5006//2728 5007//2729
f 5006//2728 5005//2727 5008//2730
f 5009//2731 5010//2729 5011//2732
f 5010//2729 5009//2731 5012//2733
f 5013//2734 5014//2735 5015//2736
f 5014//2735 5013//2734 5016//2737
f 5017//2738 5018//2739 5019//2740
f 5018//2739 5017//2738 5020//2741
f 5021//2742 5022//2743 5023//2744
f 5022//2743 5021//2742 5024//2745
f 5025//2746 5026//2747 5027//2748
f 5026//2747 5025//2746 5028//2749
f 5029//2750 5030//2751 5031//2752
f 5030//2751 5029//2750 5032//2753
f 5033//2754 5034//2755 5035//2756
f 5034//2755 5033//2754 5036//2757
f 5037//2758 5038//2759 5039//2760
f 5038//2759 5037//2758 5040//2761
f 5041//2762 5042//2763 5043//2764
f 5042//2763 5041//2762 5044//2765
f 5045//2766 5046//2767 5047//2768
f 5046//2767 5045//2766 5048//2769
f 5049//2770 5050//2771 5051//2772
f 5050//2771 5049//2770 5052//2773
f 5053//2774 5054//2775 5055//2776
f 5054//2775 5053//2774 5056//2777
f 5057//1265 5058//2778 5059//1265
f 5058//2778 5057//1265 5060//2779
f 5061//2780 5062//2781 5063//2782
f 5064//2783 5062//2781 5061//2780
f 5065//2784 5066//2785 5067//2786
f 5066//2785 5065//2784 5068//2787
f 5069//2788 5070//2789 5071//2596
f 5070//2789 5069//2788 5072//2790
f 5073//2791 5074//2792 5075//2685
f 5074//2792 5073//2791 5076//2793
f 5077//2794 5078//2795 5079//2594
f 5078//2795 5077//2794 5080//2796
f 5081//2719 5082//2718 5083//2797
f 5083//2797 5084//2798 5081//2719
f 5085//2799 5086//2800 5087//2801
f 5086//2800 5085//2799 5088//2802
f 5089//2802 5090//2803 5091//2804
f 5090//2803 5089//2802 5092//2805
f 5093//2806 5094//2807 5095//2808
f 5094//2807 5093//2806 5096//2809
f 5097//2796 5098//2810 5099//2795
f 5098//2810 5097//2796 5100//2811
f 5101//2812 5102//2813 5103//2795
f 5103//2795 5104//2810 5101//2812
f 5105//2814 5106//2815 5107//2816
f 5106//2815 5105//2814 5108//2817
f 5109//2818 5110//2819 5111//2820
f 5110//2819 5109//2818 5112//2821
f 5113//2805 5114//2822 5115//2803
f 5114//2822 5113//2805 5116//2823
f 5117//2803 5118//2811 5119//2796
f 5118//2811 5117//2803 5120//2822
f 5121//2824 5122//2825 5123//2826
f 5122//2825 5121//2824 5124//2827
f 5125//2828 5126//2829 5127//2830
f 5126//2829 5125//2828 5128//2831
f 5129//2817 5130//2832 5131//2815
f 5130//2832 5129//2817 5132//2833
f 5133//2815 5134//2823 5135//2805
f 5134//2823 5133//2815 5136//2832
f 5137//2830 5138//2834 5139//2828
f 5138//2834 5137//2830 5140//2835
f 5141//2836 5142//2837 5143//2838
f 5142//2837 5141//2836 5144//2839
f 5145//2840 5146//2825 5147//2827
f 5145//2840 5147//2827 5148//2841
f 5149//2825 5150//2833 5151//2817
f 5150//2833 5149//2825 5152//2840
f 5153//2842 5154//2843 5155//2844
f 5154//2843 5153//2842 5156//2845
f 5157//2846 5158//2834 5159//2835
f 5157//2846 5159//2835 5160//2847
f 5161//2834 5162//2841 5163//2827
f 5162//2841 5161//2834 5164//2846
f 5165//2848 5166//2849 5167//2850
f 5166//2849 5165//2848 5168//2851
f 5169//2850 5170//2852 5171//2853
f 5171//2853 5172//2854 5169//2850
f 5173//2855 5174//2856 5175//2857
f 5173//2855 5176//2843 5174//2856
f 5177//2843 5178//2847 5179//2835
f 5178//2847 5177//2843 5180//2855
f 5181//2852 5182//2858 5183//2859
f 5183//2859 5184//2860 5181//2852
f 5185//2860 5186//2861 5187//2856
f 5186//2861 5185//2860 5188//2859
f 5189//2852 5190//2862 5191//2863
f 5190//2862 5189//2852 5192//2864
f 5193//2864 5194//2865 5195//2866
f 5194//2865 5193//2864 5196//2867
f 5197//2868 5198//2869 5199//2870
f 5198//2869 5197//2868 5200//2871
f 5201//2872 5202//2867 5203//2864
f 5203//2864 5204//2873 5201//2872
f 5205//2874 5206//2875 5207//2876
f 5206//2875 5205//2874 5208//2877
f 5209//2878 5210//2879 5211//2875
f 5210//2879 5209//2878 5212//2880
f 5213//2881 5214//2882 5215//2883
f 5214//2882 5213//2881 5216//2884
f 5217//2867 5218//2885 5219//2865
f 5218//2885 5217//2867 5220//2874
f 5221//2886 5222//2887 5223//2885
f 5223//2885 5224//2874 5221//2886
f 5225//2888 5226//2889 5227//2890
f 5226//2889 5225//2888 5228//2891
f 5229//2892 5230//2893 5231//2882
f 5230//2893 5229//2892 5232//2894
f 5233//2895 5234//2883 5235//2896
f 5234//2883 5233//2895 5236//2881
f 5237//2897 5238//2881 5239//2895
f 5238//2881 5237//2897 5240//2886
f 5241//2890 5242//773 5243//772
f 5242//773 5241//2890 5244//2889
f 5245//2889 5246//2898 5247//2899
f 5248//2890 5249//2900 5250//2901
f 5250//2901 5251//2902 5248//2890
f 5252//1092 5253//1091 5254//2903
f 5255//2904 5256//769 5257//794
f 5255//2904 5257//794 5258//793
f 5259//797 5260//1092 5261//2905
f 5261//2905 5262//800 5259//797
f 5263//799 5264//804 5265//801
f 5264//804 5263//799 5266//798
f 5267//2906 5268//2907 5269//795
f 5268//2907 5267//2906 5270//2908
f 5271//2909 5272//2910 5273//2911
f 5272//2910 5271//2909 5274//2912
f 5275//2913 5276//2914 5277//2915
f 5276//2914 5275//2913 5278//2916
f 5279//2917 5280//2918 5281//2919
f 5280//2918 5279//2917 5282//2920
f 5283//2921 5284//2922 5285//2923
f 5284//2922 5283//2921 5286//2924
f 5287//2925 5288//2926 5289//2927
f 5288//2926 5287//2925 5290//2928
f 5291//2929 5292//2930 5293//2931
f 5292//2930 5291//2929 5294//2932
f 5295//2933 5296//2934 5297//2935
f 5296//2934 5295//2933 5298//2936
f 5299//2937 5300//2938 5301//2939
f 5300//2938 5299//2937 5302//2940
f 5303//2941 5304//2942 5305//2943
f 5304//2942 5303//2941 5306//2944
f 5307//2945 5308//2946 5309//2947
f 5308//2946 5307//2945 5310//2948
f 5311//2949 5312//2950 5313//2951
f 5312//2950 5311//2949 5314//2952
f 5315//2953 5316//2954 5317//2955
f 5316//2954 5315//2953 5318//2956
f 5319//2957 5320//2958 5321//2959
f 5320//2958 5319//2957 5322//2960
f 5323//2961 5324//2962 5325//2963
f 5324//2962 5323//2961 5326//2964
f 5327//2965 5328//2966 5329//2967
f 5328//2966 5327//2965 5330//2968
f 5331//2969 5332//2970 5333//2971
f 5332//2970 5331//2969 5334//2972
f 5335//2973 5336//2974 5337//2975
f 5336//2974 5335//2973 5338//2976
f 5339//2977 5340//2978 5341//2979
f 5340//2978 5339//2977 5342//2980
f 5343//2977 5344//2981 5345//2980
f 5344//2981 5343//2977 5346//2982
f 5347//2983 5348//2984 5349//2985
f 5350//2986 5347//2983 5349//2985
f 5351//2987 5352//2988 5353//2989
f 5352//2988 5351//2987 5354//2983
f 5355//2990 5356//2991 5357//2992
f 5356//2991 5355//2990 5358//2993
f 5359//2994 5360//2992 5361//2995
f 5360//2992 5359//2994 5362//2990
f 5363//2996 5364//2997 5365//2998
f 5366//2992 5363//2996 5365//2998
f 5367//2999 5368//3000 5369//3001
f 5370//3002 5367//2999 5369//3001
f 5371//3003 5372//3004 5373//3005
f 5372//3004 5371//3003 5374//3006
f 5375//3007 5376//3008 5377//3002
f 5376//3008 5375//3007 5378//3009
f 5379//3010 5380//3011 5381//3012
f 5380//3011 5379//3010 5382//3013
f 5383//3009 5384//3012 5385//3014
f 5384//3012 5383//3009 5386//3015
f 5387//2990 5388//2994 5389//3014
f 5390//3016 5387//2990 5389//3014
f 5391//3017 5392//3018 5393//3019
f 5392//3018 5391//3017 5394//3020
f 5395//3021 5396//3020 5397//3022
f 5396//3020 5395//3021 5398//3018
f 5399//3023 5400//3022 5401//3024
f 5402//3009 5400//3022 5399//3023
f 5403//3025 5404//3026 5405//3027
f 5404//3026 5403//3025 5406//3028
f 5407//3019 5408//3028 5409//3029
f 5408//3028 5407//3019 5410//3026
f 5411//3030 5412//3017 5413//3028
f 5414//3031 5412//3017 5411//3030
f 5415//3032 5416//3033 5417//3034
f 5416//3033 5415//3032 5418//3035
f 5419//3036 5420//3037 5421//3038
f 5420//3037 5419//3036 5422//3039
f 5423//3018 5424//3040 5425//3037
f 5426//3041 5424//3040 5423//3018
f 5427//3042 5428//3043 5429//3044
f 5430//3045 5427//3042 5429//3044
f 5431//3046 5432//2997 5433//3042
f 5432//2997 5431//3046 5434//3047
f 5435//3005 5436//3048 5437//3045
f 5436//3048 5435//3005 5438//2994
f 5439//3049 5440//3050 5441//3051
f 5441//3051 5442//3052 5439//3049
f 5443//3052 5444//3000 5445//3049
f 5444//3000 5443//3052 5446//3001
f 5447//3040 5448//3053 5449//3054
f 5448//3053 5447//3040 5450//3055
f 5451//3056 5452//3057 5453//3058
f 5452//3057 5451//3056 5454//3059
f 5455//3034 5456//3059 5457//3032
f 5456//3059 5455//3034 5458//3060
f 5459//3026 5460//3032 5461//3059
f 5462//3019 5460//3032 5459//3026
f 5463//3061 5464//3062 5465//3063
f 5464//3062 5463//3061 5466//3064
f 5467//3065 5468//3064 5469//3066
f 5468//3064 5467//3065 5470//3062
f 5471//3033 5472//3066 5473//3064
f 5474//3067 5472//3066 5471//3033
f 5475//3068 5476//3069 5477//3070
f 5477//3070 5478//3071 5475//3068
f 5479//3071 5480//3043 5481//3068
f 5480//3043 5479//3071 5482//3044
f 5483//3072 5484//3044 5485//3071
f 5484//3044 5483//3072 5486//3000
f 5487//3073 5488//3074 5489//3075
f 5489//3075 5490//3076 5487//3073
f 5491//3077 5492//3050 5493//3078
f 5492//3050 5491//3077 5494//3079
f 5495//3080 5496//3081 5497//3082
f 5496//3081 5495//3080 5498//3083
f 5499//3084 5500//3085 5501//3086
f 5500//3085 5499//3084 5502//3087
f 5503//3088 5504//3087 5505//3089
f 5504//3087 5503//3088 5506//3085
f 5507//3060 5508//3089 5509//3087
f 5510//3034 5508//3089 5507//3060
f 5511//3090 5512//3091 5513//3092
f 5513//3092 5514//3093 5511//3090
f 5515//3093 5516//3063 5517//3094
f 5516//3063 5515//3093 5518//3095
f 5519//3096 5520//3085 5521//3093
f 5520//3085 5519//3096 5522//3097
f 5523//3098 5524//3099 5525//3100
f 5525//3100 5526//3101 5523//3098
f 5527//3101 5528//3102 5529//3103
f 5528//3102 5527//3101 5530//3062
f 5531//3104 5532//3105 5533//3106
f 5532//3105 5531//3104 5534//3088
f 5535//3107 5536//3108 5537//3109
f 5537//3109 5538//3110 5535//3107
f 5539//3110 5540//3069 5541//3111
f 5540//3069 5539//3110 5542//3112
f 5543//3078 5544//3112 5545//3110
f 5544//3112 5543//3078 5546//3113
f 5547//3114 5548//3115 5549//3116
f 5548//3115 5547//3114 5550//3117
f 5551//3075 5552//3118 5553//3115
f 5554//3074 5552//3118 5551//3075
f 5555//3119 5556//3120 5557//3115
f 5556//3120 5555//3119 5558//3121
f 5559//3118 5560//3122 5561//3123
f 5560//3122 5559//3118 5562//3124
f 5563//3125 5564//3124 5565//3126
f 5564//3124 5563//3125 5566//3127
f 5567//3128 5568//3129 5569//3130
f 5570//3108 5568//3129 5567//3128
f 5571//3131 5572//3132 5573//3133
f 5573//3133 5574//3134 5571//3131
f 5575//3134 5576//3135 5577//3131
f 5576//3135 5575//3134 5578//3092
f 5579//3136 5580//3092 5581//3134
f 5580//3092 5579//3136 5582//3137
f 5583//3138 5584//3139 5585//3140
f 5584//3139 5583//3138 5586//3141
f 5587//3142 5588//3143 5589//3144
f 5588//3143 5587//3142 5590//3139
f 5591//3141 5592//3127 5593//3145
f 5594//3125 5593//3145 5592//3127
f 5595//3146 5596//3147 5597//3148
f 5597//3148 5598//3149 5595//3146
f 5599//3150 5600//3099 5601//3151
f 5600//3099 5599//3150 5602//3152
f 5603//3131 5604//3153 5605//3150
f 5604//3153 5603//3131 5606//3135
f 5607//3154 5608//3155 5609//3156
f 5608//3155 5607//3154 5610//3157
f 5611//3158 5612//3159 5613//3160
f 5612//3159 5611//3158 5614//3156
f 5615//3117 5616//3161 5617//3159
f 5618//3162 5616//3161 5615//3117
f 5619//3163 5620//3164 5621//3165
f 5622//3166 5619//3163 5621//3165
f 5623//3166 5624//3167 5625//3163
f 5624//3167 5623//3166 5626//3133
f 5627//3168 5628//3169 5629//3166
f 5628//3169 5627//3168 5630//3170
f 5631//3171 5632//3172 5633//3173
f 5634//3174 5631//3171 5633//3173
f 5635//3174 5636//3175 5637//3171
f 5636//3175 5635//3174 5638//3148
f 5639//3163 5640//3148 5641//3176
f 5640//3148 5639//3163 5642//3132
f 5643//3177 5644//3178 5645//3179
f 5646//3180 5643//3177 5645//3179
f 5647//3181 5648//3182 5649//3183
f 5648//3182 5647//3181 5650//3184
f 5651//3185 5652//3186 5653//3181
f 5652//3186 5651//3185 5654//3187
f 5655//3188 5656//3189 5657//3190
f 5656//3189 5655//3188 5658//3191
f 5659//3192 5660//3193 5661//3194
f 5660//3193 5659//3192 5662//3189
f 5663//3195 5664//3142 5665//3196
f 5666//3193 5663//3195 5665//3196
f 5667//3197 5668//3198 5669//3199
f 5670//3200 5667//3197 5669//3199
f 5671//3200 5672//3201 5673//3197
f 5672//3201 5671//3200 5674//3179
f 5675//3202 5676//3179 5677//3203
f 5676//3179 5675//3202 5678//3172
f 5679//3197 5680//3204 5681//3198
f 5680//3204 5679//3197 5682//3205
f 5683//3206 5684//3207 5685//3208
f 5684//3207 5683//3206 5686//3204
f 5687//3189 5688//3208 5689//3205
f 5687//3189 5690//3209 5688//3208
f 5691//3210 5692//3211 5693//3212
f 5694//3213 5692//3211 5691//3210
f 5695//3214 5696//3215 5697//3210
f 5696//3215 5695//3214 5698//3216
f 5699//3217 5700//3216 5701//3212
f 5699//3217 5702//3206 5700//3216
f 5703//3218 5704//3219 5705//3220
f 5704//3219 5703//3218 5706//3221
f 5707//3211 5708//3213 5709//3222
f 5710//3219 5707//3211 5709//3222
f 5711//3219 5712//3198 5713//3211
f 5712//3198 5711//3219 5714//3199
f 5715//3202 5716//3223 5717//3224
f 5718//3225 5715//3202 5717//3224
f 5719//3226 5720//3227 5721//3202
f 5720//3227 5719//3226 5722//3173
f 5723//3228 5724//3173 5725//3226
f 5724//3173 5723//3228 5726//3164
f 5727//3221 5728//3218 5729//3229
f 5730//3230 5727//3221 5729//3229
f 5731//3230 5732//3223 5733//3221
f 5732//3223 5731//3230 5734//3224
f 5735//3231 5736//3224 5737//3230
f 5736//3224 5735//3231 5738//3232
f 5739//3228 5740//3233 5741//3234
f 5742//3235 5739//3228 5741//3234
f 5743//3235 5744//3164 5745//3228
f 5744//3164 5743//3235 5746//3165
f 5747//1415 5748//3165 5749//3235
f 5748//3165 5747//1415 5750//3236
f 5751//3231 5752//3237 5753//3238
f 5754//3239 5751//3231 5753//3238
f 5755//3240 5756//3232 5757//3231
f 5756//3232 5755//3240 5758//3234
f 5759//1392 5760//3234 5761//3239
f 5760//3234 5759//1392 5762//3241
f 5763//3242 5764//3243 5765//3244
f 5764//3243 5763//3242 5766//3245
f 5767//3246 5768//3247 5769//3244
f 5770//3243 5767//3246 5769//3244
f 5771//3248 5772//3218 5773//3249
f 5772//3218 5771//3248 5774//3250
f 5775//1399 5776//3251 5777//3252
f 5775//1399 5778//3253 5776//3251
f 5779//3245 5780//3254 5781//3255
f 5782//3253 5779//3245 5781//3255
f 5783//3253 5784//3256 5785//3245
f 5784//3256 5783//3253 5786//3238
f 5787//2527 5788//3257 5789//3258
f 5788//3257 5787//2527 5790//3259
f 5791//3260 5792//3247 5793//3246
f 5792//3247 5791//3260 5794//3261
f 5795//3260 5796//3262 5797//3263
f 5796//3262 5795//3260 5798//3264
f 5799//3264 5800//3220 5801//3265
f 5799//3264 5802//3260 5800//3220
f 5803//3266 5804//3267 5805//3268
f 5806//3262 5804//3267 5803//3266
f 5807//3268 5808//3269 5809//3266
f 5808//3269 5807//3268 5810//3270
f 5811//3270 5812//3210 5813//3215
f 5811//3270 5814//3268 5812//3210
f 5815//3242 5816//3271 5817//3272
f 5817//3272 5818//3251 5815//3242
f 5819//1332 5820//3247 5821//1333
f 5820//3247 5819//1332 5822//3244
f 5823//3273 5824//3274 5825//3275
f 5826//3276 5823//3273 5825//3275
f 5827//3276 5828//3277 5829//3273
f 5828//3277 5827//3276 5830//3278
f 5831//3266 5832//3278 5833//3276
f 5832//3278 5831//3266 5834//3269
f 5835//1333 5836//3247 5837//3263
f 5837//3263 5838//1336 5835//1333
f 5839//3279 5840//3280 5841//3281
f 5842//3282 5839//3279 5841//3281
f 5843//3282 5844//3283 5845//3279
f 5844//3283 5843//3282 5846//3284
f 5847//3285 5848//3284 5849//3282
f 5848//3284 5847//3285 5850//3277
f 5851//3274 5852//1339 5853//3275
f 5852//1339 5851//3274 5854//3286
f 5855//3287 5856//3288 5857//3289
f 5858//3290 5855//3287 5857//3289
f 5859//3290 5860//3291 5861//3287
f 5860//3291 5859//3290 5862//3292
f 5863//3279 5864//3293 5865//3290
f 5864//3293 5863//3279 5866//3283
f 5867//3280 5868//1343 5869//3281
f 5868//1343 5867//3280 5870//1341
f 5871//3287 5872//3294 5873//1113
f 5872//3294 5871//3287 5874//3291
f 5875//1112 5876//3295 5877//3296
f 5876//3295 5875//1112 5878//1097
f 5879//3297 5880//1110 5881//1107
f 5880//1110 5879//3297 5882//1417
f 5883//3298 5884//3299 5885//3300
f 5883//3298 5885//3300 5886//3295
f 5887//1093 5888//2698 5889//1094
f 5888//2698 5887//1093 5890//2696
f 5891//3288 5892//3301 5893//3302
f 5893//3302 5894//3289 5891//3288
f 5895//3303 5896//3304 5897//3305
f 5895//3303 5898//3306 5896//3304
f 5899//3307 5900//3299 5901//3303
f 5900//3299 5899//3307 5902//3300
f 5903//3300 5904//3305 5905//3308
f 5903//3300 5905//3308 5906//3309
f 5907//3310 5908//3308 5909//3311
f 5908//3308 5907//3310 5910//3309
f 5911//3312 5912//3313 5913//3314
f 5911//3312 5913//3314 5914//3315
f 5915//3315 5916//3306 5917//3316
f 5916//3306 5915//3315 5918//3304
f 5919//3304 5920//3317 5921//3318
f 5919//3304 5922//3315 5920//3317
f 5923//1312 5924//3318 5925//3317
f 5924//3318 5923//1312 5926//3319
f 5927//3320 5928//3321 5929//3322
f 5930//3323 5928//3321 5927//3320
f 5931//3324 5932//3313 5933//3320
f 5932//3313 5931//3324 5934//3314
f 5935//3314 5936//3325 5937//3326
f 5935//3314 5938//3322 5936//3325
f 5939//3327 5940//3328 5941//3329
f 5942//3330 5939//3327 5941//3329
f 5943//3330 5944//3331 5945//3327
f 5944//3331 5943//3330 5946//3321
f 5947//3332 5948//3321 5949//3333
f 5948//3321 5947//3332 5950//3334
f 5951//3335 5952//3328 5953//3336
f 5952//3328 5951//3335 5954//3329
f 5955//3337 5956//3338 5957//3335
f 5956//3338 5955//3337 5958//3339
f 5959//3340 5960//3341 5961//3342
f 5961//3342 5962//3343 5959//3340
f 5963//743 5964//2485 5965//2486
f 5964//2485 5963//743 5966//740
f 5967//1144 5968//3344 5969//1142
f 5968//3344 5967//1144 5970//3344
f 5971//3345 5972//3346 5973//3347
f 5972//3346 5971//3345 5974//3348
f 5975//3349 5976//3350 5977//3351
f 5976//3350 5975//3349 5978//3352
f 5979//3353 5980//3354 5981//3351
f 5982//3355 5979//3353 5981//3351
f 5983//3356 5984//3348 5985//3357
f 5983//3356 5985//3357 5986//3355
f 5987//3358 5988//3359 5989//3360
f 5988//3359 5987//3358 5990//3361
f 5991//3362 5992//3356 5993//3363
f 5992//3356 5991//3362 5994//3364
f 5995//3348 5996//3360 5997//3346
f 5996//3360 5995//3348 5998//3356
f 5999//3365 6000//3366 6001//3367
f 6000//3366 5999//3365 6002//3368
f 6003//3369 6004//3370 6005//3371
f 6004//3370 6003//3369 6006//3365
f 6007//3352 6008//3349 6009//3371
f 6010//3367 6007//3352 6009//3371
f 6011//3372 6012//3373 6013//3374
f 6012//3373 6011//3372 6014//3375
f 6015//3376 6016//3374 6017//3377
f 6016//3374 6015//3376 6018//3372
f 6019//3362 6020//3363 6021//3378
f 6022//3379 6019//3362 6021//3378
f 6023//3380 6024//3381 6025//3382
f 6026//3383 6024//3381 6023//3380
f 6027//3384 6028//3382 6029//3385
f 6028//3382 6027//3384 6030//3380
f 6031//3365 6032//3369 6033//3385
f 6034//3382 6031//3365 6033//3385
f 6035//3386 6036//3387 6037//3388
f 6036//3387 6035//3386 6038//3389
f 6039//3383 6040//3390 6041//3391
f 6040//3390 6039//3383 6042//3392
f 6043//3393 6044//3368 6045//3394
f 6046//3388 6043//3393 6045//3394
f 6047//3395 6048//3396 6049//3397
f 6050//3398 6048//3396 6047//3395
f 6051//3399 6052//3397 6053//3400
f 6052//3397 6051//3399 6054//3395
f 6055//3380 6056//3384 6057//3400
f 6058//3397 6055//3380 6057//3400
f 6059//3401 6060//3402 6061//3403
f 6060//3402 6059//3401 6062//3404
f 6063//3405 6064//3406 6065//3407
f 6064//3406 6063//3405 6066//3401
f 6067//3392 6068//3383 6069//3408
f 6070//3403 6067//3392 6069//3408
f 6071//3409 6072//3410 6073//3411
f 6072//3410 6071//3409 6074//3412
f 6075//3413 6076//3411 6077//3414
f 6076//3411 6075//3413 6078//3409
f 6079//3395 6080//3415 6081//3416
f 6082//3411 6079//3395 6081//3416
f 6083//3417 6084//3418 6085//3419
f 6084//3418 6083//3417 6086//3420
f 6087//3421 6088//3422 6089//3423
f 6088//3422 6087//3421 6090//3417
f 6091//3424 6092//3398 6093//3425
f 6094//3419 6091//3424 6093//3425
f 6095//3426 6096//3427 6097//3428
f 6098//3429 6096//3427 6095//3426
f 6099//3430 6100//3428 6101//3431
f 6100//3428 6099//3430 6102//3426
f 6103//3409 6104//3432 6105//3431
f 6106//3433 6103//3409 6105//3431
f 6107//3434 6108//3435 6109//3436
f 6110//3437 6108//3435 6107//3434
f 6111//3429 6112//3438 6113//3439
f 6112//3438 6111//3429 6114//3434
f 6115//3440 6116//3412 6117//3439
f 6117//3439 6118//3436 6115//3440
f 6119//3441 6120//3442 6121//3443
f 6122//3444 6120//3442 6119//3441
f 6123//3443 6124//3445 6125//3441
f 6124//3445 6123//3443 6126//3446
f 6127//3447 6128//3430 6129//3446
f 6129//3446 6130//3443 6127//3447
f 6131//3448 6132//3449 6133//3450
f 6134//3451 6132//3449 6131//3448
f 6135//3452 6136//3453 6137//3454
f 6136//3453 6135//3452 6138//3455
f 6139//3456 6140//3429 6141//3457
f 6141//3457 6142//3450 6139//3456
f 6143//3458 6144//3459 6145//3460
f 6146//3461 6144//3459 6143//3458
f 6147//3462 6148//3463 6149//3458
f 6148//3463 6147//3462 6150//3464
f 6151//3464 6152//3460 6153//3441
f 6151//3464 6153//3441 6154//3465
f 6155//3466 6156//3467 6157//3468
f 6158//3469 6156//3467 6155//3466
f 6159//3468 6160//3470 6161//3466
f 6160//3470 6159//3468 6162//3459
f 6163//3471 6164//3472 6165//3473
f 6163//3471 6166//3468 6164//3472
f 6167//3474 6168//3475 6169//3476
f 6170//3477 6168//3475 6167//3474
f 6171//3476 6172//3478 6173//3474
f 6172//3478 6171//3476 6174//3479
f 6175//3479 6176//3476 6177//3458
f 6175//3479 6177//3458 6178//3463
f 6179//3480 6180//3481 6181//3482
f 6182//3483 6180//3481 6179//3480
f 6183//3482 6184//3477 6185//3484
f 6184//3477 6183//3482 6186//3475
f 6187//3475 6188//3466 6189//3470
f 6188//3466 6187//3475 6190//3482
f 6191//3485 6192//3486 6193//3487
f 6192//3486 6191//3485 6194//3488
f 6195//3489 6196//3490 6197//3485
f 6196//3490 6195//3489 6198//3491
f 6199//3489 6200//3474 6201//3478
f 6200//3474 6199//3489 6202//3485
f 6203//3492 6204//3493 6205//3494
f 6204//3493 6203//3492 6206//3495
f 6207//2993 6208//3496 6209//2991
f 6208//3496 6207//2993 6210//3497
f 6211//3498 6212//3499 6213//2991
f 6211//3498 6213//2991 6214//3495
f 6215//3500 6216//3501 6217//3502
f 6216//3501 6215//3500 6218//3503
f 6219//3504 6220//3502 6221//3490
f 6220//3502 6219//3504 6222//3500
f 6223//3505 6224//3506 6225//3507
f 6225//3507 6226//3508 6223//3505
f 6227//3509 6228//3510 6229//3511
f 6227//3509 6230//3512 6228//3510
f 6231//3513 6232//3512 6233//3514
f 6232//3512 6231//3513 6234//3510
f 6235//3515 6236//3514 6237//3512
f 6235//3515 6238//3516 6236//3514
f 6239//3501 6240//3517 6241//3518
f 6239//3501 6242//3519 6240//3517
f 6243//3511 6244//3520 6245//3509
f 6244//3520 6243//3511 6246//3517
f 6247//3521 6248//3509 6249//3520
f 6250//3522 6248//3509 6247//3521
f 6251//3523 6252//3524 6253//3525
f 6251//3523 6253//3525 6254//3526
f 6255//3527 6256//3524 6257//3528
f 6256//3524 6255//3527 6258//3529
f 6259//3493 6260//2993 6261//3530
f 6259//3493 6261//3530 6262//3531
f 6263//3532 6264//3533 6265//3534
f 6264//3533 6263//3532 6266//3535
f 6267//3536 6268//3532 6269//3537
f 6267//3536 6269//3537 6270//3031
f 6271//3538 6272//3539 6273//3540
f 6272//3539 6271//3538 6274//3541
f 6275//3542 6276//3543 6277//3544
f 6278//3545 6276//3543 6275//3542
f 6279//3546 6280//3544 6281//3547
f 6280//3544 6279//3546 6282//3548
f 6283//3547 6284//3544 6285//3549
f 6283//3547 6285//3549 6286//3550
f 6287//3551 6288//3552 6289//3553
f 6287//3551 6289//3553 6290//3554
f 6291//3526 6292//3552 6293//3555
f 6292//3552 6291//3526 6294//3556
f 6295//3557 6296//3558 6297//3559
f 6295//3557 6298//3513 6296//3558
f 6299//3560 6300//3561 6301//3562
f 6300//3561 6299//3560 6302//3563
f 6303//3564 6304//3565 6305//3566
f 6306//3567 6303//3564 6305//3566
f 6307//3568 6308//3560 6309//3569
f 6308//3560 6307//3568 6310//3570
f 6311//3571 6312//3563 6313//3572
f 6314//3573 6312//3563 6311//3571
f 6315//3574 6316//3575 6317//3576
f 6316//3575 6315//3574 6318//3577
f 6319//3577 6320//3548 6321//3578
f 6322//3574 6320//3548 6319//3577
f 6323//3579 6324//3580 6325//3581
f 6323//3579 6326//3582 6324//3580
f 6327//3583 6328//3582 6329//3551
f 6328//3582 6327//3583 6330//3584
f 6331//3517 6332//3551 6333//3582
f 6334//3511 6332//3551 6331//3517
f 6335//3585 6336//3586 6337//3587
f 6336//3586 6335//3585 6338//3588
f 6339//3588 6340//3589 6341//3590
f 6339//3588 6341//3590 6342//3561
f 6343//3591 6344//3590 6345//3592
f 6346//3593 6344//3590 6343//3591
f 6347//3594 6348//3586 6349//3595
f 6348//3586 6347//3594 6350//3596
f 6351//3597 6352//3596 6353//3594
f 6352//3596 6351//3597 6354//3598
f 6355//3575 6356//3594 6357//3576
f 6356//3594 6355//3575 6358//3597
f 6359//3599 6360//3600 6361//3601
f 6361//3601 6362//3602 6359//3599
f 6363//3581 6364//3602 6365//3579
f 6364//3602 6363//3581 6366//3599
f 6367//3505 6368//3579 6369//3602
f 6368//3579 6367//3505 6370//3518
f 6371//3603 6372//3604 6373//3605
f 6372//3604 6371//3603 6374//3606
f 6375//3487 6376//3607 6377//3603
f 6376//3607 6375//3487 6378//3506
f 6379//3487 6380//3480 6381//3477
f 6380//3480 6379//3487 6382//3603
f 6383//3608 6384//3609 6385//3610
f 6385//3610 6386//3611 6383//3608
f 6387//3612 6388//3613 6389//3614
f 6388//3613 6387//3612 6390//3615
f 6391//3616 6392//3617 6393//3611
f 6394//3618 6392//3617 6391//3616
f 6395//3619 6396//3620 6397//3621
f 6396//3620 6395//3619 6398//3622
f 6399//3623 6400//3622 6401//3619
f 6400//3622 6399//3623 6402//3624
f 6403//3598 6404//3619 6405//3596
f 6404//3619 6403//3598 6406//3623
f 6407//3625 6408//3626 6409//3627
f 6409//3627 6410//3628 6407//3625
f 6411//3629 6412//3630 6413//3625
f 6412//3630 6411//3629 6414//3610
f 6415//3599 6416//3631 6417//3628
f 6416//3631 6415//3599 6418//3581
f 6419//3605 6420//3632 6421//3483
f 6420//3632 6419//3605 6422//3633
f 6423//3634 6424//3633 6425//3635
f 6424//3633 6423//3634 6426//3636
f 6427//3637 6428//3638 6429//3633
f 6430//3639 6428//3638 6427//3637
f 6431//3640 6432//3641 6433//3642
f 6432//3641 6431//3640 6434//3643
f 6435//3624 6436//3644 6437//3622
f 6436//3644 6435//3624 6438//3640
f 6439//3645 6440//3620 6441//3622
f 6441//3622 6442//3644 6439//3645
f 6443//3646 6444//3647 6445//3648
f 6444//3647 6443//3646 6446//3649
f 6447//3650 6448//3651 6449//3652
f 6448//3651 6447//3650 6450//3653
f 6451//3654 6452//3652 6453//3651
f 6454//3655 6452//3652 6451//3654
f 6455//3656 6456//3657 6457//3658
f 6458//3659 6456//3657 6455//3656
f 6459//3658 6460//3643 6461//3656
f 6460//3643 6459//3658 6462//3660
f 6463//3660 6464//3661 6465//3662
f 6463//3660 6466//3658 6464//3661
f 6467//3663 6468//3664 6469//3665
f 6467//3663 6470//3666 6468//3664
f 6471//3667 6472//3668 6473//3669
f 6472//3668 6471//3667 6474//3670
f 6475//3653 6476//3671 6477//3668
f 6478//3672 6476//3671 6475//3653
f 6479//3673 6480//3674 6481//3675
f 6479//3673 6482//3676 6480//3674
f 6483//3675 6484//3677 6485//3678
f 6484//3677 6483//3675 6486//3657
f 6487//3657 6488//3679 6489//3655
f 6487//3657 6490//3675 6488//3679
f 6491//3680 6492//3681 6493//3682
f 6493//3682 6494//3683 6491//3680
f 6495//3684 6496//3685 6497//3686
f 6496//3685 6495//3684 6498//3687
f 6499//3688 6500//3689 6501//3690
f 6500//3689 6499//3688 6502//3691
f 6503//3692 6504//3693 6505//3694
f 6504//3693 6503//3692 6506//3695
f 6507//3692 6508//3676 6509//3696
f 6508//3676 6507//3692 6510//3697
f 6511//3697 6512//3698 6513//3650
f 6511//3697 6514//3692 6512//3698
f 6515//3699 6516//3700 6517//3701
f 6517//3701 6518//3702 6515//3699
f 6519//3702 6520//3703 6521//3704
f 6520//3703 6519//3702 6522//3705
f 6523//3706 6524//3705 6525//3702
f 6524//3705 6523//3706 6526//3685
f 6527//3707 6528//3708 6529//3709
f 6530//3710 6528//3708 6527//3707
f 6531//3711 6532//3693 6533//3707
f 6532//3693 6531//3711 6534//3694
f 6535//3691 6536//3709 6537//3712
f 6536//3709 6535//3691 6538//3694
f 6539//3713 6540//3714 6541//3715
f 6542//3716 6539//3713 6541//3715
f 6543//3717 6544//3718 6545//3713
f 6544//3718 6543//3717 6546//3719
f 6547//3720 6548//3721 6549//3722
f 6548//3721 6547//3720 6550//3723
f 6551//3724 6552//3725 6553//3726
f 6554//3727 6552//3725 6551//3724
f 6555//3726 6556//3728 6557//3724
f 6556//3728 6555//3726 6558//3729
f 6559//3708 6560//3705 6561//3730
f 6560//3705 6559//3708 6562//3726
f 6563//3731 6564//3389 6565//3732
f 6566//3733 6563//3731 6565//3732
f 6567//3734 6568//3735 6569//3731
f 6568//3735 6567//3734 6570//3736
f 6571//3713 6572//3737 6573//3734
f 6572//3737 6571//3713 6574//3738
f 6575//3739 6576//3740 6577//3741
f 6576//3740 6575//3739 6578//3742
f 6579//3725 6580//3743 6581//3739
f 6580//3743 6579//3725 6582//3727
f 6583//3723 6584//3739 6585//3744
f 6584//3739 6583//3723 6586//3725
f 6587//3745 6588//3746 6589//3736
f 6590//3747 6587//3745 6589//3736
f 6591//3747 6592//3748 6593//3745
f 6592//3748 6591//3747 6594//3749
f 6595//3750 6596//3749 6597//3747
f 6596//3749 6595//3750 6598//3751
f 6599//3752 6600//3375 6601//3753
f 6602//3754 6599//3752 6601//3753
f 6603//3754 6604//3755 6605//3756
f 6604//3755 6603//3754 6606//3757
f 6607//3758 6608//3757 6609//3759
f 6608//3757 6607//3758 6610//3735
f 6611//3760 6612//3761 6613//3757
f 6614//3762 6611//3760 6613//3757
f 6615//3762 6616//3763 6617//3760
f 6616//3763 6615//3762 6618//3764
f 6619//3745 6620//3765 6621//3762
f 6620//3765 6619//3745 6622//3748
f 6623//3766 6624//3767 6625//3768
f 6626//3769 6623//3766 6625//3768
f 6627//3770 6628//3771 6629//3766
f 6628//3771 6627//3770 6630//3772
f 6631//3752 6632//3772 6633//3770
f 6632//3772 6631//3752 6634//3755
f 6635//3773 6636//3771 6637//3772
f 6638//3774 6635//3773 6637//3772
f 6639//3774 6640//3775 6641//3773
f 6640//3775 6639//3774 6642//3776
f 6643//3760 6644//3776 6645//3774
f 6644//3776 6643//3760 6646//3763
f 6647//3777 6648//3778 6649//3779
f 6648//3778 6647//3777 6650//3780
f 6651//3781 6652//3782 6653//3783
f 6652//3782 6651//3781 6654//3784
f 6655//3785 6656//3786 6657//3781
f 6656//3786 6655//3785 6658//3771
f 6659//758 6660//3787 6661//3784
f 6662//3788 6659//758 6661//3784
f 6663//3788 6664//3789 6665//3790
f 6664//3789 6663//3788 6666//3791
f 6667//3792 6668//3791 6669//3788
f 6668//3791 6667//3792 6670//3775
f 6671//3341 6672//3353 6673//3793
f 6672//3353 6671//3341 6674//3354
f 6675//3794 6676//3795 6677//3796
f 6676//3795 6675//3794 6678//3797
f 6679//3798 6680//3799 6681//3794
f 6680//3799 6679//3798 6682//3345
f 6683//2684 6684//2704 6685//2703
f 6683//2684 6686//3800 6684//2704
f 6687//3801 6688//3802 6689//3803
f 6688//3802 6687//3801 6690//2461
f 6691//3804 6692//3805 6693//2461
f 6692//3805 6691//3804 6694//3806
f 6695//3807 6696//2448 6697//3808
f 6696//2448 6695//3807 6698//757
f 6699//3809 6700//3807 6701//2451
f 6700//3807 6699//3809 6702//3795
f 6703//3810 6704//3811 6705//3812
f 6706//3813 6703//3810 6705//3812
f 6707//3814 6708//3340 6709//3815
f 6709//3815 6710//3335 6707//3814
f 6711//3811 6712//3816 6713//3812
f 6712//3816 6711//3811 6714//3817
f 6715//3818 6716//3339 6717//3812
f 6717//3812 6718//3816 6715//3818
f 6719//3819 6720//3818 6721//3820
f 6722//3821 6720//3818 6719//3819
f 6723//3326 6724//1318 6725//3822
f 6724//1318 6723//3326 6726//3325
f 6727//3823 6728//2449 6729//3824
f 6730//3825 6729//3824 6728//2449
f 6731//3796 6732//3826 6733//3813
f 6734//3794 6731//3796 6733//3813
f 6735//3827 6736//2464 6737//740
f 6736//2464 6735//3827 6738//3803
f 6739//3803 6740//2448 6741//757
f 6740//2448 6739//3803 6742//3828
f 6743//3829 6744//3830 6745//3831
f 6746//745 6745//3831 6744//3830
f 6747//3829 6748//3825 6749//3830
f 6748//3825 6747//3829 6750//3824
f 6751//3817 6752//3824 6753//3829
f 6752//3824 6751//3817 6754//3811
f 6755//741 6756//743 6757//3832
f 6758//2504 6757//3832 6756//743
f 6759//2688 6760//2705 6761//3833
f 6761//3833 6762//2689 6759//2688
f 6763//3334 6764//1322 6765//3834
f 6764//1322 6763//3334 6766//3835
f 6767//3836 6768//3837 6769//3838
f 6770//1440 6769//3838 6768//3837
f 6771//3836 6772//2504 6773//2502
f 6772//2504 6771//3836 6774//3839
f 6775//3830 6776//3839 6777//3840
f 6776//3839 6775//3830 6778//3825
f 6779//3841 6780//3842 6781//3831
f 6780//3842 6779//3841 6782//1325
f 6783//3843 6784//3844 6785//778
f 6786//3843 6787//786 6788//3845
f 6789//3846 6790//778 6791//3847
f 6792//778 6793//3848 6794//3849
f 6795//3850 6796//3257 6797//3851
f 6796//3257 6795//3850 6798//3852
f 6799//3853 6800//778 6801//3854
f 6802//3855 6803//778 6804//3856
f 6805//3857 6806//778 6807//3858
f 6808//3859 6809//776 6810//3860
f 6811//786 6812//3861 6813//3862
f 6814//3863 6815//3864 6816//3865
f 6816//3865 6817//3866 6814//3863
f 6818//1105 6819//3867 6820//3868
f 6818//1105 6821//3869 6819//3867
f 6822//3870 6823//3871 6824//3872
f 6823//3871 6822//3870 6825//3873
f 6826//3874 6827//3875 6828//3876
f 6829//3877 6827//3875 6826//3874
f 6830//3878 6831//3879 6832//3880
f 6831//3879 6830//3878 6833//3881
f 6834//3882 6835//3883 6836//3884
f 6835//3883 6834//3882 6837//3885
f 6838//3886 6839//3887 6840//3888
f 6839//3887 6838//3886 6841//3889
f 6842//778 6843//3890 6844//3891
f 6845//3892 6846//3893 6847//3894
f 6846//3893 6845//3892 6848//3895
f 6849//3896 6850//3897 6851//3898
f 6850//3897 6849//3896 6852//3899
f 6853//3900 6854//3901 6855//3902
f 6854//3901 6853//3900 6856//3903
f 6857//3904 6858//3905 6859//3906
f 6858//3905 6857//3904 6860//3907
f 6861//3908 6862//786 6863//3909
f 6864//3910 6865//3911 6866//781
f 6867//3912 6868//3913 6869//3914
f 6870//3915 6871//3916 6872//3917
f 6871//3916 6870//3915 6873//3918
f 6874//3919 6875//3920 6876//3921
f 6875//3920 6874//3919 6877//3922
f 6878//3922 6879//3923 6880//3924
f 6881//3925 6879//3923 6878//3922
f 6882//3926 6883//3927 6884//3928
f 6883//3927 6882//3926 6885//3929
f 6886//3930 6887//3931 6888//3932
f 6889//3933 6886//3930 6888//3932
f 6890//3934 6891//3935 6892//3936
f 6891//3935 6890//3934 6893//3937
f 6894//3938 6895//3939 6896//3940
f 6897//3941 6894//3938 6896//3940
f 6898//1106 6899//3942 6900//3943
f 6899//3942 6898//1106 6901//3944
f 6902//782 6903//786 6904//784
f 6905//3945 6906//3944 6907//3946
f 6905//3945 6908//3942 6906//3944
f 6909//3947 6910//3948 6911//3949
f 6910//3948 6909//3947 6912//3950
f 6913//3951 6914//3952 6915//3951
f 6914//3952 6913//3951 6916//3953
f 6917//3954 6918//3955 6919//3956
f 6918//3955 6917//3954 6920//3957
f 6921//3958 6922//3959 6923//3960
f 6922//3959 6921//3958 6924//3961
f 6925//3962 6926//1140 6927//1137
f 6926//1140 6925//3962 6928//3963
f 6929//3964 6930//3965 6931//776
f 6932//786 6933//3966 6934//3967
f 6935//3968 6936//778 6937//3969
f 6938//3970 6939//3971 6940//778
f 6941//3972 6942//3973 6943//778
s 0
f 6944//708 6945//708 6946//708
s 1
f 6947//3974 6948//3975 6949//3976
f 6948//3975 6947//3974 6950//3977
f 6951//3978 6952//3979 6953//3980
f 6954//3981 6953//3980 6952//3979
f 6955//3982 6956//3983 6957//3984
f 6956//3983 6955//3982 6958//3985
f 6959//3986 6960//3987 6961//3988
f 6960//3987 6959//3986 6962//3989
f 6963//3990 6964//3991 6965//3992
f 6964//3991 6963//3990 6966//3993
f 6967//3994 6968//3995 6969//3996
f 6968//3995 6967//3994 6970//3997
f 6971//3998 6972//3999 6973//4000
f 6974//4001 6973//4000 6972//3999
f 6975//4002 6976//4003 6977//4004
f 6976//4003 6975//4002 6978//4005
f 6979//4006 6980//4007 6981//4008
f 6980//4007 6979//4006 6982//4009
f 6983//4010 6984//4011 6985//4012
f 6984//4011 6983//4010 6986//4013
f 6987//4014 6988//4015 6989//4016
f 6988//4015 6987//4014 6990//4017
f 6991//4018 6992//4019 6993//4020
f 6992//4019 6991//4018 6994//4021
f 6995//4022 6996//4023 6997//4024
f 6996//4023 6995//4022 6998//4025
f 6999//4026 7000//4027 7001//4028
f 7000//4027 6999//4026 7002//4029
f 7003//4024 7004//4030 7005//4031
f 7004//4030 7003//4024 7006//4032
f 7007//4033 7008//4034 7009//4035
f 7008//4034 7007//4033 7010//4036
f 7011//4037 7012//4038 7013//4039
f 7012//4038 7011//4037 7014//4040
f 7015//4041 7016//4042 7017//4043
f 7016//4042 7015//4041 7018//4044
f 7019//4045 7020//4046 7021//4047
f 7020//4046 7019//4045 7022//4048
f 7023//4049 7024//4050 7025//4051
f 7024//4050 7023//4049 7026//4052
f 7027//4053 7028//4054 7029//4055
f 7028//4054 7027//4053 7030//4056
f 7031//4057 7032//4051 7033//4058
f 7032//4051 7031//4057 7034//4059
f 7035//4060 7036//4061 7037//4062
f 7036//4061 7035//4060 7038//4063
f 7039//4064 7040//4065 7041//4066
f 7040//4065 7039//4064 7042//4067
f 7043//4068 7044//4069 7045//4070
f 7044//4069 7043//4068 7046//4071
f 7047//4072 7048//4073 7049//4074
f 7048//4073 7047//4072 7050//4075
f 7051//4076 7052//4077 7053//4078
f 7051//4076 7054//4079 7052//4077
f 7055//4080 7056//4081 7057//4082
f 7056//4081 7055//4080 7058//4083
f 7059//4084 7060//4085 7061//4086
f 7060//4085 7059//4084 7062//4087
f 7063//4088 7064//4089 7065//4090
f 7064//4089 7063//4088 7066//4081
f 7067//4091 7068//4092 7069//4091
f 7068//4092 7067//4091 7070//4092
f 7071//4093 7072//4094 7073//4095
f 7072//4094 7071//4093 7074//4096
f 7075//4097 7076//4091 7077//4098
f 7076//4091 7075//4097 7078//4091
f 7079//4099 7080//4100 7081//4101
f 7080//4100 7079//4099 7082//4102
f 7083//4103 7084//4104 7085//4105
f 7084//4104 7083//4103 7086//4106
f 7087//4107 7088//4108 7089//4109
f 7088//4108 7087//4107 7090//4110
f 7091//4111 7092//4112 7093//4113
f 7092//4112 7091//4111 7094//4114
f 7095//4115 7096//4116 7097//4117
f 7096//4116 7095//4115 7098//4118
f 7099//4119 7100//4120 7101//4121
f 7100//4120 7099//4119 7102//4122
f 7103//4123 7104//4124 7105//4125
f 7104//4124 7103//4123 7106//4126
f 7107//4127 7108//4128 7109//4129
f 7108//4128 7107//4127 7110//4130
f 7111//4131 7112//4132 7113//4133
f 7112//4132 7111//4131 7114//4134
f 7115//4134 7116//4131 7117//4135
f 7117//4135 7118//4136 7115//4134
f 7119//4137 7120//4138 7121//4139
f 7120//4138 7119//4137 7122//4140
f 7123//4141 7124//4142 7125//4141
f 7124//4142 7123//4141 7126//4142
f 7127//4143 7128//4130 7129//4127
f 7128//4130 7127//4143 7130//4144
f 7131//4145 7132//4146 7133//4147
f 7132//4146 7131//4145 7134//4148
f 7135//4149 7136//4143 7137//4150
f 7136//4143 7135//4149 7138//4144
f 7139//4151 7140//4152 7141//4153
f 7140//4152 7139//4151 7142//4154
f 7143//4155 7144//4156 7145//4157
f 7144//4156 7143//4155 7146//4158
f 7147//4159 7148//4160 7149//4161
f 7148//4160 7147//4159 7150//4162
f 7151//4163 7152//4164 7153//4165
f 7152//4164 7151//4163 7154//4166
f 7155//4167 7156//4168 7157//4169
f 7156//4168 7155//4167 7158//4170
f 7159//4171 7160//4172 7161//4173
f 7160//4172 7159//4171 7162//4174
f 7163//4175 7164//4176 7165//4177
f 7164//4176 7163//4175 7166//4178
f 7167//4179 7168//4180 7169//4181
f 7168//4180 7167//4179 7170//4182
f 7171//4183 7172//4176 7173//4184
f 7172//4176 7171//4183 7174//4185
f 7175//4186 7176//4187 7177//4188
f 7176//4187 7175//4186 7178//4189
f 7179//4190 7180//4191 7181//4192
f 7180//4191 7179//4190 7182//4193
f 7183//4194 7184//4195 7185//4196
f 7184//4195 7183//4194 7186//4197
f 7187//4198 7188//4199 7189//4200
f 7188//4199 7187//4198 7190//4201
f 7191//4202 7192//4196 7193//4203
f 7192//4196 7191//4202 7194//4194
f 7195//4204 7196//4205 7197//4206
f 7196//4205 7195//4204 7198//4207
f 7199//4208 7200//4209 7201//4210
f 7200//4209 7199//4208 7202//4211
f 7203//4212 7204//4213 7205//4214
f 7204//4213 7203//4212 7206//4215
f 7207//4216 7208//4217 7209//4218
f 7208//4217 7207//4216 7210//4219
f 7211//4220 7212//4221 7213//4222
f 7212//4221 7211//4220 7214//4223
f 7215//4224 7216//4225 7217//4226
f 7216//4225 7215//4224 7218//4227
f 7219//4228 7220//4229 7221//4230
f 7220//4229 7219//4228 7222//4231
f 7223//4232 7224//4233 7225//4234
f 7224//4233 7223//4232 7226//4235
f 7227//4236 7228//4237 7229//4238
f 7228//4237 7227//4236 7230//4239
f 7231//4240 7232//4232 7233//4241
f 7233//4241 7234//4242 7231//4240
f 7235//4243 7236//4244 7237//4245
f 7236//4244 7235//4243 7238//4246
f 7239//4247 7240//1136 7241//4248
f 7240//1136 7239//4247 7242//4249
f 7243//4250 7244//4251 7245//4252
f 7244//4251 7243//4250 7246//4253
f 7247//4254 7248//4255 7249//4256
f 7248//4255 7247//4254 7250//4257
f 7251//4258 7252//4252 7253//4259
f 7252//4252 7251//4258 7254//4260
f 7255//4261 7256//4262 7257//4263
f 7258//4264 7256//4262 7255//4261
f 7259//4265 7260//4266 7261//4267
f 7260//4266 7259//4265 7262//4268
f 7263//4269 7264//4270 7265//4271
f 7264//4270 7263//4269 7266//4272
f 7267//4273 7268//4274 7269//1086
f 7268//4274 7267//4273 7270//4275
f 7271//4276 7272//4277 7273//4278
f 7272//4277 7271//4276 7274//4279
f 7275//4280 7276//4281 7277//4282
f 7277//4282 7278//4283 7275//4280
f 7279//4284 7280//880 7281//961
f 7281//961 7280//880 7282//959
s 0
f 7283//4285 7284//4285 7285//4285
s 1
f 7282//959 7280//880 7286//4286
f 7287//4287 7288//4288 7289//816
f 7290//4289 7291//967 7288//4288
f 7290//4289 7288//4288 7287//4287
f 7292//969 7293//4290 7294//4291
f 7292//969 7295//876 7293//4290
f 7293//4290 7296//4292 7294//4291
f 7297//846 7298//847 7299//4293
f 7300//4294 7301//4295 7302//4296
f 7301//4295 7300//4294 7303//4297
f 7304//4298 7305//4299 7306//4300
f 7305//4299 7304//4298 7307//4301
s 0
f 7308//4289 7309//4289 7310//4289
f 7311//978 7312//978 7313//978
f 7314//4302 7315//4302 7316//4302
s 1
f 7317//4303 7318//4300 7319//4304
f 7318//4300 7317//4303 7320//4298
f 7321//4305 7322//4306 7323//4307
f 7322//4306 7321//4305 7324//4308
f 7325//4309 7326//4310 7327//4311
f 7328//4312 7326//4310 7325//4309
s 0
f 7329//950 7330//950 7331//950
f 7332//4302 7333//4302 7334//4302
s 1
f 7335//4313 7336//4314 7337//4315
f 7336//4314 7335//4313 7338//4316
s 0
f 7339//957 7340//957 7341//957
f 7342//949 7343//949 7344//949
s 1
f 7345//4317 7346//4318 7347//4319
f 7346//4318 7345//4317 7348//4320
s 0
f 7349//4321 7350//4321 7351//4321
s 1
f 7352//4322 7353//768 7354//4323
s 0
f 7355//4324 7356//4324 7357//4325
s 1
f 7358//4326 7359//4327 7360//4328
f 7359//4327 7358//4326 7361//4329
f 7362//4330 7363//4331 7364//4332
f 7363//4331 7362//4330 7365//4333
f 7366//4334 7367//4335 7368//4336
f 7367//4335 7366//4334 7369//4337
f 7370//4338 7371//4339 7372//4340
f 7371//4339 7370//4338 7373//4341
f 7374//4342 7375//4343 7376//4344
f 7375//4343 7374//4342 7377//4345
f 7378//4346 7379//4347 7380//4348
f 7379//4347 7378//4346 7381//4349
f 7382//4350 7383//4351 7384//4352
f 7383//4351 7382//4350 7385//4353
f 7386//4354 7387//4355 7388//4356
f 7387//4355 7386//4354 7389//4357
f 7390//4357 7391//4354 7392//4358
f 7392//4358 7393//4359 7390//4357
f 7394//4360 7395//4361 7396//4362
f 7396//4362 7397//4363 7394//4360
f 7398//4364 7399//4365 7400//4366
f 7398//4364 7401//4367 7399//4365
f 7402//4368 7403//4369 7404//4370
f 7402//4368 7405//4371 7403//4369
f 7406//4372 7407//4373 7408//4374
f 7407//4373 7406//4372 7409//4375
f 7410//4376 7411//4377 7412//4378
f 7411//4377 7410//4376 7413//4379
f 7414//4380 7415//4381 7416//4382
f 7415//4381 7414//4380 7417//4383
f 7418//4384 7419//4385 7420//4386
f 7419//4385 7418//4384 7421//4387
f 7422//4388 7423//4389 7424//4390
f 7423//4389 7422//4388 7425//4391
f 7426//4392 7427//4393 7428//4394
f 7427//4393 7426//4392 7429//4395
f 7430//4396 7431//4397 7432//4398
f 7431//4397 7430//4396 7433//4399
f 7434//4400 7435//4401 7436//4402
f 7435//4401 7434//4400 7437//4403
f 7438//4404 7439//4405 7440//4406
f 7439//4405 7438//4404 7441//4407
f 7442//4408 7443//4409 7444//4410
f 7443//4409 7442//4408 7445//4411
f 7446//4412 7447//4413 7448//4414
f 7447//4413 7446//4412 7449//4415
f 7450//4416 7451//4417 7452//4418
f 7451//4417 7450//4416 7453//4419
f 7454//4420 7455//4421 7456//4422
f 7455//4421 7454//4420 7457//4423
s 0
f 7458//4291 7459//4291 7460//4291
s 1
f 7461//4424 7462//979 7463//4425
f 7464//4426 7465//4427 7466//978
f 7467//778 7468//3967 7469//4428
f 7470//4429 7471//1027 7472//4430
f 7471//1027 7470//4429 7473//858
f 7474//4431 7475//4431 7476//4432
s 0
f 7477//4433 7478//4433 7479//4433
f 7480//4433 7481//4433 7482//4433
s 1
f 7483//4434 7484//4435 7485//1540
f 7484//4435 7483//4434 7486//4436
f 7487//4437 7488//1547 7489//4438
f 7488//1547 7487//4437 7490//4434
f 7491//4439 7492//4440 7493//4441
f 7492//4440 7491//4439 7494//4442
f 7495//4443 7496//4432 7497//4444
s 0
f 7498//4445 7499//4446 7500//4445
s 1
f 7501//4447 7502//4025 7503//4022
f 7502//4025 7501//4447 7504//4448
f 7505//1081 7506//839 7507//1066
s 0
f 7508//4449 7509//4449 7510//4450
s 1
f 7511//4451 7512//809 7513//4452
f 7511//4451 7513//4452 7514//4285
s 0
f 7515//809 7516//809 7517//4453
s 1
f 7518//2778 7519//1155 7520//1152
f 7519//1155 7518//2778 7521//2779
f 7522//1156 7523//1102 7524//1156
f 7522//1156 7525//4454 7523//1102
f 7526//1157 7527//4455 7528//4456
f 7528//4456 7529//1157 7526//1157
f 7530//4457 7531//1158 7532//1160
f 7530//4457 7532//1160 7533//4458
f 7534//4458 7535//1163 7536//4459
f 7536//4459 7537//4457 7534//4458
f 7538//1166 7539//4460 7540//1171
f 7541//1166 7538//1166 7540//1171
f 7542//4461 7543//4462 7544//1175
f 7545//1168 7542//4461 7544//1175
f 7546//4463 7547//4464 7548//4465
f 7546//4463 7549//4466 7547//4464
f 7550//1176 7551//4466 7552//1179
f 7551//4466 7550//1176 7553//4464
f 7554//1178 7555//1183 7556//1180
f 7555//1183 7554//1178 7557//1177
f 7558//1182 7559//1187 7560//4467
f 7559//1187 7558//1182 7561//1181
f 7562//1191 7563//1185 7564//4468
f 7563//1185 7562//1191 7565//1186
f 7566//1192 7567//1189 7568//4469
f 7567//1189 7566//1192 7569//1190
f 7570//1194 7571//4470 7572//1196
f 7571//4470 7570//1194 7573//1193
f 7574//1202 7575//1199 7576//1198
f 7574//1202 7576//1198 7577//1197
f 7578//1201 7579//1200 7580//1204
f 7581//1204 7578//1201 7580//1204
f 7582//4471 7583//1205 7584//1203
f 7583//1205 7582//4471 7585//1207
f 7586//1206 7587//1206 7588//4472
f 7589//1210 7586//1206 7588//4472
f 7590//1213 7591//1212 7592//4473
f 7593//4474 7592//4473 7591//1212
f 7594//4475 7595//4476 7596//4477
f 7597//4478 7595//4476 7594//4475
f 7598//4478 7599//4479 7600//4476
f 7601//1215 7599//4479 7598//4478
f 7602//1216 7603//1222 7604//1219
f 7603//1222 7602//1216 7605//4480
f 7606//4481 7607//1225 7608//4482
f 7609//1220 7607//1225 7606//4481
f 7610//4483 7611//1229 7612//1228
f 7613//1223 7611//1229 7610//4483
f 7614//4484 7615//1230 7616//2691
f 7617//4485 7616//2691 7615//1230
f 7618//4486 7619//4487 7620//1237
f 7621//1236 7618//4486 7620//1237
f 7622//1243 7623//4488 7624//1241
f 7623//4488 7622//1243 7625//1240
f 7626//1244 7627//4489 7628//1242
f 7627//4489 7626//1244 7629//4490
f 7630//4490 7631//1246 7632//1248
f 7632//1248 7633//4489 7630//4490
f 7634//1254 7635//1251 7636//1250
f 7634//1254 7636//1250 7637//4491
f 7638//1257 7639//1253 7640//1255
f 7638//1257 7640//1255 7641//1258
f 7642//1259 7643//1262 7644//1256
f 7643//1262 7642//1259 7645//1260
f 7646//1263 7647//1266 7648//1261
f 7647//1266 7646//1263 7649//1264
f 7650//4492 7651//1138 7652//4493
f 7650//4492 7652//4493 7653//4494
f 7654//1272 7655//1277 7656//1276
f 7654//1272 7657//1274 7655//1277
f 7658//1275 7659//1279 7660//1281
f 7661//1275 7659//1279 7658//1275
f 7662//1283 7663//4495 7664//4496
f 7665//4497 7663//4495 7662//1283
f 7666//4498 7667//1290 7668//1285
f 7669//1288 7667//1290 7666//4498
f 7670//4499 7671//4500 7672//4501
f 7671//4500 7670//4499 7673//1345
f 7674//1293 7675//4502 7676//4503
f 7677//1292 7674//1293 7676//4503
f 7678//1296 7679//4502 7680//1297
f 7679//4502 7678//1296 7681//4504
f 7682//1298 7683//1295 7684//1301
f 7685//4505 7682//1298 7684//1301
f 7686//1302 7687//1306 7688//1303
f 7687//1306 7686//1302 7689//1299
f 7690//4475 7691//4506 7692//4475
f 7691//4506 7690//4475 7693//4507
f 7694//1310 7695//1314 7696//1311
f 7695//1314 7694//1310 7697//4508
f 7698//1313 7699//1315 7700//4509
f 7699//1315 7698//1313 7701//1312
f 7702//1318 7703//1321 7704//1316
f 7703//1321 7702//1318 7705//1319
f 7706//4510 7707//4511 7708//4512
f 7707//4511 7706//4510 7709//4513
f 7710//4510 7711//4512 7712//1327
f 7712//1327 7713//4514 7710//4510
f 7714//1328 7715//1325 7716//4515
f 7716//4515 7717//1323 7714//1328
f 7718//3272 7719//1331 7720//1346
f 7719//1331 7718//3272 7721//1329
f 7722//4516 7723//1332 7724//1335
f 7724//1335 7723//1332 7725//1333
f 7726//1336 7727//4517 7728//4518
f 7729//4519 7726//1336 7728//4518
f 7730//1339 7731//4520 7732//4517
f 7731//4520 7730//1339 7733//4521
f 7734//1340 7735//1343 7736//4522
f 7734//1340 7737//1337 7735//1343
f 7738//1344 7739//4523 7740//3865
f 7738//1344 7741//1341 7739//4523
f 7742//4524 7743//4525 7744//4526
f 7743//4525 7742//4524 7745//4527
f 7746//3976 7747//3975 7748//4528
f 7746//3976 7748//4528 7749//3978
f 7750//4529 7751//4530 7752//3989
f 7753//4531 7752//3989 7751//4530
f 7754//3985 7755//3977 7756//3974
f 7754//3985 7757//3982 7755//3977
f 7758//3986 7759//4532 7760//3997
f 7761//4533 7760//3997 7759//4532
f 7762//3993 7763//4534 7764//3983
f 7762//3993 7765//4535 7763//4534
f 7766//3994 7767//4536 7768//4537
f 7769//4538 7768//4537 7767//4536
f 7770//4000 7771//3992 7772//3991
f 7770//4000 7773//4001 7771//3992
f 7774//4537 7775//4005 7776//4002
f 7775//4005 7774//4537 7777//4538
f 7778//4009 7779//4539 7780//4540
f 7779//4539 7778//4009 7781//4541
f 7782//4004 7783//4542 7784//4010
f 7783//4542 7782//4004 7785//4003
f 7786//4017 7787//4543 7788//4544
f 7787//4543 7786//4017 7789//4018
f 7790//4545 7791//4448 7792//4546
f 7791//4448 7790//4545 7793//4011
f 7794//4547 7795//4548 7796//4549
f 7795//4548 7794//4547 7797//4021
f 7798//4550 7799//1559 7800//4551
f 7798//4550 7801//1562 7799//1559
f 7802//4549 7803//4029 7804//4026
f 7803//4029 7802//4549 7805//4548
f 7806//4552 7807//4040 7808//4031
f 7809//4553 7807//4040 7806//4552
f 7810//4028 7811//4036 7812//4554
f 7811//4036 7810//4028 7813//4027
f 7814//4555 7815//4048 7816//4037
f 7817//4556 7815//4048 7814//4555
f 7818//4557 7819//4558 7820//4041
f 7819//4558 7818//4557 7821//4034
f 7822//4559 7823//4560 7824//4045
f 7825//4561 7823//4560 7822//4559
f 7826//4043 7827//4050 7828//4052
f 7827//4050 7826//4043 7829//4042
f 7830//4560 7831//4056 7832//4562
f 7831//4056 7830//4560 7833//4563
f 7834//4564 7835//4058 7836//4565
f 7837//4065 7836//4565 7835//4058
f 7838//4063 7839//4566 7840//4054
f 7838//4063 7841//4060 7839//4566
f 7842//4567 7843//4568 7844//4569
f 7845//4073 7844//4569 7843//4568
f 7846//4071 7847//4062 7848//4061
f 7846//4071 7849//4068 7847//4062
f 7850//4079 7851//4570 7852//4074
f 7851//4570 7850//4079 7853//4076
f 7854//4571 7855//4572 7856//4070
f 7854//4571 7856//4070 7857//4069
f 7858//4573 7859//4083 7860//4080
f 7859//4083 7858//4573 7861//4574
f 7862//4574 7863//4573 7864//4575
f 7864//4575 7865//4085 7862//4574
f 7866//4576 7867//4094 7868//4096
f 7867//4094 7866//4576 7869//4089
f 7870//4084 7871//4084 7872//4092
f 7873//4092 7870//4084 7872//4092
f 7874//4093 7875//4095 7876//4577
f 7877//4578 7876//4577 7875//4095
f 7878//4098 7879//4104 7880//4579
f 7881//4097 7878//4098 7880//4579
f 7882//4099 7883//4101 7884//4110
f 7885//4108 7884//4110 7883//4101
f 7886//4105 7887//4112 7888//4114
f 7889//4103 7886//4105 7888//4114
f 7890//4580 7891//4581 7892//4582
f 7893//4107 7890//4580 7892//4582
f 7894//4111 7895//4583 7896//4584
f 7897//4585 7896//4584 7895//4583
f 7898//4582 7899//4117 7900//4116
f 7898//4582 7901//4581 7899//4117
f 7902//4586 7903//4121 7904//4587
f 7902//4586 7905//4585 7903//4121
f 7906//4118 7907//4125 7908//4124
f 7906//4118 7909//4115 7907//4125
f 7910//4122 7911//4128 7912//4129
f 7910//4122 7913//4119 7911//4128
f 7914//4126 7915//4588 7916//4589
f 7914//4126 7917//4123 7915//4588
f 7918//4590 7919//4138 7920//4140
f 7921//4136 7918//4590 7920//4140
f 7922//4141 7923//4139 7924//4141
f 7925//4137 7923//4139 7922//4141
f 7926//4591 7927//4142 7928//4591
f 7926//4591 7929//4142 7927//4142
f 7930//4591 7931//4146 7932//4592
f 7931//4146 7930//4591 7933//4147
f 7934//4149 7935//4150 7936//4158
f 7937//4593 7936//4158 7935//4150
f 7938//4148 7939//4145 7940//4153
f 7940//4153 7941//4594 7938//4148
f 7942//4155 7943//4157 7944//4595
f 7945//4596 7944//4595 7943//4157
f 7946//4154 7947//4151 7948//4161
f 7948//4161 7949//4160 7946//4154
f 7950//4163 7951//4165 7952//4167
f 7953//4170 7952//4167 7951//4165
f 7954//4162 7955//4159 7956//4169
f 7956//4169 7957//4168 7954//4162
f 7958//4597 7959//4598 7960//4599
f 7959//4598 7958//4597 7961//4172
f 7962//4600 7963//4178 7964//4601
f 7963//4178 7962//4600 7965//4598
f 7966//4174 7967//4602 7968//4603
f 7968//4603 7969//4180 7966//4174
f 7970//4183 7971//4184 7972//4193
f 7973//4191 7972//4193 7971//4184
f 7974//4182 7975//4604 7976//4187
f 7976//4187 7977//4189 7974//4182
f 7978//4190 7979//4605 7980//4201
f 7981//4199 7980//4201 7979//4605
f 7982//4197 7983//4188 7984//4195
f 7983//4188 7982//4197 7985//4186
f 7986//4198 7987//4200 7988//4606
f 7989//4607 7988//4606 7987//4200
f 7990//4203 7991//4209 7992//4211
f 7993//4202 7990//4203 7992//4211
f 7994//4207 7995//4608 7996//4609
f 7995//4608 7994//4207 7997//4606
f 7998//4208 7999//4210 8000//4219
f 8001//4610 8000//4219 7999//4210
f 8002//4213 8003//4611 8004//4214
f 8003//4611 8002//4213 8005//4204
f 8006//4216 8007//4612 8008//4223
f 8009//4613 8008//4223 8007//4612
f 8010//4614 8011//4615 8012//4616
f 8010//4614 8012//4616 8013//4617
f 8014//4220 8015//4618 8016//4619
f 8015//4618 8014//4220 8017//4620
f 8018//4621 8019//4622 8020//4226
f 8018//4621 8020//4226 8021//4623
f 8022//4619 8023//4624 8024//4625
f 8022//4619 8024//4625 8025//4229
f 8026//4626 8027//4627 8028//4234
f 8028//4234 8029//4628 8026//4626
f 8030//4231 8031//4228 8032//4629
f 8030//4231 8032//4629 8033//4237
f 8034//4630 8035//4631 8036//4248
f 8037//4632 8034//4630 8036//4248
f 8038//4239 8039//4236 8040//4633
f 8038//4239 8040//4633 8041//4244
f 8042//4634 8043//4243 8044//4635
f 8043//4243 8042//4634 8045//4636
f 8046//4637 8047//4638 8048//4639
f 8049//4255 8047//4638 8046//4637
f 8050//4640 8051//4259 8052//4641
f 8053//4266 8052//4641 8051//4259
f 8054//4642 8055//4264 8056//4637
f 8055//4264 8054//4642 8057//4643
f 8058//4644 8059//4645 8060//4646
f 8061//4274 8060//4646 8059//4645
f 8062//4261 8063//4647 8064//4271
f 8064//4271 8065//4648 8062//4261
f 8066//809 8067//809 8068//810
f 8069//4649 8070//4269 8071//4278
f 8071//4278 8072//4650 8069//4649
f 8073//4441 8074//4651 8075//4294
f 8074//4651 8073//4441 8076//4652
f 8077//707 8078//707 8079//707
s 0
f 8080//4653 8081//4653 8082//4653
f 8083//4654 8084//4654 8085//4654
s 1
f 8086//4655 8087//4656 8088//4657
f 8087//4656 8086//4655 8089//1123
f 8090//4658 8091//4659 8092//4660
s 0
f 8093//4660 8094//4660 8095//4660
f 8096//4661 8097//4661 8098//4661
s 1
f 8099//826 8100//826 8101//826
f 8102//4662 8103//4663 8104//4664
f 8103//4663 8102//4662 8105//4665
f 8106//4666 8107//4667 8108//1119
s 0
f 8109//1063 8110//1063 8111//1063
f 8112//4668 8113//4668 8114//4668
s 1
f 8115//809 8116//809 8117//809
s 0
f 8118//817 8119//817 8120//817
f 8121//833 8122//833 8123//833
s 1
f 8124//827 8125//831 8126//4669
f 8127//4445 8128//4445 8129//4445
s 0
f 8130//829 8131//829 8132//829
f 8133//4661 8134//4661 8135//4661
f 8136//4433 8137//4433 8138//4433
s 1
f 8139//4433 8140//4433 8141//4433
f 8142//4670 8143//4671 8144//4671
s 0
f 8145//4433 8146//4433 8147//4433
s 1
f 8148//4672 8149//4276 8150//4296
f 8150//4296 8151//4673 8148//4672
f 8152//4674 8153//4675 8154//4676
s 0
f 8155//4425 8156//4425 8157//4425
s 1
f 8158//4301 8159//4527 8160//4299
f 8159//4527 8158//4301 8161//4525
s 0
f 8162//4302 8163//4302 8164//4302
f 8165//4424 8166//4424 8167//4424
s 1
f 8168//4304 8169//4677 8170//4308
f 8171//4678 8168//4304 8170//4308
s 0
f 8172//949 8173//949 8174//949
f 8175//4679 8176//4679 8177//4679
s 1
f 8178//4680 8179//4681 8180//4682
f 8181//4305 8178//4680 8180//4682
f 8182//4681 8183//4683 8184//4682
f 8183//4683 8182//4681 8185//4684
f 8186//4311 8187//4314 8188//4685
f 8187//4314 8186//4311 8189//4315
s 0
f 8190//4686 8191//4686 8192//4686
s 1
f 8193//4316 8194//4313 8195//4320
f 8195//4320 8196//4317 8193//4316
f 8197//4687 8198//4688 8199//4689
s 0
f 8200//2706 8201//2706 8202//2706
s 1
f 8203//978 8204//944 8205//950
s 0
f 8206//768 8207//768 8208//768
f 8209//4433 8210//4433 8211//4433
f 8212//768 8213//768 8214//768
s 1
f 8215//4325 8216//4690 8217//4325
s 0
f 8218//4321 8219//4691 8220//4325
s 1
f 8221//4329 8222//4319 8223//4318
f 8221//4329 8224//4326 8222//4319
f 8225//4333 8226//4328 8227//4327
f 8226//4328 8225//4333 8228//4330
f 8229//4692 8230//4693 8231//4334
f 8230//4693 8229//4692 8232//4694
f 8233//4695 8234//4341 8235//4338
f 8234//4341 8233//4695 8236//4696
f 8237//4697 8238//4344 8239//4698
f 8238//4344 8237//4697 8240//4339
f 8241//4345 8242//4348 8243//4347
f 8241//4345 8244//4699 8242//4348
f 8245//4700 8246//4701 8247//4351
f 8245//4700 8248//4702 8246//4701
f 8249//4703 8250//4350 8251//4356
f 8252//4355 8249//4703 8251//4356
f 8253//4361 8254//4704 8255//4358
f 8254//4704 8253//4361 8256//4360
f 8257//4705 8258//4363 8259//4362
f 8258//4363 8257//4705 8260//4365
f 8261//4706 8262//4370 8263//4707
f 8262//4370 8261//4706 8264//4708
f 8265//4371 8266//4709 8267//4710
f 8266//4709 8265//4371 8268//4711
f 8269//4712 8270//4710 8271//4709
f 8270//4710 8269//4712 8272//4372
f 8273//4713 8274//4379 8275//4376
f 8274//4379 8273//4713 8276//4373
f 8277//4382 8278//4387 8279//4384
f 8278//4387 8277//4382 8280//4381
f 8281//4714 8282//4385 8283//4391
f 8284//4389 8283//4391 8282//4385
f 8285//4390 8286//4393 8287//4715
f 8288//4388 8285//4390 8287//4715
f 8289//4716 8290//4397 8291//4399
f 8292//4392 8289//4716 8291//4399
f 8293//4402 8294//4398 8295//4400
f 8296//4396 8294//4398 8293//4402
f 8297//4406 8298//4403 8299//4404
f 8297//4406 8300//4401 8298//4403
f 8301//4407 8302//4410 8303//4405
f 8302//4410 8301//4407 8304//4408
f 8305//4717 8306//4414 8307//4409
f 8306//4414 8305//4717 8308//4412
f 8309//4415 8310//4418 8311//4413
f 8310//4418 8309//4415 8312//4416
f 8313//4718 8314//4719 8315//4720
f 8314//4719 8313//4718 8316//4420
f 8317//4423 8318//1150 8319//4721
f 8320//1148 8318//1150 8317//4423
s 0
f 8321//4291 8322//4291 8323//4291
s 1
f 8324//4722 8325//4722 8326//4679
f 8327//4723 8328//4724 8329//4725
s 0
f 8330//4668 8331//4668 8332//4668
f 8333//861 8334//861 8335//861
f 8336//4431 8337//4431 8338//4431
f 8339//4433 8340//4433 8341//4433
s 1
f 8342//4432 8343//4726 8344//4726
f 8345//4727 8346//4728 8347//4729
f 8346//4728 8345//4727 8348//4730
f 8349//4731 8350//4665 8351//808
f 8352//4732 8351//808 8350//4665
f 8353//4733 8354//1558 8355//1538
f 8356//4435 8354//1558 8353//4733
s 0
f 8357//4654 8358//4654 8359//4654
f 8360//1062 8361//1062 8362//1062
s 1
f 8363//864 8364//4734 8365//4735
f 8364//4734 8363//864 8366//864
f 8367//4736 8368//4737 8369//4738
f 8368//4737 8367//4736 8370//4739
f 8371//4740 8372//4741 8373//4742
f 8372//4741 8371//4740 8374//4743
f 8375//1063 8376//828 8377//1063
s 0
f 8378//4744 8379//4744 8380//4744
f 8381//1082 8382//1082 8383//1081
f 8384//861 8385//861 8386//861
f 8387//1062 8388//1062 8389//1062
f 8390//1062 8391//1062 8392//1062
f 8393//4745 8394//4745 8395//4745
s 1
f 8396//4746 8397//4747 8398//4748
s 0
f 8399//826 8400//4749 8401//4749
s 1
f 8402//829 8403//4660 8404//818
f 8405//4661 8406//1063 8407//1063
f 8408//4750 8409//4751 8410//4654
f 8409//4751 8408//4750 8411//4748
f 8412//4752 8413//971 8414//4654
s 0
f 8415//4654 8416//4654 8417//4654
f 8418//844 8419//961 8420//961
f 8421//4654 8422//4654 8423//4654
s 1
f 8424//811 8425//818 8426//817
s 0
f 8427//4753 8428//4753 8429//4753
s 1
f 8430//4654 8431//961 8432//4654
f 8433//4754 8434//1350 8435//1352
f 8434//1350 8433//4754 8436//1355
f 8437//1579 8438//1365 8439//1577
f 8438//1365 8437//1579 8440//1364
f 8441//1788 8442//1369 8443//1368
f 8442//1369 8441//1788 8444//1371
f 8445//1364 8446//1377 8447//1375
f 8448//1579 8446//1377 8445//1364
f 8449//1367 8450//1381 8451//1380
f 8450//1381 8449//1367 8452//1382
f 8453//1386 8454//3241 8455//1392
f 8454//3241 8453//1386 8456//4755
f 8457//4756 8458//4757 8459//1401
f 8458//4757 8457//4756 8460//1388
f 8461//1404 8462//1387 8463//1384
f 8462//1387 8461//1404 8464//1403
f 8465//4758 8466//4759 8467//1415
f 8466//4759 8465//4758 8468//1411
f 8469//4760 8470//1324 8471//4515
f 8469//4760 8471//4515 8472//746
f 8473//1421 8474//1406 8475//1408
f 8474//1406 8473//1421 8476//1420
f 8477//1427 8478//4761 8479//1410
f 8478//4761 8477//1427 8480//4762
f 8481//1433 8482//1405 8483//1409
f 8482//1405 8481//1433 8484//1430
f 8485//1396 8486//4763 8487//1447
f 8488//1400 8486//4763 8485//1396
f 8489//1443 8490//1457 8491//1435
f 8490//1457 8489//1443 8492//1442
f 8493//1424 8494//4764 8495//4765
f 8495//4765 8494//4764 8496//4766
f 8497//1452 8498//1480 8499//1456
f 8498//1480 8497//1452 8500//1451
f 8501//4767 8502//1444 8503//1441
f 8504//4768 8502//1444 8501//4767
f 8505//4769 8506//4770 8507//4771
f 8508//4772 8506//4770 8505//4769
f 8509//4773 8510//1485 8511//4774
f 8512//4775 8510//1485 8509//4773
f 8513//1470 8514//1428 8515//4776
f 8514//1428 8513//1470 8516//1469
f 8517//1457 8518//1473 8519//4777
f 8518//1473 8517//1457 8520//1456
f 8521//738 8522//1480 8523//1451
f 8523//1451 8524//739 8521//738
f 8525//4778 8526//738 8527//1481
f 8528//1480 8526//738 8525//4778
f 8529//1493 8530//1480 8531//4778
f 8530//1480 8529//1493 8532//1475
f 8533//1502 8534//1471 8535//1468
f 8534//1471 8533//1502 8536//1499
f 8537//4779 8538//1501 8539//1498
f 8538//1501 8537//4779 8540//4780
f 8541//1508 8542//1511 8543//1513
f 8542//1511 8541//1508 8544//1510
f 8545//1519 8546//1516 8547//4781
f 8545//1519 8548//4782 8546//1516
f 8549//1529 8550//1520 8551//1522
f 8550//1520 8549//1529 8552//1516
f 8553//4783 8554//1542 8555//1531
f 8554//1542 8553//4783 8556//1526
f 8557//1532 8558//4784 8559//1530
f 8558//4784 8557//1532 8560//1550
f 8561//1543 8562//4785 8563//1541
f 8562//4785 8561//1543 8564//1555
f 8565//1548 8566//4786 8567//1537
f 8566//4786 8565//1548 8568//1546
f 8569//1585 8570//1580 8571//1600
f 8570//1580 8569//1585 8572//1578
f 8573//1376 8574//4787 8575//1583
f 8574//4787 8573//1376 8576//1377
f 8577//1590 8578//1598 8579//1592
f 8578//1598 8577//1590 8580//1586
f 8581//1597 8582//1625 8583//1602
f 8582//1625 8581//1597 8584//1608
f 8585//1625 8586//1605 8587//1604
f 8586//1605 8585//1625 8588//1608
f 8589//1379 8590//1612 8591//1611
f 8590//1612 8589//1379 8592//1378
f 8593//1735 8594//1617 8595//1616
f 8594//1617 8593//1735 8596//1618
f 8597//1629 8598//1622 8599//1621
f 8598//1622 8597//1629 8600//4788
f 8601//1626 8602//1625 8603//1624
f 8602//1625 8601//1626 8604//1602
f 8605//1610 8606//1634 8607//1633
f 8606//1634 8605//1610 8608//1609
f 8609//1632 8610//1638 8611//1672
f 8610//1638 8609//1632 8612//1631
f 8613//4789 8614//1642 8615//1641
f 8614//1642 8613//4789 8616//1614
f 8617//1644 8618//4790 8619//4791
f 8620//1643 8617//1644 8619//4791
f 8621//4792 8622//729 8623//1665
f 8622//729 8621//4792 8624//730
f 8625//4793 8626//1661 8627//1687
f 8626//1661 8625//4793 8628//1664
f 8629//1680 8630//1671 8631//1670
f 8630//1671 8629//1680 8632//1644
f 8633//4794 8634//1677 8635//4795
f 8634//1677 8633//4794 8636//1712
f 8637//1686 8638//1683 8639//1675
f 8638//1683 8637//1686 8640//1684
f 8641//1690 8642//1675 8643//1683
f 8642//1675 8641//1690 8644//1692
f 8645//1698 8646//1689 8647//1691
f 8646//1689 8645//1698 8648//1697
f 8649//4796 8650//4797 8651//4798
f 8650//4797 8649//4796 8652//1645
f 8653//1716 8654//4799 8655//1699
f 8654//4799 8653//1716 8656//1715
f 8657//1725 8658//1707 8659//1705
f 8658//1707 8657//1725 8660//4800
f 8661//1734 8662//1726 8663//4801
f 8662//1726 8661//1734 8664//1616
f 8665//1749 8666//4802 8667//4803
f 8665//1749 8668//1746 8666//4802
f 8669//1745 8670//4804 8671//1750
f 8670//4804 8669//1745 8672//1748
f 8673//1758 8674//1368 8675//4805
f 8674//1368 8673//1758 8676//1788
f 8677//4806 8678//1735 8679//4807
f 8678//1735 8677//4806 8680//1757
f 8681//1766 8682//4803 8683//4808
f 8682//4803 8681//1766 8684//1765
f 8685//1777 8686//1761 8687//1759
f 8686//1761 8685//1777 8688//4809
f 8689//1814 8690//1785 8691//4810
f 8690//1785 8689//1814 8692//1790
f 8693//1792 8694//1788 8695//1795
f 8694//1788 8693//1792 8696//1789
f 8697//1800 8698//1778 8699//1781
f 8698//1778 8697//1800 8700//1797
f 8701//1807 8702//1784 8703//1791
f 8702//1784 8701//1807 8704//1804
f 8705//1356 8706//1812 8707//1811
f 8706//1812 8705//1356 8708//1355
f 8709//1819 8710//4811 8711//1787
f 8710//4811 8709//1819 8712//1810
f 8713//4812 8714//4813 8715//4814
f 8714//4813 8713//4812 8716//4815
f 8717//1828 8718//1768 8719//1767
f 8718//1768 8717//1828 8720//4816
f 8721//4817 8722//1857 8723//1855
f 8722//1857 8721//4817 8724//1834
f 8725//1850 8726//4818 8727//1805
f 8726//4818 8725//1850 8728//1878
f 8729//4819 8730//4820 8731//4821
f 8730//4820 8729//4819 8732//4815
f 8733//1864 8734//4822 8735//4823
f 8734//4822 8733//1864 8736//4824
f 8737//1876 8738//1813 8739//1817
f 8738//1813 8737//1876 8740//4825
f 8741//4826 8742//1880 8743//4827
f 8742//1880 8741//4826 8744//1884
f 8745//4828 8746//1886 8747//1885
f 8746//1886 8745//4828 8748//1889
f 8749//4829 8750//1893 8751//1906
f 8750//1893 8749//4829 8752//1897
f 8753//4830 8754//4831 8755//1913
f 8754//4831 8753//4830 8756//4827
f 8757//1361 8758//1914 8759//4832
f 8758//1914 8757//1361 8760//4833
f 8761//1919 8762//2143 8763//2142
f 8762//2143 8761//1919 8764//4834
f 8765//4835 8766//1932 8767//4836
f 8766//1932 8765//4835 8768//1933
f 8769//1937 8770//1918 8771//1917
f 8770//1918 8769//1937 8772//1926
f 8773//1944 8774//1969 8775//1968
f 8776//4837 8773//1944 8775//1968
f 8777//1955 8778//1936 8779//4838
f 8778//1936 8777//1955 8780//4839
f 8781//1972 8782//1948 8783//1960
f 8782//1948 8781//1972 8784//1949
f 8785//1974 8786//1598 8787//1595
f 8786//1598 8785//1974 8788//4840
f 8789//4841 8790//4435 8791//4436
f 8791//4436 8792//4842 8789//4841
f 8793//4840 8794//4843 8795//1598
f 8794//4843 8793//4840 8796//4844
f 8797//1992 8798//1996 8799//1993
f 8798//1996 8797//1992 8800//4845
f 8801//4846 8802//2001 8803//2000
f 8802//2001 8801//4846 8804//4847
f 8805//2009 8806//2035 8807//2008
f 8806//2035 8805//2009 8808//2033
f 8809//2007 8810//2018 8811//2064
f 8810//2018 8809//2007 8812//2017
f 8813//2022 8814//1999 8815//1998
f 8814//1999 8813//2022 8816//2021
f 8817//2034 8818//2024 8819//2032
f 8818//2024 8817//2034 8820//2042
f 8821//2037 8822//2023 8823//2020
f 8822//2023 8821//2037 8824//4848
f 8825//2043 8826//4849 8827//2048
f 8826//4849 8825//2043 8828//765
f 8829//2045 8830//4850 8831//2044
f 8830//4850 8829//2045 8832//2055
f 8833//4851 8834//2065 8835//2056
f 8834//2065 8833//4851 8836//2063
f 8837//2443 8838//2073 8839//4852
f 8838//2073 8837//2443 8840//2442
f 8841//2060 8842//2077 8843//2067
f 8842//2077 8841//2060 8844//2082
f 8845//2086 8846//2113 8847//4853
f 8846//2113 8845//2086 8848//2111
f 8849//4854 8850//2098 8851//4855
f 8850//2098 8849//4854 8852//2096
f 8853//2102 8854//2015 8855//2016
f 8855//2016 8856//2100 8853//2102
f 8857//2110 8858//4856 8859//2112
f 8858//4856 8857//2110 8860//2107
f 8861//2116 8862//2109 8863//2095
f 8863//2095 8864//2114 8861//2116
f 8865//2123 8866//2281 8867//2125
f 8866//2281 8865//2123 8868//2122
f 8869//2157 8870//2101 8871//4857
f 8871//4857 8872//4858 8869//2157
f 8873//1925 8874//2137 8875//2136
f 8874//2137 8873//1925 8876//1924
f 8877//2147 8878//2171 8879//2151
f 8880//4859 8877//2147 8879//2151
f 8881//2124 8882//2154 8883//2153
f 8882//2154 8881//2124 8884//2117
f 8885//2141 8886//2164 8887//4860
f 8886//2164 8885//2141 8888//4861
f 8889//4862 8890//2168 8891//2167
f 8890//2168 8889//4862 8892//2152
f 8893//4863 8894//4864 8895//2175
f 8894//4864 8893//4863 8896//4865
f 8897//2281 8898//2182 8899//2181
f 8898//2182 8897//2281 8900//2122
f 8901//2183 8902//4866 8903//2188
f 8902//4866 8901//2183 8904//2185
f 8905//2187 8906//2201 8907//4867
f 8906//2201 8905//2187 8908//2186
f 8909//2204 8910//2195 8911//4868
f 8910//2195 8909//2204 8912//2230
f 8913//2187 8914//2216 8915//2237
f 8914//2216 8913//2187 8916//4869
f 8917//4870 8918//4871 8919//4872
f 8918//4871 8917//4870 8920//4873
f 8921//2188 8922//2234 8923//2183
f 8922//2234 8921//2188 8924//4874
f 8925//2280 8926//4875 8927//4876
f 8926//4875 8925//2280 8928//2282
f 8929//4877 8930//2264 8931//4878
f 8930//2264 8929//4877 8932//4879
f 8933//4880 8934//2217 8935//2222
f 8934//2217 8933//4880 8936//4881
f 8937//2267 8938//2238 8939//4882
f 8938//2238 8937//2267 8940//4883
f 8941//4879 8942//4884 8943//4885
f 8942//4884 8941//4879 8944//2273
f 8945//4856 8946//4886 8947//2278
f 8946//4886 8945//4856 8948//2125
f 8949//2290 8950//2322 8951//2291
f 8950//2322 8949//2290 8952//2320
f 8953//4887 8954//2239 8955//4888
f 8954//2239 8953//4887 8956//4889
f 8957//2305 8958//4889 8959//4887
f 8958//4889 8957//2305 8960//4890
f 8961//2321 8962//4891 8963//4892
f 8962//4891 8961//2321 8964//4893
f 8965//2113 8966//2324 8967//2326
f 8966//2324 8965//2113 8968//2112
f 8969//2330 8970//2275 8971//2304
f 8970//2275 8969//2330 8972//2325
f 8973//4894 8974//4895 8975//2343
f 8974//4895 8973//4894 8976//4896
f 8977//2353 8978//2376 8979//2354
f 8978//2376 8977//2353 8980//2377
f 8981//2089 8982//4897 8983//2090
f 8982//4897 8981//2089 8984//2358
f 8985//2363 8986//2331 8987//2329
f 8986//2331 8985//2363 8988//4898
f 8989//4899 8990//2365 8991//4900
f 8992//2378 8989//4899 8991//4900
f 8993//2365 8994//2382 8995//2381
f 8994//2382 8993//2365 8996//4901
f 8997//2390 8998//2364 8999//4902
f 8998//2364 8997//2390 9000//2409
f 9001//4903 9002//2402 9003//4904
f 9002//2402 9001//4903 9004//4852
f 9005//2405 9006//2090 9007//4897
f 9006//2090 9005//2405 9008//4905
f 9009//2380 9010//2414 9011//2413
f 9010//2414 9009//2380 9012//4906
f 9013//4907 9014//4908 9015//2424
f 9016//4909 9014//4908 9013//4907
f 9017//714 9018//2434 9019//2437
f 9018//2434 9017//714 9020//2435
f 9021//4910 9022//4904 9023//4911
f 9022//4904 9021//4910 9024//4903
f 9025//4912 9026//2075 9027//4913
f 9026//2075 9025//4912 9028//763
f 9029//716 9030//719 9031//4911
f 9030//719 9029//716 9032//4914
f 9033//716 9034//4915 9035//2446
f 9033//716 9036//4911 9034//4915
f 9037//4916 9038//4917 9039//2452
f 9038//4917 9037//4916 9040//760
f 9041//4918 9042//4919 9043//765
f 9044//4920 9041//4918 9043//765
f 9045//761 9046//4911 9047//2453
f 9046//4911 9045//761 9048//4921
f 9049//727 9050//4922 9051//2458
f 9050//4922 9049//727 9052//2456
f 9053//2462 9054//3805 9055//2466
f 9054//3805 9053//2462 9056//2461
f 9057//4923 9058//2476 9059//4924
f 9058//2476 9057//4923 9060//4925
f 9061//4909 9062//2421 9063//2470
f 9063//2470 9064//4926 9061//4909
f 9065//2489 9066//2483 9067//2482
f 9066//2483 9065//2489 9068//4927
f 9069//2464 9070//2485 9071//740
f 9070//2485 9069//2464 9072//2463
f 9073//2504 9074//2486 9075//2488
f 9074//2486 9073//2504 9076//743
f 9077//2489 9078//2494 9079//2493
f 9078//2494 9077//2489 9080//2482
f 9081//4928 9082//2501 9083//2500
f 9082//2501 9081//4928 9084//2502
f 9085//1110 9086//3296 9087//1108
f 9086//3296 9085//1110 9088//1112
f 9089//1652 9090//4775 9091//3852
f 9090//4775 9089//1652 9092//1485
f 9093//4929 9094//4930 9095//2518
f 9096//4931 9093//4929 9095//2518
f 9097//4932 9098//4933 9099//4934
f 9098//4933 9097//4932 9100//4935
f 9101//2491 9102//4936 9103//2526
f 9102//4936 9101//2491 9104//2495
f 9105//2528 9106//4937 9107//4938
f 9106//4937 9105//2528 9108//4939
f 9109//4930 9110//4940 9111//4941
f 9110//4940 9109//4930 9112//2537
f 9113//4942 9114//4943 9115//4944
f 9116//4945 9113//4942 9115//4944
f 9117//4946 9118//4947 9119//4947
f 9118//4947 9117//4946 9120//4948
f 9121//4949 9122//4950 9123//2544
f 9122//4950 9121//4949 9124//2546
f 9125//4951 9126//4952 9127//4951
f 9126//4952 9125//4951 9128//4953
f 9129//4954 9130//4955 9131//4956
f 9129//4954 9132//4957 9130//4955
f 9133//2555 9134//2559 9135//4958
f 9136//2557 9134//2559 9133//2555
f 9137//2556 9138//2558 9139//2563
f 9140//4959 9139//2563 9138//2558
f 9141//2562 9142//2565 9143//2567
f 9144//2560 9141//2562 9143//2567
f 9145//2566 9146//2568 9147//2570
f 9148//2564 9145//2566 9147//2570
f 9149//4960 9150//4961 9151//4962
f 9152//2569 9150//4961 9149//4960
f 9153//4963 9154//4964 9155//4965
f 9155//4965 9156//4966 9153//4963
f 9157//4967 9158//1554 9159//4968
f 9160//1565 9158//1554 9157//4967
f 9161//4969 9162//4970 9163//4971
f 9161//4969 9164//4972 9162//4970
f 9165//4973 9166//4974 9167//4975
f 9166//4974 9165//4973 9168//4976
f 9169//4977 9170//2583 9171//4978
f 9170//2583 9169//4977 9172//4979
f 9173//2592 9174//4980 9175//2590
f 9173//2592 9176//2588 9174//4980
f 9177//4981 9178//4942 9179//2591
f 9178//4942 9177//4981 9180//4943
f 9181//2891 9182//2893 9183//4982
f 9182//2893 9181//2891 9184//2882
f 9185//4983 9186//4984 9187//4985
f 9185//4983 9187//4985 9188//2598
f 9189//4986 9190//4984 9191//4983
f 9192//2606 9190//4984 9189//4986
f 9193//4987 9194//2615 9195//2612
f 9196//2602 9193//4987 9195//2612
f 9197//4988 9198//2908 9199//2906
f 9198//2908 9197//4988 9200//4989
f 9201//2604 9202//2607 9203//2615
f 9204//2613 9203//2615 9202//2607
f 9205//2611 9206//4990 9207//2619
f 9207//2619 9208//4991 9205//2611
f 9209//2606 9210//4992 9211//2620
f 9210//4992 9209//2606 9212//4986
f 9213//2611 9214//2614 9215//4993
f 9216//2623 9215//4993 9214//2614
f 9217//2618 9218//2627 9219//4994
f 9219//4994 9220//2616 9217//2618
f 9221//2613 9222//4995 9223//2630
f 9222//4995 9221//2613 9224//2607
f 9225//2618 9226//4996 9227//2627
f 9228//2649 9227//2627 9226//4996
f 9229//2628 9230//2635 9231//2637
f 9231//2637 9232//4997 9229//2628
f 9233//2614 9234//4998 9235//4999
f 9236//2639 9235//4999 9234//4998
f 9237//2628 9238//5000 9239//5001
f 9240//2641 9239//5001 9238//5000
f 9241//2636 9242//2643 9243//2646
f 9243//2646 9244//2634 9241//2636
f 9245//5002 9246//5003 9247//2647
f 9246//5003 9245//5002 9248//2624
f 9249//2636 9250//2642 9251//2643
f 9252//2650 9251//2643 9250//2642
f 9253//2644 9254//2653 9255//2655
f 9255//2655 9256//2645 9253//2644
f 9257//2641 9258//5004 9259//2656
f 9258//5004 9257//2641 9260//5000
f 9261//2644 9262//2651 9263//2653
f 9264//2658 9263//2653 9262//2651
f 9265//5005 9266//5006 9267//2663
f 9267//2663 9268//2652 9265//5005
f 9269//2650 9270//2657 9271//2664
f 9270//2657 9269//2650 9272//5007
f 9273//2654 9274//2659 9275//5006
f 9276//2666 9275//5006 9274//2659
f 9277//2661 9278//2677 9279//2672
f 9279//2672 9280//2662 9277//2661
f 9281//2658 9282//2665 9283//2673
f 9282//2665 9281//2658 9284//2651
f 9285//5008 9286//2679 9287//2677
f 9288//2675 9287//2677 9286//2679
f 9289//772 9290//5009 9291//5010
f 9291//5010 9292//2890 9289//772
f 9293//2666 9294//5011 9295//2678
f 9294//5011 9293//2666 9296//2659
f 9297//4983 9298//5012 9299//4986
f 9298//5012 9297//4983 9300//2599
f 9301//2675 9302//2680 9303//2681
f 9302//2680 9301//2675 9304//2667
f 9305//2676 9306//2682 9307//5013
f 9305//2676 9307//5013 9308//5014
f 9309//3795 9310//3779 9311//3807
f 9310//3779 9309//3795 9312//3777
f 9313//4487 9314//1234 9315//5015
f 9314//1234 9313//4487 9316//5016
f 9317//5017 9318//5018 9319//2716
f 9317//5017 9320//5019 9318//5018
f 9321//2684 9322//2703 9323//2686
f 9324//5020 9325//2722 9326//2726
f 9327//5021 9326//2726 9325//2722
f 9328//5022 9329//5023 9330//5024
f 9331//2723 9328//5022 9330//5024
f 9332//2730 9333//5023 9334//2728
f 9333//5023 9332//2730 9335//5024
f 9336//5025 9337//2731 9338//2732
f 9336//5025 9338//2732 9339//5026
f 9340//2736 9341//5025 9342//5026
f 9340//2736 9342//5026 9343//2734
f 9344//2739 9345//2735 9346//5027
f 9344//2739 9346//5027 9347//2740
f 9348//5028 9349//763 9350//5029
f 9351//761 9349//763 9348//5028
f 9352//2745 9353//2742 9354//2741
f 9352//2745 9354//2741 9355//2738
f 9356//2749 9357//2744 9358//2743
f 9356//2749 9359//2746 9357//2744
f 9360//2753 9361//5030 9362//5031
f 9361//5030 9360//2753 9363//2750
f 9364//2757 9365//2752 9366//5032
f 9365//2752 9364//2757 9367//5033
f 9368//2756 9369//4550 9370//4551
f 9369//4550 9368//2756 9371//2755
f 9372//4438 9373//5034 9374//5035
f 9375//4437 9372//4438 9374//5035
f 9376//1561 9377//2761 9378//2758
f 9377//2761 9376//1561 9379//1560
f 9380//2760 9381//5036 9382//2763
f 9381//5036 9380//2760 9383//2759
f 9384//2765 9385//2768 9386//5037
f 9387//2762 9385//2768 9384//2765
f 9388//2773 9389//2766 9390//2771
f 9389//2766 9388//2773 9391//2769
f 9392//2776 9393//2770 9394//5038
f 9393//2770 9392//2776 9395//5039
f 9396//2786 9397//5040 9398//2774
f 9397//5040 9396//2786 9399//2785
f 9400//5041 9401//2784 9402//2782
f 9402//2782 9403//2781 9400//5041
f 9404//5042 9405//2783 9406//5043
f 9405//2783 9404//5042 9407//5044
f 9408//758 9409//3805 9410//3806
f 9408//758 9411//3789 9409//3805
f 9412//5045 9413//2683 9414//2793
f 9415//5046 9412//5045 9414//2793
f 9416//2670 9417//2676 9418//2792
f 9419//2684 9418//2792 9417//2676
f 9420//2594 9421//2813 9422//2599
f 9421//2813 9420//2594 9423//2795
f 9424//5047 9425//5048 9426//5017
f 9424//5047 9427//2797 9425//5048
f 9428//2800 9429//5049 9430//5050
f 9431//2788 9430//5050 9429//5049
f 9432//2796 9433//2794 9434//2804
f 9434//2804 9435//2803 9432//2796
f 9436//2807 9437//2802 9438//5051
f 9439//5052 9438//5051 9437//2802
f 9440//2805 9441//2802 9442//2816
f 9442//2816 9443//2815 9440//2805
f 9444//2826 9445//2809 9446//5053
f 9447//2806 9446//5053 9445//2809
f 9448//2817 9449//2814 9450//2826
f 9450//2826 9451//2825 9448//2817
f 9452//2821 9453//2831 9454//2828
f 9455//2818 9453//2831 9452//2821
f 9456//2827 9457//2828 9458//2834
f 9457//2828 9456//2827 9459//2824
f 9460//5054 9461//2839 9462//5055
f 9463//5056 9461//2839 9460//5054
f 9464//2835 9465//2844 9466//2843
f 9465//2844 9464//2835 9467//5057
f 9468//2842 9469//5058 9470//5059
f 9471//2837 9469//5058 9468//2842
f 9472//2856 9473//2854 9474//2860
f 9473//2854 9472//2856 9475//2842
f 9476//5060 9477//5061 9478//2868
f 9477//5061 9476//5060 9479//2849
f 9480//2852 9481//2873 9482//2864
f 9481//2873 9480//2852 9483//5062
f 9484//2867 9485//5063 9486//2874
f 9485//5063 9484//2867 9487//2872
f 9488//2870 9489//5064 9490//5065
f 9489//5064 9488//2870 9491//5066
f 9492//2886 9493//2884 9494//2881
f 9493//2884 9492//2886 9495//2875
f 9496//5067 9497//2891 9498//5068
f 9497//2891 9496//5067 9499//2882
f 9500//2875 9501//2894 9502//5069
f 9501//2894 9500//2875 9503//2879
f 9504//5070 9505//2898 9506//2889
f 9505//2898 9504//5070 9507//5071
f 9508//5072 9509//772 9510//771
f 9511//2812 9512//4986 9513//2813
f 9514//4992 9512//4986 9511//2812
f 9515//5073 9516//2902 9517//5074
f 9516//2902 9515//5073 9518//2883
f 9519//803 9520//4989 9521//5075
f 9520//4989 9519//803 9522//802
f 9523//5009 9524//2694 9525//2692
f 9524//2694 9523//5009 9526//5076
f 9527//5077 9528//5078 9529//5079
f 9528//5078 9527//5077 9530//5077
f 9531//2912 9532//5080 9533//5080
f 9532//5080 9531//2912 9534//2909
f 9535//5081 9536//5082 9537//5083
f 9535//5081 9537//5083 9538//5084
f 9539//5085 9540//5086 9541//2928
f 9541//2928 9542//5087 9539//5085
f 9543//5088 9544//2930 9545//2932
f 9545//2932 9546//5089 9543//5088
f 9547//2931 9548//2933 9549//5090
f 9549//5090 9550//2929 9547//2931
f 9551//2939 9552//5091 9553//5092
f 9551//2939 9553//5092 9554//5093
f 9555//5094 9556//2943 9557//5095
f 9556//2943 9555//5094 9558//2941
f 9559//5096 9560//2947 9561//2942
f 9560//2947 9559//5096 9562//2945
f 9563//2948 9564//2951 9565//2946
f 9564//2951 9563//2948 9566//5097
f 9567//2950 9568//5098 9569//5099
f 9568//5098 9567//2950 9570//5100
f 9571//2955 9572//5101 9573//5102
f 9572//5101 9571//2955 9574//5103
f 9575//5102 9576//2960 9577//2957
f 9576//2960 9575//5102 9578//5101
f 9579//5104 9580//2963 9581//2962
f 9582//5105 9580//2963 9579//5104
f 9583//2964 9584//2967 9585//2966
f 9586//2961 9584//2967 9583//2964
f 9587//2968 9588//2965 9589//5106
f 9590//2970 9587//2968 9589//5106
f 9591//2972 9592//5107 9593//5108
f 9594//5109 9591//2972 9593//5108
f 9595//2976 9596//2973 9597//5110
f 9598//2978 9595//2976 9597//5110
f 9599//2982 9600//5111 9601//2981
f 9600//5111 9599//2982 9602//5112
f 9603//5111 9604//2986 9605//2985
f 9604//2986 9603//5111 9606//5112
f 9607//2911 9608//2916 9609//5113
f 9608//2916 9607//2911 9610//5114
f 9611//2992 9612//3499 9613//5115
f 9612//3499 9611//2992 9614//2991
f 9615//5116 9616//5117 9617//3001
f 9616//5117 9615//5116 9618//3007
f 9619//3012 9620//2993 9621//5118
f 9620//2993 9619//3012 9622//5119
f 9623//3020 9624//3031 9625//3537
f 9624//3031 9623//3020 9626//3017
f 9627//3028 9628//3550 9629//3030
f 9628//3550 9627//3028 9630//3025
f 9631//3037 9632//3019 9633//3018
f 9632//3019 9631//3037 9634//5120
f 9635//3000 9636//3046 9637//3044
f 9636//3046 9635//3000 9638//3005
f 9639//3036 9640//5121 9641//5122
f 9640//5121 9639//3036 9642//5123
f 9643//3059 9644//5124 9645//3026
f 9644//5124 9643//3059 9646//3056
f 9647//3064 9648//3034 9649//3033
f 9648//3034 9647//3064 9650//3089
f 9651//5125 9652//3071 9653//3070
f 9652//3071 9651//5125 9654//3049
f 9655//5126 9656//3082 9657//5127
f 9656//3082 9655//5126 9658//3080
f 9659//5128 9660//3058 9661//3060
f 9660//3058 9659//5128 9662//3084
f 9663//5129 9664//3093 9665//5130
f 9664//3093 9663//5129 9666//3096
f 9667//3091 9668//5131 9669//5132
f 9668//5131 9667//3091 9670//3090
f 9671//3074 9672//3110 9673//3128
f 9672//3110 9671//3074 9674//3078
f 9675//5133 9676//5134 9677//3117
f 9676//5134 9675//5133 9678//3098
f 9679//3124 9680//3074 9681//3128
f 9680//3074 9679//3124 9682//3118
f 9683//3170 9684//3134 9685//3133
f 9684//3134 9683//3170 9686//3136
f 9687//3141 9688//3114 9689//3122
f 9688//3114 9687//3141 9690//3161
f 9691//3167 9692//3149 9693//3148
f 9692//3149 9691//3167 9694//3131
f 9695//3157 9696//3117 9697//5135
f 9696//3117 9695//3157 9698//5133
f 9699//3236 9700//3166 9701//3165
f 9700//3166 9699//3236 9702//5136
f 9703//3164 9704//3174 9705//3173
f 9704//3174 9703//3164 9706//3163
f 9707//3227 9708//5137 9709//3179
f 9708//5137 9707//3227 9710//3171
f 9711//3193 9712//3158 9713//3139
f 9712//3158 9711//3193 9714//5138
f 9715//3223 9716//3200 9717//5139
f 9716//3200 9715//3223 9718//3202
f 9719//3207 9720//3201 9721//3189
f 9720//3201 9719//3207 9722//3197
f 9723//3212 9724//5140 9725//3217
f 9724//5140 9723//3212 9726//3211
f 9727//3221 9728//5141 9729//5142
f 9728//5141 9727//3221 9730//3223
f 9731//3232 9732//3225 9733//3224
f 9732//3225 9731//3232 9734//3228
f 9735//3256 9736//3230 9737//3250
f 9736//3230 9735//3256 9738//3231
f 9739//3241 9740//3235 9741//3234
f 9740//3235 9739//3241 9742//1415
f 9743//1393 9744//3239 9745//5143
f 9744//3239 9743//1393 9746//1392
f 9747//5144 9748//5145 9749//3248
f 9748//5145 9747//5144 9750//3256
f 9751//1399 9752//3238 9753//3253
f 9752//3238 9751//1399 9754//1393
f 9755//2538 9756//4937 9757//2527
f 9757//2527 9758//3258 9755//2538
f 9759//3222 9760//3260 9761//3246
f 9759//3222 9761//3246 9762//3218
f 9763//3213 9764//3268 9765//3267
f 9764//3268 9763//3213 9766//3210
f 9767//5146 9768//3272 9769//5147
f 9770//3255 9768//3272 9767//5146
f 9771//3271 9772//3244 9773//5148
f 9772//3244 9771//3271 9774//3242
f 9775//3262 9776//3276 9777//3275
f 9776//3276 9775//3262 9778//3266
f 9779//3263 9780//3262 9781//5149
f 9782//5150 9779//3263 9781//5149
f 9783//3274 9784//3282 9785//3281
f 9784//3282 9783//3274 9786//3273
f 9787//3275 9788//5149 9789//3262
f 9788//5149 9787//3275 9790//1339
f 9791//3280 9792//3290 9793//3289
f 9792//3290 9791//3280 9794//3279
f 9795//3286 9796//3274 9797//3281
f 9795//3286 9797//3281 9798//1343
f 9799//3288 9800//1113 9801//1111
f 9800//1113 9799//3288 9802//3287
f 9803//1341 9804//3289 9805//3302
f 9806//3280 9804//3289 9803//1341
f 9807//3301 9808//1111 9809//1417
f 9808//1111 9807//3301 9810//3288
f 9811//3300 9812//3309 9813//3296
f 9814//3295 9811//3300 9813//3296
f 9815//1108 9816//3309 9817//5151
f 9816//3309 9815//1108 9818//3296
f 9819//5152 9820//3307 9821//3304
f 9820//3307 9819//5152 9822//3308
f 9823//5153 9824//5152 9825//1314
f 9824//5152 9823//5153 9826//3308
f 9827//3326 9828//3315 9829//5154
f 9828//3315 9827//3326 9830//3317
f 9831//3317 9832//3822 9833//1312
f 9834//5155 9832//3822 9831//3317
f 9835//3821 9836//3322 9837//3321
f 9836//3322 9835//3821 9838//3325
f 9839//3339 9840//3333 9841//3329
f 9840//3333 9839//3339 9842//3818
f 9843//3343 9844//3345 9845//3798
f 9844//3345 9843//3343 9846//3342
f 9847//3777 9848//3347 9849//3346
f 9847//3777 9850//3795 9848//3347
f 9851//3355 9852//3363 9853//5156
f 9852//3363 9851//3355 9854//3352
f 9855//5157 9856//3777 9857//3346
f 9855//5157 9857//3346 9858//3360
f 9859//3370 9860//3363 9861//3352
f 9860//3363 9859//3370 9862//3377
f 9863//3379 9864//3767 9865//3362
f 9864//3767 9863//3379 9866//3768
f 9867//3382 9868//5158 9869//3365
f 9868//5158 9867//3382 9870//3391
f 9871//3388 9872//3375 9873//3372
f 9872//3375 9871//3388 9874//3387
f 9875//3397 9876//5159 9877//3380
f 9876//5159 9875//3397 9878//3407
f 9879//3403 9880//5160 9881//3392
f 9880//5160 9879//3403 9882//5161
f 9883//3411 9884//5162 9885//5163
f 9884//5162 9883//3411 9886//3423
f 9887//5164 9888//3404 9889//3401
f 9888//3404 9887//5164 9890//5165
f 9891//3428 9892//5166 9893//3409
f 9892//5166 9891//3428 9894//3439
f 9895//3436 9896//5167 9897//5168
f 9896//5167 9895//3436 9898//3435
f 9899//3443 9900//5169 9901//3447
f 9900//5169 9899//3443 9902//3455
f 9903//5170 9904//5171 9905//3434
f 9904//5171 9903//5170 9906//3682
f 9907//5172 9908//3462 9909//3459
f 9908//3462 9907//5172 9910//3441
f 9911//3451 9912//5173 9913//3663
f 9912//5173 9911//3451 9914//3448
f 9915//3470 9916//3476 9917//3475
f 9916//3476 9915//3470 9918//3458
f 9919//5174 9920//3482 9921//5175
f 9920//3482 9919//5174 9922//3466
f 9923//3477 9924//3485 9925//3487
f 9924//3485 9923//3477 9926//3474
f 9927//3495 9928//5176 9929//3498
f 9928//5176 9927//3495 9930//3514
f 9931//3518 9932//3502 9933//3501
f 9932//3502 9931//3518 9934//3505
f 9935//3512 9936//5177 9937//5178
f 9936//5177 9935//3512 9938//3509
f 9939//3519 9940//3503 9941//3521
f 9940//3503 9939//3519 9942//3501
f 9943//5179 9944//3494 9945//3493
f 9944//3494 9943//5179 9946//3555
f 9947//3570 9948//5180 9949//3539
f 9950//3568 9948//5180 9947//3570
f 9951//3031 9952//3544 9953//5181
f 9952//3544 9951//3031 9954//3030
f 9955//3559 9956//3511 9957//5182
f 9956//3511 9955//3559 9958//5183
f 9959//3593 9960//3560 9961//3590
f 9960//3560 9959//3593 9962//5184
f 9963//3565 9964//3574 9965//3563
f 9964//3574 9963//3565 9966//3548
f 9967//3582 9968//3518 9969//3517
f 9968//3518 9967//3582 9970//3579
f 9971//5185 9972//3585 9973//5186
f 9972//3585 9971//5185 9974//5187
f 9975//3573 9976//3594 9977//3595
f 9976//3594 9975//3573 9978//3576
f 9979//3486 9980//3602 9981//3606
f 9980//3602 9979//3486 9982//5188
f 9983//3483 9984//5189 9985//3605
f 9984//5189 9983//3483 9986//3484
f 9987//5190 9988//3611 9989//3610
f 9988//3611 9987//5190 9990//3580
f 9991//5191 9992//3586 9993//3596
f 9993//3596 9994//3619 9991//5191
f 9995//3604 9996//3629 9997//3627
f 9996//3629 9995//3604 9998//3599
f 9999//3605 10000//3627 10001//5192
f 10000//3627 9999//3605 10002//3604
f 10003//3644 10004//5193 10005//3645
f 10004//5193 10003//3644 10006//3660
f 10007//5194 10008//5195 10009//3654
f 10008//5195 10007//5194 10010//5196
f 10011//3634 10012//3658 10013//3657
f 10012//3658 10011//3634 10014//3661
f 10015//3666 10016//5197 10017//5198
f 10016//5197 10015//3666 10018//3663
f 10019//5199 10020//3675 10021//3697
f 10020//3675 10019//5199 10022//3679
f 10023//5200 10024//3665 10025//3670
f 10024//3665 10023//5200 10026//3682
f 10027//3694 10028//5201 10029//3669
f 10030//3692 10027//3694 10029//3669
f 10031//5202 10032//3702 10033//5203
f 10032//3702 10031//5202 10034//3686
f 10035//3730 10036//3711 10037//3708
f 10036//3711 10035//3730 10038//5204
f 10039//3700 10040//5205 10041//3418
f 10040//5205 10039//3700 10042//3704
f 10043//3725 10044//5206 10045//5207
f 10046//5208 10043//3725 10045//5207
f 10047//3714 10048//5209 10049//5210
f 10048//5209 10047//3714 10050//3713
f 10051//3750 10052//3738 10053//3744
f 10054//5211 10051//3750 10053//3744
f 10055//5212 10056//3747 10057//5213
f 10056//3747 10055//5212 10058//5214
f 10059//3389 10060//3754 10061//3753
f 10060//3754 10059//3389 10062//3731
f 10063//3735 10064//3762 10065//3757
f 10064//3762 10063//3735 10066//3745
f 10067//5215 10068//3769 10069//3768
f 10068//3769 10067//5215 10070//3752
f 10071//3761 10072//3774 10073//3772
f 10072//3774 10071//3761 10074//3760
f 10075//5216 10076//3778 10077//5157
f 10076//3778 10075//5216 10078//3766
f 10079//3771 10080//3788 10081//3786
f 10080//3788 10079//3771 10082//3773
f 10083//3348 10084//3793 10085//3353
f 10083//3348 10086//3345 10084//3793
f 10087//3798 10088//3335 10089//3343
f 10088//3335 10087//3798 10090//3337
f 10091//3807 10092//5217 10093//757
f 10092//5217 10091//3807 10094//3779
f 10095//3803 10096//5218 10097//3804
f 10098//757 10096//5218 10095//3803
f 10099//3337 10100//3794 10101//5219
f 10100//3794 10099//3337 10102//3798
f 10103//3813 10104//3339 10105//3337
f 10104//3339 10103//3813 10106//3812
f 10107//3816 10108//5220 10109//5221
f 10108//5220 10107//3816 10110//3817
f 10111//3325 10112//3834 10113//1318
f 10114//3334 10112//3834 10111//3325
f 10115//5222 10116//2450 10117//3824
f 10116//2450 10115//5222 10118//3826
f 10119//3826 10120//2451 10121//2450
f 10120//2451 10119//3826 10122//5223
f 10123//3829 10124//5224 10125//3817
f 10124//5224 10123//3829 10126//5225
f 10127//3825 10128//5226 10129//3839
f 10128//5226 10127//3825 10130//2449
f 10131//5224 10132//1322 10133//3819
f 10132//1322 10131//5224 10134//5227
f 10135//745 10136//3840 10137//5228
f 10136//3840 10135//745 10138//3830
f 10139//5229 10140//5227 10141//5224
f 10140//5227 10139//5229 10142//1327
f 10143//5230 10144//786 10145//5231
f 10146//5232 10147//778 10148//3844
f 10149//786 10150//3853 10151//3845
f 10152//786 10153//5233 10154//5234
f 10155//786 10156//5235 10157//3848
f 10158//786 10159//3849 10160//5236
f 10161//5237 10162//5238 10163//778
f 10164//778 10165//3914 10166//3856
f 10167//3964 10168//778 10169//5239
f 10170//3864 10171//5240 10172//5241
f 10171//5240 10170//3864 10173//3863
f 10174//3867 10175//3873 10176//5242
f 10175//3873 10174//3867 10177//3869
f 10178//3876 10179//3872 10180//3871
f 10179//3872 10178//3876 10181//3875
f 10182//5243 10183//3881 10184//3878
f 10183//3881 10182//5243 10185//3874
f 10186//3880 10187//3879 10188//5244
f 10188//5244 10189//3883 10186//3880
f 10190//3885 10191//5245 10192//5246
f 10192//5246 10193//5247 10190//3885
f 10194//3912 10195//5248 10196//5249
f 10197//781 10198//3911 10199//3909
f 10200//3894 10201//3889 10202//3886
f 10201//3889 10200//3894 10203//3893
f 10204//3898 10205//5250 10206//5251
f 10205//5250 10204//3898 10207//3897
f 10208//5252 10209//5253 10210//5254
f 10210//5254 10211//5255 10208//5252
f 10212//5256 10213//5257 10214//3918
f 10215//5258 10212//5256 10214//3918
f 10216//3857 10217//3861 10218//778
f 10219//778 10220//3968 10221//3910
f 10222//3895 10223//3915 10224//3917
f 10223//3915 10222//3895 10225//3892
f 10226//3921 10227//4494 10228//4493
f 10227//4494 10226//3921 10229//3920
f 10230//5259 10231//3927 10232//3929
f 10233//3924 10230//5259 10232//3929
f 10234//3928 10235//3930 10236//3933
f 10237//3926 10234//3928 10236//3933
f 10238//3931 10239//3935 10240//3937
f 10241//3932 10238//3931 10240//3937
f 10242//3936 10243//5260 10244//3941
f 10245//5261 10242//3936 10244//3941
f 10246//5262 10247//3946 10248//3946
f 10249//3940 10246//5262 10248//3946
f 10250//1097 10251//5263 10252//3295
f 10251//5263 10250//1097 10253//5264
f 10254//5265 10255//5266 10256//786
f 10257//3948 10258//3951 10259//3949
f 10258//3951 10257//3948 10260//3951
f 10261//5267 10262//5268 10263//3952
f 10262//5268 10261//5267 10264//5269
f 10265//5269 10266//5270 10267//5268
f 10268//5271 10266//5270 10265//5269
f 10269//5272 10270//3961 10271//5273
f 10270//3961 10269//5272 10272//3955
f 10273//3960 10274//3963 10275//3962
f 10276//5274 10274//3963 10273//3960
f 10277//3908 10278//3966 10279//778
f 10280//5275 10281//776 10282//5276
f 10283//781 10284//780 10285//3969
f 10286//781 10287//790 10288//5277
f 10289//3860 10290//781 10291//3973
f 10292//5278 10293//5279 10294//5280
f 10292//5278 10295//5281 10293//5279
f 10296//5282 10297//5283 10298//5284
f 10296//5282 10299//5285 10297//5283
f 10300//5286 10301//5287 10302//5288
f 10302//5288 10303//5289 10300//5286
f 10304//5290 10305//5291 10306//5292
f 10307//5293 10305//5291 10304//5290
f 10308//5294 10309//5295 10310//5296
f 10308//5294 10311//5297 10309//5295
f 10312//5298 10313//5289 10314//5294
f 10313//5289 10312//5298 10315//5286
f 10316//5299 10317//5300 10318//5301
f 10317//5300 10316//5299 10319//5302
f 10320//5295 10321//5302 10322//5299
f 10321//5302 10320//5295 10323//5303
f 10324//5304 10325//5305 10326//5306
f 10324//5304 10326//5306 10327//5307
f 10328//5301 10329//5308 10330//5305
f 10329//5308 10328//5301 10331//5309
f 10332//5310 10333//5311 10334//5312
f 10333//5311 10332//5310 10335//5313
f 10336//5314 10337//5315 10338//5304
f 10337//5315 10336//5314 10339//5316
f 10340//5317 10341//5318 10342//5319
f 10341//5318 10340//5317 10343//5320
f 10344//5317 10345//5312 10346//5321
f 10345//5312 10344//5317 10347//5322
f 10348//5323 10349//5324 10350//5325
f 10349//5324 10348//5323 10351//5326
f 10352//5319 10353//5326 10354//5323
f 10353//5326 10352//5319 10355//5318
f 10356//5327 10357//5328 10358//5329
f 10358//5329 10359//5330 10356//5327
f 10360//5325 10361//5331 10362//5328
f 10361//5331 10360//5325 10363//5324
f 10364//5332 10365//5333 10366//5334
f 10364//5332 10366//5334 10367//5335
f 10368//5330 10369//5333 10370//5327
f 10369//5333 10368//5330 10371//5336
f 10372//5337 10373//5338 10374//5339
f 10373//5338 10372//5337 10375//5340
f 10376//5338 10377//5332 10378//5341
f 10379//5342 10378//5341 10377//5332
f 10380//5343 10381//5344 10382//5345
f 10381//5344 10380//5343 10383//5346
f 10384//5347 10385//5348 10386//5349
f 10387//5350 10385//5348 10384//5347
f 10388//5350 10389//5351 10390//5348
f 10391//5352 10389//5351 10388//5350
f 10392//5353 10393//5354 10394//5350
f 10395//5355 10393//5354 10392//5353
f 10396//5356 10397//5350 10398//5347
f 10397//5350 10396//5356 10399//5353
f 10400//5357 10401//5310 10402//5358
f 10401//5310 10400//5357 10403//5359
f 10404//5359 10405//5349 10406//5310
f 10405//5349 10404//5359 10407//5347
f 10408//5360 10409//5347 10410//5361
f 10409//5347 10408//5360 10411//5356
f 10412//5362 10413//5361 10414//5357
f 10413//5361 10412//5362 10415//5360
f 10416//5283 10417//5363 10418//5364
f 10419//5365 10417//5363 10416//5283
f 10420//5365 10421//5366 10422//5363
f 10421//5366 10420//5365 10423//5367
f 10424//5357 10425//5368 10426//5365
f 10427//5358 10425//5368 10424//5357
f 10428//5285 10429//5357 10430//5365
f 10428//5285 10430//5365 10431//5283
f 10432//5369 10433//5370 10434//5327
f 10432//5369 10434//5327 10435//5371
f 10436//5370 10437//5372 10438//5373
f 10439//5374 10437//5372 10436//5370
f 10440//5363 10441//5375 10442//5376
f 10443//5366 10441//5375 10440//5363
f 10444//5364 10445//5370 10446//5369
f 10447//5363 10445//5370 10444//5364
f 10448//5377 10449//5378 10450//5379
f 10451//5380 10450//5379 10449//5378
f 10452//5379 10453//5380 10454//5381
f 10455//5382 10454//5381 10453//5380
f 10456//5383 10457//5384 10458//5385
f 10456//5383 10459//5386 10457//5384
f 10460//5387 10461//5378 10462//5388
f 10461//5378 10460//5387 10463//5380
f 10464//5389 10465//5353 10466//5356
f 10465//5353 10464//5389 10467//5386
f 10468//5390 10469//5391 10470//5383
f 10468//5390 10471//5392 10469//5391
f 10472//5393 10473//5394 10474//5395
f 10472//5393 10475//5396 10473//5394
f 10476//5396 10477//5397 10478//5394
f 10476//5396 10479//5383 10477//5397
f 10480//5398 10481//5390 10482//5399
f 10480//5398 10482//5399 10483//5400
f 10484//5287 10485//5401 10486//5402
f 10484//5287 10487//5403 10485//5401
f 10488//5404 10489//5405 10490//5406
f 10491//5407 10490//5406 10489//5405
f 10492//5408 10493//5409 10494//5410
f 10492//5408 10494//5410 10495//5411
f 10496//5409 10497//5338 10498//5410
f 10496//5409 10499//5379 10497//5338
f 10500//5412 10501//5377 10502//5379
f 10500//5412 10502//5379 10503//5409
f 10504//5413 10505//5412 10506//5409
f 10504//5413 10506//5409 10507//5408
f 10508//5414 10509//5415 10510//5416
f 10509//5415 10508//5414 10511//5406
f 10512//5417 10513//5418 10514//5419
f 10512//5417 10514//5419 10515//5420
f 10516//5421 10517//5422 10518//5423
f 10519//5424 10518//5423 10517//5422
f 10520//5425 10521//5426 10522//5427
f 10521//5426 10520//5425 10523//5417
f 10524//5428 10525//5429 10526//5294
f 10525//5429 10524//5428 10527//5430
f 10528//5288 10529//5431 10530//5428
f 10529//5431 10528//5288 10531//5432
f 10532//5433 10533//5434 10534//5435
f 10533//5434 10532//5433 10535//5436
f 10536//5294 10537//5435 10538//5434
f 10537//5435 10536//5294 10539//5437
f 10540//5438 10541//5439 10542//5440
f 10541//5439 10540//5438 10543//5306
f 10544//5441 10545//5302 10546//5433
f 10545//5302 10544//5441 10547//5442
f 10548//5443 10549//5438 10550//5444
f 10549//5438 10548//5443 10551//5308
f 10552//5316 10553//5444 10554//5445
f 10553//5444 10552//5316 10555//5314
f 10556//5312 10557//5446 10558//5447
f 10557//5446 10556//5312 10559//5448
f 10560//5449 10561//5450 10562//5451
f 10562//5451 10561//5450 10563//5312
f 10564//5452 10565//5318 10566//5453
f 10565//5318 10564//5452 10567//5454
f 10568//5455 10569//5456 10570//5457
f 10570//5457 10569//5456 10571//5320
f 10572//5458 10573//5324 10574//5459
f 10573//5324 10572//5458 10575//5331
f 10576//5460 10577//5461 10578//5462
f 10577//5461 10576//5460 10579//5463
f 10580//5464 10581//5330 10582//5465
f 10581//5330 10580//5464 10583//5466
f 10584//5467 10585//5331 10586//5468
f 10585//5331 10584//5467 10587//5330
f 10588//5469 10589//5470 10590//5464
f 10591//5336 10590//5464 10589//5470
f 10592//5471 10593//5472 10594//5469
f 10595//5335 10594//5469 10593//5472
f 10596//5473 10597//5474 10598//5471
f 10599//5341 10598//5471 10597//5474
f 10600//5423 10601//5424 10602//5473
f 10603//5474 10602//5473 10601//5424
f 10604//5475 10605//5476 10606//5477
f 10606//5477 10605//5476 10607//5478
f 10608//5479 10609//5476 10610//5343
f 10609//5476 10608//5479 10611//5478
f 10612//5380 10613//5387 10614//5371
f 10612//5380 10614//5371 10615//5382
f 10616//5480 10617//5481 10618//5482
f 10616//5480 10619//5483 10617//5481
f 10620//5484 10621//5485 10622//5386
f 10623//5353 10622//5386 10621//5485
f 10624//5486 10625//5487 10626//5285
f 10624//5486 10626//5285 10627//5282
f 10628//5397 10629//5488 10630//5483
f 10628//5397 10630//5483 10631//5480
f 10632//5377 10633//5284 10634//5378
f 10633//5284 10632//5377 10635//5489
f 10636//5483 10637//5356 10638//5487
f 10637//5356 10636//5483 10639//5389
f 10640//5284 10641//5283 10642//5364
f 10640//5284 10642//5364 10643//5490
f 10644//5482 10645//5481 10646//5491
f 10644//5482 10646//5491 10647//5489
f 10648//5492 10649//5493 10650//5494
f 10649//5493 10648//5492 10651//5495
f 10652//5412 10653//5495 10654//5492
f 10653//5495 10652//5412 10655//5413
f 10656//5496 10657//5492 10658//5489
f 10657//5492 10656//5496 10659//5497
f 10660//5489 10661//5494 10662//5482
f 10661//5494 10660//5489 10663//5492
f 10664//5498 10665//5499 10666//5394
f 10665//5499 10664//5498 10667//5500
f 10668//5501 10669//5502 10670//5498
f 10669//5502 10668//5501 10671//5493
f 10672//5482 10673//5498 10674//5480
f 10673//5498 10672//5482 10675//5494
f 10676//5480 10677//5394 10678//5385
f 10677//5394 10676//5480 10679//5498
f 10680//5278 10681//5500 10682//5503
f 10680//5278 10682//5503 10683//5504
f 10684//5405 10685//5404 10686//5500
f 10684//5405 10686//5500 10687//5278
f 10688//5505 10689//5506 10690//5281
f 10689//5506 10688//5505 10691//5504
f 10692//5507 10693//5508 10694//5509
f 10693//5508 10692//5507 10695//5510
f 10696//5511 10697//5427 10698//5507
f 10696//5511 10699//5512 10697//5427
f 10700//5504 10701//5513 10702//5514
f 10700//5504 10702//5514 10703//5511
f 10704//5515 10705//5516 10706//5476
f 10705//5516 10704//5515 10707//5508
f 10708//5517 10709//5518 10710//5519
f 10709//5518 10708//5517 10711//5416
f 10712//5432 10713//5288 10714//5292
f 10714//5292 10715//5520 10712//5432
f 10716//5521 10717//5522 10718//5506
f 10717//5522 10716//5521 10719//5523
f 10720//5523 10721//5509 10722//5522
f 10721//5509 10720//5523 10723//5507
f 10724//5280 10725//5524 10726//5525
f 10724//5280 10727//5279 10725//5524
f 10728//5407 10729//5526 10730//5527
f 10728//5407 10730//5527 10731//5416
f 10732//5528 10733//5529 10734//5530
f 10734//5530 10735//5531 10732//5528
f 10736//5532 10737//5533 10738//5534
f 10737//5533 10736//5532 10739//5535
f 10740//5536 10741//5537 10742//5538
f 10741//5537 10740//5536 10743//5539
f 10744//5540 10745//5541 10746//5542
f 10747//5543 10744//5540 10746//5542
f 10748//5544 10749//5545 10750//5546
f 10751//5547 10748//5544 10750//5546
f 10752//5548 10753//5549 10754//5545
f 10755//5550 10754//5545 10753//5549
f 10756//5540 10757//5537 10758//5544
f 10759//5551 10758//5544 10757//5537
f 10760//5552 10761//5553 10762//5554
f 10761//5553 10760//5552 10763//5555
f 10764//5556 10765//5557 10766//5558
f 10765//5557 10764//5556 10767//5540
f 10768//5559 10769//5560 10770//5561
f 10769//5560 10768//5559 10771//5562
f 10772//5563 10773//5564 10774//5565
f 10773//5564 10772//5563 10775//5566
f 10776//5542 10777//5546 10778//5565
f 10778//5565 10779//5567 10776//5542
f 10780//5568 10781//5542 10782//5567
f 10783//5569 10780//5568 10782//5567
f 10784//5537 10785//5570 10786//5571
f 10785//5570 10784//5537 10787//5572
f 10788//5562 10789//5573 10790//5574
f 10789//5573 10788//5562 10791//5575
f 10792//5576 10793//5577 10794//5578
f 10793//5577 10792//5576 10795//5579
f 10796//5580 10797//5581 10798//5582
f 10797//5581 10796//5580 10799//5577
f 10800//5583 10801//5584 10802//5585
f 10801//5584 10800//5583 10803//5586
f 10804//5559 10805//5579 10806//5587
f 10805//5579 10804//5559 10807//5584
f 10808//5558 10809//5588 10810//5569
f 10810//5569 10811//5589 10808//5558
f 10812//5590 10813//5579 10814//5591
f 10813//5579 10812//5590 10815//5592
f 10816//5593 10817//5594 10818//5595
f 10817//5594 10816//5593 10819//5596
f 10820//5597 10821//5596 10822//5593
f 10821//5596 10820//5597 10823//5598
f 10824//5599 10825//5600 10826//5601
f 10825//5600 10824//5599 10827//5602
f 10828//5595 10829//5603 10830//5604
f 10829//5603 10828//5595 10831//5605
f 10832//5606 10833//5607 10834//5608
f 10833//5607 10832//5606 10835//5579
f 10836//5609 10837//5610 10838//5611
f 10837//5610 10836//5609 10839//5594
f 10840//5612 10841//5613 10842//5614
f 10841//5613 10840//5612 10843//5615
f 10844//5616 10845//5615 10846//5617
f 10845//5615 10844//5616 10847//5618
f 10848//5598 10849//5617 10850//5619
f 10849//5617 10848//5598 10851//5620
f 10852//5621 10853//5614 10854//5622
f 10853//5614 10852//5621 10855//5617
f 10856//5623 10857//5624 10858//5625
f 10857//5624 10856//5623 10859//5605
f 10860//5626 10861//5614 10862//5627
f 10861//5614 10860//5626 10863//5628
f 10864//5629 10865//5630 10866//5631
f 10867//5529 10864//5629 10866//5631
f 10868//5632 10869//5633 10870//5634
f 10869//5633 10868//5632 10871//5635
f 10872//5636 10873//5637 10874//5638
f 10873//5637 10872//5636 10875//5639
f 10876//5640 10877//5627 10878//5641
f 10879//5638 10878//5641 10877//5627
f 10880//5642 10881//5643 10882//5644
f 10883//5645 10880//5642 10882//5644
f 10884//5646 10885//5553 10886//5647
f 10887//5648 10884//5646 10886//5647
f 10888//5649 10889//5650 10890//5651
f 10891//5652 10888//5649 10890//5651
f 10892//5653 10893//5549 10894//5643
f 10894//5643 10895//5654 10892//5653
f 10896//5655 10897//5656 10898//5657
f 10897//5656 10896//5655 10899//5658
f 10900//5659 10901//5644 10902//5660
f 10901//5644 10900//5659 10903//5661
f 10904//5661 10905//5662 10906//5644
f 10905//5662 10904//5661 10907//5663
f 10908//5664 10909//5655 10910//5665
f 10909//5655 10908//5664 10911//5666
f 10912//5667 10913//5668 10914//5669
f 10913//5668 10912//5667 10915//5655
f 10916//5667 10917//5670 10918//5665
f 10919//5655 10916//5667 10918//5665
f 10920//5667 10921//5671 10922//5672
f 10921//5671 10920//5667 10923//5673
f 10924//5530 10925//5673 10926//5667
f 10925//5673 10924//5530 10927//5674
f 10928//5675 10929//5676 10930//5677
f 10929//5676 10928//5675 10931//5610
f 10932//5678 10933//5629 10934//5679
f 10935//5680 10932//5678 10934//5679
f 10936//5681 10937//5627 10938//5640
f 10939//5682 10936//5681 10938//5640
f 10940//5683 10941//5684 10942//5685
f 10940//5683 10942//5685 10943//5686
f 10944//5687 10945//5688 10946//5689
f 10945//5688 10944//5687 10947//5656
f 10948//5530 10949//5690 10950//5691
f 10949//5690 10948//5530 10951//5668
f 10952//5692 10953//5693 10954//5694
f 10953//5693 10952//5692 10955//5695
f 10956//5696 10957//5697 10958//5698
f 10958//5698 10959//5699 10956//5696
f 10960//5700 10961//5699 10962//5695
f 10963//5701 10960//5700 10962//5695
f 10964//5702 10965//5703 10966//5704
f 10966//5704 10967//5705 10964//5702
f 10968//5700 10969//5706 10970//5707
f 10968//5700 10971//5704 10969//5706
f 10972//5708 10973//5709 10974//5710
f 10973//5709 10972//5708 10975//5707
f 10976//5711 10977//5712 10978//5713
f 10977//5712 10976//5711 10979//5714
f 10980//5715 10981//5716 10982//5717
f 10982//5717 10983//5718 10980//5715
f 10984//5716 10985//5719 10986//5720
f 10986//5720 10987//5717 10984//5716
f 10988//5719 10989//5692 10990//5721
f 10988//5719 10991//5716 10989//5692
f 10992//5716 10993//5722 10994//5692
f 10992//5716 10995//5715 10993//5722
f 10996//5718 10997//5723 10998//5715
f 10997//5723 10996//5718 10999//5724
f 11000//5722 11001//5723 11002//5725
f 11001//5723 11000//5722 11003//5726
f 11004//5724 11005//5725 11006//5723
f 11005//5725 11004//5724 11007//5727
f 11008//5728 11009//5729 11010//5730
f 11008//5728 11010//5730 11011//5731
f 11012//5732 11013//5728 11014//5733
f 11013//5728 11012//5732 11015//5734
f 11016//5732 11017//5735 11018//5736
f 11016//5732 11018//5736 11019//5737
f 11020//5738 11021//5739 11022//5740
f 11020//5738 11022//5740 11023//5736
f 11024//5741 11025//5742 11026//5743
f 11024//5741 11026//5743 11027//5744
f 11028//5745 11029//5725 11030//5727
f 11031//5743 11028//5745 11030//5727
f 11032//5746 11033//5722 11034//5725
f 11032//5746 11034//5725 11035//5742
f 11036//5705 11037//5746 11038//5742
f 11036//5705 11038//5742 11039//5741
f 11040//5747 11041//5748 11042//5749
f 11040//5747 11042//5749 11043//5750
f 11044//5751 11045//5752 11046//5730
f 11044//5751 11047//5747 11045//5752
f 11048//5739 11049//5753 11050//5740
f 11048//5739 11051//5754 11049//5753
f 11052//5727 11053//5753 11054//5755
f 11054//5755 11055//5756 11052//5727
f 11056//5757 11057//5758 11058//5759
f 11057//5758 11056//5757 11059//5760
f 11060//5757 11061//5761 11062//5762
f 11061//5761 11060//5757 11063//5763
f 11064//5764 11065//5765 11066//5766
f 11065//5765 11064//5764 11067//5767
f 11068//5768 11069//5769 11070//5770
f 11069//5769 11068//5768 11071//5771
f 11072//5772 11073//5773 11074//5774
f 11072//5772 11075//5770 11073//5773
f 11076//5775 11077//5727 11078//5756
f 11078//5756 11079//5776 11076//5775
f 11080//5777 11081//5775 11082//5776
f 11081//5775 11080//5777 11083//5778
f 11084//5779 11085//5780 11086//5781
f 11085//5780 11084//5779 11087//5782
f 11088//5781 11089//5783 11090//5784
f 11089//5783 11088//5781 11091//5785
f 11092//5786 11093//5712 11094//5785
f 11093//5712 11092//5786 11095//5713
f 11096//5787 11097//5788 11098//5789
f 11097//5788 11096//5787 11099//5790
f 11100//5791 11101//5792 11102//5793
f 11103//5794 11100//5791 11102//5793
f 11104//5795 11105//5796 11106//5797
f 11107//5793 11104//5795 11106//5797
f 11108//5741 11109//5744 11110//5796
f 11111//5792 11108//5741 11110//5796
f 11112//5705 11113//5741 11114//5795
f 11115//5791 11112//5705 11114//5795
f 11116//5762 11117//5767 11118//5747
f 11117//5767 11116//5762 11119//5761
f 11120//5798 11121//5799 11122//5800
f 11121//5799 11120//5798 11123//5765
f 11124//5801 11125//5802 11126//5803
f 11125//5802 11124//5801 11127//5804
f 11128//5803 11129//5805 11130//5768
f 11129//5805 11128//5803 11131//5802
f 11132//5806 11133//5807 11134//5808
f 11133//5807 11132//5806 11135//5809
f 11136//5810 11137//5811 11138//5806
f 11137//5811 11136//5810 11139//5812
f 11140//5813 11141//5793 11142//5797
f 11141//5793 11140//5813 11143//5814
f 11144//5794 11145//5814 11146//5815
f 11144//5794 11147//5793 11145//5814
f 11148//5816 11149//5817 11150//5814
f 11150//5814 11151//5813 11148//5816
f 11152//5768 11153//5799 11154//5818
f 11153//5799 11152//5768 11155//5800
f 11156//5801 11157//5819 11158//5820
f 11157//5819 11156//5801 11159//5821
f 11160//5822 11161//5823 11162//5824
f 11161//5823 11160//5822 11163//5825
f 11164//5824 11165//5804 11166//5826
f 11165//5804 11164//5824 11167//5827
f 11168//5828 11169//5829 11170//5810
f 11169//5829 11168//5828 11171//5830
f 11172//5831 11173//5832 11174//5828
f 11173//5832 11172//5831 11175//5833
f 11176//5834 11177//5835 11178//5836
f 11176//5834 11178//5836 11179//5837
f 11180//5834 11181//5782 11182//5838
f 11181//5782 11180//5834 11183//5839
f 11184//5839 11185//5840 11186//5789
f 11185//5840 11184//5839 11187//5841
f 11188//5842 11189//5836 11190//5843
f 11189//5836 11188//5842 11191//5844
f 11192//5845 11193//5846 11194//5847
f 11195//5848 11193//5846 11192//5845
f 11196//5848 11197//5849 11198//5846
f 11199//5850 11197//5849 11196//5848
f 11200//5815 11201//5851 11202//5848
f 11203//5833 11201//5851 11200//5815
f 11204//5794 11205//5848 11206//5845
f 11205//5848 11204//5794 11207//5852
f 11208//5853 11209//5818 11210//5854
f 11209//5818 11208//5853 11211//5768
f 11212//5855 11213//5820 11214//5856
f 11213//5820 11212//5855 11215//5801
f 11216//5857 11217//5858 11218//5859
f 11217//5858 11216//5857 11219//5860
f 11220//5861 11221//5822 11222//5862
f 11221//5822 11220//5861 11223//5825
f 11224//5863 11225//5833 11226//5831
f 11225//5833 11224//5863 11227//5864
f 11228//5865 11229//5866 11230//5857
f 11229//5866 11228//5865 11231//5851
f 11232//5867 11233//5856 11234//5868
f 11233//5856 11232//5867 11235//5855
f 11236//5858 11237//5869 11238//5870
f 11237//5869 11236//5858 11239//5871
f 11240//5872 11241//5873 11242//5874
f 11241//5873 11240//5872 11243//5875
f 11244//5859 11245//5876 11246//5857
f 11245//5876 11244//5859 11247//5872
f 11248//5877 11249//5857 11250//5878
f 11249//5857 11248//5877 11251//5865
f 11252//5878 11253//5879 11254//5880
f 11252//5878 11255//5881 11253//5879
f 11256//5882 11257//5883 11258//5884
f 11259//5885 11258//5884 11257//5883
f 11260//5884 11261//5886 11262//5887
f 11263//5880 11262//5887 11261//5886
f 11264//5846 11265//5888 11266//5886
f 11267//5889 11265//5888 11264//5846
f 11268//5835 11269//5886 11270//5883
f 11271//5846 11269//5886 11268//5835
f 11272//5890 11273//5871 11274//5858
f 11273//5871 11272//5890 11275//5868
f 11276//5870 11277//5891 11278//5892
f 11279//5893 11277//5891 11276//5870
f 11280//5894 11281//5895 11282//5896
f 11281//5895 11280//5894 11283//5897
f 11284//5898 11285//5895 11286//5873
f 11285//5895 11284//5898 11287//5896
f 11288//5881 11289//5899 11290//5900
f 11288//5881 11291//5901 11289//5899
f 11292//5902 11293//5899 11294//5895
f 11294//5895 11295//5903 11292//5902
f 11296//5904 11297//5905 11298//5906
f 11299//5891 11297//5905 11296//5904
f 11300//5907 11301//5908 11302//5909
f 11301//5908 11300//5907 11303//5910
f 11304//5911 11305//5912 11306//5913
f 11307//5914 11305//5912 11304//5911
f 11308//5912 11309//5914 11310//5882
f 11311//5915 11310//5882 11309//5914
f 11312//5916 11313//5847 11314//5883
f 11315//5914 11312//5916 11314//5883
f 11316//5917 11317//5916 11318//5914
f 11319//5918 11316//5917 11318//5914
f 11320//5919 11321//5920 11322//5921
f 11321//5920 11320//5919 11323//5922
f 11324//5923 11325//5897 11326//5894
f 11325//5897 11324//5923 11327//5924
f 11328//5912 11329//5903 11330//5924
f 11328//5912 11331//5925 11329//5903
f 11332//5926 11333//5927 11334//5928
f 11332//5926 11335//5912 11333//5927
f 11336//5929 11337//5930 11338//5931
f 11338//5931 11339//5918 11336//5929
f 11340//5932 11341//5917 11342//5933
f 11341//5917 11340//5932 11343//5934
f 11344//5935 11345//5930 11346//5936
f 11345//5930 11344//5935 11347//5937
f 11348//5938 11349//5939 11350//5940
f 11351//5941 11350//5940 11349//5939
f 11352//5942 11353//5943 11354//5917
f 11353//5943 11352//5942 11355//5944
f 11356//5945 11357//5836 11358//5916
f 11359//5835 11358//5916 11357//5836
f 11360//5946 11361//5836 11362//5947
f 11363//5948 11360//5946 11362//5947
f 11364//5949 11365//5950 11366//5951
f 11365//5950 11364//5949 11367//5952
f 11368//5953 11369//5917 11370//5950
f 11369//5917 11368//5953 11371//5954
f 11372//5955 11373//5956 11374//5953
f 11373//5956 11372//5955 11375//5957
f 11376//5958 11377//5959 11378//5960
f 11377//5959 11376//5958 11379//5961
f 11380//5910 11381//5962 11382//5963
f 11381//5962 11380//5910 11383//5906
f 11384//5923 11385//5909 11386//5964
f 11385//5909 11384//5923 11387//5907
f 11388//5965 11389//5966 11390//5967
f 11389//5966 11388//5965 11391//5968
f 11392//5969 11393//5970 11394//5919
f 11393//5970 11392//5969 11395//5968
f 11396//5971 11397//5972 11398//5973
f 11397//5972 11396//5971 11399//5974
f 11400//5975 11401//5976 11402//5977
f 11401//5976 11400//5975 11403//5978
f 11404//5979 11405//5980 11406//5981
f 11405//5980 11404//5979 11407//5982
f 11408//5983 11409//5936 11410//5980
f 11409//5936 11408//5983 11411//5935
f 11412//5950 11413//5935 11414//5982
f 11413//5935 11412//5950 11415//5917
f 11416//5951 11417//5983 11418//5979
f 11417//5983 11416//5951 11419//5984
f 11420//5985 11421//5964 11422//5986
f 11421//5964 11420//5985 11423//5923
f 11424//5987 11425//5988 11426//5989
f 11427//5990 11424//5987 11426//5989
f 11428//5991 11429//5992 11430//5993
f 11429//5992 11428//5991 11431//5994
f 11432//5995 11433//5967 11434//5992
f 11433//5967 11432//5995 11435//5965
f 11436//5996 11437//5977 11438//5997
f 11437//5977 11436//5996 11439//5998
f 11440//5999 11441//5997 11442//6000
f 11441//5997 11440//5999 11443//5996
f 11444//5986 11445//5987 11446//6001
f 11445//5987 11444//5986 11447//5988
f 11448//6002 11449//5989 11450//6003
f 11451//6004 11448//6002 11450//6003
f 11452//6005 11453//6006 11454//6007
f 11453//6006 11452//6005 11455//6008
f 11456//6005 11457//6009 11458//6008
f 11459//6000 11457//6009 11456//6005
f 11460//5999 11461//6010 11462//6011
f 11461//6010 11460//5999 11463//6012
f 11464//6013 11465//6014 11466//6015
f 11465//6014 11464//6013 11467//6010
f 11468//6016 11469//6017 11470//6018
f 11471//6019 11468//6016 11470//6018
f 11472//6020 11473//6021 11474//6022
f 11473//6021 11472//6020 11475//6023
f 11476//6024 11477//6025 11478//6026
f 11479//6027 11477//6025 11476//6024
f 11480//6027 11481//6028 11482//6025
f 11483//6029 11481//6028 11480//6027
f 11484//5979 11485//6029 11486//6027
f 11485//6029 11484//5979 11487//6030
f 11488//5951 11489//6027 11490//6024
f 11491//5979 11489//6027 11488//5951
f 11492//6031 11493//6032 11494//6033
f 11493//6032 11492//6031 11495//6034
f 11496//6007 11497//6035 11498//6036
f 11497//6035 11496//6007 11499//6037
f 11500//6038 11501//6039 11502//6040
f 11501//6039 11500//6038 11503//6041
f 11504//6042 11505//6043 11506//6044
f 11505//6043 11504//6042 11507//6039
f 11508//6042 11509//6025 11510//6028
f 11509//6025 11508//6042 11511//6045
f 11512//6026 11513//6046 11514//6047
f 11515//6048 11512//6026 11514//6047
f 11516//6049 11517//6048 11518//6047
f 11519//6042 11516//6049 11518//6047
f 11520//6050 11521//6018 11522//6020
f 11523//6051 11520//6050 11522//6020
f 11524//6023 11525//6052 11526//6037
f 11525//6052 11524//6023 11527//6053
f 11528//6054 11529//6055 11530//6056
f 11529//6055 11528//6054 11531//6057
f 11532//6033 11533//6058 11534//6059
f 11533//6058 11532//6033 11535//6032
f 11536//6044 11537//6060 11538//6061
f 11537//6060 11536//6044 11539//6043
f 11540//6061 11541//6062 11542//6063
f 11541//6062 11540//6061 11543//6064
f 11544//6065 11545//6066 11546//6052
f 11545//6066 11544//6065 11547//6067
f 11548//6068 11549//6069 11550//6070
f 11549//6069 11548//6068 11551//6071
f 11552//6072 11553//6073 11554//6074
f 11552//6072 11555//6075 11553//6073
f 11556//6076 11557//6077 11558//6072
f 11557//6077 11556//6076 11559//6078
f 11560//6078 11561//6048 11562//6079
f 11560//6078 11563//6076 11561//6048
f 11564//6076 11565//6073 11566//6080
f 11564//6076 11566//6080 11567//6048
f 11568//6072 11569//6081 11570//6082
f 11569//6081 11568//6072 11571//6077
f 11572//6083 11573//6084 11574//6085
f 11573//6084 11572//6083 11575//6086
f 11576//6087 11577//6084 11578//6081
f 11577//6084 11576//6087 11579//6085
f 11580//6088 11581//6089 11582//6090
f 11582//6090 11583//6091 11580//6088
f 11584//6089 11585//6056 11586//6055
f 11586//6055 11587//6090 11584//6089
f 11588//6063 11589//6092 11590//6093
f 11589//6092 11588//6063 11591//6062
f 11592//6094 11593//6095 11594//6096
f 11594//6096 11595//6097 11592//6094
f 11596//6098 11597//6070 11598//6066
f 11597//6070 11596//6098 11599//6068
f 11600//6099 11601//6100 11602//6101
f 11600//6099 11603//6102 11601//6100
f 11604//6103 11605//6104 11606//6105
f 11607//6106 11604//6103 11606//6105
f 11608//6107 11609//6108 11610//6091
f 11610//6091 11611//6105 11608//6107
f 11612//6109 11613//6094 11614//6097
f 11613//6094 11612//6109 11615//6110
f 11616//6111 11617//6112 11618//6109
f 11617//6112 11616//6111 11619//6113
f 11620//6114 11621//6115 11622//6102
f 11620//6114 11622//6102 11623//6099
f 11624//6116 11625//6117 11626//6118
f 11624//6116 11627//6106 11625//6117
f 11628//6119 11629//6120 11630//6121
f 11629//6120 11628//6119 11631//6122
f 11632//6111 11633//6122 11634//6123
f 11633//6122 11632//6111 11635//6106
f 11636//6124 11637//6125 11638//6111
f 11637//6125 11636//6124 11639//6126
f 11640//6121 11641//6126 11642//6124
f 11641//6126 11640//6121 11643//6127
f 11644//6128 11645//6115 11646//6129
f 11644//6128 11647//6117 11645//6115
f 11648//6130 11649//6106 11650//6116
f 11649//6106 11648//6130 11651//6131
f 11652//5535 11653//6130 11654//5533
f 11653//6130 11652//5535 11655//6132
f 11656//6133 11657//6134 11658//5758
f 11657//6134 11656//6133 11659//5532
f 11660//6135 11661//6136 11662//6137
f 11661//6136 11660//6135 11663//6138
f 11664//6136 11665//6139 11666//6137
f 11664//6136 11667//6140 11665//6139
f 11668//6141 11669//6142 11670//6143
f 11669//6142 11668//6141 11671//6144
f 11672//6145 11673//6144 11674//6141
f 11673//6144 11672//6145 11675//6120
f 11676//6146 11677//6147 11678//6148
f 11679//6149 11677//6147 11676//6146
f 11680//6149 11681//6150 11682//6147
f 11683//6151 11681//6150 11680//6149
f 11684//6152 11685//6151 11686//6153
f 11687//6154 11685//6151 11684//6152
f 11688//6155 11689//6156 11690//6157
f 11691//6158 11689//6156 11688//6155
f 11692//6159 11693//6026 11694//6160
f 11693//6026 11692//6159 11695//6161
f 11696//6162 11697//5951 11698//6161
f 11699//6163 11697//5951 11696//6162
f 11700//6164 11701//5960 11702//6165
f 11701//5960 11700//6164 11703//5958
f 11704//6164 11705//6166 11706//6167
f 11705//6166 11704//6164 11707//6165
f 11708//6168 11709//6169 11710//6147
f 11711//6150 11708//6168 11710//6147
f 11712//6169 11713//6170 11714//6148
f 11715//6147 11712//6169 11714//6148
f 11716//6085 11717//6087 11718//6170
f 11719//6169 11716//6085 11718//6170
f 11720//6083 11721//6085 11722//6169
f 11723//6168 11720//6083 11722//6169
f 11724//6171 11725//6083 11726//6172
f 11725//6083 11724//6171 11727//6173
f 11728//6174 11729//6173 11730//6175
f 11729//6173 11728//6174 11731//6176
f 11732//6177 11733//6178 11734//6179
f 11733//6178 11732//6177 11735//6180
f 11736//6181 11737//6182 11738//6178
f 11738//6178 11739//6183 11736//6181
f 11740//6184 11741//6185 11742//6186
f 11741//6185 11740//6184 11743//6187
f 11744//6188 11745//6189 11746//6150
f 11745//6189 11744//6188 11747//6190
f 11748//6083 11749//6190 11750//6191
f 11749//6190 11748//6083 11751//6168
f 11752//6183 11753//6192 11754//6193
f 11753//6192 11752//6183 11755//6187
f 11756//6194 11757//6195 11758//6196
f 11757//6195 11756//6194 11759//6197
f 11760//6197 11761//6198 11762//6195
f 11761//6198 11760//6197 11763//6199
f 11764//6200 11765//6197 11766//6194
f 11765//6197 11764//6200 11767//6199
f 11768//6201 11769//6202 11770//6203
f 11769//6202 11768//6201 11771//6204
f 11772//6205 11773//6204 11774//6201
f 11773//6204 11772//6205 11775//6206
f 11776//5988 11777//6207 11778//6205
f 11778//6205 11779//6201 11776//5988
f 11780//6201 11781//6203 11782//6208
f 11780//6201 11782//6208 11783//5988
f 11784//6209 11785//6210 11786//6211
f 11785//6210 11784//6209 11787//6212
f 11788//6213 11789//6212 11790//6214
f 11789//6212 11788//6213 11791//6215
f 11792//6216 11793//6209 11794//6204
f 11793//6209 11792//6216 11795//6217
f 11796//6218 11797//6211 11798//6219
f 11797//6211 11796//6218 11799//6209
f 11800//6220 11801//6210 11802//6221
f 11801//6210 11800//6220 11803//6210
f 11804//6222 11805//6220 11806//6223
f 11805//6220 11804//6222 11807//6224
f 11808//6215 11809//6225 11810//6212
f 11809//6225 11808//6215 11811//6226
f 11812//6212 11813//6210 11814//6210
f 11813//6210 11812//6212 11815//6221
f 11816//6227 11817//6228 11818//6229
f 11817//6228 11816//6227 11819//6230
f 11820//6231 11821//6229 11822//6232
f 11820//6231 11823//6227 11821//6229
f 11824//6232 11825//6229 11826//6220
f 11824//6232 11826//6220 11827//6224
f 11828//6229 11829//6210 11830//6220
f 11829//6210 11828//6229 11831//6228
f 11832//6206 11833//6205 11834//6233
f 11835//6234 11832//6206 11834//6233
f 11836//6235 11837//6236 11838//6237
f 11837//6236 11836//6235 11839//6233
f 11840//5986 11841//5964 11842//6233
f 11842//6233 11843//6205 11840//5986
f 11844//6238 11845//6239 11846//6240
f 11845//6239 11844//6238 11847//6003
f 11848//6240 11849//6241 11850//6242
f 11849//6241 11848//6240 11851//6239
f 11852//6239 11853//6202 11854//6243
f 11853//6202 11852//6239 11855//6203
f 11856//6017 11857//6203 11858//6239
f 11857//6203 11856//6017 11859//6208
f 11860//6244 11861//6245 11862//6246
f 11862//6246 11863//6247 11860//6244
f 11864//6210 11865//6246 11866//6245
f 11864//6210 11866//6245 11867//6211
f 11868//6211 11869//6245 11870//6248
f 11868//6211 11870//6248 11871//6219
f 11872//6242 11873//6248 11874//6249
f 11874//6249 11875//6250 11872//6242
f 11876//6251 11877//6252 11878//6253
f 11877//6252 11876//6251 11879//6254
f 11880//6254 11881//6242 11882//6255
f 11881//6242 11880//6254 11883//6240
f 11884//6020 11885//6240 11886//6254
f 11885//6240 11884//6020 11887//6238
f 11888//6254 11889//6251 11890//6256
f 11888//6254 11890//6256 11891//6257
f 11892//5963 11893//5962 11894//6258
f 11892//5963 11894//6258 11895//6259
f 11896//6259 11897//6235 11898//5909
f 11898//5909 11899//6260 11896//6259
f 11900//6261 11901//6216 11902//6235
f 11902//6235 11903//6259 11900//6261
f 11904//6262 11905//6259 11906//6263
f 11904//6262 11907//6261 11905//6259
f 11908//6264 11909//6215 11910//6265
f 11910//6265 11909//6215 11911//6258
f 11912//5891 11913//6264 11914//6265
f 11913//6264 11912//5891 11915//6266
f 11916//6267 11917//5891 11918//6265
f 11916//6267 11918//6265 11919//6258
f 11920//6268 11921//6068 11922//6269
f 11920//6268 11923//6270 11921//6068
f 11924//6271 11925//6272 11926//6251
f 11924//6271 11927//6268 11925//6272
f 11928//6251 11929//6273 11930//6065
f 11931//6274 11928//6251 11930//6065
f 11932//6269 11933//6068 11934//6098
f 11935//6053 11932//6269 11934//6098
f 11936//6275 11937//6276 11938//6277
f 11936//6275 11938//6277 11939//6278
f 11940//6210 11941//6278 11942//6210
f 11941//6278 11940//6210 11943//6275
f 11944//6210 11945//6246 11946//6210
f 11944//6210 11947//6278 11945//6246
f 11948//6278 11949//6247 11950//6246
f 11948//6278 11951//6277 11949//6247
f 11952//6279 11953//6280 11954//6281
f 11955//6282 11952//6279 11954//6281
f 11956//6280 11957//6264 11958//6283
f 11959//6284 11956//6280 11958//6283
f 11960//6222 11961//6215 11962//6264
f 11963//6280 11960//6222 11962//6264
f 11964//6224 11965//6222 11966//6280
f 11967//6285 11964//6224 11966//6280
f 11968//6232 11969//6286 11970//6287
f 11970//6287 11971//6231 11968//6232
f 11972//6286 11973//5856 11974//5820
f 11974//5820 11975//6287 11972//6286
f 11976//6288 11977//6285 11978//6282
f 11976//6288 11979//6286 11977//6285
f 11980//6289 11981//6285 11982//6286
f 11982//6286 11983//6232 11980//6289
f 11984//6290 11985//6231 11986//6287
f 11985//6231 11984//6290 11987//6291
f 11988//5818 11989//6290 11990//6292
f 11989//6290 11988//5818 11991//6291
f 11992//5854 11993//6287 11994//6293
f 11993//6287 11992//5854 11995//6290
f 11996//6230 11997//6294 11998//6295
f 11999//6296 11998//6295 11997//6294
f 12000//6296 12001//6297 12002//5765
f 12003//6298 12000//6296 12002//5765
f 12004//6296 12005//6291 12006//5799
f 12007//5818 12006//5799 12005//6291
f 12008//6231 12009//6296 12010//6227
f 12009//6296 12008//6231 12011//6291
f 12012//6299 12013//6300 12014//6301
f 12013//6300 12012//6299 12015//6302
f 12016//6276 12017//6300 12018//6302
f 12016//6276 12018//6302 12019//6277
f 12020//6277 12021//6302 12022//6268
f 12020//6277 12022//6268 12023//6271
f 12024//6302 12025//6303 12026//6071
f 12024//6302 12026//6071 12027//6268
f 12028//6304 12029//6276 12030//6305
f 12029//6276 12028//6304 12031//6300
f 12032//6114 12033//6304 12034//6118
f 12033//6304 12032//6114 12035//6300
f 12036//6118 12037//6306 12038//6116
f 12037//6306 12036//6118 12039//6304
f 12040//6307 12041//6308 12042//6309
f 12041//6308 12040//6307 12043//6310
f 12044//6228 12045//6310 12046//6307
f 12045//6310 12044//6228 12047//6230
f 12048//6210 12049//6307 12050//6275
f 12049//6307 12048//6210 12051//6228
f 12052//6275 12053//6309 12054//6276
f 12053//6309 12052//6275 12055//6307
f 12056//6311 12057//6312 12058//6313
f 12058//6313 12059//6314 12056//6311
f 12060//5761 12061//6315 12062//6313
f 12063//5767 12060//5761 12062//6313
f 12064//6295 12065//6316 12066//6313
f 12065//6316 12064//6295 12067//6317
f 12068//6310 12069//6318 12070//6308
f 12069//6318 12068//6310 12071//6319
f 12072//6319 12073//5758 12074//6318
f 12075//5763 12073//5758 12072//6319
f 12076//6320 12077//5763 12078//6319
f 12077//5763 12076//6320 12079//6321
f 12080//6311 12081//6319 12082//6322
f 12081//6319 12080//6311 12083//6320
f 12084//6130 12085//6323 12086//6324
f 12087//6325 12085//6323 12084//6130
f 12088//6323 12089//6326 12090//6308
f 12089//6326 12088//6323 12091//6325
f 12092//6305 12093//6326 12094//6325
f 12095//6276 12093//6326 12092//6305
f 12096//6116 12097//6325 12098//6130
f 12099//6305 12097//6325 12096//6116
f 12100//6327 12101//6328 12102//6323
f 12103//6318 12101//6328 12100//6327
f 12104//6134 12105//5533 12106//6328
f 12107//6323 12106//6328 12105//5533
f 12108//6318 12109//5534 12110//6328
f 12109//5534 12108//6318 12111//6329
