# Blender 4.3.2
# www.blender.org
o y_button
v 0.014471 0.000855 -0.022082
v 0.015106 -0.002182 -0.020450
v 0.015587 0.000119 -0.022715
v 0.013920 -0.001465 -0.019837
v 0.015587 0.000119 -0.022715
v 0.015958 -0.003073 -0.021330
v 0.016364 -0.000776 -0.023600
v 0.015106 -0.002182 -0.020450
v 0.013111 0.001350 -0.021776
v 0.013920 -0.001465 -0.019837
v 0.014471 0.000855 -0.022082
v 0.012503 -0.001003 -0.019567
v 0.011649 0.001569 -0.021811
v 0.012503 -0.001003 -0.019567
v 0.013111 0.001350 -0.021776
v 0.011001 -0.000826 -0.019650
v 0.016364 -0.000776 -0.023600
v 0.016374 -0.004058 -0.022404
v 0.016708 -0.001748 -0.024661
v 0.015958 -0.003073 -0.021330
v 0.016708 -0.001748 -0.024661
v 0.016336 -0.005036 -0.023558
v 0.016606 -0.002700 -0.025787
v 0.016374 -0.004058 -0.022404
v 0.008977 0.001093 -0.022891
v 0.009561 -0.000969 -0.020093
v 0.010227 0.001475 -0.022201
v 0.008316 -0.001401 -0.020839
v 0.010227 0.001475 -0.022201
v 0.011001 -0.000826 -0.019650
v 0.011649 0.001569 -0.021811
v 0.009561 -0.000969 -0.020093
v 0.016046 -0.003537 -0.026869
v 0.014911 -0.006605 -0.025670
v 0.015104 -0.004184 -0.027806
v 0.015825 -0.005912 -0.024682
v 0.016606 -0.002700 -0.025787
v 0.015825 -0.005912 -0.024682
v 0.016046 -0.003537 -0.026869
v 0.016336 -0.005036 -0.023558
v 0.007403 -0.002094 -0.021827
v 0.007475 -0.000391 -0.024910
v 0.006891 -0.002969 -0.022951
v 0.008035 0.000446 -0.023828
v 0.008977 0.001093 -0.022891
v 0.007403 -0.002094 -0.021827
v 0.008316 -0.001401 -0.020839
v 0.008035 0.000446 -0.023828
v 0.013667 -0.007037 -0.026416
v 0.015104 -0.004184 -0.027806
v 0.014911 -0.006605 -0.025670
v 0.013854 -0.004566 -0.028496
v 0.012226 -0.007179 -0.026860
v 0.013854 -0.004566 -0.028496
v 0.013667 -0.007037 -0.026416
v 0.012432 -0.004660 -0.028886
v 0.006891 -0.002969 -0.022951
v 0.007373 -0.001344 -0.026036
v 0.006853 -0.003948 -0.024106
v 0.007475 -0.000391 -0.024910
v 0.006853 -0.003948 -0.024106
v 0.007717 -0.002316 -0.027097
v 0.007270 -0.004932 -0.025179
v 0.007373 -0.001344 -0.026036
v 0.009307 -0.006540 -0.026672
v 0.010970 -0.004441 -0.028921
v 0.010724 -0.007003 -0.026942
v 0.009610 -0.003946 -0.028615
v 0.010724 -0.007003 -0.026942
v 0.012432 -0.004660 -0.028886
v 0.012226 -0.007179 -0.026860
v 0.010970 -0.004441 -0.028921
v 0.007270 -0.004932 -0.025179
v 0.008494 -0.003210 -0.027982
v 0.008122 -0.005823 -0.026060
v 0.007717 -0.002316 -0.027097
v 0.012987 0.001136 -0.022542
v 0.011870 0.000926 -0.023454
v 0.011754 0.001321 -0.022572
v 0.013001 0.000787 -0.023366
v 0.013111 0.001350 -0.021776
v 0.011754 0.001321 -0.022572
v 0.011649 0.001569 -0.021811
v 0.012987 0.001136 -0.022542
v 0.014471 0.000855 -0.022082
v 0.012987 0.001136 -0.022542
v 0.013111 0.001350 -0.021776
v 0.014133 0.000719 -0.022800
v 0.014133 0.000719 -0.022800
v 0.013001 0.000787 -0.023366
v 0.012987 0.001136 -0.022542
v 0.013853 0.000560 -0.023337
v 0.014372 0.000105 -0.023887
v 0.013758 -0.000632 -0.025240
v 0.013292 0.000166 -0.024305
v 0.014920 -0.000590 -0.024611
v 0.012008 0.000238 -0.024576
v 0.013758 -0.000632 -0.025240
v 0.012173 -0.000809 -0.025982
v 0.013292 0.000166 -0.024305
v 0.013001 0.000787 -0.023366
v 0.012008 0.000238 -0.024576
v 0.011870 0.000926 -0.023454
v 0.013292 0.000166 -0.024305
v 0.013853 0.000560 -0.023337
v 0.013292 0.000166 -0.024305
v 0.013001 0.000787 -0.023366
v 0.014372 0.000105 -0.023887
v 0.015587 0.000119 -0.022715
v 0.016364 -0.000776 -0.023600
v 0.015730 -0.000656 -0.024081
v 0.015075 0.000098 -0.023335
v 0.015075 0.000098 -0.023335
v 0.014920 -0.000590 -0.024611
v 0.014372 0.000105 -0.023887
v 0.015730 -0.000656 -0.024081
v 0.013853 0.000560 -0.023337
v 0.015075 0.000098 -0.023335
v 0.014372 0.000105 -0.023887
v 0.014133 0.000719 -0.022800
v 0.014133 0.000719 -0.022800
v 0.015587 0.000119 -0.022715
v 0.015075 0.000098 -0.023335
v 0.014471 0.000855 -0.022082
v 0.010227 0.001475 -0.022201
v 0.009500 0.000919 -0.023483
v 0.008977 0.001093 -0.022891
v 0.010554 0.001242 -0.022901
v 0.010554 0.001242 -0.022901
v 0.010227 0.001475 -0.022201
v 0.011649 0.001569 -0.021811
v 0.011754 0.001321 -0.022572
v 0.010554 0.001242 -0.022901
v 0.011870 0.000926 -0.023454
v 0.010754 0.000884 -0.023697
v 0.011754 0.001321 -0.022572
v 0.010554 0.001242 -0.022901
v 0.009913 0.000731 -0.023918
v 0.009500 0.000919 -0.023483
v 0.010754 0.000884 -0.023697
v 0.010459 -0.000489 -0.025726
v 0.009540 0.000314 -0.024599
v 0.010699 0.000278 -0.024687
v 0.009169 -0.000341 -0.025459
v 0.010699 0.000278 -0.024687
v 0.009913 0.000731 -0.023918
v 0.010754 0.000884 -0.023697
v 0.009540 0.000314 -0.024599
v 0.012008 0.000238 -0.024576
v 0.010754 0.000884 -0.023697
v 0.011870 0.000926 -0.023454
v 0.010699 0.000278 -0.024687
v 0.012008 0.000238 -0.024576
v 0.010459 -0.000489 -0.025726
v 0.010699 0.000278 -0.024687
v 0.012173 -0.000809 -0.025982
v 0.016708 -0.001748 -0.024661
v 0.015934 -0.002279 -0.025925
v 0.016020 -0.001476 -0.024975
v 0.016606 -0.002700 -0.025787
v 0.016020 -0.001476 -0.024975
v 0.015384 -0.001989 -0.025994
v 0.015246 -0.001349 -0.025402
v 0.015934 -0.002279 -0.025925
v 0.014920 -0.000590 -0.024611
v 0.016020 -0.001476 -0.024975
v 0.015246 -0.001349 -0.025402
v 0.015730 -0.000656 -0.024081
v 0.016364 -0.000776 -0.023600
v 0.016020 -0.001476 -0.024975
v 0.015730 -0.000656 -0.024081
v 0.016708 -0.001748 -0.024661
v 0.014879 -0.002340 -0.026626
v 0.014104 -0.002795 -0.027332
v 0.013290 -0.001897 -0.026801
v 0.014299 -0.001512 -0.026054
v 0.013758 -0.000632 -0.025240
v 0.013290 -0.001897 -0.026801
v 0.012173 -0.000809 -0.025982
v 0.014299 -0.001512 -0.026054
v 0.015246 -0.001349 -0.025402
v 0.013758 -0.000632 -0.025240
v 0.014920 -0.000590 -0.024611
v 0.014299 -0.001512 -0.026054
v 0.015384 -0.001989 -0.025994
v 0.014879 -0.002340 -0.026626
v 0.014299 -0.001512 -0.026054
v 0.015246 -0.001349 -0.025402
v 0.008234 -0.000332 -0.025186
v 0.008035 0.000446 -0.023828
v 0.008706 0.000374 -0.024273
v 0.007475 -0.000391 -0.024910
v 0.008706 0.000374 -0.024273
v 0.008977 0.001093 -0.022891
v 0.009500 0.000919 -0.023483
v 0.008035 0.000446 -0.023828
v 0.009540 0.000314 -0.024599
v 0.009500 0.000919 -0.023483
v 0.009913 0.000731 -0.023918
v 0.008706 0.000374 -0.024273
v 0.009169 -0.000341 -0.025459
v 0.008706 0.000374 -0.024273
v 0.009540 0.000314 -0.024599
v 0.008234 -0.000332 -0.025186
v 0.011251 -0.001808 -0.027101
v 0.010550 -0.002641 -0.027855
v 0.009645 -0.002114 -0.027397
v 0.010104 -0.001330 -0.026672
v 0.010104 -0.001330 -0.026672
v 0.009009 -0.001713 -0.026933
v 0.009024 -0.001080 -0.026319
v 0.009645 -0.002114 -0.027397
v 0.009024 -0.001080 -0.026319
v 0.010459 -0.000489 -0.025726
v 0.010104 -0.001330 -0.026672
v 0.009169 -0.000341 -0.025459
v 0.011251 -0.001808 -0.027101
v 0.010459 -0.000489 -0.025726
v 0.012173 -0.000809 -0.025982
v 0.010104 -0.001330 -0.026672
v 0.011573 -0.003072 -0.028129
v 0.011251 -0.001808 -0.027101
v 0.012329 -0.002436 -0.027516
v 0.010550 -0.002641 -0.027855
v 0.013290 -0.001897 -0.026801
v 0.011251 -0.001808 -0.027101
v 0.012173 -0.000809 -0.025982
v 0.012329 -0.002436 -0.027516
v 0.013290 -0.001897 -0.026801
v 0.013172 -0.003142 -0.027893
v 0.012329 -0.002436 -0.027516
v 0.014104 -0.002795 -0.027332
v 0.012329 -0.002436 -0.027516
v 0.013172 -0.003142 -0.027893
v 0.012390 -0.003394 -0.028216
v 0.011573 -0.003072 -0.028129
v 0.008437 -0.001955 -0.027029
v 0.007373 -0.001344 -0.026036
v 0.008148 -0.001135 -0.026135
v 0.007717 -0.002316 -0.027097
v 0.008148 -0.001135 -0.026135
v 0.007475 -0.000391 -0.024910
v 0.008234 -0.000332 -0.025186
v 0.007373 -0.001344 -0.026036
v 0.009169 -0.000341 -0.025459
v 0.008148 -0.001135 -0.026135
v 0.008234 -0.000332 -0.025186
v 0.009024 -0.001080 -0.026319
v 0.009009 -0.001713 -0.026933
v 0.008148 -0.001135 -0.026135
v 0.009024 -0.001080 -0.026319
v 0.008437 -0.001955 -0.027029
v 0.016046 -0.003537 -0.026869
v 0.015104 -0.004184 -0.027806
v 0.014667 -0.003530 -0.027627
v 0.015462 -0.002985 -0.026837
v 0.015462 -0.002985 -0.026837
v 0.014667 -0.003530 -0.027627
v 0.014104 -0.002795 -0.027332
v 0.014879 -0.002340 -0.026626
v 0.015934 -0.002279 -0.025925
v 0.015462 -0.002985 -0.026837
v 0.014879 -0.002340 -0.026626
v 0.015384 -0.001989 -0.025994
v 0.015462 -0.002985 -0.026837
v 0.016606 -0.002700 -0.025787
v 0.016046 -0.003537 -0.026869
v 0.015934 -0.002279 -0.025925
v 0.009610 -0.003946 -0.028615
v 0.009093 -0.002709 -0.027776
v 0.010034 -0.003330 -0.028310
v 0.008494 -0.003210 -0.027982
v 0.008437 -0.001955 -0.027029
v 0.008494 -0.003210 -0.027982
v 0.007717 -0.002316 -0.027097
v 0.009093 -0.002709 -0.027776
v 0.009093 -0.002709 -0.027776
v 0.009009 -0.001713 -0.026933
v 0.009645 -0.002114 -0.027397
v 0.008437 -0.001955 -0.027029
v 0.010550 -0.002641 -0.027855
v 0.010034 -0.003330 -0.028310
v 0.009093 -0.002709 -0.027776
v 0.009645 -0.002114 -0.027397
v 0.013854 -0.004566 -0.028496
v 0.012414 -0.003931 -0.028538
v 0.013613 -0.003852 -0.028210
v 0.012432 -0.004660 -0.028886
v 0.013613 -0.003852 -0.028210
v 0.012414 -0.003931 -0.028538
v 0.012390 -0.003394 -0.028216
v 0.013172 -0.003142 -0.027893
v 0.013613 -0.003852 -0.028210
v 0.014104 -0.002795 -0.027332
v 0.014667 -0.003530 -0.027627
v 0.013172 -0.003142 -0.027893
v 0.015104 -0.004184 -0.027806
v 0.013854 -0.004566 -0.028496
v 0.013613 -0.003852 -0.028210
v 0.014667 -0.003530 -0.027627
v 0.011181 -0.003747 -0.028568
v 0.012432 -0.004660 -0.028886
v 0.010970 -0.004441 -0.028921
v 0.012414 -0.003931 -0.028538
v 0.010970 -0.004441 -0.028921
v 0.010034 -0.003330 -0.028310
v 0.011181 -0.003747 -0.028568
v 0.009610 -0.003946 -0.028615
v 0.011181 -0.003747 -0.028568
v 0.010550 -0.002641 -0.027855
v 0.011573 -0.003072 -0.028129
v 0.010034 -0.003330 -0.028310
v 0.012390 -0.003394 -0.028216
v 0.011181 -0.003747 -0.028568
v 0.011573 -0.003072 -0.028129
v 0.012414 -0.003931 -0.028538
v 0.008494 -0.003210 -0.027982
v 0.009307 -0.006540 -0.026672
v 0.008122 -0.005823 -0.026060
v 0.009610 -0.003946 -0.028615
v -0.013531 0.006595 -0.016322
v -0.014641 0.007624 -0.017042
v -0.013421 0.007511 -0.016959
v -0.014788 0.006712 -0.016407
v -0.013531 0.006595 -0.016322
v -0.012255 0.007645 -0.016600
v -0.012328 0.006733 -0.015952
v -0.013421 0.007511 -0.016959
v -0.015978 0.007085 -0.016186
v -0.016989 0.007667 -0.015693
v -0.016776 0.008551 -0.016349
v -0.015795 0.007986 -0.016827
v -0.015795 0.007986 -0.016827
v -0.014788 0.006712 -0.016407
v -0.015978 0.007085 -0.016186
v -0.014641 0.007624 -0.017042
v -0.012328 0.006733 -0.015952
v -0.011261 0.008026 -0.015988
v -0.011304 0.007126 -0.015321
v -0.012255 0.007645 -0.016600
v -0.010528 0.008606 -0.015193
v -0.011304 0.007126 -0.015321
v -0.011261 0.008026 -0.015988
v -0.010548 0.007724 -0.014501
v -0.018089 0.009235 -0.014081
v -0.017476 0.009272 -0.015642
v -0.017711 0.008410 -0.014964
v -0.017843 0.010072 -0.014785
v -0.017711 0.008410 -0.014964
v -0.016776 0.008551 -0.016349
v -0.016989 0.007667 -0.015693
v -0.017476 0.009272 -0.015642
v -0.010528 0.008606 -0.015193
v -0.010141 0.009336 -0.014285
v -0.010149 0.008477 -0.013565
v -0.010548 0.007724 -0.014501
v -0.010121 0.010140 -0.013356
v -0.010149 0.008477 -0.013565
v -0.010141 0.009336 -0.014285
v -0.010129 0.009305 -0.012608
v -0.018068 0.010064 -0.013124
v -0.017669 0.010817 -0.012188
v -0.017436 0.011606 -0.012949
v -0.017823 0.010876 -0.013857
v -0.018089 0.009235 -0.014081
v -0.018068 0.010064 -0.013124
v -0.017823 0.010876 -0.013857
v -0.017843 0.010072 -0.014785
v -0.010488 0.010940 -0.012500
v -0.010129 0.009305 -0.012608
v -0.010121 0.010140 -0.013356
v -0.010507 0.010130 -0.011725
v -0.010488 0.010940 -0.012500
v -0.011188 0.011661 -0.011793
v -0.011229 0.010873 -0.010997
v -0.010507 0.010130 -0.011725
v -0.016702 0.012186 -0.012154
v -0.015890 0.011807 -0.010737
v -0.015709 0.012567 -0.011541
v -0.016913 0.011414 -0.011368
v -0.017669 0.010817 -0.012188
v -0.016913 0.011414 -0.011368
v -0.016702 0.012186 -0.012154
v -0.017436 0.011606 -0.012949
v -0.012240 0.011455 -0.010504
v -0.011229 0.010873 -0.010997
v -0.011188 0.011661 -0.011793
v -0.012169 0.012226 -0.011315
v -0.013430 0.011829 -0.010282
v -0.012240 0.011455 -0.010504
v -0.012169 0.012226 -0.011315
v -0.013323 0.012588 -0.011100
v -0.014687 0.011946 -0.010367
v -0.013323 0.012588 -0.011100
v -0.014543 0.012701 -0.011183
v -0.013430 0.011829 -0.010282
v -0.011559 0.010518 -0.012818
v -0.010121 0.010140 -0.013356
v -0.011363 0.009952 -0.013427
v -0.010488 0.010940 -0.012500
v -0.011188 0.011661 -0.011793
v -0.010488 0.010940 -0.012500
v -0.011559 0.010518 -0.012818
v -0.012095 0.010995 -0.012356
v -0.012738 0.011420 -0.011987
v -0.011188 0.011661 -0.011793
v -0.012095 0.010995 -0.012356
v -0.012169 0.012226 -0.011315
v -0.015709 0.012567 -0.011541
v -0.014403 0.011754 -0.011895
v -0.015195 0.011616 -0.012183
v -0.014543 0.012701 -0.011183
v -0.012738 0.011420 -0.011987
v -0.013323 0.012588 -0.011100
v -0.012169 0.012226 -0.011315
v -0.013559 0.011631 -0.011880
v -0.014403 0.011754 -0.011895
v -0.013323 0.012588 -0.011100
v -0.013559 0.011631 -0.011880
v -0.014543 0.012701 -0.011183
v -0.015918 0.011392 -0.012576
v -0.017436 0.011606 -0.012949
v -0.016702 0.012186 -0.012154
v -0.016378 0.010957 -0.013148
v -0.016704 0.010473 -0.013771
v -0.017843 0.010072 -0.014785
v -0.017823 0.010876 -0.013857
v -0.016658 0.009906 -0.014407
v -0.015918 0.011392 -0.012576
v -0.015709 0.012567 -0.011541
v -0.015195 0.011616 -0.012183
v -0.016702 0.012186 -0.012154
v -0.016776 0.008551 -0.016349
v -0.016461 0.009348 -0.015023
v -0.015926 0.008863 -0.015479
v -0.017476 0.009272 -0.015642
v -0.017436 0.011606 -0.012949
v -0.016378 0.010957 -0.013148
v -0.016704 0.010473 -0.013771
v -0.017823 0.010876 -0.013857
v -0.014641 0.007624 -0.017042
v -0.015282 0.008446 -0.015854
v -0.014462 0.008227 -0.015954
v -0.015795 0.007986 -0.016827
v -0.016461 0.009348 -0.015023
v -0.017843 0.010072 -0.014785
v -0.016658 0.009906 -0.014407
v -0.017476 0.009272 -0.015642
v -0.016776 0.008551 -0.016349
v -0.015282 0.008446 -0.015854
v -0.015795 0.007986 -0.016827
v -0.015926 0.008863 -0.015479
v -0.013616 0.008112 -0.015947
v -0.014641 0.007624 -0.017042
v -0.014462 0.008227 -0.015954
v -0.013421 0.007511 -0.016959
v -0.012255 0.007645 -0.016600
v -0.013616 0.008112 -0.015947
v -0.012826 0.008242 -0.015651
v -0.013421 0.007511 -0.016959
v -0.012255 0.007645 -0.016600
v -0.012101 0.008474 -0.015265
v -0.011261 0.008026 -0.015988
v -0.012826 0.008242 -0.015651
v -0.012101 0.008474 -0.015265
v -0.010528 0.008606 -0.015193
v -0.011261 0.008026 -0.015988
v -0.011643 0.008901 -0.014686
v -0.010528 0.008606 -0.015193
v -0.011316 0.009393 -0.014071
v -0.010141 0.009336 -0.014285
v -0.011643 0.008901 -0.014686
v -0.011316 0.009393 -0.014071
v -0.014036 0.009769 -0.013778
v -0.011363 0.009952 -0.013427
v -0.011643 0.008901 -0.014686
v -0.014036 0.009769 -0.013778
v -0.013559 0.011631 -0.011880
v -0.012738 0.011420 -0.011987
v -0.012095 0.010995 -0.012356
v -0.014403 0.011754 -0.011895
v -0.014036 0.009769 -0.013778
v -0.015195 0.011616 -0.012183
v -0.013559 0.011631 -0.011880
v -0.011316 0.009393 -0.014071
v -0.011363 0.009952 -0.013427
v -0.010121 0.010140 -0.013356
v -0.010141 0.009336 -0.014285
v -0.015195 0.011616 -0.012183
v -0.014036 0.009769 -0.013778
v -0.015918 0.011392 -0.012576
v -0.016378 0.010957 -0.013148
v -0.011559 0.010518 -0.012818
v -0.014036 0.009769 -0.013778
v -0.012095 0.010995 -0.012356
v -0.011363 0.009952 -0.013427
v -0.014036 0.009769 -0.013778
v -0.016658 0.009906 -0.014407
v -0.016704 0.010473 -0.013771
v -0.016378 0.010957 -0.013148
v -0.014036 0.009769 -0.013778
v -0.011643 0.008901 -0.014686
v -0.012101 0.008474 -0.015265
v -0.012826 0.008242 -0.015651
v -0.014462 0.008227 -0.015954
v -0.014036 0.009769 -0.013778
v -0.013616 0.008112 -0.015947
v -0.012826 0.008242 -0.015651
v -0.015282 0.008446 -0.015854
v -0.014036 0.009769 -0.013778
v -0.014462 0.008227 -0.015954
v -0.015926 0.008863 -0.015479
v -0.014036 0.009769 -0.013778
v -0.016461 0.009348 -0.015023
v -0.016658 0.009906 -0.014407
v -0.015926 0.008863 -0.015479
v -0.015709 0.012567 -0.011541
v -0.014687 0.011946 -0.010367
v -0.014543 0.012701 -0.011183
v -0.015890 0.011807 -0.010737
v 0.016088 -0.002925 -0.021886
v 0.012419 -0.006772 -0.027141
v 0.015842 -0.002567 -0.021513
v 0.016272 -0.003294 -0.022285
v 0.012419 -0.006772 -0.027141
v 0.016088 -0.002925 -0.021886
v 0.016389 -0.003669 -0.022703
v 0.012419 -0.006772 -0.027141
v 0.016272 -0.003294 -0.022285
v 0.016438 -0.004043 -0.023134
v 0.012419 -0.006772 -0.027141
v 0.016389 -0.003669 -0.022703
v 0.016374 -0.004591 -0.023792
v 0.012419 -0.006772 -0.027141
v 0.016438 -0.004043 -0.023134
v 0.016175 -0.005112 -0.024445
v 0.012419 -0.006772 -0.027141
v 0.016374 -0.004591 -0.023792
v 0.015956 -0.005433 -0.024866
v 0.012419 -0.006772 -0.027141
v 0.016175 -0.005112 -0.024445
v 0.015674 -0.005728 -0.025270
v 0.012419 -0.006772 -0.027141
v 0.015956 -0.005433 -0.024866
v 0.015335 -0.005993 -0.025648
v 0.012419 -0.006772 -0.027141
v 0.015674 -0.005728 -0.025270
v 0.014944 -0.006224 -0.025998
v 0.012419 -0.006772 -0.027141
v 0.015335 -0.005993 -0.025648
v 0.014505 -0.006418 -0.026313
v 0.012419 -0.006772 -0.027141
v 0.014944 -0.006224 -0.025998
v 0.014026 -0.006571 -0.026588
v 0.012419 -0.006772 -0.027141
v 0.014505 -0.006418 -0.026313
v 0.013514 -0.006682 -0.026820
v 0.012419 -0.006772 -0.027141
v 0.014026 -0.006571 -0.026588
v 0.012976 -0.006750 -0.027005
v 0.012419 -0.006772 -0.027141
v 0.013514 -0.006682 -0.026820
v 0.011284 -0.006680 -0.027258
v 0.012419 -0.006772 -0.027141
v 0.011852 -0.006749 -0.027226
v 0.010722 -0.006568 -0.027237
v 0.012419 -0.006772 -0.027141
v 0.011284 -0.006680 -0.027258
v 0.010175 -0.006414 -0.027163
v 0.012419 -0.006772 -0.027141
v 0.010722 -0.006568 -0.027237
v 0.009650 -0.006219 -0.027037
v 0.012419 -0.006772 -0.027141
v 0.010175 -0.006414 -0.027163
v 0.009156 -0.005988 -0.026862
v 0.012419 -0.006772 -0.027141
v 0.009650 -0.006219 -0.027037
v 0.008700 -0.005722 -0.026639
v 0.012419 -0.006772 -0.027141
v 0.009156 -0.005988 -0.026862
v 0.008287 -0.005426 -0.026372
v 0.012419 -0.006772 -0.027141
v 0.008700 -0.005722 -0.026639
v 0.007925 -0.005105 -0.026065
v 0.012419 -0.006772 -0.027141
v 0.008287 -0.005426 -0.026372
v 0.007618 -0.004763 -0.025723
v 0.012419 -0.006772 -0.027141
v 0.007925 -0.005105 -0.026065
v 0.007371 -0.004404 -0.025349
v 0.012419 -0.006772 -0.027141
v 0.007618 -0.004763 -0.025723
v 0.007188 -0.004035 -0.024951
v 0.012419 -0.006772 -0.027141
v 0.007371 -0.004404 -0.025349
v 0.007071 -0.003661 -0.024533
v 0.012419 -0.006772 -0.027141
v 0.007188 -0.004035 -0.024951
v 0.007022 -0.003286 -0.024101
v 0.012419 -0.006772 -0.027141
v 0.007071 -0.003661 -0.024533
v 0.007041 -0.002917 -0.023663
v 0.012419 -0.006772 -0.027141
v 0.007022 -0.003286 -0.024101
v 0.007129 -0.002559 -0.023224
v 0.012419 -0.006772 -0.027141
v 0.007041 -0.002917 -0.023663
v 0.007284 -0.002217 -0.022790
v 0.012419 -0.006772 -0.027141
v 0.007129 -0.002559 -0.023224
v 0.007504 -0.001897 -0.022369
v 0.012419 -0.006772 -0.027141
v 0.007284 -0.002217 -0.022790
v 0.007786 -0.001601 -0.021966
v 0.012419 -0.006772 -0.027141
v 0.007504 -0.001897 -0.022369
v 0.008125 -0.001337 -0.021587
v 0.012419 -0.006772 -0.027141
v 0.007786 -0.001601 -0.021966
v 0.008516 -0.001106 -0.021238
v 0.012419 -0.006772 -0.027141
v 0.008125 -0.001337 -0.021587
v 0.008955 -0.000912 -0.020923
v 0.012419 -0.006772 -0.027141
v 0.008516 -0.001106 -0.021238
v 0.009433 -0.000758 -0.020648
v 0.012419 -0.006772 -0.027141
v 0.008955 -0.000912 -0.020923
v 0.009946 -0.000647 -0.020416
v 0.012419 -0.006772 -0.027141
v 0.009433 -0.000758 -0.020648
v 0.010484 -0.000580 -0.020230
v 0.012419 -0.006772 -0.027141
v 0.009946 -0.000647 -0.020416
v 0.011041 -0.000558 -0.020094
v 0.012419 -0.006772 -0.027141
v 0.010484 -0.000580 -0.020230
v 0.011607 -0.000581 -0.020010
v 0.012419 -0.006772 -0.027141
v 0.011041 -0.000558 -0.020094
v 0.012176 -0.000649 -0.019978
v 0.012419 -0.006772 -0.027141
v 0.011607 -0.000581 -0.020010
v 0.012738 -0.000761 -0.019999
v 0.012419 -0.006772 -0.027141
v 0.012176 -0.000649 -0.019978
v 0.013285 -0.000916 -0.020073
v 0.012419 -0.006772 -0.027141
v 0.012738 -0.000761 -0.019999
v 0.013809 -0.001110 -0.020198
v 0.012419 -0.006772 -0.027141
v 0.013285 -0.000916 -0.020073
v 0.014303 -0.001342 -0.020374
v 0.012419 -0.006772 -0.027141
v 0.013809 -0.001110 -0.020198
v 0.014760 -0.001608 -0.020597
v 0.012419 -0.006772 -0.027141
v 0.014303 -0.001342 -0.020374
v 0.015173 -0.001903 -0.020863
v 0.012419 -0.006772 -0.027141
v 0.014760 -0.001608 -0.020597
v 0.015535 -0.002225 -0.021170
v 0.012419 -0.006772 -0.027141
v 0.015173 -0.001903 -0.020863
v 0.001097 0.003840 -0.016900
v 0.004594 0.002754 -0.017491
v 0.001523 0.003582 -0.017119
v 0.000710 0.004123 -0.016643
v 0.004594 0.002754 -0.017491
v 0.001097 0.003840 -0.016900
v 0.000370 0.004430 -0.016350
v 0.004594 0.002754 -0.017491
v 0.000710 0.004123 -0.016643
v 0.000079 0.004756 -0.016025
v 0.004594 0.002754 -0.017491
v 0.000370 0.004430 -0.016350
v -0.000158 0.005096 -0.015673
v 0.004594 0.002754 -0.017491
v 0.000079 0.004756 -0.016025
v -0.000338 0.005446 -0.015298
v 0.004594 0.002754 -0.017491
v -0.000158 0.005096 -0.015673
v -0.000459 0.005802 -0.014905
v 0.004594 0.002754 -0.017491
v -0.000338 0.005446 -0.015298
v -0.000520 0.006159 -0.014499
v 0.004594 0.002754 -0.017491
v -0.000459 0.005802 -0.014905
v -0.000518 0.006512 -0.014085
v 0.004594 0.002754 -0.017491
v -0.000520 0.006159 -0.014499
v -0.000456 0.006857 -0.013669
v 0.004594 0.002754 -0.017491
v -0.000518 0.006512 -0.014085
v -0.000332 0.007190 -0.013256
v 0.004594 0.002754 -0.017491
v -0.000456 0.006857 -0.013669
v -0.000150 0.007505 -0.012852
v 0.004594 0.002754 -0.017491
v -0.000332 0.007190 -0.013256
v 0.000090 0.007798 -0.012461
v 0.004594 0.002754 -0.017491
v -0.000150 0.007505 -0.012852
v 0.000382 0.008067 -0.012090
v 0.004594 0.002754 -0.017491
v 0.000090 0.007798 -0.012461
v 0.000725 0.008307 -0.011742
v 0.004594 0.002754 -0.017491
v 0.000382 0.008067 -0.012090
v 0.001113 0.008516 -0.011423
v 0.004594 0.002754 -0.017491
v 0.000725 0.008307 -0.011742
v 0.001541 0.008690 -0.011136
v 0.004594 0.002754 -0.017491
v 0.001113 0.008516 -0.011423
v 0.002004 0.008827 -0.010885
v 0.004594 0.002754 -0.017491
v 0.001541 0.008690 -0.011136
v 0.002495 0.008926 -0.010674
v 0.004594 0.002754 -0.017491
v 0.002004 0.008827 -0.010885
v 0.003009 0.008985 -0.010505
v 0.004594 0.002754 -0.017491
v 0.002495 0.008926 -0.010674
v 0.003538 0.009004 -0.010380
v 0.004594 0.002754 -0.017491
v 0.003009 0.008985 -0.010505
v 0.004076 0.008981 -0.010302
v 0.004594 0.002754 -0.017491
v 0.003538 0.009004 -0.010380
v 0.004616 0.008919 -0.010270
v 0.004594 0.002754 -0.017491
v 0.004076 0.008981 -0.010302
v 0.005150 0.008816 -0.010286
v 0.004594 0.002754 -0.017491
v 0.004616 0.008919 -0.010270
v 0.005671 0.008676 -0.010349
v 0.004594 0.002754 -0.017491
v 0.005150 0.008816 -0.010286
v 0.006174 0.008499 -0.010459
v 0.004594 0.002754 -0.017491
v 0.005671 0.008676 -0.010349
v 0.006651 0.008287 -0.010614
v 0.004594 0.002754 -0.017491
v 0.006174 0.008499 -0.010459
v 0.007096 0.008044 -0.010812
v 0.004594 0.002754 -0.017491
v 0.006651 0.008287 -0.010614
v 0.007503 0.007773 -0.011050
v 0.004594 0.002754 -0.017491
v 0.007096 0.008044 -0.010812
v 0.007867 0.007478 -0.011326
v 0.004594 0.002754 -0.017491
v 0.007503 0.007773 -0.011050
v 0.008183 0.007161 -0.011635
v 0.004594 0.002754 -0.017491
v 0.007867 0.007478 -0.011326
v 0.008447 0.006827 -0.011974
v 0.004594 0.002754 -0.017491
v 0.008183 0.007161 -0.011635
v 0.008656 0.006482 -0.012338
v 0.004594 0.002754 -0.017491
v 0.008447 0.006827 -0.011974
v 0.008807 0.006128 -0.012723
v 0.004594 0.002754 -0.017491
v 0.008656 0.006482 -0.012338
v 0.008898 0.005771 -0.013123
v 0.004594 0.002754 -0.017491
v 0.008807 0.006128 -0.012723
v 0.008928 0.005415 -0.013534
v 0.004594 0.002754 -0.017491
v 0.008898 0.005771 -0.013123
v 0.008896 0.005065 -0.013949
v 0.004594 0.002754 -0.017491
v 0.008928 0.005415 -0.013534
v 0.008802 0.004726 -0.014364
v 0.004594 0.002754 -0.017491
v 0.008896 0.005065 -0.013949
v 0.008649 0.004402 -0.014774
v 0.004594 0.002754 -0.017491
v 0.008802 0.004726 -0.014364
v 0.008438 0.004097 -0.015172
v 0.004594 0.002754 -0.017491
v 0.008649 0.004402 -0.014774
v 0.008171 0.003816 -0.015553
v 0.004594 0.002754 -0.017491
v 0.008438 0.004097 -0.015172
v 0.007853 0.003561 -0.015913
v 0.004594 0.002754 -0.017491
v 0.008171 0.003816 -0.015553
v 0.007487 0.003336 -0.016248
v 0.004594 0.002754 -0.017491
v 0.007853 0.003561 -0.015913
v 0.007079 0.003145 -0.016551
v 0.004594 0.002754 -0.017491
v 0.007487 0.003336 -0.016248
v 0.006632 0.002989 -0.016821
v 0.004594 0.002754 -0.017491
v 0.007079 0.003145 -0.016551
v 0.006154 0.002870 -0.017052
v 0.004594 0.002754 -0.017491
v 0.006632 0.002989 -0.016821
v 0.005651 0.002791 -0.017242
v 0.004594 0.002754 -0.017491
v 0.006154 0.002870 -0.017052
v 0.005129 0.002752 -0.017389
v 0.004594 0.002754 -0.017491
v 0.005651 0.002791 -0.017242
v 0.003517 0.002879 -0.017554
v 0.004594 0.002754 -0.017491
v 0.004055 0.002797 -0.017546
v 0.002988 0.003001 -0.017514
v 0.004594 0.002754 -0.017491
v 0.003517 0.002879 -0.017554
v 0.002475 0.003160 -0.017428
v 0.004594 0.002754 -0.017491
v 0.002988 0.003001 -0.017514
v 0.001985 0.003355 -0.017295
v 0.004594 0.002754 -0.017491
v 0.002475 0.003160 -0.017428
v -0.011396 0.006972 -0.015643
v -0.013644 0.006564 -0.016553
v -0.011093 0.007125 -0.015405
v -0.011726 0.006841 -0.015860
v -0.013644 0.006564 -0.016553
v -0.011396 0.006972 -0.015643
v -0.012078 0.006734 -0.016053
v -0.013644 0.006564 -0.016553
v -0.011726 0.006841 -0.015860
v -0.012449 0.006652 -0.016220
v -0.013644 0.006564 -0.016553
v -0.012078 0.006734 -0.016053
v -0.012837 0.006596 -0.016360
v -0.013644 0.006564 -0.016553
v -0.012449 0.006652 -0.016220
v -0.013236 0.006567 -0.016472
v -0.013644 0.006564 -0.016553
v -0.012837 0.006596 -0.016360
v -0.014467 0.006638 -0.016624
v -0.013644 0.006564 -0.016553
v -0.014055 0.006588 -0.016604
v -0.014876 0.006715 -0.016613
v -0.013644 0.006564 -0.016553
v -0.014467 0.006638 -0.016624
v -0.015276 0.006817 -0.016571
v -0.013644 0.006564 -0.016553
v -0.014876 0.006715 -0.016613
v -0.015666 0.006943 -0.016498
v -0.013644 0.006564 -0.016553
v -0.015276 0.006817 -0.016571
v -0.016040 0.007092 -0.016396
v -0.013644 0.006564 -0.016553
v -0.015666 0.006943 -0.016498
v -0.016395 0.007263 -0.016264
v -0.013644 0.006564 -0.016553
v -0.016040 0.007092 -0.016396
v -0.016728 0.007453 -0.016104
v -0.013644 0.006564 -0.016553
v -0.016395 0.007263 -0.016264
v -0.017035 0.007662 -0.015919
v -0.013644 0.006564 -0.016553
v -0.016728 0.007453 -0.016104
v -0.017314 0.007888 -0.015708
v -0.013644 0.006564 -0.016553
v -0.017035 0.007662 -0.015919
v -0.017562 0.008127 -0.015476
v -0.013644 0.006564 -0.016553
v -0.017314 0.007888 -0.015708
v -0.017777 0.008377 -0.015223
v -0.013644 0.006564 -0.016553
v -0.017562 0.008127 -0.015476
v -0.017956 0.008638 -0.014953
v -0.013644 0.006564 -0.016553
v -0.017777 0.008377 -0.015223
v -0.018097 0.008904 -0.014668
v -0.013644 0.006564 -0.016553
v -0.017956 0.008638 -0.014953
v -0.018200 0.009175 -0.014370
v -0.013644 0.006564 -0.016553
v -0.018097 0.008904 -0.014668
v -0.018264 0.009448 -0.014063
v -0.013644 0.006564 -0.016553
v -0.018200 0.009175 -0.014370
v -0.018287 0.009720 -0.013749
v -0.013644 0.006564 -0.016553
v -0.018264 0.009448 -0.014063
v -0.018270 0.009988 -0.013432
v -0.013644 0.006564 -0.016553
v -0.018287 0.009720 -0.013749
v -0.018212 0.010249 -0.013114
v -0.013644 0.006564 -0.016553
v -0.018270 0.009988 -0.013432
v -0.018046 0.010623 -0.012645
v -0.013644 0.006564 -0.016553
v -0.018212 0.010249 -0.013114
v -0.017805 0.010972 -0.012189
v -0.013644 0.006564 -0.016553
v -0.018046 0.010623 -0.012645
v -0.017595 0.011185 -0.011900
v -0.013644 0.006564 -0.016553
v -0.017805 0.010972 -0.012189
v -0.017352 0.011379 -0.011625
v -0.013644 0.006564 -0.016553
v -0.017595 0.011185 -0.011900
v -0.017077 0.011555 -0.011367
v -0.013644 0.006564 -0.016553
v -0.017352 0.011379 -0.011625
v -0.016774 0.011708 -0.011129
v -0.013644 0.006564 -0.016553
v -0.017077 0.011555 -0.011367
v -0.016444 0.011839 -0.010912
v -0.013644 0.006564 -0.016553
v -0.016774 0.011708 -0.011129
v -0.016092 0.011946 -0.010719
v -0.013644 0.006564 -0.016553
v -0.016444 0.011839 -0.010912
v -0.015720 0.012028 -0.010552
v -0.013644 0.006564 -0.016553
v -0.016092 0.011946 -0.010719
v -0.015333 0.012084 -0.010412
v -0.013644 0.006564 -0.016553
v -0.015720 0.012028 -0.010552
v -0.014934 0.012113 -0.010300
v -0.013644 0.006564 -0.016553
v -0.015333 0.012084 -0.010412
v -0.014526 0.012116 -0.010219
v -0.013644 0.006564 -0.016553
v -0.014934 0.012113 -0.010300
v -0.014115 0.012092 -0.010168
v -0.013644 0.006564 -0.016553
v -0.014526 0.012116 -0.010219
v -0.013703 0.012042 -0.010147
v -0.013644 0.006564 -0.016553
v -0.014115 0.012092 -0.010168
v -0.013294 0.011965 -0.010159
v -0.013644 0.006564 -0.016553
v -0.013703 0.012042 -0.010147
v -0.012893 0.011863 -0.010201
v -0.013644 0.006564 -0.016553
v -0.013294 0.011965 -0.010159
v -0.012504 0.011737 -0.010273
v -0.013644 0.006564 -0.016553
v -0.012893 0.011863 -0.010201
v -0.012130 0.011588 -0.010376
v -0.013644 0.006564 -0.016553
v -0.012504 0.011737 -0.010273
v -0.011775 0.011417 -0.010508
v -0.013644 0.006564 -0.016553
v -0.012130 0.011588 -0.010376
v -0.011442 0.011227 -0.010668
v -0.013644 0.006564 -0.016553
v -0.011775 0.011417 -0.010508
v -0.011135 0.011018 -0.010853
v -0.013644 0.006564 -0.016553
v -0.011442 0.011227 -0.010668
v -0.010855 0.010793 -0.011063
v -0.013644 0.006564 -0.016553
v -0.011135 0.011018 -0.010853
v -0.010608 0.010553 -0.011296
v -0.013644 0.006564 -0.016553
v -0.010855 0.010793 -0.011063
v -0.010393 0.010303 -0.011548
v -0.013644 0.006564 -0.016553
v -0.010608 0.010553 -0.011296
v -0.010214 0.010042 -0.011819
v -0.013644 0.006564 -0.016553
v -0.010393 0.010303 -0.011548
v -0.010072 0.009776 -0.012104
v -0.013644 0.006564 -0.016553
v -0.010214 0.010042 -0.011819
v -0.009969 0.009505 -0.012402
v -0.013644 0.006564 -0.016553
v -0.010072 0.009776 -0.012104
v -0.009906 0.009232 -0.012709
v -0.013644 0.006564 -0.016553
v -0.009969 0.009505 -0.012402
v -0.009883 0.008960 -0.013023
v -0.013644 0.006564 -0.016553
v -0.009906 0.009232 -0.012709
v -0.009900 0.008692 -0.013340
v -0.013644 0.006564 -0.016553
v -0.009883 0.008960 -0.013023
v -0.009958 0.008431 -0.013657
v -0.013644 0.006564 -0.016553
v -0.009900 0.008692 -0.013340
v -0.010055 0.008178 -0.013972
v -0.013644 0.006564 -0.016553
v -0.009958 0.008431 -0.013657
v -0.010191 0.007936 -0.014282
v -0.013644 0.006564 -0.016553
v -0.010055 0.008178 -0.013972
v -0.010365 0.007708 -0.014583
v -0.013644 0.006564 -0.016553
v -0.010191 0.007936 -0.014282
v -0.010575 0.007495 -0.014872
v -0.013644 0.006564 -0.016553
v -0.010365 0.007708 -0.014583
v -0.010818 0.007301 -0.015147
v -0.013644 0.006564 -0.016553
v -0.010575 0.007495 -0.014872
v -0.011093 0.007125 -0.015405
v -0.013644 0.006564 -0.016553
v -0.010818 0.007301 -0.015147
v -0.003263 -0.000757 -0.023633
v -0.009913 0.002053 -0.021706
v -0.003619 -0.000360 -0.023243
v -0.002963 -0.001168 -0.024053
v -0.009913 0.002053 -0.021706
v -0.003263 -0.000757 -0.023633
v -0.002721 -0.001592 -0.024497
v -0.009913 0.002053 -0.021706
v -0.002963 -0.001168 -0.024053
v -0.002540 -0.002023 -0.024963
v -0.009913 0.002053 -0.021706
v -0.002721 -0.001592 -0.024497
v -0.002422 -0.002457 -0.025446
v -0.009913 0.002053 -0.021706
v -0.002540 -0.002023 -0.024963
v -0.002367 -0.002890 -0.025941
v -0.009913 0.002053 -0.021706
v -0.002422 -0.002457 -0.025446
v -0.002377 -0.003319 -0.026442
v -0.009913 0.002053 -0.021706
v -0.002367 -0.002890 -0.025941
v -0.002450 -0.003738 -0.026947
v -0.009913 0.002053 -0.021706
v -0.002377 -0.003319 -0.026442
v -0.002587 -0.004144 -0.027449
v -0.009913 0.002053 -0.021706
v -0.002450 -0.003738 -0.026947
v -0.002786 -0.004533 -0.027943
v -0.009913 0.002053 -0.021706
v -0.002587 -0.004144 -0.027449
v -0.003045 -0.004902 -0.028425
v -0.009913 0.002053 -0.021706
v -0.002786 -0.004533 -0.027943
v -0.003362 -0.005246 -0.028891
v -0.009913 0.002053 -0.021706
v -0.003045 -0.004902 -0.028425
v -0.003733 -0.005562 -0.029336
v -0.009913 0.002053 -0.021706
v -0.003362 -0.005246 -0.028891
v -0.004155 -0.005848 -0.029755
v -0.009913 0.002053 -0.021706
v -0.003733 -0.005562 -0.029336
v -0.004624 -0.006100 -0.030144
v -0.009913 0.002053 -0.021706
v -0.004155 -0.005848 -0.029755
v -0.005136 -0.006316 -0.030501
v -0.009913 0.002053 -0.021706
v -0.004624 -0.006100 -0.030144
v -0.005685 -0.006494 -0.030820
v -0.009913 0.002053 -0.021706
v -0.005136 -0.006316 -0.030501
v -0.006267 -0.006633 -0.031100
v -0.009913 0.002053 -0.021706
v -0.005685 -0.006494 -0.030820
v -0.006875 -0.006730 -0.031338
v -0.009913 0.002053 -0.021706
v -0.006267 -0.006633 -0.031100
v -0.007503 -0.006786 -0.031530
v -0.009913 0.002053 -0.021706
v -0.006875 -0.006730 -0.031338
v -0.008147 -0.006799 -0.031676
v -0.009913 0.002053 -0.021706
v -0.007503 -0.006786 -0.031530
v -0.008799 -0.006770 -0.031774
v -0.009913 0.002053 -0.021706
v -0.008147 -0.006799 -0.031676
v -0.009453 -0.006698 -0.031824
v -0.009913 0.002053 -0.021706
v -0.008799 -0.006770 -0.031774
v -0.010103 -0.006584 -0.031823
v -0.009913 0.002053 -0.021706
v -0.009453 -0.006698 -0.031824
v -0.010743 -0.006430 -0.031773
v -0.009913 0.002053 -0.021706
v -0.010103 -0.006584 -0.031823
v -0.011366 -0.006237 -0.031675
v -0.009913 0.002053 -0.021706
v -0.010743 -0.006430 -0.031773
v -0.011967 -0.006007 -0.031528
v -0.009913 0.002053 -0.021706
v -0.011366 -0.006237 -0.031675
v -0.012539 -0.005741 -0.031335
v -0.009913 0.002053 -0.021706
v -0.011967 -0.006007 -0.031528
v -0.013078 -0.005443 -0.031097
v -0.009913 0.002053 -0.021706
v -0.012539 -0.005741 -0.031335
v -0.013578 -0.005116 -0.030816
v -0.009913 0.002053 -0.021706
v -0.013078 -0.005443 -0.031097
v -0.014034 -0.004762 -0.030496
v -0.009913 0.002053 -0.021706
v -0.013578 -0.005116 -0.030816
v -0.014441 -0.004385 -0.030140
v -0.009913 0.002053 -0.021706
v -0.014034 -0.004762 -0.030496
v -0.014797 -0.003989 -0.029750
v -0.009913 0.002053 -0.021706
v -0.014441 -0.004385 -0.030140
v -0.015097 -0.003577 -0.029330
v -0.009913 0.002053 -0.021706
v -0.014797 -0.003989 -0.029750
v -0.015339 -0.003154 -0.028885
v -0.009913 0.002053 -0.021706
v -0.015097 -0.003577 -0.029330
v -0.015520 -0.002723 -0.028419
v -0.009913 0.002053 -0.021706
v -0.015339 -0.003154 -0.028885
v -0.015638 -0.002289 -0.027937
v -0.009913 0.002053 -0.021706
v -0.015520 -0.002723 -0.028419
v -0.015693 -0.001856 -0.027442
v -0.009913 0.002053 -0.021706
v -0.015638 -0.002289 -0.027937
v -0.015683 -0.001427 -0.026940
v -0.009913 0.002053 -0.021706
v -0.015693 -0.001856 -0.027442
v -0.015610 -0.001008 -0.026436
v -0.009913 0.002053 -0.021706
v -0.015683 -0.001427 -0.026940
v -0.015473 -0.000601 -0.025934
v -0.009913 0.002053 -0.021706
v -0.015610 -0.001008 -0.026436
v -0.015274 -0.000212 -0.025440
v -0.009913 0.002053 -0.021706
v -0.015473 -0.000601 -0.025934
v -0.015015 0.000156 -0.024957
v -0.009913 0.002053 -0.021706
v -0.015274 -0.000212 -0.025440
v -0.014698 0.000500 -0.024492
v -0.009913 0.002053 -0.021706
v -0.015015 0.000156 -0.024957
v -0.014327 0.000816 -0.024047
v -0.009913 0.002053 -0.021706
v -0.014698 0.000500 -0.024492
v -0.013905 0.001102 -0.023628
v -0.009913 0.002053 -0.021706
v -0.014327 0.000816 -0.024047
v -0.013436 0.001354 -0.023238
v -0.009913 0.002053 -0.021706
v -0.013905 0.001102 -0.023628
v -0.012924 0.001570 -0.022882
v -0.009913 0.002053 -0.021706
v -0.013436 0.001354 -0.023238
v -0.012375 0.001749 -0.022562
v -0.009913 0.002053 -0.021706
v -0.012924 0.001570 -0.022882
v -0.011793 0.001887 -0.022282
v -0.009913 0.002053 -0.021706
v -0.012375 0.001749 -0.022562
v -0.011185 0.001985 -0.022045
v -0.009913 0.002053 -0.021706
v -0.011793 0.001887 -0.022282
v -0.010557 0.002040 -0.021852
v -0.009913 0.002053 -0.021706
v -0.011185 0.001985 -0.022045
v -0.008607 0.001952 -0.021559
v -0.009913 0.002053 -0.021706
v -0.009261 0.002024 -0.021608
v -0.007957 0.001838 -0.021559
v -0.009913 0.002053 -0.021706
v -0.008607 0.001952 -0.021559
v -0.007317 0.001684 -0.021609
v -0.009913 0.002053 -0.021706
v -0.007957 0.001838 -0.021559
v -0.006694 0.001491 -0.021708
v -0.009913 0.002053 -0.021706
v -0.007317 0.001684 -0.021609
v -0.006093 0.001261 -0.021855
v -0.009913 0.002053 -0.021706
v -0.006694 0.001491 -0.021708
v -0.005521 0.000995 -0.022048
v -0.009913 0.002053 -0.021706
v -0.006093 0.001261 -0.021855
v -0.004982 0.000698 -0.022286
v -0.009913 0.002053 -0.021706
v -0.005521 0.000995 -0.022048
v -0.004482 0.000370 -0.022566
v -0.009913 0.002053 -0.021706
v -0.004982 0.000698 -0.022286
v -0.004026 0.000016 -0.022886
v -0.009913 0.002053 -0.021706
v -0.004482 0.000370 -0.022566
v -0.003619 -0.000360 -0.023243
v -0.009913 0.002053 -0.021706
v -0.004026 0.000016 -0.022886
v -0.026312 -0.002177 -0.008800
v -0.025625 -0.006472 -0.011256
v -0.025192 -0.006041 -0.004499
v -0.026159 -0.001759 -0.004024
v -0.025730 0.006158 -0.006462
v -0.026490 0.001685 -0.007653
v -0.026146 0.002317 -0.004864
v -0.026552 0.003881 -0.009045
v -0.025633 0.009026 -0.008583
v -0.025730 0.006158 -0.006462
v -0.025041 0.007860 -0.004533
v -0.024529 0.010566 -0.006743
v -0.029070 0.001351 -0.017758
v -0.027193 0.001320 -0.011804
v -0.027978 0.004602 -0.013822
v -0.027686 -0.001537 -0.015183
v -0.029070 0.001351 -0.017758
v -0.028163 -0.003832 -0.018442
v -0.027686 -0.001537 -0.015183
v -0.029542 -0.000594 -0.020402
v 0.001832 -0.015745 0.002796
v 0.004300 -0.015638 0.001237
v 0.004122 -0.015074 0.001822
v 0.000265 -0.015861 0.002218
v 0.000703 -0.017000 0.000117
v 0.004300 -0.015638 0.001237
v 0.000265 -0.015861 0.002218
v 0.004654 -0.016766 0.000066
v 0.001277 -0.019259 -0.002433
v 0.004654 -0.016766 0.000066
v 0.000703 -0.017000 0.000117
v 0.005390 -0.019106 -0.002362
v 0.005390 -0.019106 -0.002362
v 0.010034 -0.015572 -0.000883
v 0.004654 -0.016766 0.000066
v 0.009697 -0.019260 -0.002649
v -0.027391 -0.010558 -0.028149
v -0.025705 -0.013572 -0.031372
v -0.025773 -0.013209 -0.027664
v -0.027721 -0.010629 -0.031812
v -0.019067 -0.020578 -0.032355
v -0.014539 -0.024229 -0.031183
v -0.019464 -0.020580 -0.029015
v -0.014838 -0.024538 -0.028316
v -0.027978 0.004602 -0.013822
v -0.026552 0.003881 -0.009045
v -0.026967 0.006990 -0.011007
v -0.027193 0.001320 -0.011804
v -0.028225 0.008513 -0.015248
v -0.026967 0.006990 -0.011007
v -0.026955 0.010356 -0.012964
v -0.027978 0.004602 -0.013822
v -0.029367 0.006493 -0.017732
v -0.027978 0.004602 -0.013822
v -0.028225 0.008513 -0.015248
v -0.025536 0.011988 -0.010884
v -0.025633 0.009026 -0.008583
v -0.024529 0.010566 -0.006743
v -0.024059 0.013352 -0.009077
v -0.030527 -0.005622 -0.032431
v -0.032509 -0.002556 -0.036669
v -0.029739 -0.007862 -0.035455
v -0.032416 -0.001778 -0.033342
v -0.026955 0.010356 -0.012964
v -0.025633 0.009026 -0.008583
v -0.025536 0.011988 -0.010884
v -0.026967 0.006990 -0.011007
v -0.021065 0.014488 -0.002242
v -0.023649 0.009982 -0.002150
v -0.022058 0.012336 0.000584
v -0.023151 0.012169 -0.004809
v -0.018325 0.016505 0.000314
v -0.022058 0.012336 0.000584
v -0.020271 0.014514 0.003710
v -0.021065 0.014488 -0.002242
v -0.025846 -0.003505 -0.032258
v -0.016608 -0.002226 -0.028967
v -0.016398 -0.002731 -0.029518
v 0.033922 -0.013319 -0.032269
v 0.036439 -0.009123 -0.026856
v 0.036550 -0.010402 -0.031888
v 0.039176 -0.006862 -0.030953
v 0.036439 -0.009123 -0.026856
v 0.037356 -0.004163 -0.020877
v -0.006197 -0.030471 -0.012440
v 0.004807 -0.025045 -0.023268
v -0.003207 -0.031426 -0.011052
v 0.009917 -0.029850 -0.010671
v 0.008313 -0.030534 -0.010093
v 0.004807 -0.025045 -0.023268
v 0.011451 -0.029108 -0.011462
v 0.009917 -0.029850 -0.010671
v 0.004807 -0.025045 -0.023268
v 0.005372 -0.026032 -0.040247
v 0.004807 -0.025045 -0.023268
v 0.003224 -0.025890 -0.040249
v 0.007419 -0.026118 -0.039868
v 0.009176 -0.026123 -0.039273
v 0.004807 -0.025045 -0.023268
v 0.004807 -0.025045 -0.023268
v 0.009176 -0.026123 -0.039273
v 0.010754 -0.026072 -0.038522
v 0.002638 -0.031852 -0.009735
v 0.004807 -0.025045 -0.023268
v 0.004856 -0.031540 -0.009629
v 0.004856 -0.031540 -0.009629
v 0.004807 -0.025045 -0.023268
v 0.006694 -0.031090 -0.009757
v 0.004807 -0.025045 -0.023268
v 0.002638 -0.031852 -0.009735
v -0.000032 -0.031876 -0.010162
v 0.031914 -0.015407 -0.035101
v 0.033484 -0.015564 -0.045030
v 0.030454 -0.016777 -0.036986
v 0.031137 -0.017182 -0.045432
v 0.018682 -0.022425 -0.047652
v 0.016434 -0.022075 -0.045895
v 0.019007 -0.021532 -0.044763
v 0.016409 -0.022964 -0.048098
v 0.021580 -0.020989 -0.043631
v 0.023733 -0.020994 -0.046785
v 0.021169 -0.021783 -0.047214
v 0.023951 -0.020059 -0.042086
v 0.009374 0.005334 -0.015097
v 0.013560 0.000118 -0.020368
v 0.012960 0.000288 -0.020287
v 0.009483 0.005706 -0.014641
v 0.001448 0.009739 -0.011481
v -0.007373 0.019169 -0.002131
v 0.001960 0.009886 -0.011209
v -0.007373 0.019169 -0.002131
v -0.010082 0.011463 -0.011683
v -0.010361 0.011729 -0.011425
v -0.010082 0.011463 -0.011683
v -0.007373 0.019169 -0.002131
v 0.001448 0.009739 -0.011481
v 0.000974 0.009551 -0.011793
v -0.010082 0.011463 -0.011683
v 0.001448 0.009739 -0.011481
v -0.010082 0.011463 -0.011683
v 0.000974 0.009551 -0.011793
v -0.009841 0.011183 -0.011964
v -0.018263 0.009293 -0.015798
v -0.018061 0.009003 -0.016099
v -0.024564 0.009090 -0.017252
v -0.023485 0.010670 -0.015193
v -0.018423 0.009590 -0.015480
v -0.024564 0.009090 -0.017252
v -0.018423 0.009590 -0.015480
v -0.023485 0.010670 -0.015193
v -0.018540 0.009893 -0.015149
v -0.018540 0.009893 -0.015149
v -0.023485 0.010670 -0.015193
v -0.018614 0.010197 -0.014806
v -0.018563 0.011092 -0.013748
v -0.018625 0.010800 -0.014102
v -0.022158 0.012153 -0.013199
v -0.022158 0.012153 -0.013199
v -0.018382 0.011511 -0.013223
v -0.018563 0.011092 -0.013748
v -0.020716 0.013420 -0.011436
v -0.018116 0.011902 -0.012713
v -0.018382 0.011511 -0.013223
v -0.018382 0.011511 -0.013223
v -0.022158 0.012153 -0.013199
v -0.020716 0.013420 -0.011436
v -0.017884 0.012140 -0.012390
v -0.018116 0.011902 -0.012713
v -0.020716 0.013420 -0.011436
v -0.019222 0.014538 -0.009839
v -0.016606 0.012876 -0.011282
v -0.016972 0.012728 -0.011525
v -0.016606 0.012876 -0.011282
v -0.019222 0.014538 -0.009839
v -0.017441 0.015698 -0.008138
v -0.019222 0.014538 -0.009839
v -0.016972 0.012728 -0.011525
v -0.017309 0.012555 -0.011793
v -0.015368 0.013154 -0.010718
v -0.015800 0.013090 -0.010876
v -0.017441 0.015698 -0.008138
v -0.010018 0.008046 -0.015673
v -0.007666 0.003141 -0.020943
v -0.010287 0.007828 -0.015981
v -0.008431 0.003273 -0.020937
v -0.010592 0.007631 -0.016270
v -0.010287 0.007828 -0.015981
v -0.008431 0.003273 -0.020937
v -0.017540 0.008457 -0.016638
v -0.025549 0.007277 -0.019567
v -0.024564 0.009090 -0.017252
v -0.017540 0.008457 -0.016638
v -0.024564 0.009090 -0.017252
v -0.017819 0.008723 -0.016380
v -0.025549 0.007277 -0.019567
v -0.017540 0.008457 -0.016638
v -0.017227 0.008207 -0.016871
v -0.025549 0.007277 -0.019567
v -0.017227 0.008207 -0.016871
v -0.016882 0.007974 -0.017077
v -0.015994 0.001152 -0.024888
v -0.025549 0.007277 -0.019567
v -0.016509 0.007763 -0.017253
v -0.016509 0.007763 -0.017253
v -0.025549 0.007277 -0.019567
v -0.016882 0.007974 -0.017077
v -0.025549 0.007277 -0.019567
v -0.015994 0.001152 -0.024888
v -0.026300 0.005398 -0.021914
v -0.015257 0.007269 -0.017591
v -0.014125 0.002561 -0.022875
v -0.014679 0.002264 -0.023330
v -0.014809 0.007157 -0.017636
v -0.015692 0.007408 -0.017512
v -0.014679 0.002264 -0.023330
v -0.015179 0.001928 -0.023820
v -0.015257 0.007269 -0.017591
v -0.016111 0.007573 -0.017399
v -0.015179 0.001928 -0.023820
v -0.015618 0.001556 -0.024341
v -0.015692 0.007408 -0.017512
v 0.013560 0.000118 -0.020368
v 0.009524 0.006089 -0.014184
v 0.026415 0.012435 -0.003518
v 0.009483 0.005706 -0.014641
v 0.009524 0.006089 -0.014184
v 0.009497 0.006480 -0.013732
v 0.026415 0.012435 -0.003518
v 0.009497 0.006480 -0.013732
v 0.009404 0.006872 -0.013291
v 0.024108 0.013868 -0.002285
v 0.024108 0.013868 -0.002285
v 0.009404 0.006872 -0.013291
v 0.009244 0.007262 -0.012866
v 0.024108 0.013868 -0.002285
v 0.009244 0.007262 -0.012866
v 0.009019 0.007643 -0.012463
v 0.022009 0.015013 -0.001333
v 0.009019 0.007643 -0.012463
v 0.008734 0.008011 -0.012088
v 0.022009 0.015013 -0.001333
v 0.019950 0.015982 -0.000584
v 0.008734 0.008011 -0.012088
v 0.008391 0.008361 -0.011745
v 0.022009 0.015013 -0.001333
v 0.008391 0.008361 -0.011745
v 0.007996 0.008688 -0.011438
v 0.019950 0.015982 -0.000584
v 0.009497 0.006480 -0.013732
v 0.024108 0.013868 -0.002285
v 0.026415 0.012435 -0.003518
v 0.019950 0.015982 -0.000584
v 0.007996 0.008688 -0.011438
v 0.017746 0.016866 0.000021
v 0.007552 0.008989 -0.011173
v 0.036913 -0.000742 -0.016952
v 0.016838 -0.002490 -0.022794
v 0.016637 -0.002086 -0.022357
v 0.016637 -0.002086 -0.022357
v 0.036402 0.000625 -0.015449
v 0.036913 -0.000742 -0.016952
v 0.036402 0.000625 -0.015449
v 0.016637 -0.002086 -0.022357
v 0.016366 -0.001693 -0.021947
v 0.016366 -0.001693 -0.021947
v 0.035839 0.001975 -0.013975
v 0.036402 0.000625 -0.015449
v 0.016366 -0.001693 -0.021947
v 0.035194 0.003292 -0.012555
v 0.035839 0.001975 -0.013975
v 0.035194 0.003292 -0.012555
v 0.016366 -0.001693 -0.021947
v 0.016029 -0.001317 -0.021572
v 0.016029 -0.001317 -0.021572
v 0.034355 0.004698 -0.011067
v 0.035194 0.003292 -0.012555
v 0.034355 0.004698 -0.011067
v 0.016029 -0.001317 -0.021572
v 0.015632 -0.000965 -0.021235
v 0.015632 -0.000965 -0.021235
v 0.033205 0.006311 -0.009393
v 0.034355 0.004698 -0.011067
v 0.015179 -0.000640 -0.020942
v 0.015179 -0.000640 -0.020942
v 0.031825 0.007948 -0.007732
v 0.033205 0.006311 -0.009393
v 0.014678 -0.000349 -0.020698
v 0.030338 0.009431 -0.006272
v 0.036439 -0.009123 -0.026856
v 0.016733 -0.004485 -0.025164
v 0.016951 -0.003913 -0.024448
v 0.036439 -0.009123 -0.026856
v 0.016492 -0.004837 -0.025626
v 0.016733 -0.004485 -0.025164
v 0.037356 -0.004163 -0.020877
v 0.016951 -0.003913 -0.024448
v 0.017020 -0.003312 -0.023726
v 0.036439 -0.009123 -0.026856
v 0.037356 -0.004163 -0.020877
v 0.017020 -0.003312 -0.023726
v 0.016966 -0.002901 -0.023253
v 0.016838 -0.002490 -0.022794
v 0.037356 -0.004163 -0.020877
v 0.016966 -0.002901 -0.023253
v 0.037356 -0.004163 -0.020877
v 0.016838 -0.002490 -0.022794
v 0.036913 -0.000742 -0.016952
v 0.033922 -0.013319 -0.032269
v 0.015811 -0.005451 -0.026484
v 0.016183 -0.005160 -0.026068
v 0.033922 -0.013319 -0.032269
v 0.031914 -0.015407 -0.035101
v 0.015811 -0.005451 -0.026484
v 0.015811 -0.005451 -0.026484
v 0.031914 -0.015407 -0.035101
v 0.015382 -0.005705 -0.026867
v 0.030454 -0.016777 -0.036986
v 0.015382 -0.005705 -0.026867
v 0.030454 -0.016777 -0.036986
v 0.014901 -0.005917 -0.027212
v 0.028388 -0.017953 -0.038763
v 0.014901 -0.005917 -0.027212
v 0.028388 -0.017953 -0.038763
v 0.014376 -0.006086 -0.027515
v 0.026322 -0.019129 -0.040541
v 0.014376 -0.006086 -0.027515
v 0.026322 -0.019129 -0.040541
v 0.013814 -0.006208 -0.027769
v 0.023951 -0.020059 -0.042086
v 0.013814 -0.006208 -0.027769
v 0.023951 -0.020059 -0.042086
v 0.013223 -0.006282 -0.027972
v 0.021580 -0.020989 -0.043631
v 0.033922 -0.013319 -0.032269
v 0.016492 -0.004837 -0.025626
v 0.036439 -0.009123 -0.026856
v 0.016183 -0.005160 -0.026068
v 0.013223 -0.006282 -0.027972
v 0.019007 -0.021532 -0.044763
v 0.012613 -0.006306 -0.028122
v 0.021580 -0.020989 -0.043631
v 0.019007 -0.021532 -0.044763
v 0.011991 -0.006281 -0.028215
v 0.012613 -0.006306 -0.028122
v 0.016434 -0.022075 -0.045895
v 0.011991 -0.006281 -0.028215
v 0.013118 -0.022311 -0.046809
v 0.011368 -0.006206 -0.028250
v 0.016434 -0.022075 -0.045895
v 0.011368 -0.006206 -0.028250
v 0.009810 -0.022399 -0.047549
v 0.010751 -0.006084 -0.028227
v 0.013118 -0.022311 -0.046809
v 0.010751 -0.006084 -0.028227
v 0.007275 -0.022379 -0.048013
v 0.010151 -0.005914 -0.028146
v 0.007275 -0.022379 -0.048013
v 0.010751 -0.006084 -0.028227
v 0.009810 -0.022399 -0.047549
v 0.010151 -0.005914 -0.028146
v 0.004749 -0.022212 -0.048303
v 0.009576 -0.005701 -0.028008
v 0.007275 -0.022379 -0.048013
v 0.009576 -0.005701 -0.028008
v 0.001756 -0.021713 -0.048294
v 0.009033 -0.005447 -0.027815
v 0.001756 -0.021713 -0.048294
v 0.009576 -0.005701 -0.028008
v 0.004749 -0.022212 -0.048303
v 0.009033 -0.005447 -0.027815
v -0.001238 -0.021214 -0.048285
v 0.008532 -0.005156 -0.027571
v 0.001756 -0.021713 -0.048294
v 0.008532 -0.005156 -0.027571
v -0.002300 -0.005157 -0.029631
v 0.008080 -0.004831 -0.027279
v -0.001238 -0.021214 -0.048285
v -0.003494 -0.020592 -0.047989
v -0.002300 -0.005157 -0.029631
v -0.003494 -0.020592 -0.047989
v -0.002739 -0.005529 -0.030152
v -0.005749 -0.019970 -0.047694
v 0.008080 -0.004831 -0.027279
v -0.001924 -0.004753 -0.029085
v 0.007682 -0.004479 -0.026942
v -0.002300 -0.005157 -0.029631
v 0.007682 -0.004479 -0.026942
v -0.001617 -0.004320 -0.028518
v 0.007346 -0.004103 -0.026566
v -0.001924 -0.004753 -0.029085
v 0.007346 -0.004103 -0.026566
v -0.001380 -0.003863 -0.027937
v 0.007075 -0.003710 -0.026156
v -0.001617 -0.004320 -0.028518
v 0.007075 -0.003710 -0.026156
v -0.001215 -0.003387 -0.027346
v 0.006874 -0.003306 -0.025719
v -0.001215 -0.003387 -0.027346
v 0.007075 -0.003710 -0.026156
v -0.001380 -0.003863 -0.027937
v 0.006874 -0.003306 -0.025719
v -0.001126 -0.002895 -0.026752
v 0.006745 -0.002895 -0.025261
v -0.001126 -0.002895 -0.026752
v 0.006874 -0.003306 -0.025719
v -0.001215 -0.003387 -0.027346
v 0.006745 -0.002895 -0.025261
v -0.001112 -0.002392 -0.026160
v 0.006691 -0.002484 -0.024788
v -0.001126 -0.002895 -0.026752
v 0.006691 -0.002484 -0.024788
v -0.001174 -0.001884 -0.025576
v 0.006712 -0.002079 -0.024307
v -0.001112 -0.002392 -0.026160
v 0.006712 -0.002079 -0.024307
v -0.001310 -0.001375 -0.025006
v 0.006809 -0.001686 -0.023825
v -0.001174 -0.001884 -0.025576
v 0.006809 -0.001686 -0.023825
v -0.001520 -0.000870 -0.024455
v 0.006979 -0.001311 -0.023350
v -0.001310 -0.001375 -0.025006
v 0.005296 0.003195 -0.018394
v 0.007900 -0.000345 -0.022030
v 0.004707 0.003201 -0.018501
v 0.008329 -0.000091 -0.021646
v 0.004707 0.003201 -0.018501
v 0.007528 -0.000635 -0.022445
v 0.004114 0.003252 -0.018557
v 0.007900 -0.000345 -0.022030
v 0.004114 0.003252 -0.018557
v 0.007220 -0.000959 -0.022887
v 0.003524 0.003347 -0.018561
v 0.007528 -0.000635 -0.022445
v 0.006979 -0.001311 -0.023350
v -0.001520 -0.000870 -0.024455
v -0.001802 -0.000374 -0.023928
v 0.003524 0.003347 -0.018561
v 0.007220 -0.000959 -0.022887
v 0.002944 0.003484 -0.018512
v 0.005871 0.003234 -0.018236
v 0.008329 -0.000091 -0.021646
v 0.005296 0.003195 -0.018394
v 0.008810 0.000121 -0.021301
v -0.002153 0.000108 -0.023431
v 0.002944 0.003484 -0.018512
v -0.001802 -0.000374 -0.023928
v 0.002382 0.003663 -0.018412
v -0.002569 0.000572 -0.022968
v 0.002382 0.003663 -0.018412
v -0.002153 0.000108 -0.023431
v 0.001845 0.003880 -0.018262
v -0.003047 0.001013 -0.022543
v 0.001845 0.003880 -0.018262
v -0.002569 0.000572 -0.022968
v 0.001341 0.004133 -0.018064
v -0.003582 0.001427 -0.022161
v 0.001341 0.004133 -0.018064
v -0.003047 0.001013 -0.022543
v 0.000876 0.004419 -0.017820
v 0.000876 0.004419 -0.017820
v -0.004168 0.001810 -0.021826
v 0.000455 0.004733 -0.017533
v -0.004168 0.001810 -0.021826
v 0.000876 0.004419 -0.017820
v -0.003582 0.001427 -0.022161
v 0.000455 0.004733 -0.017533
v -0.004801 0.002158 -0.021541
v 0.000086 0.005072 -0.017208
v -0.004801 0.002158 -0.021541
v 0.000455 0.004733 -0.017533
v -0.004168 0.001810 -0.021826
v 0.000086 0.005072 -0.017208
v -0.004801 0.002158 -0.021541
v -0.000229 0.005432 -0.016848
v -0.000229 0.005432 -0.016848
v -0.004801 0.002158 -0.021541
v -0.005474 0.002468 -0.021308
v -0.000229 0.005432 -0.016848
v -0.005474 0.002468 -0.021308
v -0.000484 0.005807 -0.016459
v -0.000484 0.005807 -0.016459
v -0.005474 0.002468 -0.021308
v -0.006180 0.002737 -0.021129
v -0.000484 0.005807 -0.016459
v -0.006180 0.002737 -0.021129
v -0.000676 0.006193 -0.016044
v -0.006913 0.002962 -0.021008
v -0.006913 0.002962 -0.021008
v -0.010018 0.008046 -0.015673
v -0.000676 0.006193 -0.016044
v -0.000804 0.006585 -0.015610
v -0.009786 0.008284 -0.015350
v -0.010018 0.008046 -0.015673
v -0.006913 0.002962 -0.021008
v -0.007666 0.003141 -0.020943
v -0.000804 0.006585 -0.015610
v -0.009594 0.008540 -0.015013
v -0.000864 0.006977 -0.015163
v -0.009786 0.008284 -0.015350
v -0.000864 0.006977 -0.015163
v -0.009444 0.008811 -0.014667
v -0.000856 0.007365 -0.014708
v -0.009444 0.008811 -0.014667
v -0.000864 0.006977 -0.015163
v -0.009594 0.008540 -0.015013
v -0.000856 0.007365 -0.014708
v -0.009338 0.009094 -0.014315
v -0.000781 0.007743 -0.014250
v -0.009338 0.009094 -0.014315
v -0.000856 0.007365 -0.014708
v -0.009444 0.008811 -0.014667
v -0.012978 0.006998 -0.017471
v -0.012186 0.003190 -0.021762
v -0.013433 0.006993 -0.017564
v -0.011469 0.003305 -0.021487
v -0.012978 0.006998 -0.017471
v -0.012533 0.007032 -0.017345
v -0.012186 0.003190 -0.021762
v -0.012978 0.006998 -0.017471
v -0.011469 0.003305 -0.021487
v -0.013892 0.007018 -0.017623
v -0.012186 0.003190 -0.021762
v -0.012872 0.003026 -0.022087
v -0.013433 0.006993 -0.017564
v -0.014352 0.007073 -0.017647
v -0.012872 0.003026 -0.022087
v -0.013520 0.002815 -0.022459
v -0.013892 0.007018 -0.017623
v -0.014809 0.007157 -0.017636
v -0.013520 0.002815 -0.022459
v -0.014125 0.002561 -0.022875
v -0.014352 0.007073 -0.017647
v -0.010728 0.003372 -0.021266
v -0.012533 0.007032 -0.017345
v -0.012101 0.007096 -0.017187
v -0.011469 0.003305 -0.021487
v -0.012533 0.007032 -0.017345
v -0.010728 0.003372 -0.021266
v -0.010361 0.011729 -0.011425
v -0.010855 0.010793 -0.011063
v -0.011135 0.011018 -0.010853
v -0.010675 0.011979 -0.011192
v 0.030338 0.009431 -0.006272
v 0.014678 -0.000349 -0.020698
v 0.028591 0.010888 -0.004902
v 0.014136 -0.000095 -0.020506
v 0.012160 -0.023460 -0.048957
v 0.009810 -0.022399 -0.047549
v 0.013118 -0.022311 -0.046809
v 0.009945 -0.023406 -0.049370
v 0.009751 -0.026035 -0.048475
v 0.011834 -0.026563 -0.046451
v 0.009463 -0.026546 -0.046902
v 0.012073 -0.026007 -0.048045
v 0.009751 -0.026035 -0.048475
v 0.012160 -0.023460 -0.048957
v 0.012073 -0.026007 -0.048045
v 0.009945 -0.023406 -0.049370
v 0.005372 -0.026032 -0.040247
v 0.007424 -0.028090 -0.039955
v 0.007419 -0.026118 -0.039868
v 0.005298 -0.028007 -0.040372
v 0.006067 -0.027734 -0.043271
v 0.007424 -0.028090 -0.039955
v 0.005298 -0.028007 -0.040372
v 0.008340 -0.027782 -0.042882
v 0.009463 -0.026546 -0.046902
v 0.011517 -0.027060 -0.044912
v 0.009173 -0.027036 -0.045374
v 0.011834 -0.026563 -0.046451
v 0.014136 -0.000095 -0.020506
v 0.026415 0.012435 -0.003518
v 0.028591 0.010888 -0.004902
v 0.013560 0.000118 -0.020368
v 0.008962 0.004647 -0.015982
v 0.009200 0.004980 -0.015546
v 0.012960 0.000288 -0.020287
v 0.012344 0.000410 -0.020264
v 0.008962 0.004647 -0.015982
v 0.012960 0.000288 -0.020287
v 0.008664 0.004339 -0.016400
v 0.011720 0.000485 -0.020299
v 0.008664 0.004339 -0.016400
v 0.012344 0.000410 -0.020264
v 0.008664 0.004339 -0.016400
v 0.011720 0.000485 -0.020299
v 0.008309 0.004062 -0.016793
v 0.011099 0.000510 -0.020392
v 0.008309 0.004062 -0.016793
v 0.011720 0.000485 -0.020299
v 0.008309 0.004062 -0.016793
v 0.011099 0.000510 -0.020392
v 0.007902 0.003818 -0.017158
v 0.007552 0.008989 -0.011173
v 0.015401 0.017659 0.000484
v 0.017746 0.016866 0.000021
v 0.007067 0.009259 -0.010951
v -0.016092 0.011946 -0.010719
v -0.015800 0.013090 -0.010876
v -0.015720 0.012028 -0.010552
v -0.016214 0.012997 -0.011065
v 0.015731 -0.026577 -0.015967
v 0.016423 -0.026157 -0.017232
v 0.017211 -0.027987 -0.017361
v 0.016548 -0.028392 -0.016134
v -0.030346 0.005294 -0.029634
v -0.033651 0.002980 -0.030753
v -0.032244 -0.000875 -0.030118
v -0.028563 0.002068 -0.028958
v 0.000851 -0.014454 0.017954
v -0.002367 -0.013942 0.014761
v -0.001819 -0.013131 0.015544
v -0.001526 -0.017842 0.015868
v -0.003733 -0.005562 -0.029336
v -0.003239 -0.005864 -0.030643
v -0.004155 -0.005848 -0.029755
v -0.002739 -0.005529 -0.030152
v 0.003005 0.058078 -0.053003
v 0.007011 0.056001 -0.053061
v 0.003474 0.055492 -0.053718
v 0.006888 0.058576 -0.052337
v 0.014340 -0.025887 -0.047590
v 0.016409 -0.022964 -0.048098
v 0.016668 -0.025618 -0.047095
v 0.014280 -0.023330 -0.048536
v 0.019077 -0.025160 -0.046617
v 0.021169 -0.021783 -0.047214
v 0.021530 -0.024507 -0.046195
v 0.018682 -0.022425 -0.047652
v 0.028678 -0.018689 -0.045888
v 0.029578 -0.021275 -0.044645
v 0.026776 -0.022602 -0.045221
v 0.026227 -0.019970 -0.046345
v 0.029578 -0.021275 -0.044645
v 0.031137 -0.017182 -0.045432
v 0.032462 -0.019609 -0.044116
v 0.028678 -0.018689 -0.045888
v 0.035570 -0.013917 -0.044708
v 0.035174 -0.017746 -0.043684
v 0.033484 -0.015564 -0.045030
v 0.037469 -0.015892 -0.043344
v 0.039805 -0.013592 -0.043033
v 0.040310 -0.008828 -0.043985
v 0.042483 -0.010400 -0.042718
v 0.037801 -0.011767 -0.044374
v 0.048687 -0.000460 -0.041875
v 0.044909 -0.002290 -0.043393
v 0.046712 0.001161 -0.043247
v 0.047003 -0.003781 -0.042118
v 0.051385 0.008327 -0.041705
v 0.048177 0.005158 -0.043149
v 0.049218 0.009606 -0.043113
v 0.050224 0.003665 -0.041717
v 0.049760 0.014041 -0.043177
v 0.052226 0.017740 -0.041945
v 0.052051 0.013064 -0.041804
v 0.049819 0.018372 -0.043352
v 0.048663 0.026273 -0.043875
v 0.051961 0.022214 -0.042106
v 0.049433 0.022512 -0.043606
v 0.051300 0.026379 -0.042335
v 0.047637 0.029491 -0.044134
v 0.048786 0.033939 -0.043151
v 0.050285 0.030136 -0.042674
v 0.046235 0.032754 -0.044469
v 0.044205 0.036602 -0.045000
v 0.043740 0.042342 -0.044589
v 0.046559 0.038197 -0.043808
v 0.041676 0.040530 -0.045694
v 0.038824 0.044058 -0.046442
v 0.037186 0.049024 -0.046255
v 0.040614 0.045907 -0.045415
v 0.035648 0.047114 -0.047209
v 0.029666 0.054153 -0.047857
v 0.033463 0.051820 -0.047079
v 0.032218 0.049671 -0.047976
v 0.028693 0.051717 -0.048721
v 0.025240 0.053281 -0.049435
v 0.022395 0.057158 -0.049320
v 0.026017 0.055897 -0.048587
v 0.021794 0.054462 -0.050145
v 0.014836 0.058540 -0.050861
v 0.018265 0.055325 -0.050871
v 0.014612 0.055885 -0.051606
v 0.018669 0.058027 -0.050085
v 0.010793 0.056129 -0.052348
v 0.007011 0.056001 -0.053061
v 0.006888 0.058576 -0.052337
v 0.010873 0.058723 -0.051624
v 0.003013 -0.022737 -0.050692
v -0.000105 -0.024957 -0.050236
v 0.000710 -0.022258 -0.051175
v 0.002416 -0.025522 -0.049756
v -0.004555 -0.020560 -0.052266
v -0.002983 -0.024083 -0.050844
v -0.005863 -0.022995 -0.051469
v -0.001952 -0.021509 -0.051730
v -0.008799 -0.018474 -0.053157
v -0.008412 -0.021843 -0.051992
v -0.010856 -0.020529 -0.052474
v -0.006713 -0.019590 -0.052713
v -0.013694 -0.015133 -0.054234
v -0.013401 -0.018917 -0.052991
v -0.016154 -0.016852 -0.053579
v -0.011148 -0.017022 -0.053670
v -0.021242 -0.006939 -0.055971
v -0.021684 -0.011419 -0.054768
v -0.024023 -0.008377 -0.055323
v -0.018925 -0.009918 -0.055418
v -0.028202 -0.000205 -0.056640
v -0.026820 0.004706 -0.057556
v -0.025422 0.000750 -0.057104
v -0.029623 0.004007 -0.057109
v -0.029623 0.004007 -0.057109
v -0.027770 0.008802 -0.057910
v -0.026820 0.004706 -0.057556
v -0.030648 0.008288 -0.057445
v -0.028257 0.013058 -0.058168
v -0.031183 0.017072 -0.057991
v -0.028303 0.017245 -0.058337
v -0.031184 0.012697 -0.057734
v -0.027313 0.025473 -0.058455
v -0.028822 0.030208 -0.058007
v -0.026256 0.029431 -0.058396
v -0.029981 0.025932 -0.058128
v -0.026256 0.029431 -0.058396
v -0.027286 0.034059 -0.057859
v -0.024785 0.033143 -0.058255
v -0.028822 0.030208 -0.058007
v -0.022932 0.036590 -0.058042
v -0.023198 0.041132 -0.057327
v -0.020771 0.039782 -0.057766
v -0.025405 0.037649 -0.057650
v -0.018378 0.042743 -0.057428
v -0.017916 0.047360 -0.056474
v -0.015786 0.045469 -0.057029
v -0.020701 0.044407 -0.056915
v -0.012952 0.047911 -0.056575
v -0.011452 0.052200 -0.055572
v -0.009841 0.050034 -0.056072
v -0.014823 0.049953 -0.056033
v -0.006565 0.051847 -0.055527
v -0.007936 0.054153 -0.055027
v -0.004383 0.055832 -0.054373
v -0.003254 0.053379 -0.054948
v -0.000441 -0.034431 -0.007938
v 0.002799 -0.033813 -0.010043
v 0.002838 -0.034336 -0.007356
v -0.000070 -0.033862 -0.010474
v 0.005222 -0.033477 -0.009925
v 0.005523 -0.033946 -0.007189
v 0.002838 -0.034336 -0.007356
v 0.002799 -0.033813 -0.010043
v 0.009715 -0.032724 -0.007623
v 0.007207 -0.033000 -0.010030
v 0.008943 -0.032411 -0.010350
v 0.007684 -0.033418 -0.007297
v 0.011850 -0.031792 -0.008218
v 0.012243 -0.030926 -0.011702
v 0.013876 -0.030756 -0.009109
v 0.010641 -0.031694 -0.010919
v 0.013641 -0.030184 -0.012645
v 0.013876 -0.030756 -0.009109
v 0.012243 -0.030926 -0.011702
v 0.015621 -0.029776 -0.010259
v 0.015751 -0.028898 -0.014920
v 0.017109 -0.028880 -0.011624
v 0.014803 -0.029500 -0.013737
v 0.018366 -0.028090 -0.013137
v 0.017211 -0.027987 -0.017361
v 0.019415 -0.027429 -0.014778
v 0.016548 -0.028392 -0.016134
v 0.020287 -0.026914 -0.016544
v -0.004250 -0.034010 -0.009099
v -0.000070 -0.033862 -0.010474
v -0.000441 -0.034431 -0.007938
v -0.003403 -0.033409 -0.011427
v -0.010435 -0.029782 -0.016783
v -0.010684 -0.031336 -0.012921
v -0.012571 -0.029596 -0.015285
v -0.008899 -0.031114 -0.014772
v -0.011974 -0.027500 -0.021164
v -0.011439 -0.028486 -0.019025
v -0.013836 -0.027845 -0.018113
v -0.014460 -0.026518 -0.020939
v -0.014690 -0.025713 -0.023243
v -0.012071 -0.026531 -0.024595
v -0.012152 -0.026915 -0.022899
v -0.014793 -0.025111 -0.025523
v 0.003710 -0.027629 -0.043450
v 0.005298 -0.028007 -0.040372
v 0.003072 -0.027868 -0.040448
v 0.006067 -0.027734 -0.043271
v 0.001407 -0.027432 -0.043375
v 0.003710 -0.027629 -0.043450
v 0.003072 -0.027868 -0.040448
v 0.001037 -0.027709 -0.040158
v -0.003098 -0.026776 -0.042630
v -0.000879 -0.027513 -0.039610
v -0.002824 -0.027266 -0.038795
v -0.000840 -0.027147 -0.043093
v -0.005327 -0.026322 -0.041987
v -0.005793 -0.026820 -0.036927
v -0.007441 -0.025823 -0.041114
v -0.004532 -0.027017 -0.037830
v -0.009366 -0.025344 -0.039864
v -0.008092 -0.026443 -0.034676
v -0.011055 -0.024933 -0.038121
v -0.006900 -0.026639 -0.035948
v -0.014793 -0.025111 -0.025523
v -0.014838 -0.024538 -0.028316
v -0.011747 -0.026232 -0.026679
v -0.012071 -0.026531 -0.024595
v -0.010344 -0.026105 -0.031130
v -0.014539 -0.024229 -0.031183
v -0.013720 -0.024291 -0.033712
v -0.011169 -0.026082 -0.028941
v 0.022503 -0.026011 -0.023526
v 0.018849 -0.027062 -0.024998
v 0.022868 -0.025974 -0.026042
v 0.018721 -0.027131 -0.022959
v 0.023054 -0.026005 -0.028538
v 0.018474 -0.027177 -0.028575
v 0.023028 -0.026070 -0.030969
v 0.018755 -0.027090 -0.026879
v 0.019594 -0.026922 -0.036941
v 0.017340 -0.027469 -0.031940
v 0.016425 -0.027634 -0.033599
v 0.021289 -0.026544 -0.035235
v 0.016051 -0.027482 -0.039635
v 0.015299 -0.027772 -0.035100
v 0.013989 -0.027883 -0.036474
v 0.017822 -0.027241 -0.038386
v 0.018359 -0.027327 -0.020793
v 0.021087 -0.026507 -0.018558
v 0.017807 -0.027639 -0.018831
v 0.021878 -0.026188 -0.020961
v 0.001749 0.005695 0.049958
v 0.000852 0.009002 0.052852
v 0.001434 0.005819 0.052841
v 0.001149 0.009129 0.049784
v -0.000026 0.012105 0.053139
v 0.001149 0.009129 0.049784
v 0.000239 0.012469 0.049793
v 0.000852 0.009002 0.052852
v 0.000548 0.008675 0.055909
v 0.000852 0.009002 0.052852
v -0.000026 0.012105 0.053139
v -0.000277 0.011446 0.056514
v -0.002949 0.019000 0.046187
v -0.000562 0.016030 0.042323
v -0.002681 0.019163 0.041918
v -0.000858 0.015948 0.046228
v -0.000858 0.015948 0.046228
v -0.003129 0.018602 0.050330
v -0.001094 0.015627 0.050007
v -0.002949 0.019000 0.046187
v -0.001094 0.015627 0.050007
v 0.000510 0.012670 0.046351
v -0.000858 0.015948 0.046228
v 0.000239 0.012469 0.049793
v 0.002091 0.002267 0.050278
v 0.001864 -0.000590 0.053597
v 0.002191 -0.001164 0.050747
v 0.001768 0.002622 0.053089
v 0.001749 0.005695 0.049958
v 0.001768 0.002622 0.053089
v 0.002091 0.002267 0.050278
v 0.001434 0.005819 0.052841
v 0.001406 0.003003 0.055858
v 0.001768 0.002622 0.053089
v 0.001434 0.005819 0.052841
v 0.001095 0.005858 0.055674
v 0.001448 0.009139 0.046570
v 0.000239 0.012469 0.049793
v 0.001149 0.009129 0.049784
v 0.000510 0.012670 0.046351
v 0.001149 0.009129 0.049784
v 0.002061 0.005497 0.046872
v 0.001448 0.009139 0.046570
v 0.001749 0.005695 0.049958
v 0.002377 0.005191 0.043625
v 0.001448 0.009139 0.046570
v 0.002061 0.005497 0.046872
v 0.001765 0.008973 0.043229
v 0.002719 0.001448 0.044008
v 0.002507 -0.001722 0.047669
v 0.002814 -0.002264 0.044395
v 0.002407 0.001879 0.047238
v 0.002377 0.005191 0.043625
v 0.002407 0.001879 0.047238
v 0.002719 0.001448 0.044008
v 0.002061 0.005497 0.046872
v 0.002091 0.002267 0.050278
v 0.002407 0.001879 0.047238
v 0.002061 0.005497 0.046872
v 0.001749 0.005695 0.049958
v 0.032295 -0.012798 -0.012150
v 0.033642 -0.013231 -0.014122
v 0.035506 -0.010326 -0.013960
v 0.034337 -0.009530 -0.012023
v 0.033642 -0.013231 -0.014122
v 0.030228 -0.015724 -0.012421
v 0.031673 -0.015869 -0.014403
v 0.032295 -0.012798 -0.012150
v 0.034953 -0.013594 -0.016108
v 0.031673 -0.015869 -0.014403
v 0.032980 -0.016221 -0.016428
v 0.033642 -0.013231 -0.014122
v 0.027664 -0.019013 -0.012829
v 0.026212 -0.022004 -0.015308
v 0.029091 -0.018945 -0.014823
v 0.024901 -0.022238 -0.013337
v 0.027528 -0.021993 -0.017413
v 0.029091 -0.018945 -0.014823
v 0.026212 -0.022004 -0.015308
v 0.030474 -0.018874 -0.016880
v 0.032980 -0.016221 -0.016428
v 0.029091 -0.018945 -0.014823
v 0.030474 -0.018874 -0.016880
v 0.031673 -0.015869 -0.014403
v 0.029319 -0.011548 -0.008296
v 0.030876 -0.012224 -0.010207
v 0.033122 -0.008538 -0.010101
v 0.031779 -0.007383 -0.008175
v 0.030876 -0.012224 -0.010207
v 0.026967 -0.015337 -0.008665
v 0.028682 -0.015537 -0.010508
v 0.029319 -0.011548 -0.008296
v 0.032295 -0.012798 -0.012150
v 0.028682 -0.015537 -0.010508
v 0.030228 -0.015724 -0.012421
v 0.030876 -0.012224 -0.010207
v 0.036825 -0.005217 -0.012044
v 0.037773 -0.006454 -0.013900
v 0.040265 -0.002096 -0.013884
v 0.039563 -0.000373 -0.012135
v 0.037773 -0.006454 -0.013900
v 0.034337 -0.009530 -0.012023
v 0.035506 -0.010326 -0.013960
v 0.036825 -0.005217 -0.012044
v 0.038687 -0.007643 -0.015778
v 0.035506 -0.010326 -0.013960
v 0.036713 -0.011042 -0.015859
v 0.037773 -0.006454 -0.013900
v 0.009173 -0.027036 -0.045374
v 0.010458 -0.027799 -0.042341
v 0.008340 -0.027782 -0.042882
v 0.011517 -0.027060 -0.044912
v 0.024444 -0.019163 -0.009187
v 0.021921 -0.022783 -0.009835
v 0.023514 -0.022487 -0.011532
v 0.026150 -0.019075 -0.010962
v 0.024901 -0.022238 -0.013337
v 0.026150 -0.019075 -0.010962
v 0.023514 -0.022487 -0.011532
v 0.027664 -0.019013 -0.012829
v 0.028682 -0.015537 -0.010508
v 0.026150 -0.019075 -0.010962
v 0.027664 -0.019013 -0.012829
v 0.030228 -0.015724 -0.012421
v 0.034628 -0.002428 -0.008394
v 0.035808 -0.003884 -0.010232
v 0.038755 0.001269 -0.010474
v 0.037718 0.002932 -0.008764
v 0.035808 -0.003884 -0.010232
v 0.031779 -0.007383 -0.008175
v 0.033122 -0.008538 -0.010101
v 0.034628 -0.002428 -0.008394
v 0.036825 -0.005217 -0.012044
v 0.033122 -0.008538 -0.010101
v 0.034337 -0.009530 -0.012023
v 0.035808 -0.003884 -0.010232
v 0.025508 -0.009996 -0.004595
v 0.027557 -0.010808 -0.006421
v 0.030227 -0.006094 -0.006222
v 0.028500 -0.004688 -0.004318
v 0.027557 -0.010808 -0.006421
v 0.022667 -0.014942 -0.005178
v 0.025015 -0.015151 -0.006892
v 0.025508 -0.009996 -0.004595
v 0.029319 -0.011548 -0.008296
v 0.025015 -0.015151 -0.006892
v 0.026967 -0.015337 -0.008665
v 0.027557 -0.010808 -0.006421
v -0.014793 -0.025111 -0.025523
v -0.019298 -0.021089 -0.022750
v -0.019767 -0.020767 -0.025566
v -0.014690 -0.025713 -0.023243
v 0.020058 -0.019448 -0.005874
v 0.017753 -0.023541 -0.006719
v 0.019990 -0.023159 -0.008184
v 0.022438 -0.019309 -0.007471
v 0.021921 -0.022783 -0.009835
v 0.022438 -0.019309 -0.007471
v 0.019990 -0.023159 -0.008184
v 0.024444 -0.019163 -0.009187
v 0.025015 -0.015151 -0.006892
v 0.022438 -0.019309 -0.007471
v 0.024444 -0.019163 -0.009187
v 0.026967 -0.015337 -0.008665
v 0.019415 -0.027429 -0.014778
v 0.023514 -0.022487 -0.011532
v 0.018366 -0.028090 -0.013137
v 0.024901 -0.022238 -0.013337
v 0.015241 -0.023851 -0.005579
v 0.017224 -0.019516 -0.004460
v 0.013796 -0.019463 -0.003370
v 0.012356 -0.024003 -0.004741
v 0.017224 -0.019516 -0.004460
v 0.017753 -0.023541 -0.006719
v 0.020058 -0.019448 -0.005874
v 0.015241 -0.023851 -0.005579
v 0.019761 -0.014670 -0.003511
v 0.020058 -0.019448 -0.005874
v 0.022667 -0.014942 -0.005178
v 0.017224 -0.019516 -0.004460
v 0.017109 -0.028880 -0.011624
v 0.019990 -0.023159 -0.008184
v 0.015621 -0.029776 -0.010259
v 0.021921 -0.022783 -0.009835
v 0.015241 -0.023851 -0.005579
v 0.013876 -0.030756 -0.009109
v 0.017753 -0.023541 -0.006719
v 0.011850 -0.031792 -0.008218
v 0.021087 -0.026507 -0.018558
v 0.026212 -0.022004 -0.015308
v 0.020287 -0.026914 -0.016544
v 0.027528 -0.021993 -0.017413
v 0.031561 0.000903 -0.004543
v 0.033191 -0.000824 -0.006458
v 0.036347 0.004731 -0.006883
v 0.034702 0.006644 -0.004978
v 0.033191 -0.000824 -0.006458
v 0.028500 -0.004688 -0.004318
v 0.030227 -0.006094 -0.006222
v 0.031561 0.000903 -0.004543
v 0.034628 -0.002428 -0.008394
v 0.030227 -0.006094 -0.006222
v 0.031779 -0.007383 -0.008175
v 0.033191 -0.000824 -0.006458
v 0.028500 -0.004688 -0.004318
v 0.023136 -0.009141 -0.002739
v 0.025508 -0.009996 -0.004595
v 0.026629 -0.003182 -0.002540
v 0.019651 -0.008491 -0.000824
v 0.023136 -0.009141 -0.002739
v 0.026629 -0.003182 -0.002540
v 0.022547 -0.000721 0.000062
v 0.019651 -0.008491 -0.000824
v 0.015179 -0.014920 -0.001881
v 0.019761 -0.014670 -0.003511
v 0.023136 -0.009141 -0.002739
v 0.004654 -0.016766 0.000066
v 0.009534 -0.013541 0.000430
v 0.004300 -0.015638 0.001237
v 0.010034 -0.015572 -0.000883
v 0.009000 -0.023909 -0.004184
v 0.009697 -0.019260 -0.002649
v 0.005390 -0.019106 -0.002362
v 0.005456 -0.023745 -0.004180
v 0.009697 -0.019260 -0.002649
v 0.012356 -0.024003 -0.004741
v 0.013796 -0.019463 -0.003370
v 0.009000 -0.023909 -0.004184
v 0.009534 -0.013541 0.000430
v 0.007885 -0.011374 0.003371
v 0.006649 -0.013368 0.002286
v 0.011831 -0.011931 0.000518
v 0.004300 -0.015638 0.001237
v 0.006649 -0.013368 0.002286
v 0.004122 -0.015074 0.001822
v 0.009534 -0.013541 0.000430
v 0.016076 -0.004287 0.002209
v 0.019651 -0.008491 -0.000824
v 0.022547 -0.000721 0.000062
v 0.014371 -0.008323 0.001248
v 0.009090 -0.006295 0.005586
v 0.014371 -0.008323 0.001248
v 0.016076 -0.004287 0.002209
v 0.008626 -0.008869 0.004501
v 0.011831 -0.011931 0.000518
v 0.014371 -0.008323 0.001248
v 0.008626 -0.008869 0.004501
v 0.007885 -0.011374 0.003371
v 0.027864 0.004606 -0.001115
v 0.029800 0.002725 -0.002768
v 0.032840 0.008636 -0.003202
v 0.030725 0.010611 -0.001601
v 0.027864 0.004606 -0.001115
v 0.026629 -0.003182 -0.002540
v 0.029800 0.002725 -0.002768
v 0.022547 -0.000721 0.000062
v 0.031561 0.000903 -0.004543
v 0.026629 -0.003182 -0.002540
v 0.028500 -0.004688 -0.004318
v 0.029800 0.002725 -0.002768
v 0.023473 0.008361 0.001828
v 0.025707 0.006508 0.000434
v 0.028347 0.012454 -0.000174
v 0.025904 0.014040 0.001027
v 0.021338 0.001834 0.001471
v 0.023473 0.008361 0.001828
v 0.019792 0.004113 0.002889
v 0.025707 0.006508 0.000434
v 0.022547 -0.000721 0.000062
v 0.025707 0.006508 0.000434
v 0.021338 0.001834 0.001471
v 0.027864 0.004606 -0.001115
v 0.009239 -0.003949 0.006512
v 0.015174 0.000953 0.004526
v 0.009166 -0.001484 0.007428
v 0.015938 -0.001483 0.003221
v 0.009090 -0.006295 0.005586
v 0.015938 -0.001483 0.003221
v 0.009239 -0.003949 0.006512
v 0.016076 -0.004287 0.002209
v 0.016076 -0.004287 0.002209
v 0.021338 0.001834 0.001471
v 0.015938 -0.001483 0.003221
v 0.022547 -0.000721 0.000062
v 0.019792 0.004113 0.002889
v 0.021302 0.010095 0.003018
v 0.018098 0.006236 0.004125
v 0.023473 0.008361 0.001828
v 0.025904 0.014040 0.001027
v 0.021302 0.010095 0.003018
v 0.023473 0.008361 0.001828
v 0.023641 0.015301 0.001979
v 0.021420 0.016346 0.002789
v 0.021302 0.010095 0.003018
v 0.023641 0.015301 0.001979
v 0.019179 0.011660 0.004017
v 0.008827 0.001484 0.008477
v 0.012735 0.005816 0.006729
v 0.008187 0.004209 0.009499
v 0.014108 0.003425 0.005687
v 0.009166 -0.001484 0.007428
v 0.014108 0.003425 0.005687
v 0.008827 0.001484 0.008477
v 0.015174 0.000953 0.004526
v 0.018098 0.006236 0.004125
v 0.014108 0.003425 0.005687
v 0.015174 0.000953 0.004526
v 0.019792 0.004113 0.002889
v 0.014427 0.010057 0.006110
v 0.017086 0.013006 0.004840
v 0.015097 0.014150 0.005491
v 0.012624 0.011285 0.006727
v 0.016277 0.008207 0.005137
v 0.017086 0.013006 0.004840
v 0.014427 0.010057 0.006110
v 0.019179 0.011660 0.004017
v 0.019071 0.017271 0.003512
v 0.019179 0.011660 0.004017
v 0.021420 0.016346 0.002789
v 0.017086 0.013006 0.004840
v 0.007491 0.006078 0.010320
v 0.011228 0.007903 0.007755
v 0.009655 0.009240 0.008434
v 0.006754 0.007458 0.011067
v 0.008187 0.004209 0.009499
v 0.011228 0.007903 0.007755
v 0.007491 0.006078 0.010320
v 0.012735 0.005816 0.006729
v 0.014427 0.010057 0.006110
v 0.011228 0.007903 0.007755
v 0.012735 0.005816 0.006729
v 0.016277 0.008207 0.005137
v 0.010529 0.012649 0.007503
v 0.012276 0.015542 0.006175
v 0.009552 0.016659 0.006711
v 0.008357 0.014008 0.008364
v 0.012276 0.015542 0.006175
v 0.012624 0.011285 0.006727
v 0.015097 0.014150 0.005491
v 0.010529 0.012649 0.007503
v 0.013732 0.018911 0.004459
v 0.015097 0.014150 0.005491
v 0.016533 0.018118 0.004087
v 0.012276 0.015542 0.006175
v 0.006041 0.008484 0.011810
v 0.007030 0.011514 0.010119
v 0.005432 0.009166 0.012518
v 0.008471 0.010266 0.009134
v 0.008471 0.010266 0.009134
v 0.006754 0.007458 0.011067
v 0.009655 0.009240 0.008434
v 0.006041 0.008484 0.011810
v 0.010529 0.012649 0.007503
v 0.009655 0.009240 0.008434
v 0.012624 0.011285 0.006727
v 0.008471 0.010266 0.009134
v 0.004491 0.020524 0.004489
v 0.006379 0.017726 0.007323
v 0.007392 0.020175 0.004661
v 0.003771 0.018540 0.007771
v 0.007392 0.020175 0.004661
v 0.009552 0.016659 0.006711
v 0.010621 0.019621 0.004647
v 0.006379 0.017726 0.007323
v 0.010128 0.018944 0.000969
v 0.007392 0.020175 0.004661
v 0.010621 0.019621 0.004647
v 0.007190 0.019428 0.000973
v 0.003065 0.013677 0.013330
v 0.001294 0.017163 0.011897
v 0.002202 0.014018 0.014895
v 0.003189 0.016332 0.010778
v 0.003878 0.010318 0.015003
v 0.002202 0.014018 0.014895
v 0.003301 0.010498 0.016634
v 0.003065 0.013677 0.013330
v -0.002344 0.019148 0.037449
v -0.000176 0.015868 0.038228
v 0.000309 0.015421 0.034028
v -0.001965 0.019029 0.031949
v -0.000176 0.015868 0.038228
v -0.002681 0.019163 0.041918
v -0.000562 0.016030 0.042323
v -0.002344 0.019148 0.037449
v 0.001201 0.012317 0.039127
v -0.000562 0.016030 0.042323
v 0.000820 0.012639 0.042802
v -0.000176 0.015868 0.038228
v 0.002479 0.007972 0.036320
v 0.002698 0.004742 0.040259
v 0.003023 0.004176 0.036822
v 0.002113 0.008572 0.039780
v 0.001201 0.012317 0.039127
v 0.002113 0.008572 0.039780
v 0.002479 0.007972 0.036320
v 0.001627 0.011750 0.035448
v 0.002113 0.008572 0.039780
v 0.000820 0.012639 0.042802
v 0.001765 0.008973 0.043229
v 0.001201 0.012317 0.039127
v 0.001709 0.012712 0.021195
v 0.003043 0.009112 0.020855
v 0.002997 0.010169 0.018762
v 0.001732 0.013743 0.017874
v 0.003301 0.010498 0.016634
v 0.001732 0.013743 0.017874
v 0.002997 0.010169 0.018762
v 0.002202 0.014018 0.014895
v 0.000065 0.017057 0.017233
v 0.001732 0.013743 0.017874
v 0.002202 0.014018 0.014895
v 0.001294 0.017163 0.011897
v -0.000665 0.017587 0.027410
v 0.000870 0.014693 0.029803
v 0.001615 0.013301 0.026186
v 0.000095 0.016655 0.022402
v 0.000870 0.014693 0.029803
v -0.001965 0.019029 0.031949
v 0.000309 0.015421 0.034028
v -0.000665 0.017587 0.027410
v 0.002076 0.010961 0.031888
v 0.000309 0.015421 0.034028
v 0.001627 0.011750 0.035448
v 0.000870 0.014693 0.029803
v 0.003191 0.007939 0.022071
v 0.002846 0.008203 0.025565
v 0.003387 0.006456 0.022880
v 0.002187 0.010789 0.023784
v 0.002187 0.010789 0.023784
v 0.003043 0.009112 0.020855
v 0.001709 0.012712 0.021195
v 0.003191 0.007939 0.022071
v 0.001615 0.013301 0.026186
v 0.001709 0.012712 0.021195
v 0.000095 0.016655 0.022402
v 0.002187 0.010789 0.023784
v 0.003324 0.000430 0.037123
v 0.003107 -0.002795 0.040955
v 0.003393 -0.003301 0.037328
v 0.003026 0.000959 0.040631
v 0.003023 0.004176 0.036822
v 0.003026 0.000959 0.040631
v 0.003324 0.000430 0.037123
v 0.002698 0.004742 0.040259
v 0.002719 0.001448 0.044008
v 0.003026 0.000959 0.040631
v 0.002698 0.004742 0.040259
v 0.002377 0.005191 0.043625
v 0.002611 -0.005965 0.044795
v 0.001684 -0.009054 0.048644
v 0.001940 -0.009769 0.045138
v 0.002319 -0.005322 0.048164
v 0.002814 -0.002264 0.044395
v 0.002319 -0.005322 0.048164
v 0.002611 -0.005965 0.044795
v 0.002507 -0.001722 0.047669
v 0.002010 -0.004613 0.051363
v 0.002319 -0.005322 0.048164
v 0.002507 -0.001722 0.047669
v 0.002191 -0.001164 0.050747
v 0.003693 0.004050 0.023445
v 0.003911 0.002005 0.026673
v 0.003967 0.001174 0.023413
v 0.003364 0.005190 0.026460
v 0.003364 0.005190 0.026460
v 0.003387 0.006456 0.022880
v 0.002846 0.008203 0.025565
v 0.003693 0.004050 0.023445
v 0.002846 0.008203 0.025565
v 0.002562 0.009838 0.028561
v 0.003207 0.006306 0.029665
v 0.003364 0.005190 0.026460
v 0.002844 0.007220 0.032948
v 0.001627 0.011750 0.035448
v 0.002479 0.007972 0.036320
v 0.002076 0.010961 0.031888
v 0.002844 0.007220 0.032948
v 0.003023 0.004176 0.036822
v 0.003338 0.003514 0.033363
v 0.002479 0.007972 0.036320
v 0.003207 0.006306 0.029665
v 0.003338 0.003514 0.033363
v 0.003637 0.002781 0.029955
v 0.002844 0.007220 0.032948
v 0.003878 -0.000668 0.029881
v 0.003669 -0.003770 0.033489
v 0.003921 -0.004153 0.029585
v 0.003612 -0.000125 0.033502
v 0.003637 0.002781 0.029955
v 0.003612 -0.000125 0.033502
v 0.003878 -0.000668 0.029881
v 0.003338 0.003514 0.033363
v 0.003324 0.000430 0.037123
v 0.003612 -0.000125 0.033502
v 0.003338 0.003514 0.033363
v 0.003023 0.004176 0.036822
v 0.004094 -0.001646 0.022904
v 0.004146 -0.004392 0.025764
v 0.004047 -0.004576 0.022021
v 0.004112 -0.001154 0.026375
v 0.003967 0.001174 0.023413
v 0.004112 -0.001154 0.026375
v 0.004094 -0.001646 0.022904
v 0.003911 0.002005 0.026673
v 0.003878 -0.000668 0.029881
v 0.004112 -0.001154 0.026375
v 0.003911 0.002005 0.026673
v 0.003637 0.002781 0.029955
v 0.003152 -0.007072 0.037537
v 0.002182 -0.010377 0.041486
v 0.002427 -0.010891 0.037540
v 0.002884 -0.006548 0.041287
v 0.003393 -0.003301 0.037328
v 0.002884 -0.006548 0.041287
v 0.003152 -0.007072 0.037537
v 0.003107 -0.002795 0.040955
v 0.002611 -0.005965 0.044795
v 0.002884 -0.006548 0.041287
v 0.003107 -0.002795 0.040955
v 0.002814 -0.002264 0.044395
v 0.003921 -0.004153 0.029585
v 0.003417 -0.007509 0.033440
v 0.003670 -0.007793 0.029201
v 0.003669 -0.003770 0.033489
v 0.003152 -0.007072 0.037537
v 0.003417 -0.007509 0.033440
v 0.003669 -0.003770 0.033489
v 0.003393 -0.003301 0.037328
v 0.003417 -0.007509 0.033440
v 0.002427 -0.010891 0.037540
v 0.002681 -0.011298 0.033163
v 0.003152 -0.007072 0.037537
v -0.002599 -0.019468 -0.002831
v 0.000703 -0.017000 0.000117
v -0.003825 -0.017869 0.000238
v 0.001277 -0.019259 -0.002433
v -0.001393 -0.023644 -0.004984
v 0.001277 -0.019259 -0.002433
v -0.002599 -0.019468 -0.002831
v 0.002006 -0.023814 -0.004518
v 0.005390 -0.019106 -0.002362
v 0.001277 -0.019259 -0.002433
v 0.002006 -0.023814 -0.004518
v 0.005456 -0.023745 -0.004180
v 0.000703 -0.017000 0.000117
v 0.000265 -0.015861 0.002218
v -0.001465 -0.016529 0.003596
v -0.003825 -0.017869 0.000238
v -0.005294 -0.017570 0.003893
v -0.003458 -0.017350 0.007759
v -0.006475 -0.017931 0.006319
v -0.002626 -0.017056 0.005303
v -0.003825 -0.017869 0.000238
v -0.002626 -0.017056 0.005303
v -0.005294 -0.017570 0.003893
v -0.001465 -0.016529 0.003596
v -0.000489 -0.016474 0.006422
v -0.002626 -0.017056 0.005303
v -0.001465 -0.016529 0.003596
v 0.000309 -0.016113 0.004592
v 0.003686 -0.007726 0.020864
v 0.002576 -0.011280 0.024034
v 0.002852 -0.011100 0.019528
v 0.003910 -0.007850 0.025023
v 0.004047 -0.004576 0.022021
v 0.003910 -0.007850 0.025023
v 0.003686 -0.007726 0.020864
v 0.004146 -0.004392 0.025764
v 0.003670 -0.007793 0.029201
v 0.003910 -0.007850 0.025023
v 0.004146 -0.004392 0.025764
v 0.003921 -0.004153 0.029585
v 0.000851 -0.014454 0.017954
v -0.001620 -0.018149 0.021288
v -0.001526 -0.017842 0.015868
v 0.000646 -0.014702 0.022747
v 0.002852 -0.011100 0.019528
v 0.000646 -0.014702 0.022747
v 0.000851 -0.014454 0.017954
v 0.002576 -0.011280 0.024034
v 0.001198 -0.015336 0.027596
v 0.000646 -0.014702 0.022747
v 0.002576 -0.011280 0.024034
v 0.002936 -0.011515 0.028592
v -0.007346 -0.018698 0.009412
v -0.004816 -0.018506 0.014868
v -0.008220 -0.019350 0.012531
v -0.004180 -0.017944 0.010899
v -0.006475 -0.017931 0.006319
v -0.004180 -0.017944 0.010899
v -0.007346 -0.018698 0.009412
v -0.003458 -0.017350 0.007759
v -0.001573 -0.017453 0.012002
v -0.004180 -0.017944 0.010899
v -0.003458 -0.017350 0.007759
v -0.001138 -0.016892 0.008679
v -0.001984 -0.018284 0.026377
v -0.005344 -0.018850 0.019791
v -0.001620 -0.018149 0.021288
v -0.005680 -0.019643 0.025173
v -0.009610 -0.019867 0.024032
v -0.005344 -0.018850 0.019791
v -0.005680 -0.019643 0.025173
v -0.008918 -0.019657 0.018281
v -0.004816 -0.018506 0.014868
v -0.005344 -0.018850 0.019791
v -0.008918 -0.019657 0.018281
v -0.008220 -0.019350 0.012531
v -0.006512 -0.019471 0.035654
v -0.002285 -0.018226 0.031472
v -0.002574 -0.018009 0.036392
v -0.006130 -0.019646 0.030537
v -0.010834 -0.019576 0.035209
v -0.006130 -0.019646 0.030537
v -0.006512 -0.019471 0.035654
v -0.010234 -0.019827 0.029622
v -0.005680 -0.019643 0.025173
v -0.006130 -0.019646 0.030537
v -0.010234 -0.019827 0.029622
v -0.009610 -0.019867 0.024032
v 0.000695 -0.014874 0.037109
v 0.000943 -0.015191 0.032444
v 0.002681 -0.011298 0.033163
v 0.002427 -0.010891 0.037540
v 0.000943 -0.015191 0.032444
v -0.002574 -0.018009 0.036392
v -0.002285 -0.018226 0.031472
v 0.000695 -0.014874 0.037109
v 0.001198 -0.015336 0.027596
v -0.002285 -0.018226 0.031472
v -0.001984 -0.018284 0.026377
v 0.000943 -0.015191 0.032444
v -0.006878 -0.018653 0.044589
v -0.002846 -0.017652 0.040960
v -0.003051 -0.017145 0.045164
v -0.006769 -0.019136 0.040306
v -0.010939 -0.018848 0.043795
v -0.006769 -0.019136 0.040306
v -0.006878 -0.018653 0.044589
v -0.010897 -0.019283 0.039508
v -0.006512 -0.019471 0.035654
v -0.006769 -0.019136 0.040306
v -0.010897 -0.019283 0.039508
v -0.010834 -0.019576 0.035209
v 0.000225 -0.013874 0.045330
v 0.000451 -0.014438 0.041386
v 0.002182 -0.010377 0.041486
v 0.001940 -0.009769 0.045138
v 0.000451 -0.014438 0.041386
v -0.003051 -0.017145 0.045164
v -0.002846 -0.017652 0.040960
v 0.000225 -0.013874 0.045330
v 0.000695 -0.014874 0.037109
v -0.002846 -0.017652 0.040960
v -0.002574 -0.018009 0.036392
v 0.000451 -0.014438 0.041386
v -0.000137 -0.012285 0.052437
v 0.000048 -0.013147 0.048984
v 0.001684 -0.009054 0.048644
v 0.001409 -0.008231 0.051983
v 0.000048 -0.013147 0.048984
v -0.003101 -0.015596 0.052566
v -0.003083 -0.016430 0.048993
v -0.000137 -0.012285 0.052437
v 0.000225 -0.013874 0.045330
v -0.003083 -0.016430 0.048993
v -0.003051 -0.017145 0.045164
v 0.000048 -0.013147 0.048984
v -0.009544 -0.015531 0.059387
v -0.006475 -0.016245 0.055971
v -0.006350 -0.015059 0.059316
v -0.009998 -0.016705 0.055778
v -0.006676 -0.017224 0.052383
v -0.006475 -0.016245 0.055971
v -0.009998 -0.016705 0.055778
v -0.010438 -0.017570 0.052081
v -0.006475 -0.016245 0.055971
v -0.003101 -0.015596 0.052566
v -0.003113 -0.014586 0.055967
v -0.006676 -0.017224 0.052383
v -0.006878 -0.018653 0.044589
v -0.006829 -0.018016 0.048602
v -0.010699 -0.018301 0.047953
v -0.010939 -0.018848 0.043795
v -0.006829 -0.018016 0.048602
v -0.003051 -0.017145 0.045164
v -0.003083 -0.016430 0.048993
v -0.006878 -0.018653 0.044589
v -0.006676 -0.017224 0.052383
v -0.003083 -0.016430 0.048993
v -0.003101 -0.015596 0.052566
v -0.006829 -0.018016 0.048602
v 0.000783 -0.006090 0.058235
v 0.001684 -0.003825 0.054359
v 0.001316 -0.002848 0.057305
v 0.001113 -0.007277 0.055149
v 0.002010 -0.004613 0.051363
v 0.001113 -0.007277 0.055149
v 0.001409 -0.008231 0.051983
v 0.001684 -0.003825 0.054359
v 0.001684 -0.003825 0.054359
v 0.002191 -0.001164 0.050747
v 0.001864 -0.000590 0.053597
v 0.002010 -0.004613 0.051363
v -0.000546 -0.009975 0.058920
v -0.000326 -0.011257 0.055705
v 0.001113 -0.007277 0.055149
v 0.000783 -0.006090 0.058235
v -0.000326 -0.011257 0.055705
v -0.003133 -0.013328 0.059240
v -0.003113 -0.014586 0.055967
v -0.000546 -0.009975 0.058920
v -0.000137 -0.012285 0.052437
v -0.003113 -0.014586 0.055967
v -0.003101 -0.015596 0.052566
v -0.000326 -0.011257 0.055705
v -0.003258 -0.011728 0.062486
v -0.006501 -0.011910 0.065243
v -0.006370 -0.013654 0.062374
v -0.003423 -0.009684 0.065469
v -0.009783 -0.013131 0.064265
v -0.006370 -0.013654 0.062374
v -0.006501 -0.011910 0.065243
v -0.009664 -0.014447 0.061883
v -0.006350 -0.015059 0.059316
v -0.006370 -0.013654 0.062374
v -0.009664 -0.014447 0.061883
v -0.009544 -0.015531 0.059387
v 0.000363 -0.004573 0.061333
v -0.001265 -0.006339 0.065057
v -0.000828 -0.008296 0.062102
v -0.000198 -0.002898 0.064215
v -0.000828 -0.008296 0.062102
v -0.003423 -0.009684 0.065469
v -0.003258 -0.011728 0.062486
v -0.001265 -0.006339 0.065057
v -0.000546 -0.009975 0.058920
v -0.003258 -0.011728 0.062486
v -0.003133 -0.013328 0.059240
v -0.000828 -0.008296 0.062102
v 0.000423 0.002147 0.062206
v 0.000951 0.003465 0.058771
v 0.000408 0.004207 0.061413
v 0.001009 0.001021 0.059405
v 0.001406 0.003003 0.055858
v 0.001009 0.001021 0.059405
v 0.001491 0.000105 0.056418
v 0.000951 0.003465 0.058771
v 0.001095 0.005858 0.055674
v 0.000951 0.003465 0.058771
v 0.001406 0.003003 0.055858
v 0.000690 0.005797 0.058608
v 0.001009 0.001021 0.059405
v 0.000252 -0.000158 0.063198
v 0.000845 -0.001577 0.060342
v 0.000423 0.002147 0.062206
v -0.000198 -0.002898 0.064215
v 0.000845 -0.001577 0.060342
v 0.000252 -0.000158 0.063198
v 0.000363 -0.004573 0.061333
v 0.001316 -0.002848 0.057305
v 0.000363 -0.004573 0.061333
v 0.000783 -0.006090 0.058235
v 0.000845 -0.001577 0.060342
v -0.000902 -0.001237 0.066650
v -0.001794 0.000244 0.068691
v -0.002543 -0.002116 0.069374
v -0.001829 -0.004157 0.067518
v -0.004333 -0.004283 0.070357
v -0.001829 -0.004157 0.067518
v -0.002543 -0.002116 0.069374
v -0.003639 -0.007142 0.068063
v -0.003423 -0.009684 0.065469
v -0.001265 -0.006339 0.065057
v -0.003639 -0.007142 0.068063
v -0.001829 -0.004157 0.067518
v -0.000232 0.003466 0.064472
v -0.001323 0.002619 0.067728
v -0.000439 0.001268 0.065591
v -0.001060 0.004907 0.066510
v -0.001794 0.000244 0.068691
v -0.000439 0.001268 0.065591
v -0.001323 0.002619 0.067728
v -0.000902 -0.001237 0.066650
v 0.000252 -0.000158 0.063198
v -0.000902 -0.001237 0.066650
v -0.000198 -0.002898 0.064215
v -0.000439 0.001268 0.065591
v -0.000091 0.007017 0.061771
v -0.000549 0.010354 0.060023
v -0.000817 0.008855 0.063081
v 0.000205 0.008059 0.059083
v 0.000357 0.005684 0.060663
v 0.000205 0.008059 0.059083
v -0.000091 0.007017 0.061771
v 0.000690 0.005797 0.058608
v 0.000548 0.008675 0.055909
v 0.000690 0.005797 0.058608
v 0.001095 0.005858 0.055674
v 0.000205 0.008059 0.059083
v -0.000954 0.007008 0.065101
v -0.000091 0.007017 0.061771
v -0.000817 0.008855 0.063081
v -0.000188 0.005433 0.063378
v -0.001060 0.004907 0.066510
v -0.000188 0.005433 0.063378
v -0.000954 0.007008 0.065101
v -0.000232 0.003466 0.064472
v 0.000408 0.004207 0.061413
v -0.000188 0.005433 0.063378
v -0.000232 0.003466 0.064472
v 0.000423 0.002147 0.062206
v -0.004510 -0.001048 0.071548
v -0.004333 -0.004283 0.070357
v -0.002543 -0.002116 0.069374
v -0.003206 -0.000606 0.070509
v -0.003206 -0.000606 0.070509
v -0.001794 0.000244 0.068691
v -0.002924 0.001371 0.070392
v -0.002543 -0.002116 0.069374
v -0.003639 -0.007142 0.068063
v -0.004333 -0.004283 0.070357
v -0.007150 -0.007361 0.070017
v -0.006624 -0.009616 0.067963
v -0.010397 -0.008782 0.069319
v -0.006624 -0.009616 0.067963
v -0.007150 -0.007361 0.070017
v -0.010101 -0.011159 0.066964
v -0.009783 -0.013131 0.064265
v -0.006501 -0.011910 0.065243
v -0.010101 -0.011159 0.066964
v -0.006624 -0.009616 0.067963
v -0.010397 -0.008782 0.069319
v -0.007150 -0.007361 0.070017
v -0.010650 -0.006593 0.070887
v -0.008260 -0.006020 0.071132
v -0.004333 -0.004283 0.070357
v -0.008260 -0.006020 0.071132
v -0.007150 -0.007361 0.070017
v -0.007471 -0.004067 0.071910
v -0.002334 0.006391 0.068653
v -0.004319 0.007724 0.070632
v -0.004521 0.004732 0.071659
v -0.002592 0.003809 0.069791
v -0.004601 0.001766 0.071933
v -0.002592 0.003809 0.069791
v -0.004521 0.004732 0.071659
v -0.002924 0.001371 0.070392
v -0.001323 0.002619 0.067728
v -0.002924 0.001371 0.070392
v -0.001794 0.000244 0.068691
v -0.002592 0.003809 0.069791
v -0.010751 -0.001239 0.073085
v -0.007368 0.001904 0.073170
v -0.010565 0.001850 0.073523
v -0.007261 -0.001295 0.072735
v -0.007471 -0.004067 0.071910
v -0.007261 -0.001295 0.072735
v -0.010751 -0.001239 0.073085
v -0.010864 -0.004193 0.072112
v -0.007471 -0.004067 0.071910
v -0.004510 -0.001048 0.071548
v -0.007261 -0.001295 0.072735
v -0.004333 -0.004283 0.070357
v -0.007301 0.008701 0.071961
v -0.004521 0.004732 0.071659
v -0.004319 0.007724 0.070632
v -0.007389 0.005272 0.072952
v -0.010693 0.009007 0.072321
v -0.007389 0.005272 0.072952
v -0.007301 0.008701 0.071961
v -0.010806 0.005474 0.073292
v -0.007368 0.001904 0.073170
v -0.007389 0.005272 0.072952
v -0.010806 0.005474 0.073292
v -0.010565 0.001850 0.073523
v -0.004085 0.010598 0.068798
v -0.001981 0.010966 0.064624
v -0.003835 0.013165 0.066128
v -0.002166 0.008804 0.066996
v -0.004319 0.007724 0.070632
v -0.002166 0.008804 0.066996
v -0.004085 0.010598 0.068798
v -0.002334 0.006391 0.068653
v -0.000954 0.007008 0.065101
v -0.002334 0.006391 0.068653
v -0.001060 0.004907 0.066510
v -0.002166 0.008804 0.066996
v -0.001981 0.010966 0.064624
v -0.003527 0.015271 0.062503
v -0.003835 0.013165 0.066128
v -0.001711 0.012783 0.061258
v -0.001711 0.012783 0.061258
v -0.000817 0.008855 0.063081
v -0.000549 0.010354 0.060023
v -0.001981 0.010966 0.064624
v -0.001491 0.014158 0.057435
v -0.000549 0.010354 0.060023
v -0.000277 0.011446 0.056514
v -0.001711 0.012783 0.061258
v -0.001491 0.014158 0.057435
v -0.001304 0.015063 0.053716
v -0.003235 0.017899 0.054385
v -0.003337 0.016834 0.058426
v -0.001304 0.015063 0.053716
v -0.000277 0.011446 0.056514
v -0.000026 0.012105 0.053139
v -0.001491 0.014158 0.057435
v -0.001094 0.015627 0.050007
v -0.000026 0.012105 0.053139
v 0.000239 0.012469 0.049793
v -0.001304 0.015063 0.053716
v -0.010934 0.012790 0.070251
v -0.007051 0.015136 0.067268
v -0.011117 0.016025 0.067275
v -0.007189 0.012082 0.070080
v -0.007189 0.012082 0.070080
v -0.010693 0.009007 0.072321
v -0.007301 0.008701 0.071961
v -0.010934 0.012790 0.070251
v -0.007189 0.012082 0.070080
v -0.004319 0.007724 0.070632
v -0.004085 0.010598 0.068798
v -0.007301 0.008701 0.071961
v -0.011140 0.018570 0.063552
v -0.006665 0.019400 0.059234
v -0.011109 0.020381 0.059350
v -0.006816 0.017643 0.063486
v -0.006816 0.017643 0.063486
v -0.011117 0.016025 0.067275
v -0.007051 0.015136 0.067268
v -0.011140 0.018570 0.063552
v -0.007051 0.015136 0.067268
v -0.003527 0.015271 0.062503
v -0.006816 0.017643 0.063486
v -0.003835 0.013165 0.066128
v -0.011071 0.021521 0.055022
v -0.006616 0.021240 0.050590
v -0.011031 0.022206 0.050578
v -0.006694 0.020562 0.054936
v -0.006694 0.020562 0.054936
v -0.011109 0.020381 0.059350
v -0.006665 0.019400 0.059234
v -0.011071 0.021521 0.055022
v -0.006665 0.019400 0.059234
v -0.003235 0.017899 0.054385
v -0.006694 0.020562 0.054936
v -0.003337 0.016834 0.058426
v -0.014902 0.021456 0.050252
v -0.011071 0.021521 0.055022
v -0.011031 0.022206 0.050578
v -0.015009 0.020753 0.054599
v -0.018219 0.019809 0.049806
v -0.015009 0.020753 0.054599
v -0.014902 0.021456 0.050252
v -0.018242 0.019094 0.054027
v -0.015098 0.019611 0.058744
v -0.015009 0.020753 0.054599
v -0.018242 0.019094 0.054027
v -0.018238 0.017987 0.057861
v -0.010887 0.022602 0.046040
v -0.006256 0.021835 0.041683
v -0.010707 0.022819 0.041496
v -0.006474 0.021634 0.046166
v -0.006474 0.021634 0.046166
v -0.011031 0.022206 0.050578
v -0.006616 0.021240 0.050590
v -0.010887 0.022602 0.046040
v -0.006616 0.021240 0.050590
v -0.003129 0.018602 0.050330
v -0.002949 0.019000 0.046187
v -0.006474 0.021634 0.046166
v -0.014563 0.022124 0.041301
v -0.010887 0.022602 0.046040
v -0.010707 0.022819 0.041496
v -0.014757 0.021878 0.045785
v -0.018001 0.020489 0.041062
v -0.014757 0.021878 0.045785
v -0.014563 0.022124 0.041301
v -0.018115 0.020248 0.045459
v -0.014902 0.021456 0.050252
v -0.014757 0.021878 0.045785
v -0.018115 0.020248 0.045459
v -0.018219 0.019809 0.049806
v -0.006007 0.021891 0.037133
v -0.010707 0.022819 0.041496
v -0.006256 0.021835 0.041683
v -0.010533 0.022892 0.037023
v -0.006256 0.021835 0.041683
v -0.002681 0.019163 0.041918
v -0.002344 0.019148 0.037449
v -0.006007 0.021891 0.037133
v -0.005907 0.021911 0.032353
v -0.002344 0.019148 0.037449
v -0.001965 0.019029 0.031949
v -0.006007 0.021891 0.037133
v -0.014266 0.022143 0.032142
v -0.010533 0.022892 0.037023
v -0.010354 0.022847 0.032306
v -0.014430 0.022196 0.036895
v -0.014266 0.022143 0.032142
v -0.017902 0.020551 0.036690
v -0.014430 0.022196 0.036895
v -0.017773 0.020467 0.031860
v -0.014563 0.022124 0.041301
v -0.014430 0.022196 0.036895
v -0.017902 0.020551 0.036690
v -0.018001 0.020489 0.041062
v -0.006456 0.021867 0.021930
v -0.003201 0.020284 0.026774
v -0.003661 0.020557 0.021945
v -0.006198 0.021963 0.027185
v -0.006198 0.021963 0.027185
v -0.009862 0.022366 0.021575
v -0.010157 0.022670 0.027029
v -0.006456 0.021867 0.021930
v -0.005907 0.021911 0.032353
v -0.010157 0.022670 0.027029
v -0.010354 0.022847 0.032306
v -0.006198 0.021963 0.027185
v -0.003661 0.020557 0.021945
v -0.001821 0.019042 0.025460
v -0.001821 0.019067 0.021627
v -0.003201 0.020284 0.026774
v -0.000665 0.017587 0.027410
v -0.001821 0.019042 0.025460
v -0.003201 0.020284 0.026774
v -0.001965 0.019029 0.031949
v 0.001907 0.020708 0.004172
v 0.003771 0.018540 0.007771
v 0.004491 0.020524 0.004489
v 0.001124 0.019430 0.008028
v 0.003189 0.016332 0.010778
v 0.003771 0.018540 0.007771
v 0.001124 0.019430 0.008028
v 0.001294 0.017163 0.011897
v -0.001432 0.019558 0.012381
v 0.000065 0.017057 0.017233
v 0.001294 0.017163 0.011897
v -0.001809 0.019091 0.017094
v -0.003843 0.020516 0.017091
v -0.001432 0.019558 0.012381
v -0.003794 0.020390 0.012310
v -0.001809 0.019091 0.017094
v -0.001821 0.019067 0.021627
v -0.001809 0.019091 0.017094
v -0.003843 0.020516 0.017091
v -0.003661 0.020557 0.021945
v -0.006456 0.021867 0.021930
v -0.009390 0.021944 0.016296
v -0.009862 0.022366 0.021575
v -0.006427 0.021558 0.016854
v -0.003661 0.020557 0.021945
v -0.006427 0.021558 0.016854
v -0.006456 0.021867 0.021930
v -0.003843 0.020516 0.017091
v -0.006230 0.021153 0.011941
v -0.006427 0.021558 0.016854
v -0.003843 0.020516 0.017091
v -0.003794 0.020390 0.012310
v -0.003476 0.020601 0.007714
v -0.000629 0.020756 0.003744
v -0.003157 0.020683 0.003213
v -0.001073 0.020078 0.007979
v -0.001073 0.020078 0.007979
v -0.003794 0.020390 0.012310
v -0.001432 0.019558 0.012381
v -0.003476 0.020601 0.007714
v -0.001432 0.019558 0.012381
v 0.001124 0.019430 0.008028
v -0.001073 0.020078 0.007979
v 0.001294 0.017163 0.011897
v -0.013454 0.021560 0.020863
v -0.017534 0.020220 0.026098
v -0.013995 0.021953 0.026621
v -0.016951 0.019946 0.019986
v -0.017773 0.020467 0.031860
v -0.013995 0.021953 0.026621
v -0.017534 0.020220 0.026098
v -0.014266 0.022143 0.032142
v -0.010157 0.022670 0.027029
v -0.014266 0.022143 0.032142
v -0.010354 0.022847 0.032306
v -0.013995 0.021953 0.026621
v -0.023197 0.014965 0.036009
v -0.020729 0.017987 0.031489
v -0.023086 0.014876 0.031107
v -0.020851 0.018091 0.036365
v -0.023195 0.014976 0.040391
v -0.020851 0.018091 0.036365
v -0.023197 0.014965 0.036009
v -0.020902 0.018061 0.040730
v -0.017902 0.020551 0.036690
v -0.020851 0.018091 0.036365
v -0.020902 0.018061 0.040730
v -0.018001 0.020489 0.041062
v -0.005647 0.020494 0.002536
v -0.008520 0.020766 0.006341
v -0.005939 0.020869 0.007186
v -0.008229 0.020145 0.001598
v -0.008890 0.021425 0.011206
v -0.005939 0.020869 0.007186
v -0.008520 0.020766 0.006341
v -0.006230 0.021153 0.011941
v -0.006230 0.021153 0.011941
v -0.003476 0.020601 0.007714
v -0.005939 0.020869 0.007186
v -0.003794 0.020390 0.012310
v -0.015835 0.019804 0.014090
v -0.011768 0.020896 0.010075
v -0.014650 0.019553 0.008598
v -0.012622 0.021349 0.015331
v -0.016951 0.019946 0.019986
v -0.012622 0.021349 0.015331
v -0.015835 0.019804 0.014090
v -0.013454 0.021560 0.020863
v -0.009390 0.021944 0.016296
v -0.013454 0.021560 0.020863
v -0.009862 0.022366 0.021575
v -0.012622 0.021349 0.015331
v -0.011042 0.019567 0.000323
v -0.013986 0.019158 0.003665
v -0.011279 0.020179 0.005126
v -0.013663 0.018843 -0.000989
v -0.014650 0.019553 0.008598
v -0.011279 0.020179 0.005126
v -0.013986 0.019158 0.003665
v -0.011768 0.020896 0.010075
v -0.008890 0.021425 0.011206
v -0.008520 0.020766 0.006341
v -0.011768 0.020896 0.010075
v -0.011279 0.020179 0.005126
v -0.016412 0.017753 0.002077
v -0.020271 0.014514 0.003710
v -0.017381 0.017507 0.006806
v -0.018325 0.016505 0.000314
v -0.013986 0.019158 0.003665
v -0.016412 0.017753 0.002077
v -0.017381 0.017507 0.006806
v -0.014650 0.019553 0.008598
v -0.016412 0.017753 0.002077
v -0.013663 0.018843 -0.000989
v -0.015681 0.018167 -0.002055
v -0.013986 0.019158 0.003665
v -0.020271 0.014514 0.003710
v -0.021197 0.014416 0.011679
v -0.017381 0.017507 0.006806
v -0.018704 0.017427 0.012706
v -0.022252 0.014398 0.018576
v -0.018704 0.017427 0.012706
v -0.021197 0.014416 0.011679
v -0.019862 0.017474 0.019186
v -0.015835 0.019804 0.014090
v -0.018704 0.017427 0.012706
v -0.019862 0.017474 0.019186
v -0.016951 0.019946 0.019986
v -0.022829 0.014620 0.025175
v -0.019862 0.017474 0.019186
v -0.022252 0.014398 0.018576
v -0.020474 0.017717 0.025605
v -0.023086 0.014876 0.031107
v -0.020474 0.017717 0.025605
v -0.022829 0.014620 0.025175
v -0.020729 0.017987 0.031489
v -0.017534 0.020220 0.026098
v -0.020474 0.017717 0.025605
v -0.020729 0.017987 0.031489
v -0.017773 0.020467 0.031860
v -0.024091 0.010928 0.018270
v -0.024895 0.007066 0.011662
v -0.025377 0.007121 0.018139
v -0.023320 0.010934 0.011500
v -0.021197 0.014416 0.011679
v -0.023320 0.010934 0.011500
v -0.024091 0.010928 0.018270
v -0.022252 0.014398 0.018576
v -0.021197 0.014416 0.011679
v -0.022965 0.010753 0.005556
v -0.023320 0.010934 0.011500
v -0.020271 0.014514 0.003710
v -0.025731 0.007290 0.024621
v -0.024091 0.010928 0.018270
v -0.025377 0.007121 0.018139
v -0.024580 0.011102 0.024843
v -0.025899 0.007475 0.030586
v -0.024580 0.011102 0.024843
v -0.025731 0.007290 0.024621
v -0.024800 0.011320 0.030796
v -0.022829 0.014620 0.025175
v -0.024580 0.011102 0.024843
v -0.024800 0.011320 0.030796
v -0.023086 0.014876 0.031107
v -0.025731 0.007290 0.024621
v -0.026296 0.003207 0.024536
v -0.026390 0.003407 0.030523
v -0.025899 0.007475 0.030586
v -0.026296 0.003207 0.024536
v -0.025377 0.007121 0.018139
v -0.026055 0.003031 0.018061
v -0.025731 0.007290 0.024621
v -0.026222 -0.000970 0.024615
v -0.026055 0.003031 0.018061
v -0.026056 -0.001214 0.018126
v -0.026296 0.003207 0.024536
v -0.025920 0.007600 0.035521
v -0.024800 0.011320 0.030796
v -0.025899 0.007475 0.030586
v -0.024864 0.011438 0.035714
v -0.025834 0.007711 0.039969
v -0.024864 0.011438 0.035714
v -0.025920 0.007600 0.035521
v -0.024819 0.011495 0.040125
v -0.023197 0.014965 0.036009
v -0.024864 0.011438 0.035714
v -0.024819 0.011495 0.040125
v -0.023195 0.014976 0.040391
v -0.022844 0.014760 0.049073
v -0.020912 0.017875 0.045088
v -0.023091 0.014916 0.044761
v -0.020826 0.017541 0.049379
v -0.018115 0.020248 0.045459
v -0.020912 0.017875 0.045088
v -0.020826 0.017541 0.049379
v -0.018219 0.019809 0.049806
v -0.020912 0.017875 0.045088
v -0.018001 0.020489 0.041062
v -0.020902 0.018061 0.040730
v -0.018115 0.020248 0.045459
v -0.025920 0.007600 0.035521
v -0.026364 0.003586 0.035479
v -0.026250 0.003752 0.039951
v -0.025834 0.007711 0.039969
v -0.026364 0.003586 0.035479
v -0.025899 0.007475 0.030586
v -0.026390 0.003407 0.030523
v -0.025920 0.007600 0.035521
v -0.026223 -0.000487 0.035574
v -0.026390 0.003407 0.030523
v -0.026274 -0.000715 0.030612
v -0.026364 0.003586 0.035479
v -0.025267 0.007857 0.048961
v -0.024661 0.011507 0.044567
v -0.025633 0.007795 0.044480
v -0.024336 0.011476 0.048955
v -0.023091 0.014916 0.044761
v -0.024661 0.011507 0.044567
v -0.024336 0.011476 0.048955
v -0.022844 0.014760 0.049073
v -0.024661 0.011507 0.044567
v -0.023195 0.014976 0.040391
v -0.024819 0.011495 0.040125
v -0.023091 0.014916 0.044761
v -0.025633 0.007795 0.044480
v -0.026029 0.003910 0.044489
v -0.025640 0.004060 0.049004
v -0.025267 0.007857 0.048961
v -0.026029 0.003910 0.044489
v -0.025834 0.007711 0.039969
v -0.026250 0.003752 0.039951
v -0.025633 0.007795 0.044480
v -0.025863 -0.000025 0.044606
v -0.026250 0.003752 0.039951
v -0.026094 -0.000258 0.040052
v -0.026029 0.003910 0.044489
v -0.020194 0.016284 0.057135
v -0.020578 0.017009 0.053551
v -0.022378 0.014502 0.053266
v -0.021651 0.014158 0.057134
v -0.020194 0.016284 0.057135
v -0.018242 0.019094 0.054027
v -0.020578 0.017009 0.053551
v -0.018238 0.017987 0.057861
v -0.020578 0.017009 0.053551
v -0.018219 0.019809 0.049806
v -0.020826 0.017541 0.049379
v -0.018242 0.019094 0.054027
v -0.015394 0.015427 0.066044
v -0.015308 0.017846 0.062584
v -0.018354 0.016396 0.061108
v -0.018957 0.013732 0.063860
v -0.015394 0.015427 0.066044
v -0.011117 0.016025 0.067275
v -0.011140 0.018570 0.063552
v -0.015308 0.017846 0.062584
v -0.015098 0.019611 0.058744
v -0.011140 0.018570 0.063552
v -0.011109 0.020381 0.059350
v -0.015308 0.017846 0.062584
v -0.019831 0.015495 0.059736
v -0.018238 0.017987 0.057861
v -0.020194 0.016284 0.057135
v -0.018354 0.016396 0.061108
v -0.019831 0.015495 0.059736
v -0.021651 0.014158 0.057134
v -0.020677 0.013794 0.060482
v -0.020194 0.016284 0.057135
v -0.022930 0.011306 0.057244
v -0.023777 0.011403 0.053220
v -0.024671 0.007898 0.053304
v -0.023790 0.007938 0.057400
v -0.023777 0.011403 0.053220
v -0.021651 0.014158 0.057134
v -0.022378 0.014502 0.053266
v -0.022930 0.011306 0.057244
v -0.022378 0.014502 0.053266
v -0.024336 0.011476 0.048955
v -0.023777 0.011403 0.053220
v -0.022844 0.014760 0.049073
v -0.018087 0.011336 0.067118
v -0.015394 0.015427 0.066044
v -0.018957 0.013732 0.063860
v -0.015139 0.012410 0.068993
v -0.015139 0.012410 0.068993
v -0.017727 0.008500 0.069000
v -0.014688 0.009026 0.071117
v -0.018087 0.011336 0.067118
v -0.014688 0.009026 0.071117
v -0.010934 0.012790 0.070251
v -0.015139 0.012410 0.068993
v -0.010693 0.009007 0.072321
v -0.020485 0.010902 0.063914
v -0.022600 0.008002 0.061154
v -0.021158 0.008037 0.064386
v -0.021764 0.011197 0.060914
v -0.021764 0.011197 0.060914
v -0.018957 0.013732 0.063860
v -0.020677 0.013794 0.060482
v -0.020485 0.010902 0.063914
v -0.020677 0.013794 0.060482
v -0.022930 0.011306 0.057244
v -0.021764 0.011197 0.060914
v -0.021651 0.014158 0.057134
v -0.020485 0.010902 0.063914
v -0.018087 0.011336 0.067118
v -0.018957 0.013732 0.063860
v -0.019488 0.010250 0.065994
v -0.021158 0.008037 0.064386
v -0.019488 0.010250 0.065994
v -0.020485 0.010902 0.063914
v -0.019624 0.008018 0.066916
v -0.024124 0.004349 0.057586
v -0.025022 0.004195 0.053410
v -0.024831 0.000432 0.053625
v -0.023917 0.000688 0.057860
v -0.025022 0.004195 0.053410
v -0.023790 0.007938 0.057400
v -0.024671 0.007898 0.053304
v -0.024124 0.004349 0.057586
v -0.024671 0.007898 0.053304
v -0.025640 0.004060 0.049004
v -0.025022 0.004195 0.053410
v -0.025267 0.007857 0.048961
v -0.021423 0.004748 0.064804
v -0.022707 0.000977 0.061717
v -0.021194 0.001259 0.065120
v -0.022923 0.004541 0.061422
v -0.022923 0.004541 0.061422
v -0.021158 0.008037 0.064386
v -0.022600 0.008002 0.061154
v -0.021423 0.004748 0.064804
v -0.022600 0.008002 0.061154
v -0.024124 0.004349 0.057586
v -0.022923 0.004541 0.061422
v -0.023790 0.007938 0.057400
v -0.017492 0.005177 0.070099
v -0.019393 0.001489 0.068000
v -0.017167 0.001668 0.070475
v -0.019666 0.004952 0.067642
v -0.019666 0.004952 0.067642
v -0.017727 0.008500 0.069000
v -0.019624 0.008018 0.066916
v -0.017492 0.005177 0.070099
v -0.019624 0.008018 0.066916
v -0.021423 0.004748 0.064804
v -0.019666 0.004952 0.067642
v -0.021158 0.008037 0.064386
v -0.014197 0.001819 0.072509
v -0.010565 0.001850 0.073523
v -0.010806 0.005474 0.073292
v -0.014418 0.005421 0.072242
v -0.010693 0.009007 0.072321
v -0.014418 0.005421 0.072242
v -0.010806 0.005474 0.073292
v -0.014688 0.009026 0.071117
v -0.017492 0.005177 0.070099
v -0.014688 0.009026 0.071117
v -0.017727 0.008500 0.069000
v -0.014418 0.005421 0.072242
v -0.017888 -0.004692 0.067655
v -0.020456 -0.002169 0.065316
v -0.019288 -0.005092 0.065493
v -0.018747 -0.001900 0.067971
v -0.018747 -0.001900 0.067971
v -0.015837 -0.005021 0.069469
v -0.016692 -0.001716 0.070199
v -0.017888 -0.004692 0.067655
v -0.019393 0.001489 0.068000
v -0.018747 -0.001900 0.067971
v -0.016692 -0.001716 0.070199
v -0.017167 0.001668 0.070475
v -0.013491 -0.004314 0.071286
v -0.016692 -0.001716 0.070199
v -0.015837 -0.005021 0.069469
v -0.013961 -0.001556 0.072067
v -0.013961 -0.001556 0.072067
v -0.010864 -0.004193 0.072112
v -0.010751 -0.001239 0.073085
v -0.013491 -0.004314 0.071286
v -0.014197 0.001819 0.072509
v -0.010751 -0.001239 0.073085
v -0.010565 0.001850 0.073523
v -0.013961 -0.001556 0.072067
v -0.021806 -0.006361 0.058892
v -0.021948 -0.002514 0.062061
v -0.023169 -0.002886 0.058276
v -0.020630 -0.005712 0.062549
v -0.019288 -0.005092 0.065493
v -0.021948 -0.002514 0.062061
v -0.020630 -0.005712 0.062549
v -0.020456 -0.002169 0.065316
v -0.022707 0.000977 0.061717
v -0.021948 -0.002514 0.062061
v -0.020456 -0.002169 0.065316
v -0.021194 0.001259 0.065120
v -0.023169 -0.002886 0.058276
v -0.022761 -0.006908 0.054606
v -0.021806 -0.006361 0.058892
v -0.024105 -0.003253 0.054019
v -0.024105 -0.003253 0.054019
v -0.023917 0.000688 0.057860
v -0.024831 0.000432 0.053625
v -0.023169 -0.002886 0.058276
v -0.024831 0.000432 0.053625
v -0.024751 -0.003591 0.049478
v -0.024105 -0.003253 0.054019
v -0.025465 0.000205 0.049157
v -0.017247 -0.006229 0.067356
v -0.015837 -0.005021 0.069469
v -0.017888 -0.004692 0.067655
v -0.015863 -0.007212 0.067982
v -0.017247 -0.006229 0.067356
v -0.019288 -0.005092 0.065493
v -0.017906 -0.007138 0.065828
v -0.017888 -0.004692 0.067655
v -0.013233 -0.007411 0.069578
v -0.010650 -0.006593 0.070887
v -0.012607 -0.006164 0.070671
v -0.010397 -0.008782 0.069319
v -0.012607 -0.006164 0.070671
v -0.010864 -0.004193 0.072112
v -0.013491 -0.004314 0.071286
v -0.010650 -0.006593 0.070887
v -0.016273 -0.010868 0.063704
v -0.019623 -0.009716 0.059737
v -0.016681 -0.012579 0.060290
v -0.018730 -0.008444 0.063269
v -0.016062 -0.008937 0.066246
v -0.018730 -0.008444 0.063269
v -0.016273 -0.010868 0.063704
v -0.017906 -0.007138 0.065828
v -0.020630 -0.005712 0.062549
v -0.018730 -0.008444 0.063269
v -0.017906 -0.007138 0.065828
v -0.019288 -0.005092 0.065493
v -0.013262 -0.011263 0.065811
v -0.010101 -0.011159 0.066964
v -0.013394 -0.009246 0.067963
v -0.009783 -0.013131 0.064265
v -0.010397 -0.008782 0.069319
v -0.013394 -0.009246 0.067963
v -0.010101 -0.011159 0.066964
v -0.013233 -0.007411 0.069578
v -0.015863 -0.007212 0.067982
v -0.013394 -0.009246 0.067963
v -0.013233 -0.007411 0.069578
v -0.015837 -0.005021 0.069469
v -0.024064 -0.008031 0.040641
v -0.025152 -0.003889 0.044855
v -0.025381 -0.004169 0.040255
v -0.023837 -0.007704 0.045281
v -0.024751 -0.003591 0.049478
v -0.023837 -0.007704 0.045281
v -0.023428 -0.007349 0.049978
v -0.025152 -0.003889 0.044855
v -0.025152 -0.003889 0.044855
v -0.025465 0.000205 0.049157
v -0.025863 -0.000025 0.044606
v -0.024751 -0.003591 0.049478
v -0.013296 -0.014610 0.060016
v -0.009544 -0.015531 0.059387
v -0.009664 -0.014447 0.061883
v -0.013167 -0.013074 0.063201
v -0.009783 -0.013131 0.064265
v -0.013167 -0.013074 0.063201
v -0.009664 -0.014447 0.061883
v -0.013262 -0.011263 0.065811
v -0.016273 -0.010868 0.063704
v -0.013167 -0.013074 0.063201
v -0.013262 -0.011263 0.065811
v -0.016062 -0.008937 0.066246
v -0.018325 -0.014295 0.051304
v -0.020571 -0.010547 0.055389
v -0.021310 -0.011062 0.050652
v -0.017537 -0.013660 0.055999
v -0.016681 -0.012579 0.060290
v -0.020571 -0.010547 0.055389
v -0.017537 -0.013660 0.055999
v -0.019623 -0.009716 0.059737
v -0.020571 -0.010547 0.055389
v -0.021806 -0.006361 0.058892
v -0.022761 -0.006908 0.054606
v -0.019623 -0.009716 0.059737
v -0.023837 -0.007704 0.045281
v -0.024064 -0.008031 0.040641
v -0.021944 -0.011848 0.041287
v -0.021732 -0.011475 0.045910
v -0.018984 -0.015180 0.042088
v -0.021732 -0.011475 0.045910
v -0.021944 -0.011848 0.041287
v -0.018778 -0.014764 0.046639
v -0.021310 -0.011062 0.050652
v -0.018778 -0.014764 0.046639
v -0.018325 -0.014295 0.051304
v -0.021732 -0.011475 0.045910
v -0.013899 -0.015779 0.056101
v -0.010438 -0.017570 0.052081
v -0.009998 -0.016705 0.055778
v -0.014587 -0.016573 0.051769
v -0.009544 -0.015531 0.059387
v -0.013899 -0.015779 0.056101
v -0.009998 -0.016705 0.055778
v -0.013296 -0.014610 0.060016
v -0.017537 -0.013660 0.055999
v -0.013899 -0.015779 0.056101
v -0.013296 -0.014610 0.060016
v -0.016681 -0.012579 0.060290
v -0.024149 -0.008737 0.031326
v -0.025501 -0.004456 0.035788
v -0.025540 -0.004770 0.030864
v -0.024156 -0.008366 0.036198
v -0.025381 -0.004169 0.040255
v -0.025501 -0.004456 0.035788
v -0.024156 -0.008366 0.036198
v -0.024064 -0.008031 0.040641
v -0.026223 -0.000487 0.035574
v -0.025501 -0.004456 0.035788
v -0.025381 -0.004169 0.040255
v -0.026094 -0.000258 0.040052
v -0.024156 -0.008366 0.036198
v -0.021941 -0.012581 0.032043
v -0.022006 -0.012203 0.036873
v -0.024149 -0.008737 0.031326
v -0.018893 -0.015906 0.032933
v -0.022006 -0.012203 0.036873
v -0.021941 -0.012581 0.032043
v -0.019017 -0.015547 0.037713
v -0.021944 -0.011848 0.041287
v -0.019017 -0.015547 0.037713
v -0.018984 -0.015180 0.042088
v -0.022006 -0.012203 0.036873
v -0.015220 -0.017634 0.042957
v -0.010699 -0.018301 0.047953
v -0.015031 -0.017154 0.047359
v -0.010939 -0.018848 0.043795
v -0.014587 -0.016573 0.051769
v -0.010699 -0.018301 0.047953
v -0.010438 -0.017570 0.052081
v -0.015031 -0.017154 0.047359
v -0.018778 -0.014764 0.046639
v -0.015031 -0.017154 0.047359
v -0.014587 -0.016573 0.051769
v -0.018325 -0.014295 0.051304
v -0.015072 -0.018353 0.033905
v -0.010834 -0.019576 0.035209
v -0.010897 -0.019283 0.039508
v -0.015239 -0.018018 0.038623
v -0.010939 -0.018848 0.043795
v -0.015239 -0.018018 0.038623
v -0.010897 -0.019283 0.039508
v -0.015220 -0.017634 0.042957
v -0.019017 -0.015547 0.037713
v -0.015239 -0.018018 0.038623
v -0.015220 -0.017634 0.042957
v -0.018984 -0.015180 0.042088
v -0.023757 -0.009575 0.018984
v -0.025481 -0.005123 0.024893
v -0.025311 -0.005478 0.018424
v -0.024021 -0.009159 0.025402
v -0.025540 -0.004770 0.030864
v -0.025481 -0.005123 0.024893
v -0.024021 -0.009159 0.025402
v -0.024149 -0.008737 0.031326
v -0.025481 -0.005123 0.024893
v -0.026274 -0.000715 0.030612
v -0.026222 -0.000970 0.024615
v -0.025540 -0.004770 0.030864
v -0.024021 -0.009159 0.025402
v -0.023757 -0.009575 0.018984
v -0.021348 -0.013365 0.019882
v -0.021723 -0.012983 0.026172
v -0.018109 -0.016520 0.021020
v -0.021723 -0.012983 0.026172
v -0.021348 -0.013365 0.019882
v -0.018584 -0.016247 0.027168
v -0.021941 -0.012581 0.032043
v -0.018584 -0.016247 0.027168
v -0.018893 -0.015906 0.032933
v -0.021723 -0.012983 0.026172
v -0.014679 -0.018633 0.028349
v -0.009610 -0.019867 0.024032
v -0.010234 -0.019827 0.029622
v -0.014114 -0.018805 0.022408
v -0.010834 -0.019576 0.035209
v -0.014679 -0.018633 0.028349
v -0.010234 -0.019827 0.029622
v -0.015072 -0.018353 0.033905
v -0.018584 -0.016247 0.027168
v -0.015072 -0.018353 0.033905
v -0.018893 -0.015906 0.032933
v -0.014679 -0.018633 0.028349
v -0.012478 -0.018286 0.011253
v -0.017381 -0.016578 0.014898
v -0.016453 -0.016355 0.009524
v -0.013354 -0.018707 0.016495
v -0.013354 -0.018707 0.016495
v -0.008220 -0.019350 0.012531
v -0.008918 -0.019657 0.018281
v -0.012478 -0.018286 0.011253
v -0.014114 -0.018805 0.022408
v -0.008918 -0.019657 0.018281
v -0.009610 -0.019867 0.024032
v -0.013354 -0.018707 0.016495
v -0.023336 -0.009950 0.012626
v -0.019982 -0.013671 0.007970
v -0.020756 -0.013617 0.013605
v -0.022787 -0.010209 0.006762
v -0.016453 -0.016355 0.009524
v -0.020756 -0.013617 0.013605
v -0.019982 -0.013671 0.007970
v -0.017381 -0.016578 0.014898
v -0.021348 -0.013365 0.019882
v -0.017381 -0.016578 0.014898
v -0.018109 -0.016520 0.021020
v -0.020756 -0.013617 0.013605
v -0.025836 -0.001426 0.011691
v -0.025657 0.002857 0.005647
v -0.025755 -0.001586 0.005719
v -0.025768 0.002902 0.011652
v -0.026056 -0.001214 0.018126
v -0.025768 0.002902 0.011652
v -0.025836 -0.001426 0.011691
v -0.026055 0.003031 0.018061
v -0.024895 0.007066 0.011662
v -0.025768 0.002902 0.011652
v -0.026055 0.003031 0.018061
v -0.025377 0.007121 0.018139
v -0.025836 -0.001426 0.011691
v -0.024779 -0.006073 0.006049
v -0.025043 -0.005799 0.012001
v -0.025755 -0.001586 0.005719
v -0.022787 -0.010209 0.006762
v -0.025043 -0.005799 0.012001
v -0.024779 -0.006073 0.006049
v -0.023336 -0.009950 0.012626
v -0.025311 -0.005478 0.018424
v -0.025043 -0.005799 0.012001
v -0.023336 -0.009950 0.012626
v -0.023757 -0.009575 0.018984
v -0.010549 -0.017259 0.004380
v -0.015552 -0.016062 0.005449
v -0.014632 -0.016015 0.002174
v -0.011542 -0.017720 0.007398
v -0.011542 -0.017720 0.007398
v -0.006475 -0.017931 0.006319
v -0.007346 -0.018698 0.009412
v -0.010549 -0.017259 0.004380
v -0.007346 -0.018698 0.009412
v -0.012478 -0.018286 0.011253
v -0.011542 -0.017720 0.007398
v -0.008220 -0.019350 0.012531
v -0.019286 -0.013663 0.003442
v -0.014632 -0.016015 0.002174
v -0.015552 -0.016062 0.005449
v -0.018580 -0.014056 -0.000301
v -0.019982 -0.013671 0.007970
v -0.019286 -0.013663 0.003442
v -0.015552 -0.016062 0.005449
v -0.016453 -0.016355 0.009524
v -0.019286 -0.013663 0.003442
v -0.022787 -0.010209 0.006762
v -0.022409 -0.010421 0.001810
v -0.019982 -0.013671 0.007970
v -0.022285 -0.011121 -0.003299
v -0.024711 -0.006302 0.000973
v -0.025192 -0.006041 -0.004499
v -0.022409 -0.010421 0.001810
v -0.024779 -0.006073 0.006049
v -0.022409 -0.010421 0.001810
v -0.022787 -0.010209 0.006762
v -0.024711 -0.006302 0.000973
v -0.024711 -0.006302 0.000973
v -0.025755 -0.001586 0.005719
v -0.025876 -0.001668 0.000608
v -0.024779 -0.006073 0.006049
v -0.021896 -0.012163 -0.007673
v -0.025192 -0.006041 -0.004499
v -0.025625 -0.006472 -0.011256
v -0.022285 -0.011121 -0.003299
v -0.025657 0.002857 0.005647
v -0.025876 -0.001668 0.000608
v -0.025755 -0.001586 0.005719
v -0.025469 0.004348 -0.000765
v -0.026312 -0.002177 -0.008800
v -0.027686 -0.001537 -0.015183
v -0.025625 -0.006472 -0.011256
v -0.027193 0.001320 -0.011804
v -0.024223 0.008036 0.001580
v -0.022965 0.010753 0.005556
v -0.022609 0.011260 0.002963
v -0.024647 0.007026 0.005655
v -0.027193 0.001320 -0.011804
v -0.026490 0.001685 -0.007653
v -0.026552 0.003881 -0.009045
v -0.026312 -0.002177 -0.008800
v -0.026159 -0.001759 -0.004024
v -0.026490 0.001685 -0.007653
v -0.026312 -0.002177 -0.008800
v -0.026146 0.002317 -0.004864
v -0.027895 -0.010744 -0.035425
v -0.025289 -0.014055 -0.038336
v -0.025637 -0.013796 -0.034999
v -0.027755 -0.010948 -0.038942
v -0.024529 0.010566 -0.006743
v -0.023151 0.012169 -0.004809
v -0.022394 0.014643 -0.007292
v -0.024059 0.013352 -0.009077
v -0.023151 0.012169 -0.004809
v -0.025041 0.007860 -0.004533
v -0.023649 0.009982 -0.002150
v -0.024529 0.010566 -0.006743
v -0.029070 0.001351 -0.017758
v -0.027978 0.004602 -0.013822
v -0.029367 0.006493 -0.017732
v -0.030277 0.004395 -0.020261
v -0.026967 0.006990 -0.011007
v -0.025730 0.006158 -0.006462
v -0.025633 0.009026 -0.008583
v -0.026552 0.003881 -0.009045
v -0.029820 -0.002584 -0.023450
v -0.028163 -0.003832 -0.018442
v -0.029542 -0.000594 -0.020402
v -0.028477 -0.005560 -0.022090
v -0.030842 0.002294 -0.022678
v -0.029070 0.001351 -0.017758
v -0.030277 0.004395 -0.020261
v -0.029542 -0.000594 -0.020402
v -0.028669 -0.006914 -0.025404
v -0.029936 -0.005873 -0.028990
v -0.028936 -0.007947 -0.028533
v -0.029922 -0.004297 -0.026276
v -0.028477 -0.005560 -0.022090
v -0.029922 -0.004297 -0.026276
v -0.028669 -0.006914 -0.025404
v -0.029820 -0.002584 -0.023450
v -0.031083 -0.001821 -0.027236
v -0.029820 -0.002584 -0.023450
v -0.031073 0.000207 -0.024996
v -0.029922 -0.004297 -0.026276
v -0.017589 -0.015163 -0.003520
v -0.014632 -0.016015 0.002174
v -0.018580 -0.014056 -0.000301
v -0.013584 -0.016462 -0.000746
v -0.027721 -0.010629 -0.031812
v -0.025637 -0.013796 -0.034999
v -0.025705 -0.013572 -0.031372
v -0.027895 -0.010744 -0.035425
v -0.020122 -0.016049 -0.009705
v -0.017589 -0.015163 -0.003520
v -0.021896 -0.012163 -0.007673
v -0.016358 -0.017084 -0.006071
v -0.026872 -0.008927 -0.021097
v -0.026391 -0.007666 -0.016468
v -0.028163 -0.003832 -0.018442
v -0.028477 -0.005560 -0.022090
v -0.027686 -0.001537 -0.015183
v -0.026391 -0.007666 -0.016468
v -0.025625 -0.006472 -0.011256
v -0.028163 -0.003832 -0.018442
v -0.023863 -0.012135 -0.014543
v -0.021728 -0.015700 -0.014193
v -0.020122 -0.016049 -0.009705
v -0.021896 -0.012163 -0.007673
v -0.025625 -0.006472 -0.011256
v -0.023863 -0.012135 -0.014543
v -0.021896 -0.012163 -0.007673
v -0.026391 -0.007666 -0.016468
v -0.028669 -0.006914 -0.025404
v -0.027161 -0.009805 -0.024714
v -0.026872 -0.008927 -0.021097
v -0.028477 -0.005560 -0.022090
v -0.024820 -0.012674 -0.019927
v -0.025278 -0.013059 -0.023870
v -0.023446 -0.015858 -0.023267
v -0.022878 -0.015798 -0.019313
v -0.026391 -0.007666 -0.016468
v -0.026872 -0.008927 -0.021097
v -0.024820 -0.012674 -0.019927
v -0.023863 -0.012135 -0.014543
v -0.026872 -0.008927 -0.021097
v -0.025278 -0.013059 -0.023870
v -0.024820 -0.012674 -0.019927
v -0.027161 -0.009805 -0.024714
v -0.017593 -0.022076 -0.015664
v -0.020752 -0.018850 -0.019174
v -0.018699 -0.021537 -0.019514
v -0.019645 -0.019102 -0.014938
v -0.019645 -0.019102 -0.014938
v -0.015828 -0.022628 -0.012002
v -0.017789 -0.019387 -0.010912
v -0.017593 -0.022076 -0.015664
v -0.021728 -0.015700 -0.014193
v -0.019645 -0.019102 -0.014938
v -0.017789 -0.019387 -0.010912
v -0.020122 -0.016049 -0.009705
v -0.020752 -0.018850 -0.019174
v -0.021430 -0.018561 -0.022879
v -0.019298 -0.021089 -0.022750
v -0.018699 -0.021537 -0.019514
v -0.021430 -0.018561 -0.022879
v -0.022878 -0.015798 -0.019313
v -0.023446 -0.015858 -0.023267
v -0.020752 -0.018850 -0.019174
v -0.023446 -0.015858 -0.023267
v -0.021893 -0.018253 -0.026318
v -0.021430 -0.018561 -0.022879
v -0.023899 -0.015787 -0.027030
v 0.009000 -0.023909 -0.004184
v 0.009715 -0.032724 -0.007623
v 0.012356 -0.024003 -0.004741
v 0.007684 -0.033418 -0.007297
v -0.014690 -0.025713 -0.023243
v -0.018699 -0.021537 -0.019514
v -0.019298 -0.021089 -0.022750
v -0.014460 -0.026518 -0.020939
v -0.011082 -0.019942 -0.005682
v -0.014860 -0.019775 -0.007840
v -0.013249 -0.023119 -0.009327
v -0.009907 -0.023534 -0.007372
v -0.014860 -0.019775 -0.007840
v -0.012359 -0.017535 -0.003401
v -0.016358 -0.017084 -0.006071
v -0.011082 -0.019942 -0.005682
v -0.017789 -0.019387 -0.010912
v -0.016358 -0.017084 -0.006071
v -0.020122 -0.016049 -0.009705
v -0.014860 -0.019775 -0.007840
v -0.005294 -0.017570 0.003893
v -0.009464 -0.017160 0.001663
v -0.008103 -0.017939 -0.001522
v -0.003825 -0.017869 0.000238
v -0.009464 -0.017160 0.001663
v -0.006475 -0.017931 0.006319
v -0.010549 -0.017259 0.004380
v -0.005294 -0.017570 0.003893
v -0.014632 -0.016015 0.002174
v -0.009464 -0.017160 0.001663
v -0.010549 -0.017259 0.004380
v -0.013584 -0.016462 -0.000746
v -0.018699 -0.021537 -0.019514
v -0.013836 -0.027845 -0.018113
v -0.017593 -0.022076 -0.015664
v -0.014460 -0.026518 -0.020939
v -0.002599 -0.019468 -0.002831
v -0.006901 -0.019804 -0.004107
v -0.005813 -0.023796 -0.006056
v -0.001393 -0.023644 -0.004984
v -0.006901 -0.019804 -0.004107
v -0.003825 -0.017869 0.000238
v -0.008103 -0.017939 -0.001522
v -0.002599 -0.019468 -0.002831
v -0.011082 -0.019942 -0.005682
v -0.008103 -0.017939 -0.001522
v -0.012359 -0.017535 -0.003401
v -0.006901 -0.019804 -0.004107
v -0.010684 -0.031336 -0.012921
v -0.009907 -0.023534 -0.007372
v -0.013249 -0.023119 -0.009327
v -0.007939 -0.032890 -0.010857
v 0.000309 -0.016113 0.004592
v -0.000003 -0.013382 0.003436
v -0.001400 -0.013646 0.004927
v 0.001832 -0.015745 0.002796
v 0.000309 -0.016113 0.004592
v -0.002296 -0.013987 0.006677
v -0.000489 -0.016474 0.006422
v -0.001400 -0.013646 0.004927
v -0.001138 -0.016892 0.008679
v -0.003219 -0.014998 0.011766
v -0.001573 -0.017453 0.012002
v -0.003012 -0.014679 0.008748
v 0.006649 -0.013368 0.002286
v 0.004553 -0.009970 0.004110
v 0.003377 -0.011670 0.003115
v 0.007885 -0.011374 0.003371
v 0.008626 -0.008869 0.004501
v 0.004553 -0.009970 0.004110
v 0.007885 -0.011374 0.003371
v 0.005188 -0.007853 0.005217
v 0.009239 -0.003949 0.006512
v 0.005471 -0.005671 0.006108
v 0.009090 -0.006295 0.005586
v 0.005568 -0.003602 0.006891
v 0.008827 0.001484 0.008477
v 0.005489 -0.001452 0.007733
v 0.009166 -0.001484 0.007428
v 0.005193 0.000912 0.008633
v 0.004662 0.003073 0.009447
v 0.007491 0.006078 0.010320
v 0.004014 0.004617 0.010120
v 0.008187 0.004209 0.009499
v 0.003349 0.005679 0.010721
v 0.006041 0.008484 0.011810
v 0.002714 0.006501 0.011340
v 0.006754 0.007458 0.011067
v 0.000679 0.008115 0.015428
v 0.003878 0.010318 0.015003
v 0.003301 0.010498 0.016634
v 0.001104 0.008075 0.014027
v 0.002997 0.010169 0.018762
v 0.000453 0.006936 0.018521
v 0.000448 0.007727 0.017022
v 0.003043 0.009112 0.020855
v 0.000579 0.005932 0.019671
v 0.003387 0.006456 0.022880
v 0.000749 0.004687 0.020534
v 0.003191 0.007939 0.022071
v 0.003967 0.001174 0.023413
v 0.001144 0.000794 0.021062
v 0.000955 0.002975 0.021082
v 0.003693 0.004050 0.023445
v 0.001144 0.000794 0.021062
v 0.004094 -0.001646 0.022904
v 0.001256 -0.001627 0.020461
v 0.003967 0.001174 0.023413
v 0.001310 -0.004082 0.019622
v 0.003686 -0.007726 0.020864
v 0.001190 -0.006608 0.018791
v 0.004047 -0.004576 0.022021
v 0.002033 0.063707 -0.026833
v 0.006065 0.063030 -0.028172
v 0.005829 0.063909 -0.026143
v 0.002452 0.062916 -0.029054
v -0.002018 0.063101 -0.027532
v 0.002452 0.062916 -0.029054
v 0.002033 0.063707 -0.026833
v -0.001695 0.062157 -0.029563
v -0.005750 0.061080 -0.030261
v -0.010186 0.060449 -0.028922
v -0.009715 0.059540 -0.030956
v -0.006146 0.062022 -0.028233
v -0.009715 0.059540 -0.030956
v -0.002725 0.057547 -0.042435
v -0.005750 0.061080 -0.030261
v -0.006391 0.056193 -0.043121
v -0.017523 0.056194 -0.030079
v -0.013472 0.057619 -0.031599
v -0.014016 0.058463 -0.029549
v -0.016904 0.055401 -0.032143
v -0.016904 0.055401 -0.032143
v -0.009915 0.054492 -0.043768
v -0.013472 0.057619 -0.031599
v -0.013231 0.052486 -0.044344
v -0.019976 0.052959 -0.032607
v -0.023264 0.051056 -0.030918
v -0.022656 0.050365 -0.033010
v -0.020627 0.053702 -0.030528
v 0.000088 0.054614 -0.054341
v -0.002725 0.057547 -0.042435
v -0.006391 0.056193 -0.043121
v -0.003254 0.053379 -0.054948
v -0.016309 0.050206 -0.044845
v -0.022656 0.050365 -0.033010
v -0.019122 0.047683 -0.045269
v -0.019976 0.052959 -0.032607
v -0.025016 0.047584 -0.033358
v -0.027587 0.045191 -0.031561
v -0.027132 0.044578 -0.033658
v -0.025546 0.048231 -0.031266
v -0.006565 0.051847 -0.055527
v -0.009915 0.054492 -0.043768
v -0.013231 0.052486 -0.044344
v -0.009841 0.050034 -0.056072
v -0.021670 0.044914 -0.045625
v -0.027132 0.044578 -0.033658
v -0.023953 0.041892 -0.045920
v -0.025016 0.047584 -0.033358
v -0.028997 0.041352 -0.033884
v -0.031012 0.038507 -0.031883
v -0.030607 0.037912 -0.034011
v -0.029413 0.041952 -0.031775
v -0.012952 0.047911 -0.056575
v -0.019122 0.047683 -0.045269
v -0.015786 0.045469 -0.057029
v -0.016309 0.050206 -0.044845
v -0.025967 0.038641 -0.046159
v -0.030607 0.037912 -0.034011
v -0.027709 0.035183 -0.046344
v -0.028997 0.041352 -0.033884
v -0.031933 0.034188 -0.034039
v -0.033464 0.030649 -0.031807
v -0.032948 0.030113 -0.033970
v -0.032367 0.034770 -0.031889
v -0.018378 0.042743 -0.057428
v -0.023953 0.041892 -0.045920
v -0.020771 0.039782 -0.057766
v -0.021670 0.044914 -0.045625
v -0.029135 0.031482 -0.046455
v -0.032948 0.030113 -0.033970
v -0.030202 0.027503 -0.046472
v -0.031933 0.034188 -0.034039
v -0.033570 0.025733 -0.033802
v -0.034401 0.021467 -0.031327
v -0.033716 0.021096 -0.033534
v -0.034211 0.026184 -0.031629
v -0.022932 0.036590 -0.058042
v -0.027709 0.035183 -0.046344
v -0.024785 0.033143 -0.058255
v -0.025967 0.038641 -0.046159
v -0.030880 0.023309 -0.046401
v -0.033716 0.021096 -0.033534
v -0.031140 0.018961 -0.046247
v -0.033570 0.025733 -0.033802
v -0.033420 0.016554 -0.033213
v -0.033093 0.012860 -0.030592
v -0.032718 0.012458 -0.032884
v -0.033947 0.016911 -0.030952
v -0.026256 0.029431 -0.058396
v -0.030202 0.027503 -0.046472
v -0.027313 0.025473 -0.058455
v -0.029135 0.031482 -0.046455
v -0.030976 0.014577 -0.046021
v -0.032718 0.012458 -0.032884
v -0.030385 0.010274 -0.045730
v -0.033420 0.016554 -0.033213
v -0.031625 0.008590 -0.032481
v -0.030346 0.005294 -0.029634
v -0.030159 0.004736 -0.031938
v -0.031942 0.009042 -0.030199
v -0.027982 0.021377 -0.058433
v -0.031140 0.018961 -0.046247
v -0.028303 0.017245 -0.058337
v -0.030880 0.023309 -0.046401
v -0.029415 0.006127 -0.045349
v -0.030159 0.004736 -0.031938
v -0.028118 0.002214 -0.044852
v -0.031625 0.008590 -0.032481
v -0.028257 0.013058 -0.058168
v -0.030385 0.010274 -0.045730
v -0.027770 0.008802 -0.057910
v -0.030976 0.014577 -0.046021
v -0.026820 0.004706 -0.057556
v -0.028118 0.002214 -0.044852
v -0.025422 0.000750 -0.057104
v -0.029415 0.006127 -0.045349
v -0.023273 -0.008219 -0.037291
v -0.025503 -0.003314 -0.043709
v -0.025846 -0.003505 -0.032258
v -0.027939 0.000141 -0.031802
v -0.020587 -0.011255 -0.040333
v -0.017132 -0.014200 -0.043121
v -0.020388 -0.010854 -0.043320
v -0.019068 -0.014231 -0.054206
v -0.018925 -0.009918 -0.055418
v -0.016381 -0.012684 -0.054836
v -0.021684 -0.011419 -0.054768
v 0.033922 -0.013319 -0.032269
v 0.037801 -0.011767 -0.044374
v 0.035570 -0.013917 -0.044708
v 0.036550 -0.010402 -0.031888
v 0.007275 -0.022379 -0.048013
v 0.005234 -0.023048 -0.050242
v 0.004749 -0.022212 -0.048303
v 0.007600 -0.023260 -0.049795
v 0.001756 -0.021713 -0.048294
v 0.000710 -0.022258 -0.051175
v -0.001238 -0.021214 -0.048285
v 0.003013 -0.022737 -0.050692
v 0.004749 -0.022212 -0.048303
v 0.003013 -0.022737 -0.050692
v 0.001756 -0.021713 -0.048294
v 0.005234 -0.023048 -0.050242
v -0.021242 -0.006939 -0.055971
v -0.022677 -0.007956 -0.043497
v -0.018925 -0.009918 -0.055418
v -0.020388 -0.010854 -0.043320
v -0.011738 -0.006337 -0.032843
v -0.017132 -0.014200 -0.043121
v -0.020587 -0.011255 -0.040333
v -0.020587 -0.011255 -0.040333
v -0.012444 -0.006068 -0.032665
v -0.011738 -0.006337 -0.032843
v -0.022677 -0.007956 -0.043497
v -0.020587 -0.011255 -0.040333
v -0.020388 -0.010854 -0.043320
v -0.023273 -0.008219 -0.037291
v -0.003494 -0.020592 -0.047989
v -0.004555 -0.020560 -0.052266
v -0.005749 -0.019970 -0.047694
v -0.001952 -0.021509 -0.051730
v -0.001238 -0.021214 -0.048285
v -0.001952 -0.021509 -0.051730
v -0.003494 -0.020592 -0.047989
v 0.000710 -0.022258 -0.051175
v -0.005749 -0.019970 -0.047694
v -0.006713 -0.019590 -0.052713
v -0.007844 -0.019165 -0.047153
v -0.004555 -0.020560 -0.052266
v -0.016381 -0.012684 -0.054836
v -0.017132 -0.014200 -0.043121
v -0.013694 -0.015133 -0.054234
v -0.013868 -0.016404 -0.045076
v -0.031083 -0.001821 -0.027236
v -0.026820 0.000173 -0.028138
v -0.030936 -0.003799 -0.029448
v -0.026845 0.001202 -0.026936
v -0.030842 0.002294 -0.022678
v -0.026817 0.002357 -0.025577
v -0.031073 0.000207 -0.024996
v -0.026687 0.003757 -0.023911
v -0.028225 0.008513 -0.015248
v -0.024564 0.009090 -0.017252
v -0.025549 0.007277 -0.019567
v -0.029367 0.006493 -0.017732
v -0.024564 0.009090 -0.017252
v -0.026955 0.010356 -0.012964
v -0.023485 0.010670 -0.015193
v -0.028225 0.008513 -0.015248
v -0.020716 0.013420 -0.011436
v -0.022394 0.014643 -0.007292
v -0.019222 0.014538 -0.009839
v -0.024059 0.013352 -0.009077
v -0.020155 0.016091 -0.005169
v -0.015584 0.016702 -0.006601
v -0.017441 0.015698 -0.008138
v -0.017690 0.017349 -0.003282
v -0.015681 0.018167 -0.002055
v -0.012119 0.018047 -0.004352
v -0.013914 0.017427 -0.005427
v -0.013663 0.018843 -0.000989
v -0.011042 0.019567 0.000323
v -0.007373 0.019169 -0.002131
v -0.009865 0.018652 -0.003211
v -0.008229 0.020145 0.001598
v -0.005647 0.020494 0.002536
v -0.002483 0.019826 -0.000421
v -0.004898 0.019566 -0.001192
v -0.003157 0.020683 0.003213
v -0.000629 0.020756 0.003744
v 0.002115 0.019910 0.000562
v -0.000169 0.019937 0.000155
v 0.001907 0.020708 0.004172
v 0.015401 0.017659 0.000484
v 0.013732 0.018911 0.004459
v 0.016533 0.018118 0.004087
v 0.012898 0.018347 0.000801
v 0.019950 0.015982 -0.000584
v 0.019071 0.017271 0.003512
v 0.021420 0.016346 0.002789
v 0.017746 0.016866 0.000021
v 0.024108 0.013868 -0.002285
v 0.023641 0.015301 0.001979
v 0.025904 0.014040 0.001027
v 0.022009 0.015013 -0.001333
v 0.026415 0.012435 -0.003518
v 0.030725 0.010611 -0.001601
v 0.028591 0.010888 -0.004902
v 0.028347 0.012454 -0.000174
v 0.032840 0.008636 -0.003202
v 0.031825 0.007948 -0.007732
v 0.030338 0.009431 -0.006272
v 0.034702 0.006644 -0.004978
v -0.003254 0.053379 -0.054948
v -0.004383 0.055832 -0.054373
v -0.000752 0.057169 -0.053675
v 0.000088 0.054614 -0.054341
v 0.035839 0.001975 -0.013975
v 0.035194 0.003292 -0.012555
v 0.038755 0.001269 -0.010474
v 0.039563 -0.000373 -0.012135
v 0.036347 0.004731 -0.006883
v 0.034355 0.004698 -0.011067
v 0.033205 0.006311 -0.009393
v 0.037718 0.002932 -0.008764
v 0.006065 0.063030 -0.028172
v 0.009566 0.063753 -0.025425
v 0.005829 0.063909 -0.026143
v 0.009781 0.062867 -0.027459
v -0.027939 0.000141 -0.031802
v -0.026820 0.000173 -0.028138
v -0.025846 -0.003505 -0.032258
v -0.028563 0.002068 -0.028958
v 0.009781 0.062867 -0.027459
v 0.008571 0.059299 -0.040323
v 0.012329 0.059135 -0.039591
v 0.006065 0.063030 -0.028172
v -0.013694 -0.015133 -0.054234
v -0.013868 -0.016404 -0.045076
v -0.011148 -0.017022 -0.053670
v -0.011903 -0.017382 -0.045845
v 0.013606 0.062324 -0.026699
v 0.017312 0.062270 -0.023874
v 0.013446 0.063212 -0.024653
v 0.017411 0.061405 -0.025928
v 0.017411 0.061405 -0.025928
v 0.016047 0.058611 -0.038843
v 0.019696 0.057733 -0.038093
v 0.013606 0.062324 -0.026699
v 0.024678 0.059156 -0.022343
v 0.021068 0.060116 -0.025182
v 0.024703 0.058352 -0.024415
v 0.021001 0.060943 -0.023123
v 0.012329 0.059135 -0.039591
v 0.008571 0.059299 -0.040323
v 0.010793 0.056129 -0.052348
v 0.014612 0.055885 -0.051606
v 0.007011 0.056001 -0.053061
v 0.008571 0.059299 -0.040323
v 0.004801 0.059293 -0.041033
v 0.010793 0.056129 -0.052348
v 0.024703 0.058352 -0.024415
v 0.023246 0.056504 -0.037356
v 0.026786 0.054835 -0.036610
v 0.021068 0.060116 -0.025182
v 0.032086 0.053959 -0.020640
v 0.028446 0.056006 -0.023585
v 0.032020 0.053224 -0.022768
v 0.028483 0.056789 -0.021483
v 0.019696 0.057733 -0.038093
v 0.018265 0.055325 -0.050871
v 0.021794 0.054462 -0.050145
v 0.016047 0.058611 -0.038843
v 0.016047 0.058611 -0.038843
v 0.014612 0.055885 -0.051606
v 0.018265 0.055325 -0.050871
v 0.012329 0.059135 -0.039591
v 0.032020 0.053224 -0.022768
v 0.030404 0.052636 -0.035837
v 0.033903 0.049978 -0.035067
v 0.028446 0.056006 -0.023585
v 0.037991 0.047280 -0.019194
v 0.035146 0.050151 -0.022040
v 0.037936 0.046596 -0.021344
v 0.035197 0.050850 -0.019901
v 0.026786 0.054835 -0.036610
v 0.023246 0.056504 -0.037356
v 0.025240 0.053281 -0.049435
v 0.028693 0.051717 -0.048721
v 0.023246 0.056504 -0.037356
v 0.021794 0.054462 -0.050145
v 0.025240 0.053281 -0.049435
v 0.019696 0.057733 -0.038093
v 0.037936 0.046596 -0.021344
v 0.037088 0.046930 -0.034330
v 0.039971 0.043398 -0.033616
v 0.035146 0.050151 -0.022040
v 0.042698 0.038405 -0.017782
v 0.040504 0.042366 -0.020621
v 0.042631 0.037813 -0.019963
v 0.040585 0.043029 -0.018456
v 0.033903 0.049978 -0.035067
v 0.030404 0.052636 -0.035837
v 0.032218 0.049671 -0.047976
v 0.035648 0.047114 -0.047209
v 0.030404 0.052636 -0.035837
v 0.028693 0.051717 -0.048721
v 0.032218 0.049671 -0.047976
v 0.026786 0.054835 -0.036610
v 0.042631 0.037813 -0.019963
v 0.042564 0.039289 -0.032915
v 0.044678 0.035050 -0.032319
v 0.040504 0.042366 -0.020621
v 0.039971 0.043398 -0.033616
v 0.038824 0.044058 -0.046442
v 0.041676 0.040530 -0.045694
v 0.037088 0.046930 -0.034330
v 0.037088 0.046930 -0.034330
v 0.035648 0.047114 -0.047209
v 0.038824 0.044058 -0.046442
v 0.033903 0.049978 -0.035067
v 0.045002 0.029096 -0.016850
v 0.044104 0.033287 -0.019466
v 0.044986 0.028740 -0.019079
v 0.044152 0.033765 -0.017259
v 0.044986 0.028740 -0.019079
v 0.046123 0.031131 -0.031920
v 0.047042 0.027220 -0.031624
v 0.044104 0.033287 -0.019466
v 0.044678 0.035050 -0.032319
v 0.044205 0.036602 -0.045000
v 0.046235 0.032754 -0.044469
v 0.042564 0.039289 -0.032915
v 0.042564 0.039289 -0.032915
v 0.041676 0.040530 -0.045694
v 0.044205 0.036602 -0.045000
v 0.039971 0.043398 -0.033616
v 0.047042 0.027220 -0.031624
v 0.047637 0.029491 -0.044134
v 0.048663 0.026273 -0.043875
v 0.046123 0.031131 -0.031920
v 0.046123 0.031131 -0.031920
v 0.046235 0.032754 -0.044469
v 0.047637 0.029491 -0.044134
v 0.044678 0.035050 -0.032319
v 0.047042 0.027220 -0.031624
v 0.049433 0.022512 -0.043606
v 0.047579 0.023008 -0.031339
v 0.048663 0.026273 -0.043875
v 0.047579 0.023008 -0.031339
v 0.049819 0.018372 -0.043352
v 0.047706 0.018666 -0.031099
v 0.049433 0.022512 -0.043606
v 0.045119 0.019851 -0.016265
v 0.045344 0.024122 -0.018753
v 0.045224 0.019610 -0.018509
v 0.045315 0.024394 -0.016512
v 0.045224 0.019610 -0.018509
v 0.047579 0.023008 -0.031339
v 0.047706 0.018666 -0.031099
v 0.045344 0.024122 -0.018753
v 0.043698 0.011303 -0.018318
v 0.047397 0.014366 -0.030941
v 0.046654 0.010086 -0.030851
v 0.044671 0.015379 -0.018370
v 0.043418 0.011553 -0.016104
v 0.044671 0.015379 -0.018370
v 0.043698 0.011303 -0.018318
v 0.044476 0.015638 -0.016136
v 0.040879 0.003777 -0.018393
v 0.045479 0.005805 -0.030819
v 0.044153 0.002026 -0.030840
v 0.042319 0.007257 -0.018337
v 0.047706 0.018666 -0.031099
v 0.049760 0.014041 -0.043177
v 0.047397 0.014366 -0.030941
v 0.049819 0.018372 -0.043352
v 0.046654 0.010086 -0.030851
v 0.049760 0.014041 -0.043177
v 0.049218 0.009606 -0.043113
v 0.047397 0.014366 -0.030941
v 0.038411 -0.001443 -0.019372
v 0.042959 -0.000744 -0.030912
v 0.041078 -0.004052 -0.031018
v 0.039725 0.001398 -0.018455
v 0.040112 0.003717 -0.016326
v 0.042319 0.007257 -0.018337
v 0.040879 0.003777 -0.018393
v 0.041915 0.007413 -0.016154
v 0.044153 0.002026 -0.030840
v 0.048177 0.005158 -0.043149
v 0.046712 0.001161 -0.043247
v 0.045479 0.005805 -0.030819
v 0.045479 0.005805 -0.030819
v 0.049218 0.009606 -0.043113
v 0.048177 0.005158 -0.043149
v 0.046654 0.010086 -0.030851
v 0.037356 -0.004163 -0.020877
v 0.041078 -0.004052 -0.031018
v 0.039176 -0.006862 -0.030953
v 0.038411 -0.001443 -0.019372
v 0.038411 -0.001443 -0.019372
v 0.037356 -0.004163 -0.020877
v 0.036913 -0.000742 -0.016952
v 0.041078 -0.004052 -0.031018
v 0.044909 -0.002290 -0.043393
v 0.042732 -0.005582 -0.043635
v 0.042959 -0.000744 -0.030912
v 0.013118 -0.022311 -0.046809
v 0.014280 -0.023330 -0.048536
v 0.012160 -0.023460 -0.048957
v 0.033922 -0.013319 -0.032269
v 0.035570 -0.013917 -0.044708
v 0.031914 -0.015407 -0.035101
v 0.033484 -0.015564 -0.045030
v 0.016434 -0.022075 -0.045895
v 0.014280 -0.023330 -0.048536
v 0.013118 -0.022311 -0.046809
v 0.016409 -0.022964 -0.048098
v 0.021169 -0.021783 -0.047214
v 0.019007 -0.021532 -0.044763
v 0.021580 -0.020989 -0.043631
v 0.018682 -0.022425 -0.047652
v 0.028388 -0.017953 -0.038763
v 0.031137 -0.017182 -0.045432
v 0.028678 -0.018689 -0.045888
v 0.030454 -0.016777 -0.036986
v 0.042158 -0.001332 -0.015712
v 0.040112 0.003717 -0.016326
v 0.038545 0.001005 -0.016531
v 0.043458 0.001722 -0.015721
v 0.043418 0.011553 -0.016104
v 0.044925 0.005796 -0.015715
v 0.046142 0.010348 -0.015721
v 0.041915 0.007413 -0.016154
v 0.046962 0.014724 -0.015788
v 0.043418 0.011553 -0.016104
v 0.046142 0.010348 -0.015721
v 0.044476 0.015638 -0.016136
v 0.047584 0.023981 -0.016198
v 0.045119 0.019851 -0.016265
v 0.047455 0.019179 -0.015943
v 0.045315 0.024394 -0.016512
v 0.045002 0.029096 -0.016850
v 0.046227 0.033851 -0.016912
v 0.044152 0.033765 -0.017259
v 0.047201 0.028939 -0.016524
v 0.042698 0.038405 -0.017782
v 0.042538 0.043816 -0.018158
v 0.040585 0.043029 -0.018456
v 0.044670 0.038791 -0.017436
v 0.037991 0.047280 -0.019194
v 0.036978 0.052328 -0.019768
v 0.035197 0.050850 -0.019901
v 0.039916 0.048465 -0.018982
v 0.032086 0.053959 -0.020640
v 0.029834 0.058587 -0.021386
v 0.028483 0.056789 -0.021483
v 0.033647 0.055631 -0.020547
v 0.024678 0.059156 -0.022343
v 0.021989 0.063027 -0.023143
v 0.021001 0.060943 -0.023123
v 0.025849 0.061080 -0.022267
v 0.014117 0.065576 -0.024898
v 0.017312 0.062270 -0.023874
v 0.018127 0.064510 -0.024018
v 0.013446 0.063212 -0.024653
v 0.006092 0.066420 -0.026553
v 0.009566 0.063753 -0.025425
v 0.010066 0.066210 -0.025752
v 0.005829 0.063909 -0.026143
v -0.002018 0.063101 -0.027532
v 0.002033 0.063707 -0.026833
v 0.002007 0.066202 -0.027330
v -0.002376 0.065497 -0.028116
v -0.014016 0.058463 -0.029549
v -0.011185 0.062637 -0.029715
v -0.015251 0.060577 -0.030482
v -0.010186 0.060449 -0.028922
v -0.020627 0.053702 -0.030528
v -0.018905 0.058204 -0.031128
v -0.022169 0.055543 -0.031600
v -0.017523 0.056194 -0.030079
v -0.025546 0.048231 -0.031266
v -0.025070 0.052624 -0.031899
v -0.027645 0.049477 -0.032108
v -0.023264 0.051056 -0.030918
v -0.029413 0.041952 -0.031775
v -0.029930 0.046120 -0.032308
v -0.031916 0.042572 -0.032497
v -0.027587 0.045191 -0.031561
v -0.033571 0.038841 -0.032625
v -0.032367 0.034770 -0.031889
v -0.031012 0.038507 -0.031883
v -0.034878 0.034867 -0.032653
v -0.035853 0.030597 -0.032574
v -0.034211 0.026184 -0.031629
v -0.033464 0.030649 -0.031807
v -0.036504 0.026043 -0.032413
v -0.034211 0.026184 -0.031629
v -0.036744 0.021226 -0.032186
v -0.034401 0.021467 -0.031327
v -0.036504 0.026043 -0.032413
v -0.031942 0.009042 -0.030199
v -0.035868 0.011786 -0.031648
v -0.034935 0.007333 -0.031292
v -0.033093 0.012860 -0.030592
v -0.030346 0.005294 -0.029634
v -0.034935 0.007333 -0.031292
v -0.033651 0.002980 -0.030753
v -0.031942 0.009042 -0.030199
v 0.037781 0.050644 -0.043766
v 0.041860 0.048895 -0.040167
v 0.041267 0.047395 -0.042908
v 0.038315 0.052268 -0.041053
v 0.045057 0.045094 -0.039296
v 0.041267 0.047395 -0.042908
v 0.041860 0.048895 -0.040167
v 0.044425 0.043708 -0.042065
v 0.040614 0.045907 -0.045415
v 0.044425 0.043708 -0.042065
v 0.043740 0.042342 -0.044589
v 0.041267 0.047395 -0.042908
v 0.047812 0.040880 -0.038454
v 0.050358 0.037490 -0.034370
v 0.050065 0.036457 -0.037675
v 0.048119 0.042043 -0.035189
v 0.048119 0.042043 -0.035189
v 0.045057 0.045094 -0.039296
v 0.045372 0.046346 -0.036069
v 0.047812 0.040880 -0.038454
v 0.045372 0.046346 -0.036069
v 0.047974 0.042953 -0.031626
v 0.048119 0.042043 -0.035189
v 0.045241 0.047358 -0.032529
v 0.038572 0.053722 -0.037896
v 0.042030 0.051344 -0.033457
v 0.042156 0.050251 -0.036972
v 0.038432 0.054884 -0.034411
v 0.045241 0.047358 -0.032529
v 0.042156 0.050251 -0.036972
v 0.042030 0.051344 -0.033457
v 0.045372 0.046346 -0.036069
v 0.041860 0.048895 -0.040167
v 0.045372 0.046346 -0.036069
v 0.045057 0.045094 -0.039296
v 0.042156 0.050251 -0.036972
v 0.045988 0.043819 -0.024357
v 0.049421 0.038752 -0.027117
v 0.047238 0.043534 -0.027928
v 0.048141 0.038958 -0.023582
v 0.050190 0.038271 -0.030793
v 0.047238 0.043534 -0.027928
v 0.049421 0.038752 -0.027117
v 0.047974 0.042953 -0.031626
v 0.044533 0.048021 -0.028822
v 0.047238 0.043534 -0.027928
v 0.047974 0.042953 -0.031626
v 0.045241 0.047358 -0.032529
v 0.042538 0.043816 -0.018158
v 0.046444 0.038912 -0.020428
v 0.044298 0.043841 -0.021176
v 0.044670 0.038791 -0.017436
v 0.048141 0.038958 -0.023582
v 0.044298 0.043841 -0.021176
v 0.046444 0.038912 -0.020428
v 0.045988 0.043819 -0.024357
v 0.041661 0.048439 -0.022014
v 0.044298 0.043841 -0.021176
v 0.045988 0.043819 -0.024357
v 0.043316 0.048370 -0.025224
v 0.049709 0.033991 -0.022951
v 0.052094 0.028803 -0.025862
v 0.051030 0.033830 -0.026433
v 0.050715 0.028953 -0.022440
v 0.052979 0.028506 -0.029463
v 0.051030 0.033830 -0.026433
v 0.052094 0.028803 -0.025862
v 0.051849 0.033450 -0.030072
v 0.049421 0.038752 -0.027117
v 0.051030 0.033830 -0.026433
v 0.051849 0.033450 -0.030072
v 0.050190 0.038271 -0.030793
v 0.046559 0.038197 -0.043808
v 0.049449 0.035222 -0.040538
v 0.048786 0.033939 -0.043151
v 0.047193 0.039537 -0.041260
v 0.043740 0.042342 -0.044589
v 0.047193 0.039537 -0.041260
v 0.046559 0.038197 -0.043808
v 0.044425 0.043708 -0.042065
v 0.044425 0.043708 -0.042065
v 0.047812 0.040880 -0.038454
v 0.047193 0.039537 -0.041260
v 0.045057 0.045094 -0.039296
v 0.051756 0.032032 -0.036991
v 0.053230 0.028051 -0.033040
v 0.052934 0.027505 -0.036433
v 0.052052 0.032833 -0.033646
v 0.050065 0.036457 -0.037675
v 0.052052 0.032833 -0.033646
v 0.051756 0.032032 -0.036991
v 0.050358 0.037490 -0.034370
v 0.051849 0.033450 -0.030072
v 0.052052 0.032833 -0.033646
v 0.050358 0.037490 -0.034370
v 0.050190 0.038271 -0.030793
v 0.046227 0.033851 -0.016912
v 0.048981 0.028969 -0.019398
v 0.048000 0.033955 -0.019851
v 0.047201 0.028939 -0.016524
v 0.050715 0.028953 -0.022440
v 0.048000 0.033955 -0.019851
v 0.048981 0.028969 -0.019398
v 0.049709 0.033991 -0.022951
v 0.046444 0.038912 -0.020428
v 0.048000 0.033955 -0.019851
v 0.049709 0.033991 -0.022951
v 0.048141 0.038958 -0.023582
v 0.051184 0.023878 -0.022021
v 0.052682 0.018617 -0.025029
v 0.052640 0.023709 -0.025390
v 0.051153 0.018850 -0.021704
v 0.053727 0.018360 -0.028580
v 0.052640 0.023709 -0.025390
v 0.052682 0.018617 -0.025029
v 0.053605 0.023453 -0.028963
v 0.052094 0.028803 -0.025862
v 0.052640 0.023709 -0.025390
v 0.053605 0.023453 -0.028963
v 0.052979 0.028506 -0.029463
v 0.050285 0.030136 -0.042674
v 0.052180 0.026935 -0.039483
v 0.051300 0.026379 -0.042335
v 0.051075 0.031102 -0.039943
v 0.048786 0.033939 -0.043151
v 0.051075 0.031102 -0.039943
v 0.050285 0.030136 -0.042674
v 0.049449 0.035222 -0.040538
v 0.051756 0.032032 -0.036991
v 0.051075 0.031102 -0.039943
v 0.049449 0.035222 -0.040538
v 0.050065 0.036457 -0.037675
v 0.053648 0.022776 -0.036029
v 0.054104 0.018108 -0.032222
v 0.053881 0.017906 -0.035744
v 0.053916 0.023122 -0.032569
v 0.052934 0.027505 -0.036433
v 0.053916 0.023122 -0.032569
v 0.053648 0.022776 -0.036029
v 0.053230 0.028051 -0.033040
v 0.053605 0.023453 -0.028963
v 0.053916 0.023122 -0.032569
v 0.053230 0.028051 -0.033040
v 0.052979 0.028506 -0.029463
v 0.047584 0.023981 -0.016198
v 0.049327 0.019030 -0.018742
v 0.049399 0.023950 -0.019024
v 0.047455 0.019179 -0.015943
v 0.051153 0.018850 -0.021704
v 0.049399 0.023950 -0.019024
v 0.049327 0.019030 -0.018742
v 0.051184 0.023878 -0.022021
v 0.048981 0.028969 -0.019398
v 0.051184 0.023878 -0.022021
v 0.050715 0.028953 -0.022440
v 0.049399 0.023950 -0.019024
v 0.050662 0.013954 -0.021498
v 0.047936 0.009732 -0.018479
v 0.049720 0.009141 -0.021396
v 0.048839 0.014337 -0.018565
v 0.051153 0.018850 -0.021704
v 0.048839 0.014337 -0.018565
v 0.050662 0.013954 -0.021498
v 0.049327 0.019030 -0.018742
v 0.046962 0.014724 -0.015788
v 0.048839 0.014337 -0.018565
v 0.049327 0.019030 -0.018742
v 0.047455 0.019179 -0.015943
v 0.053344 0.013292 -0.028323
v 0.051300 0.008646 -0.024662
v 0.052449 0.008273 -0.028179
v 0.052233 0.013596 -0.024789
v 0.053727 0.018360 -0.028580
v 0.052233 0.013596 -0.024789
v 0.053344 0.013292 -0.028323
v 0.052682 0.018617 -0.025029
v 0.050662 0.013954 -0.021498
v 0.052233 0.013596 -0.024789
v 0.052682 0.018617 -0.025029
v 0.051153 0.018850 -0.021704
v 0.051961 0.022214 -0.042106
v 0.053129 0.017799 -0.038935
v 0.052226 0.017740 -0.041945
v 0.052875 0.022476 -0.039161
v 0.051300 0.026379 -0.042335
v 0.052875 0.022476 -0.039161
v 0.051961 0.022214 -0.042106
v 0.052180 0.026935 -0.039483
v 0.053648 0.022776 -0.036029
v 0.052875 0.022476 -0.039161
v 0.052180 0.026935 -0.039483
v 0.052934 0.027505 -0.036433
v 0.052830 0.007994 -0.035431
v 0.053783 0.013068 -0.031985
v 0.052939 0.008049 -0.031852
v 0.053616 0.012953 -0.035543
v 0.054104 0.018108 -0.032222
v 0.053783 0.013068 -0.031985
v 0.053616 0.012953 -0.035543
v 0.053881 0.017906 -0.035744
v 0.053344 0.013292 -0.028323
v 0.053783 0.013068 -0.031985
v 0.054104 0.018108 -0.032222
v 0.053727 0.018360 -0.028580
v 0.053616 0.012953 -0.035543
v 0.052183 0.008125 -0.038667
v 0.052909 0.012978 -0.038762
v 0.052830 0.007994 -0.035431
v 0.051385 0.008327 -0.041705
v 0.052909 0.012978 -0.038762
v 0.052183 0.008125 -0.038667
v 0.052051 0.013064 -0.041804
v 0.053129 0.017799 -0.038935
v 0.052909 0.012978 -0.038762
v 0.052051 0.013064 -0.041804
v 0.052226 0.017740 -0.041945
v 0.048340 0.004364 -0.021391
v 0.045153 0.000903 -0.018508
v 0.046801 0.000127 -0.021445
v 0.046620 0.005071 -0.018472
v 0.049720 0.009141 -0.021396
v 0.046620 0.005071 -0.018472
v 0.048340 0.004364 -0.021391
v 0.047936 0.009732 -0.018479
v 0.044925 0.005796 -0.015715
v 0.046620 0.005071 -0.018472
v 0.047936 0.009732 -0.018479
v 0.046142 0.010348 -0.015721
v 0.051503 0.003102 -0.035415
v 0.049383 -0.000900 -0.038769
v 0.050921 0.003350 -0.038675
v 0.049919 -0.001234 -0.035477
v 0.048687 -0.000460 -0.041875
v 0.050921 0.003350 -0.038675
v 0.049383 -0.000900 -0.038769
v 0.050224 0.003665 -0.041717
v 0.052183 0.008125 -0.038667
v 0.050921 0.003350 -0.038675
v 0.050224 0.003665 -0.041717
v 0.051385 0.008327 -0.041705
v 0.051036 0.003327 -0.028135
v 0.048292 -0.000544 -0.024682
v 0.049410 -0.001035 -0.028170
v 0.049888 0.003765 -0.024636
v 0.052449 0.008273 -0.028179
v 0.049888 0.003765 -0.024636
v 0.051036 0.003327 -0.028135
v 0.051300 0.008646 -0.024662
v 0.048340 0.004364 -0.021391
v 0.049888 0.003765 -0.024636
v 0.051300 0.008646 -0.024662
v 0.049720 0.009141 -0.021396
v 0.051558 0.003100 -0.031815
v 0.049410 -0.001035 -0.028170
v 0.049940 -0.001272 -0.031856
v 0.051036 0.003327 -0.028135
v 0.049919 -0.001234 -0.035477
v 0.051558 0.003100 -0.031815
v 0.049940 -0.001272 -0.031856
v 0.051503 0.003102 -0.035415
v 0.052939 0.008049 -0.031852
v 0.051503 0.003102 -0.035415
v 0.052830 0.007994 -0.035431
v 0.051558 0.003100 -0.031815
v 0.045383 -0.003067 -0.021522
v 0.042277 -0.005087 -0.018631
v 0.043801 -0.005947 -0.021665
v 0.043799 -0.002226 -0.018547
v 0.046801 0.000127 -0.021445
v 0.043799 -0.002226 -0.018547
v 0.045383 -0.003067 -0.021522
v 0.045153 0.000903 -0.018508
v 0.042158 -0.001332 -0.015712
v 0.043799 -0.002226 -0.018547
v 0.045153 0.000903 -0.018508
v 0.043458 0.001722 -0.015721
v 0.047873 -0.004303 -0.028258
v 0.045120 -0.006687 -0.024939
v 0.046078 -0.007237 -0.028435
v 0.046807 -0.003782 -0.024770
v 0.049410 -0.001035 -0.028170
v 0.046807 -0.003782 -0.024770
v 0.047873 -0.004303 -0.028258
v 0.048292 -0.000544 -0.024682
v 0.045383 -0.003067 -0.021522
v 0.046807 -0.003782 -0.024770
v 0.048292 -0.000544 -0.024682
v 0.046801 0.000127 -0.021445
v 0.048364 -0.004528 -0.035599
v 0.046522 -0.007526 -0.032138
v 0.046464 -0.007523 -0.035799
v 0.048385 -0.004561 -0.031954
v 0.049919 -0.001234 -0.035477
v 0.048385 -0.004561 -0.031954
v 0.048364 -0.004528 -0.035599
v 0.049940 -0.001272 -0.031856
v 0.047873 -0.004303 -0.028258
v 0.048385 -0.004561 -0.031954
v 0.049940 -0.001272 -0.031856
v 0.049410 -0.001035 -0.028170
v 0.048364 -0.004528 -0.035599
v 0.045918 -0.007197 -0.039171
v 0.047834 -0.004176 -0.038935
v 0.046464 -0.007523 -0.035799
v 0.044999 -0.006931 -0.042407
v 0.047834 -0.004176 -0.038935
v 0.045918 -0.007197 -0.039171
v 0.047003 -0.003781 -0.042118
v 0.049383 -0.000900 -0.038769
v 0.047003 -0.003781 -0.042118
v 0.048687 -0.000460 -0.041875
v 0.047834 -0.004176 -0.038935
v 0.043844 -0.010962 -0.036093
v 0.041350 -0.014075 -0.032715
v 0.041124 -0.014142 -0.036367
v 0.043980 -0.010929 -0.032436
v 0.046464 -0.007523 -0.035799
v 0.043980 -0.010929 -0.032436
v 0.043844 -0.010962 -0.036093
v 0.046522 -0.007526 -0.032138
v 0.043675 -0.010601 -0.028737
v 0.043980 -0.010929 -0.032436
v 0.046522 -0.007526 -0.032138
v 0.046078 -0.007237 -0.028435
v 0.043844 -0.010962 -0.036093
v 0.040529 -0.013912 -0.039769
v 0.043281 -0.010681 -0.039474
v 0.041124 -0.014142 -0.036367
v 0.039805 -0.013592 -0.043033
v 0.043281 -0.010681 -0.039474
v 0.040529 -0.013912 -0.039769
v 0.042483 -0.010400 -0.042718
v 0.045918 -0.007197 -0.039171
v 0.042483 -0.010400 -0.042718
v 0.044999 -0.006931 -0.042407
v 0.043281 -0.010681 -0.039474
v 0.035879 -0.018069 -0.040181
v 0.038270 -0.016176 -0.039977
v 0.038926 -0.016361 -0.036504
v 0.036510 -0.018280 -0.036590
v 0.038270 -0.016176 -0.039977
v 0.035174 -0.017746 -0.043684
v 0.037469 -0.015892 -0.043344
v 0.035879 -0.018069 -0.040181
v 0.040529 -0.013912 -0.039769
v 0.037469 -0.015892 -0.043344
v 0.039805 -0.013592 -0.043033
v 0.038270 -0.016176 -0.039977
v 0.039222 -0.016270 -0.032839
v 0.036968 -0.017806 -0.029174
v 0.036910 -0.018158 -0.032857
v 0.039140 -0.015929 -0.029172
v 0.038926 -0.016361 -0.036504
v 0.036910 -0.018158 -0.032857
v 0.036510 -0.018280 -0.036590
v 0.039222 -0.016270 -0.032839
v 0.041124 -0.014142 -0.036367
v 0.039222 -0.016270 -0.032839
v 0.038926 -0.016361 -0.036504
v 0.041350 -0.014075 -0.032715
v 0.043675 -0.010601 -0.028737
v 0.040620 -0.013098 -0.025523
v 0.041188 -0.013723 -0.029028
v 0.042915 -0.009998 -0.025231
v 0.046078 -0.007237 -0.028435
v 0.042915 -0.009998 -0.025231
v 0.043675 -0.010601 -0.028737
v 0.045120 -0.006687 -0.024939
v 0.041769 -0.009241 -0.021918
v 0.042915 -0.009998 -0.025231
v 0.045120 -0.006687 -0.024939
v 0.043801 -0.005947 -0.021665
v 0.039140 -0.015929 -0.029172
v 0.036569 -0.017326 -0.025733
v 0.036968 -0.017806 -0.029174
v 0.038661 -0.015368 -0.025694
v 0.041188 -0.013723 -0.029028
v 0.038661 -0.015368 -0.025694
v 0.039140 -0.015929 -0.029172
v 0.040620 -0.013098 -0.025523
v 0.037774 -0.014727 -0.022382
v 0.038661 -0.015368 -0.025694
v 0.040620 -0.013098 -0.025523
v 0.039642 -0.012364 -0.022188
v 0.041769 -0.009241 -0.021918
v 0.038251 -0.011681 -0.019008
v 0.039642 -0.012364 -0.022188
v 0.040307 -0.008450 -0.018800
v 0.043801 -0.005947 -0.021665
v 0.040307 -0.008450 -0.018800
v 0.041769 -0.009241 -0.021918
v 0.042277 -0.005087 -0.018631
v 0.038687 -0.007643 -0.015778
v 0.040307 -0.008450 -0.018800
v 0.042277 -0.005087 -0.018631
v 0.040889 -0.003852 -0.015688
v 0.037774 -0.014727 -0.022382
v 0.034505 -0.016388 -0.019417
v 0.035740 -0.016820 -0.022493
v 0.036468 -0.014145 -0.019210
v 0.039642 -0.012364 -0.022188
v 0.036468 -0.014145 -0.019210
v 0.037774 -0.014727 -0.022382
v 0.038251 -0.011681 -0.019008
v 0.034953 -0.013594 -0.016108
v 0.036468 -0.014145 -0.019210
v 0.038251 -0.011681 -0.019008
v 0.036713 -0.011042 -0.015859
v 0.029989 -0.021510 -0.022595
v 0.033875 -0.019490 -0.025627
v 0.033115 -0.019133 -0.022518
v 0.030654 -0.021719 -0.025531
v 0.030741 -0.022111 -0.028805
v 0.034106 -0.019937 -0.029037
v 0.030654 -0.021719 -0.025531
v 0.033875 -0.019490 -0.025627
v 0.033875 -0.019490 -0.025627
v 0.036968 -0.017806 -0.029174
v 0.036569 -0.017326 -0.025733
v 0.034106 -0.019937 -0.029037
v 0.028855 -0.021575 -0.019915
v 0.030474 -0.018874 -0.016880
v 0.027528 -0.021993 -0.017413
v 0.031906 -0.018958 -0.019641
v 0.033115 -0.019133 -0.022518
v 0.028855 -0.021575 -0.019915
v 0.029989 -0.021510 -0.022595
v 0.031906 -0.018958 -0.019641
v 0.031906 -0.018958 -0.019641
v 0.035740 -0.016820 -0.022493
v 0.034505 -0.016388 -0.019417
v 0.033115 -0.019133 -0.022518
v -0.005813 -0.023796 -0.006056
v -0.000441 -0.034431 -0.007938
v -0.001393 -0.023644 -0.004984
v -0.004250 -0.034010 -0.009099
v 0.030741 -0.022111 -0.028805
v 0.033727 -0.020383 -0.032816
v 0.034106 -0.019937 -0.029037
v 0.030144 -0.022593 -0.032497
v 0.033727 -0.020383 -0.032816
v 0.028818 -0.023156 -0.036848
v 0.033137 -0.020555 -0.036709
v 0.030144 -0.022593 -0.032497
v 0.036910 -0.018158 -0.032857
v 0.033137 -0.020555 -0.036709
v 0.036510 -0.018280 -0.036590
v 0.033727 -0.020383 -0.032816
v 0.029366 -0.022132 -0.041007
v 0.033137 -0.020555 -0.036709
v 0.028818 -0.023156 -0.036848
v 0.032735 -0.020184 -0.040461
v 0.032735 -0.020184 -0.040461
v 0.029578 -0.021275 -0.044645
v 0.032462 -0.019609 -0.044116
v 0.029366 -0.022132 -0.041007
v 0.035879 -0.018069 -0.040181
v 0.032462 -0.019609 -0.044116
v 0.035174 -0.017746 -0.043684
v 0.032735 -0.020184 -0.040461
v 0.029989 -0.021510 -0.022595
v 0.021878 -0.026188 -0.020961
v 0.022503 -0.026011 -0.023526
v 0.028855 -0.021575 -0.019915
v 0.022868 -0.025974 -0.026042
v 0.030741 -0.022111 -0.028805
v 0.030654 -0.021719 -0.025531
v 0.023054 -0.026005 -0.028538
v 0.023510 -0.024512 -0.043114
v 0.025407 -0.024505 -0.039108
v 0.022696 -0.025373 -0.040646
v 0.026302 -0.023522 -0.042007
v 0.024081 -0.023660 -0.045754
v 0.026302 -0.023522 -0.042007
v 0.023510 -0.024512 -0.043114
v 0.026776 -0.022602 -0.045221
v 0.026776 -0.022602 -0.045221
v 0.029366 -0.022132 -0.041007
v 0.026302 -0.023522 -0.042007
v 0.029578 -0.021275 -0.044645
v 0.023054 -0.026005 -0.028538
v 0.030144 -0.022593 -0.032497
v 0.030741 -0.022111 -0.028805
v 0.023028 -0.026070 -0.030969
v 0.018563 -0.025803 -0.044687
v 0.020241 -0.025999 -0.041844
v 0.017961 -0.026437 -0.042803
v 0.020956 -0.025260 -0.043975
v 0.019077 -0.025160 -0.046617
v 0.020956 -0.025260 -0.043975
v 0.018563 -0.025803 -0.044687
v 0.021530 -0.024507 -0.046195
v 0.023510 -0.024512 -0.043114
v 0.020956 -0.025260 -0.043975
v 0.021530 -0.024507 -0.046195
v 0.024081 -0.023660 -0.045754
v 0.022696 -0.025373 -0.040646
v 0.021289 -0.026544 -0.035235
v 0.019594 -0.026922 -0.036941
v 0.025407 -0.024505 -0.039108
v 0.014012 -0.026420 -0.045940
v 0.015773 -0.026742 -0.043626
v 0.013639 -0.026941 -0.044325
v 0.016252 -0.026178 -0.045347
v 0.014340 -0.025887 -0.047590
v 0.016252 -0.026178 -0.045347
v 0.014012 -0.026420 -0.045940
v 0.016668 -0.025618 -0.047095
v 0.018563 -0.025803 -0.044687
v 0.016252 -0.026178 -0.045347
v 0.016668 -0.025618 -0.047095
v 0.019077 -0.025160 -0.046617
v 0.017961 -0.026437 -0.042803
v 0.017822 -0.027241 -0.038386
v 0.016051 -0.027482 -0.039635
v 0.020241 -0.025999 -0.041844
v 0.012073 -0.026007 -0.048045
v 0.014340 -0.025887 -0.047590
v 0.014012 -0.026420 -0.045940
v 0.011834 -0.026563 -0.046451
v 0.007093 -0.026530 -0.047352
v 0.009173 -0.027036 -0.045374
v 0.006830 -0.027013 -0.045837
v 0.009463 -0.026546 -0.046902
v 0.008340 -0.027782 -0.042882
v 0.009261 -0.028098 -0.039383
v 0.007424 -0.028090 -0.039955
v 0.010458 -0.027799 -0.042341
v 0.004825 -0.025852 -0.049336
v 0.007313 -0.026002 -0.048907
v 0.004549 -0.026343 -0.047744
v 0.007093 -0.026530 -0.047352
v 0.009810 -0.022399 -0.047549
v 0.007600 -0.023260 -0.049795
v 0.007275 -0.022379 -0.048013
v 0.009945 -0.023406 -0.049370
v 0.013639 -0.026941 -0.044325
v 0.014256 -0.027659 -0.040717
v 0.012415 -0.027766 -0.041624
v 0.015773 -0.026742 -0.043626
v -0.000105 -0.024957 -0.050236
v 0.002416 -0.025522 -0.049756
v -0.000417 -0.025536 -0.048341
v 0.002106 -0.026032 -0.048059
v 0.002106 -0.026032 -0.048059
v 0.004825 -0.025852 -0.049336
v 0.004549 -0.026343 -0.047744
v 0.002416 -0.025522 -0.049756
v 0.001851 -0.026552 -0.046363
v 0.004549 -0.026343 -0.047744
v 0.004299 -0.026835 -0.046165
v 0.002106 -0.026032 -0.048059
v 0.003710 -0.027629 -0.043450
v 0.001851 -0.026552 -0.046363
v 0.004299 -0.026835 -0.046165
v 0.001407 -0.027432 -0.043375
v -0.005863 -0.022995 -0.051469
v -0.002983 -0.024083 -0.050844
v -0.006087 -0.023862 -0.048841
v -0.003199 -0.024798 -0.048635
v -0.003199 -0.024798 -0.048635
v -0.000105 -0.024957 -0.050236
v -0.000417 -0.025536 -0.048341
v -0.002983 -0.024083 -0.050844
v -0.003301 -0.025527 -0.046459
v -0.000417 -0.025536 -0.048341
v -0.000640 -0.026128 -0.046453
v -0.003199 -0.024798 -0.048635
v -0.003098 -0.026776 -0.042630
v -0.000640 -0.026128 -0.046453
v -0.000840 -0.027147 -0.043093
v -0.003301 -0.025527 -0.046459
v -0.008412 -0.021843 -0.051992
v -0.011775 -0.021372 -0.049007
v -0.010856 -0.020529 -0.052474
v -0.008928 -0.022772 -0.048857
v -0.008928 -0.022772 -0.048857
v -0.005863 -0.022995 -0.051469
v -0.006087 -0.023862 -0.048841
v -0.008412 -0.021843 -0.051992
v -0.009037 -0.023757 -0.045885
v -0.006087 -0.023862 -0.048841
v -0.006108 -0.024740 -0.046297
v -0.008928 -0.022772 -0.048857
v -0.013401 -0.018917 -0.052991
v -0.017809 -0.017113 -0.050430
v -0.016154 -0.016852 -0.053579
v -0.014680 -0.019506 -0.049617
v -0.014680 -0.019506 -0.049617
v -0.010856 -0.020529 -0.052474
v -0.011775 -0.021372 -0.049007
v -0.013401 -0.018917 -0.052991
v -0.011775 -0.021372 -0.049007
v -0.016121 -0.019867 -0.046320
v -0.014680 -0.019506 -0.049617
v -0.012634 -0.022341 -0.045062
v -0.016154 -0.016852 -0.053579
v -0.020709 -0.014443 -0.051229
v -0.019068 -0.014231 -0.054206
v -0.017809 -0.017113 -0.050430
v -0.022200 -0.014664 -0.048154
v -0.020709 -0.014443 -0.051229
v -0.017809 -0.017113 -0.050430
v -0.019248 -0.017391 -0.047312
v -0.021684 -0.011419 -0.054768
v -0.025486 -0.008828 -0.052424
v -0.024023 -0.008377 -0.055323
v -0.023721 -0.011150 -0.051973
v -0.025773 -0.013209 -0.027664
v -0.027161 -0.009805 -0.024714
v -0.027391 -0.010558 -0.028149
v -0.025278 -0.013059 -0.023870
v -0.030936 -0.003799 -0.029448
v -0.028563 0.002068 -0.028958
v -0.032244 -0.000875 -0.030118
v -0.026820 0.000173 -0.028138
v -0.027008 -0.008937 -0.049462
v -0.031156 -0.003777 -0.047141
v -0.029856 -0.004013 -0.050366
v -0.028226 -0.008846 -0.046251
v -0.030182 0.000245 -0.053960
v -0.029623 0.004007 -0.057109
v -0.028202 -0.000205 -0.056640
v -0.031523 0.004252 -0.054449
v -0.028165 -0.004159 -0.053276
v -0.028202 -0.000205 -0.056640
v -0.026298 -0.004526 -0.055992
v -0.030182 0.000245 -0.053960
v -0.031950 0.000487 -0.051087
v -0.028165 -0.004159 -0.053276
v -0.029856 -0.004013 -0.050366
v -0.030182 0.000245 -0.053960
v -0.034680 0.004858 -0.048349
v -0.033299 0.000795 -0.047840
v -0.034187 0.001184 -0.044376
v -0.035581 0.005285 -0.044858
v -0.034680 0.004858 -0.048349
v -0.031950 0.000487 -0.051087
v -0.033299 0.000795 -0.047840
v -0.033308 0.004515 -0.051607
v -0.029856 -0.004013 -0.050366
v -0.033299 0.000795 -0.047840
v -0.031950 0.000487 -0.051087
v -0.031156 -0.003777 -0.047141
v -0.033075 0.013118 -0.055181
v -0.032513 0.008599 -0.054850
v -0.034309 0.008924 -0.052047
v -0.034892 0.013543 -0.052416
v -0.032513 0.008599 -0.054850
v -0.031184 0.012697 -0.057734
v -0.030648 0.008288 -0.057445
v -0.033075 0.013118 -0.055181
v -0.031523 0.004252 -0.054449
v -0.030648 0.008288 -0.057445
v -0.029623 0.004007 -0.057109
v -0.032513 0.008599 -0.054850
v -0.036324 0.014001 -0.049190
v -0.035708 0.009314 -0.048800
v -0.036628 0.009770 -0.045299
v -0.037276 0.014489 -0.045691
v -0.035708 0.009314 -0.048800
v -0.034892 0.013543 -0.052416
v -0.034309 0.008924 -0.052047
v -0.036324 0.014001 -0.049190
v -0.034680 0.004858 -0.048349
v -0.034309 0.008924 -0.052047
v -0.033308 0.004515 -0.051607
v -0.035708 0.009314 -0.048800
v -0.032741 0.022166 -0.055655
v -0.033134 0.017641 -0.055464
v -0.034996 0.018203 -0.052727
v -0.034641 0.022856 -0.052954
v -0.033134 0.017641 -0.055464
v -0.030756 0.021466 -0.058143
v -0.031183 0.017072 -0.057991
v -0.032741 0.022166 -0.055655
v -0.033075 0.013118 -0.055181
v -0.031183 0.017072 -0.057991
v -0.031184 0.012697 -0.057734
v -0.033134 0.017641 -0.055464
v -0.036166 0.023501 -0.049773
v -0.036474 0.018754 -0.049520
v -0.037468 0.019293 -0.046024
v -0.037211 0.024094 -0.046288
v -0.036474 0.018754 -0.049520
v -0.034641 0.022856 -0.052954
v -0.034996 0.018203 -0.052727
v -0.036166 0.023501 -0.049773
v -0.036324 0.014001 -0.049190
v -0.034996 0.018203 -0.052727
v -0.034892 0.013543 -0.052416
v -0.036474 0.018754 -0.049520
v -0.030758 0.031052 -0.055666
v -0.031947 0.026692 -0.055708
v -0.033851 0.027457 -0.053070
v -0.032644 0.031900 -0.053091
v -0.031947 0.026692 -0.055708
v -0.028822 0.030208 -0.058007
v -0.029981 0.025932 -0.058128
v -0.030758 0.031052 -0.055666
v -0.032741 0.022166 -0.055655
v -0.029981 0.025932 -0.058128
v -0.030756 0.021466 -0.058143
v -0.031947 0.026692 -0.055708
v -0.034229 0.032686 -0.050008
v -0.035412 0.028170 -0.049934
v -0.036508 0.028806 -0.046474
v -0.035374 0.033364 -0.046579
v -0.035412 0.028170 -0.049934
v -0.032644 0.031900 -0.053091
v -0.033851 0.027457 -0.053070
v -0.034229 0.032686 -0.050008
v -0.036166 0.023501 -0.049773
v -0.033851 0.027457 -0.053070
v -0.034641 0.022856 -0.052954
v -0.035412 0.028170 -0.049934
v -0.027245 0.038846 -0.055392
v -0.029183 0.035076 -0.055568
v -0.031040 0.036078 -0.053037
v -0.029058 0.040013 -0.052900
v -0.029183 0.035076 -0.055568
v -0.025405 0.037649 -0.057650
v -0.027286 0.034059 -0.057859
v -0.027245 0.038846 -0.055392
v -0.030758 0.031052 -0.055666
v -0.027286 0.034059 -0.057859
v -0.028822 0.030208 -0.058007
v -0.029183 0.035076 -0.055568
v -0.030650 0.041025 -0.049902
v -0.032636 0.036973 -0.049996
v -0.033822 0.037706 -0.046598
v -0.031865 0.041819 -0.046537
v -0.032636 0.036973 -0.049996
v -0.029058 0.040013 -0.052900
v -0.031040 0.036078 -0.053037
v -0.030650 0.041025 -0.049902
v -0.034229 0.032686 -0.050008
v -0.031040 0.036078 -0.053037
v -0.032644 0.031900 -0.053091
v -0.032636 0.036973 -0.049996
v -0.022376 0.045800 -0.054762
v -0.024969 0.042444 -0.055115
v -0.026720 0.043726 -0.052674
v -0.024049 0.047176 -0.052367
v -0.024969 0.042444 -0.055115
v -0.020701 0.044407 -0.056915
v -0.023198 0.041132 -0.057327
v -0.022376 0.045800 -0.054762
v -0.027245 0.038846 -0.055392
v -0.023198 0.041132 -0.057327
v -0.025405 0.037649 -0.057650
v -0.024969 0.042444 -0.055115
v -0.025571 0.048376 -0.049466
v -0.028285 0.044837 -0.049726
v -0.029516 0.045692 -0.046401
v -0.026804 0.049294 -0.046180
v -0.028285 0.044837 -0.049726
v -0.024049 0.047176 -0.052367
v -0.026720 0.043726 -0.052674
v -0.025571 0.048376 -0.049466
v -0.030650 0.041025 -0.049902
v -0.026720 0.043726 -0.052674
v -0.029058 0.040013 -0.052900
v -0.028285 0.044837 -0.049726
v -0.016309 0.051560 -0.053903
v -0.019482 0.048842 -0.054355
v -0.021069 0.050319 -0.051985
v -0.017809 0.053146 -0.051541
v -0.019482 0.048842 -0.054355
v -0.014823 0.049953 -0.056033
v -0.017916 0.047360 -0.056474
v -0.016309 0.051560 -0.053903
v -0.022376 0.045800 -0.054762
v -0.017916 0.047360 -0.056474
v -0.020701 0.044407 -0.056915
v -0.019482 0.048842 -0.054355
v -0.019211 0.054531 -0.048694
v -0.022535 0.051611 -0.049118
v -0.023756 0.052595 -0.045868
v -0.020409 0.055583 -0.045468
v -0.022535 0.051611 -0.049118
v -0.017809 0.053146 -0.051541
v -0.021069 0.050319 -0.051985
v -0.019211 0.054531 -0.048694
v -0.025571 0.048376 -0.049466
v -0.021069 0.050319 -0.051985
v -0.024049 0.047176 -0.052367
v -0.022535 0.051611 -0.049118
v -0.009256 0.055993 -0.052868
v -0.012874 0.053942 -0.053417
v -0.014296 0.055643 -0.051048
v -0.010575 0.057793 -0.050493
v -0.012874 0.053942 -0.053417
v -0.007936 0.054153 -0.055027
v -0.011452 0.052200 -0.055572
v -0.009256 0.055993 -0.052868
v -0.016309 0.051560 -0.053903
v -0.011452 0.052200 -0.055572
v -0.014823 0.049953 -0.056033
v -0.012874 0.053942 -0.053417
v -0.011824 0.059364 -0.047649
v -0.015633 0.057124 -0.048203
v -0.016799 0.058251 -0.044985
v -0.012936 0.060568 -0.044432
v -0.015633 0.057124 -0.048203
v -0.010575 0.057793 -0.050493
v -0.014296 0.055643 -0.051048
v -0.011824 0.059364 -0.047649
v -0.019211 0.054531 -0.048694
v -0.014296 0.055643 -0.051048
v -0.017809 0.053146 -0.051541
v -0.015633 0.057124 -0.048203
v -0.001694 0.059072 -0.051540
v -0.005531 0.057715 -0.052227
v -0.006687 0.059574 -0.049862
v -0.002661 0.060968 -0.049177
v -0.005531 0.057715 -0.052227
v -0.000752 0.057169 -0.053675
v -0.004383 0.055832 -0.054373
v -0.001694 0.059072 -0.051540
v -0.009256 0.055993 -0.052868
v -0.004383 0.055832 -0.054373
v -0.007936 0.054153 -0.055027
v -0.005531 0.057715 -0.052227
v -0.003628 0.062660 -0.046352
v -0.008827 0.062506 -0.043825
v -0.004545 0.063996 -0.043141
v -0.007805 0.061223 -0.047034
v -0.007805 0.061223 -0.047034
v -0.002661 0.060968 -0.049177
v -0.006687 0.059574 -0.049862
v -0.003628 0.062660 -0.046352
v -0.006687 0.059574 -0.049862
v -0.011824 0.059364 -0.047649
v -0.007805 0.061223 -0.047034
v -0.010575 0.057793 -0.050493
v 0.005687 0.062547 -0.047713
v 0.002262 0.060028 -0.050853
v 0.001476 0.061957 -0.048461
v 0.006310 0.060593 -0.050143
v 0.003005 0.058078 -0.053003
v 0.002262 0.060028 -0.050853
v 0.006310 0.060593 -0.050143
v 0.006888 0.058576 -0.052337
v 0.003005 0.058078 -0.053003
v -0.001694 0.059072 -0.051540
v 0.002262 0.060028 -0.050853
v -0.000752 0.057169 -0.053675
v 0.030166 0.055884 -0.045445
v 0.034519 0.055196 -0.041942
v 0.034031 0.053501 -0.044617
v 0.030569 0.057634 -0.042818
v 0.038315 0.052268 -0.041053
v 0.034031 0.053501 -0.044617
v 0.034519 0.055196 -0.041942
v 0.037781 0.050644 -0.043766
v 0.033463 0.051820 -0.047079
v 0.037781 0.050644 -0.043766
v 0.037186 0.049024 -0.046255
v 0.034031 0.053501 -0.044617
v 0.010873 0.058723 -0.051624
v 0.010426 0.060776 -0.049389
v 0.014531 0.060581 -0.048605
v 0.014836 0.058540 -0.050861
v 0.010426 0.060776 -0.049389
v 0.006888 0.058576 -0.052337
v 0.006310 0.060593 -0.050143
v 0.010873 0.058723 -0.051624
v 0.009937 0.062743 -0.046933
v 0.006310 0.060593 -0.050143
v 0.005687 0.062547 -0.047713
v 0.010426 0.060776 -0.049389
v 0.026562 0.059536 -0.043661
v 0.022478 0.059057 -0.047012
v 0.022495 0.060959 -0.044488
v 0.026333 0.057708 -0.046234
v 0.030569 0.057634 -0.042818
v 0.026333 0.057708 -0.046234
v 0.026562 0.059536 -0.043661
v 0.030166 0.055884 -0.045445
v 0.026017 0.055897 -0.048587
v 0.030166 0.055884 -0.045445
v 0.029666 0.054153 -0.047857
v 0.026333 0.057708 -0.046234
v 0.018366 0.061957 -0.045313
v 0.014531 0.060581 -0.048605
v 0.014179 0.062546 -0.046130
v 0.018546 0.060011 -0.047808
v 0.022495 0.060959 -0.044488
v 0.018546 0.060011 -0.047808
v 0.018366 0.061957 -0.045313
v 0.022478 0.059057 -0.047012
v 0.018669 0.058027 -0.050085
v 0.018546 0.060011 -0.047808
v 0.022478 0.059057 -0.047012
v 0.022395 0.057158 -0.049320
v 0.034538 0.057949 -0.035389
v 0.030682 0.059228 -0.039767
v 0.030440 0.060513 -0.036366
v 0.034719 0.056724 -0.038835
v 0.038432 0.054884 -0.034411
v 0.034719 0.056724 -0.038835
v 0.034538 0.057949 -0.035389
v 0.038572 0.053722 -0.037896
v 0.038315 0.052268 -0.041053
v 0.034519 0.055196 -0.041942
v 0.038572 0.053722 -0.037896
v 0.034719 0.056724 -0.038835
v 0.041353 0.052057 -0.029753
v 0.036679 0.055955 -0.027069
v 0.040196 0.052405 -0.026131
v 0.037777 0.055631 -0.030715
v 0.044533 0.048021 -0.028822
v 0.040196 0.052405 -0.026131
v 0.043316 0.048370 -0.025224
v 0.041353 0.052057 -0.029753
v 0.045241 0.047358 -0.032529
v 0.041353 0.052057 -0.029753
v 0.044533 0.048021 -0.028822
v 0.042030 0.051344 -0.033457
v 0.035207 0.055849 -0.023735
v 0.038632 0.052404 -0.022863
v 0.040196 0.052405 -0.026131
v 0.036679 0.055955 -0.027069
v 0.038632 0.052404 -0.022863
v 0.033647 0.055631 -0.020547
v 0.036978 0.052328 -0.019768
v 0.035207 0.055849 -0.023735
v 0.041661 0.048439 -0.022014
v 0.036978 0.052328 -0.019768
v 0.039916 0.048465 -0.018982
v 0.038632 0.052404 -0.022863
v 0.026229 0.062549 -0.037316
v 0.022325 0.062673 -0.041541
v 0.021927 0.064048 -0.038228
v 0.026545 0.061206 -0.040669
v 0.030440 0.060513 -0.036366
v 0.026545 0.061206 -0.040669
v 0.026229 0.062549 -0.037316
v 0.030682 0.059228 -0.039767
v 0.030569 0.057634 -0.042818
v 0.026562 0.059536 -0.043661
v 0.030682 0.059228 -0.039767
v 0.026545 0.061206 -0.040669
v 0.033885 0.058732 -0.031700
v 0.028739 0.061653 -0.029001
v 0.032814 0.059052 -0.028030
v 0.029780 0.061331 -0.032688
v 0.037777 0.055631 -0.030715
v 0.032814 0.059052 -0.028030
v 0.036679 0.055955 -0.027069
v 0.033885 0.058732 -0.031700
v 0.038432 0.054884 -0.034411
v 0.033885 0.058732 -0.031700
v 0.037777 0.055631 -0.030715
v 0.034538 0.057949 -0.035389
v 0.027354 0.061449 -0.025575
v 0.031379 0.058887 -0.024646
v 0.032814 0.059052 -0.028030
v 0.028739 0.061653 -0.029001
v 0.031379 0.058887 -0.024646
v 0.025849 0.061080 -0.022267
v 0.029834 0.058587 -0.021386
v 0.027354 0.061449 -0.025575
v 0.035207 0.055849 -0.023735
v 0.029834 0.058587 -0.021386
v 0.033647 0.055631 -0.020547
v 0.031379 0.058887 -0.024646
v 0.017554 0.065003 -0.039089
v 0.013713 0.064190 -0.043203
v 0.013139 0.065514 -0.039917
v 0.018041 0.063646 -0.042383
v 0.021927 0.064048 -0.038228
v 0.018041 0.063646 -0.042383
v 0.017554 0.065003 -0.039089
v 0.022325 0.062673 -0.041541
v 0.018366 0.061957 -0.045313
v 0.018041 0.063646 -0.042383
v 0.022325 0.062673 -0.041541
v 0.022495 0.060959 -0.044488
v 0.025564 0.063395 -0.033660
v 0.020362 0.065267 -0.030916
v 0.024588 0.063712 -0.029966
v 0.021259 0.064933 -0.034602
v 0.029780 0.061331 -0.032688
v 0.024588 0.063712 -0.029966
v 0.028739 0.061653 -0.029001
v 0.025564 0.063395 -0.033660
v 0.026229 0.062549 -0.037316
v 0.025564 0.063395 -0.033660
v 0.029780 0.061331 -0.032688
v 0.030440 0.060513 -0.036366
v 0.020362 0.065267 -0.030916
v 0.023339 0.063465 -0.026501
v 0.024588 0.063712 -0.029966
v 0.019276 0.064991 -0.027421
v 0.021989 0.063027 -0.023143
v 0.023339 0.063465 -0.026501
v 0.019276 0.064991 -0.027421
v 0.018127 0.064510 -0.024018
v 0.025849 0.061080 -0.022267
v 0.023339 0.063465 -0.026501
v 0.021989 0.063027 -0.023143
v 0.027354 0.061449 -0.025575
v 0.008709 0.065684 -0.040726
v 0.004997 0.064187 -0.044804
v 0.004272 0.065505 -0.041534
v 0.009357 0.064372 -0.044008
v 0.013139 0.065514 -0.039917
v 0.009357 0.064372 -0.044008
v 0.008709 0.065684 -0.040726
v 0.013713 0.064190 -0.043203
v 0.009937 0.062743 -0.046933
v 0.009357 0.064372 -0.044008
v 0.013713 0.064190 -0.043203
v 0.014179 0.062546 -0.046130
v 0.004272 0.065505 -0.041534
v 0.000654 0.063632 -0.045597
v -0.000162 0.064969 -0.042358
v 0.004997 0.064187 -0.044804
v 0.001476 0.061957 -0.048461
v 0.000654 0.063632 -0.045597
v 0.004997 0.064187 -0.044804
v 0.005687 0.062547 -0.047713
v 0.001476 0.061957 -0.048461
v -0.003628 0.062660 -0.046352
v 0.000654 0.063632 -0.045597
v -0.002661 0.060968 -0.049177
v 0.016063 0.066355 -0.031841
v 0.012465 0.066517 -0.036365
v 0.011712 0.066993 -0.032735
v 0.016886 0.065951 -0.035501
v 0.020362 0.065267 -0.030916
v 0.016886 0.065951 -0.035501
v 0.016063 0.066355 -0.031841
v 0.021259 0.064933 -0.034602
v 0.017554 0.065003 -0.039089
v 0.016886 0.065951 -0.035501
v 0.021259 0.064933 -0.034602
v 0.021927 0.064048 -0.038228
v 0.011712 0.066993 -0.032735
v 0.015110 0.066080 -0.028330
v 0.016063 0.066355 -0.031841
v 0.010898 0.066733 -0.029212
v 0.014117 0.065576 -0.024898
v 0.015110 0.066080 -0.028330
v 0.010898 0.066733 -0.029212
v 0.010066 0.066210 -0.025752
v 0.015110 0.066080 -0.028330
v 0.018127 0.064510 -0.024018
v 0.019276 0.064991 -0.027421
v 0.014117 0.065576 -0.024898
v 0.007329 0.067198 -0.033590
v 0.003549 0.066493 -0.038023
v 0.002905 0.066958 -0.034416
v 0.008017 0.066701 -0.037201
v 0.011712 0.066993 -0.032735
v 0.008017 0.066701 -0.037201
v 0.007329 0.067198 -0.033590
v 0.012465 0.066517 -0.036365
v 0.008709 0.065684 -0.040726
v 0.008017 0.066701 -0.037201
v 0.012465 0.066517 -0.036365
v 0.013139 0.065514 -0.039917
v -0.000162 0.064969 -0.042358
v -0.005362 0.064823 -0.039623
v -0.000928 0.065884 -0.038844
v -0.004545 0.063996 -0.043141
v -0.006021 0.065102 -0.035989
v -0.000928 0.065884 -0.038844
v -0.005362 0.064823 -0.039623
v -0.001570 0.066260 -0.035220
v 0.003549 0.066493 -0.038023
v -0.001570 0.066260 -0.035220
v 0.002905 0.066958 -0.034416
v -0.000928 0.065884 -0.038844
v 0.006092 0.066420 -0.026553
v 0.006696 0.066947 -0.030049
v 0.002421 0.066704 -0.030856
v 0.002007 0.066202 -0.027330
v 0.006696 0.066947 -0.030049
v 0.010066 0.066210 -0.025752
v 0.010898 0.066733 -0.029212
v 0.006092 0.066420 -0.026553
v 0.007329 0.067198 -0.033590
v 0.010898 0.066733 -0.029212
v 0.011712 0.066993 -0.032735
v 0.006696 0.066947 -0.030049
v -0.008827 0.062506 -0.043825
v -0.013846 0.061264 -0.040941
v -0.009699 0.063263 -0.040320
v -0.012936 0.060568 -0.044432
v -0.014519 0.061443 -0.037363
v -0.009699 0.063263 -0.040320
v -0.013846 0.061264 -0.040941
v -0.010376 0.063480 -0.036709
v -0.005362 0.064823 -0.039623
v -0.010376 0.063480 -0.036709
v -0.006021 0.065102 -0.035989
v -0.009699 0.063263 -0.040320
v -0.002376 0.065497 -0.028116
v -0.002011 0.065981 -0.031651
v -0.006468 0.064790 -0.032429
v -0.006843 0.064295 -0.028911
v -0.002011 0.065981 -0.031651
v 0.002007 0.066202 -0.027330
v 0.002421 0.066704 -0.030856
v -0.002376 0.065497 -0.028116
v -0.001570 0.066260 -0.035220
v 0.002421 0.066704 -0.030856
v 0.002905 0.066958 -0.034416
v -0.002011 0.065981 -0.031651
v -0.021293 0.056173 -0.041972
v -0.016799 0.058251 -0.044985
v -0.020409 0.055583 -0.045468
v -0.017709 0.058890 -0.041498
v -0.021850 0.056307 -0.038401
v -0.017709 0.058890 -0.041498
v -0.021293 0.056173 -0.041972
v -0.018338 0.059040 -0.037933
v -0.013846 0.061264 -0.040941
v -0.017709 0.058890 -0.041498
v -0.018338 0.059040 -0.037933
v -0.014519 0.061443 -0.037363
v -0.015251 0.060577 -0.030482
v -0.011185 0.062637 -0.029715
v -0.014924 0.061090 -0.033886
v -0.010815 0.063141 -0.033188
v -0.010815 0.063141 -0.033188
v -0.006843 0.064295 -0.028911
v -0.006468 0.064790 -0.032429
v -0.011185 0.062637 -0.029715
v -0.010376 0.063480 -0.036709
v -0.006468 0.064790 -0.032429
v -0.006021 0.065102 -0.035989
v -0.010815 0.063141 -0.033188
v -0.027608 0.049822 -0.042629
v -0.023756 0.052595 -0.045868
v -0.026804 0.049294 -0.046180
v -0.024606 0.053147 -0.042346
v -0.027973 0.049979 -0.039010
v -0.024606 0.053147 -0.042346
v -0.027608 0.049822 -0.042629
v -0.025070 0.053283 -0.038752
v -0.021293 0.056173 -0.041972
v -0.024606 0.053147 -0.042346
v -0.025070 0.053283 -0.038752
v -0.021850 0.056307 -0.038401
v -0.018665 0.058697 -0.034482
v -0.022169 0.055543 -0.031600
v -0.018905 0.058204 -0.031128
v -0.022061 0.055996 -0.034955
v -0.018665 0.058697 -0.034482
v -0.015251 0.060577 -0.030482
v -0.014924 0.061090 -0.033886
v -0.018905 0.058204 -0.031128
v -0.018338 0.059040 -0.037933
v -0.014924 0.061090 -0.033886
v -0.014519 0.061443 -0.037363
v -0.018665 0.058697 -0.034482
v -0.032552 0.042333 -0.042947
v -0.029516 0.045692 -0.046401
v -0.031865 0.041819 -0.046537
v -0.030264 0.046208 -0.042827
v -0.032725 0.042590 -0.039324
v -0.030264 0.046208 -0.042827
v -0.032552 0.042333 -0.042947
v -0.030530 0.046407 -0.039201
v -0.027608 0.049822 -0.042629
v -0.030264 0.046208 -0.042827
v -0.030530 0.046407 -0.039201
v -0.027973 0.049979 -0.039010
v -0.025070 0.052624 -0.031899
v -0.025135 0.053020 -0.035284
v -0.027886 0.049787 -0.035521
v -0.027645 0.049477 -0.032108
v -0.025135 0.053020 -0.035284
v -0.022169 0.055543 -0.031600
v -0.022061 0.055996 -0.034955
v -0.025070 0.052624 -0.031899
v -0.025135 0.053020 -0.035284
v -0.021850 0.056307 -0.038401
v -0.025070 0.053283 -0.038752
v -0.022061 0.055996 -0.034955
v -0.035943 0.033889 -0.042969
v -0.033822 0.037706 -0.046598
v -0.035374 0.033364 -0.046579
v -0.034449 0.038224 -0.042996
v -0.035973 0.034289 -0.039363
v -0.034449 0.038224 -0.042996
v -0.035943 0.033889 -0.042969
v -0.034545 0.038552 -0.039380
v -0.032552 0.042333 -0.042947
v -0.034449 0.038224 -0.042996
v -0.034545 0.038552 -0.039380
v -0.032725 0.042590 -0.039324
v -0.029930 0.046120 -0.032308
v -0.030313 0.046314 -0.035718
v -0.032401 0.042618 -0.035863
v -0.031916 0.042572 -0.032497
v -0.030313 0.046314 -0.035718
v -0.027645 0.049477 -0.032108
v -0.027886 0.049787 -0.035521
v -0.029930 0.046120 -0.032308
v -0.027886 0.049787 -0.035521
v -0.030530 0.046407 -0.039201
v -0.030313 0.046314 -0.035718
v -0.027973 0.049979 -0.039010
v -0.037669 0.024630 -0.042678
v -0.036508 0.028806 -0.046474
v -0.037211 0.024094 -0.046288
v -0.037020 0.029339 -0.042861
v -0.037605 0.025123 -0.039097
v -0.037020 0.029339 -0.042861
v -0.037669 0.024630 -0.042678
v -0.036998 0.029795 -0.039267
v -0.035943 0.033889 -0.042969
v -0.037020 0.029339 -0.042861
v -0.036998 0.029795 -0.039267
v -0.035973 0.034289 -0.039363
v -0.034878 0.034867 -0.032653
v -0.034138 0.038719 -0.035945
v -0.035507 0.034589 -0.035949
v -0.033571 0.038841 -0.032625
v -0.032401 0.042618 -0.035863
v -0.034138 0.038719 -0.035945
v -0.033571 0.038841 -0.032625
v -0.031916 0.042572 -0.032497
v -0.034138 0.038719 -0.035945
v -0.032725 0.042590 -0.039324
v -0.034545 0.038552 -0.039380
v -0.032401 0.042618 -0.035863
v -0.037082 0.025587 -0.035696
v -0.036998 0.029795 -0.039267
v -0.037605 0.025123 -0.039097
v -0.036494 0.030200 -0.035861
v -0.036504 0.026043 -0.032413
v -0.036494 0.030200 -0.035861
v -0.037082 0.025587 -0.035696
v -0.035853 0.030597 -0.032574
v -0.035507 0.034589 -0.035949
v -0.036494 0.030200 -0.035861
v -0.035853 0.030597 -0.032574
v -0.034878 0.034867 -0.032653
v -0.037651 0.015008 -0.042106
v -0.037468 0.019293 -0.046024
v -0.037276 0.014489 -0.045691
v -0.037879 0.019821 -0.042424
v -0.037541 0.015517 -0.038562
v -0.037879 0.019821 -0.042424
v -0.037651 0.015008 -0.042106
v -0.037783 0.020323 -0.038858
v -0.037669 0.024630 -0.042678
v -0.037879 0.019821 -0.042424
v -0.037783 0.020323 -0.038858
v -0.037605 0.025123 -0.039097
v -0.037034 0.015974 -0.035188
v -0.037783 0.020323 -0.038858
v -0.037541 0.015517 -0.038562
v -0.037258 0.020787 -0.035466
v -0.036496 0.016394 -0.031925
v -0.037258 0.020787 -0.035466
v -0.037034 0.015974 -0.035188
v -0.036744 0.021226 -0.032186
v -0.037082 0.025587 -0.035696
v -0.037258 0.020787 -0.035466
v -0.036744 0.021226 -0.032186
v -0.036504 0.026043 -0.032413
v -0.035949 0.005798 -0.041314
v -0.036628 0.009770 -0.045299
v -0.035581 0.005285 -0.044858
v -0.036991 0.010289 -0.041733
v -0.035877 0.006341 -0.037826
v -0.036991 0.010289 -0.041733
v -0.035949 0.005798 -0.041314
v -0.036891 0.010823 -0.038220
v -0.037651 0.015008 -0.042106
v -0.036991 0.010289 -0.041733
v -0.036891 0.010823 -0.038220
v -0.037541 0.015517 -0.038562
v -0.035455 0.006857 -0.034499
v -0.036891 0.010823 -0.038220
v -0.035877 0.006341 -0.037826
v -0.036424 0.011323 -0.034878
v -0.034935 0.007333 -0.031292
v -0.036424 0.011323 -0.034878
v -0.035455 0.006857 -0.034499
v -0.035868 0.011786 -0.031648
v -0.037034 0.015974 -0.035188
v -0.036424 0.011323 -0.034878
v -0.035868 0.011786 -0.031648
v -0.036496 0.016394 -0.031925
v -0.032032 -0.003455 -0.043720
v -0.034576 0.001670 -0.040855
v -0.034187 0.001184 -0.044376
v -0.032449 -0.003046 -0.040227
v -0.032509 -0.002556 -0.036669
v -0.034576 0.001670 -0.040855
v -0.032449 -0.003046 -0.040227
v -0.034540 0.002169 -0.037370
v -0.035949 0.005798 -0.041314
v -0.034576 0.001670 -0.040855
v -0.034540 0.002169 -0.037370
v -0.035877 0.006341 -0.037826
v -0.032416 -0.001778 -0.033342
v -0.034540 0.002169 -0.037370
v -0.032509 -0.002556 -0.036669
v -0.034155 0.002601 -0.034013
v -0.032244 -0.000875 -0.030118
v -0.034155 0.002601 -0.034013
v -0.032416 -0.001778 -0.033342
v -0.033651 0.002980 -0.030753
v -0.035455 0.006857 -0.034499
v -0.034155 0.002601 -0.034013
v -0.033651 0.002980 -0.030753
v -0.034935 0.007333 -0.031292
v -0.024023 -0.008377 -0.055323
v -0.028165 -0.004159 -0.053276
v -0.026298 -0.004526 -0.055992
v -0.025486 -0.008828 -0.052424
v -0.026383 -0.011341 -0.045732
v -0.029084 -0.008626 -0.042874
v -0.028226 -0.008846 -0.046251
v -0.027264 -0.011170 -0.042373
v -0.028226 -0.008846 -0.046251
v -0.025180 -0.011366 -0.048953
v -0.026383 -0.011341 -0.045732
v -0.027008 -0.008937 -0.049462
v -0.021242 -0.006939 -0.055971
v -0.025503 -0.003314 -0.043709
v -0.022677 -0.007956 -0.043497
v -0.023499 -0.003298 -0.056551
v -0.028936 -0.007947 -0.028533
v -0.029881 -0.006662 -0.031295
v -0.029078 -0.008370 -0.031886
v -0.029936 -0.005873 -0.028990
v -0.030936 -0.003799 -0.029448
v -0.029881 -0.006662 -0.031295
v -0.029936 -0.005873 -0.028990
v -0.030527 -0.005622 -0.032431
v -0.029531 -0.008351 -0.039415
v -0.027755 -0.010948 -0.038942
v -0.027895 -0.010744 -0.035425
v -0.029739 -0.007862 -0.035455
v -0.029531 -0.008351 -0.039415
v -0.029084 -0.008626 -0.042874
v -0.027264 -0.011170 -0.042373
v -0.027755 -0.010948 -0.038942
v -0.024606 -0.014329 -0.041654
v -0.020739 -0.017240 -0.044179
v -0.022072 -0.016882 -0.040938
v -0.023538 -0.014580 -0.044945
v -0.019068 -0.014231 -0.054206
v -0.023721 -0.011150 -0.051973
v -0.021684 -0.011419 -0.054768
v -0.020709 -0.014443 -0.051229
v -0.017813 -0.019663 -0.043169
v -0.022072 -0.016882 -0.040938
v -0.020739 -0.017240 -0.044179
v -0.019402 -0.019219 -0.040019
v -0.016121 -0.019867 -0.046320
v -0.020739 -0.017240 -0.044179
v -0.019248 -0.017391 -0.047312
v -0.017813 -0.019663 -0.043169
v -0.015140 -0.021703 -0.041882
v -0.016121 -0.019867 -0.046320
v -0.012634 -0.022341 -0.045062
v -0.017813 -0.019663 -0.043169
v -0.007441 -0.025823 -0.041114
v -0.006108 -0.024740 -0.046297
v -0.005327 -0.026322 -0.041987
v -0.009037 -0.023757 -0.045885
v -0.025637 -0.013796 -0.034999
v -0.025289 -0.014055 -0.038336
v -0.022980 -0.016557 -0.037635
v -0.023521 -0.016283 -0.034274
v -0.027264 -0.011170 -0.042373
v -0.023538 -0.014580 -0.044945
v -0.024606 -0.014329 -0.041654
v -0.026383 -0.011341 -0.045732
v -0.027721 -0.010629 -0.031812
v -0.028936 -0.007947 -0.028533
v -0.029078 -0.008370 -0.031886
v -0.027391 -0.010558 -0.028149
v -0.029078 -0.008370 -0.031886
v -0.027895 -0.010744 -0.035425
v -0.027721 -0.010629 -0.031812
v -0.029739 -0.007862 -0.035455
v -0.021271 -0.018582 -0.033319
v -0.018237 -0.020783 -0.035701
v -0.019067 -0.020578 -0.032355
v -0.020536 -0.018857 -0.036724
v -0.020536 -0.018857 -0.036724
v -0.023521 -0.016283 -0.034274
v -0.022980 -0.016557 -0.037635
v -0.021271 -0.018582 -0.033319
v -0.022980 -0.016557 -0.037635
v -0.019402 -0.019219 -0.040019
v -0.020536 -0.018857 -0.036724
v -0.022072 -0.016882 -0.040938
v -0.025773 -0.013209 -0.027664
v -0.023757 -0.016062 -0.030681
v -0.023899 -0.015787 -0.027030
v -0.025705 -0.013572 -0.031372
v -0.018925 -0.009918 -0.055418
v -0.020388 -0.010854 -0.043320
v -0.016381 -0.012684 -0.054836
v -0.017132 -0.014200 -0.043121
v -0.012634 -0.022341 -0.045062
v -0.011055 -0.024933 -0.038121
v -0.015140 -0.021703 -0.041882
v -0.009366 -0.025344 -0.039864
v -0.021893 -0.018253 -0.026318
v -0.019464 -0.020580 -0.029015
v -0.019767 -0.020767 -0.025566
v -0.021667 -0.018395 -0.029837
v -0.021667 -0.018395 -0.029837
v -0.023899 -0.015787 -0.027030
v -0.023757 -0.016062 -0.030681
v -0.021893 -0.018253 -0.026318
v -0.023757 -0.016062 -0.030681
v -0.021271 -0.018582 -0.033319
v -0.021667 -0.018395 -0.029837
v -0.023521 -0.016283 -0.034274
v -0.019067 -0.020578 -0.032355
v -0.013720 -0.024291 -0.033712
v -0.014539 -0.024229 -0.031183
v -0.018237 -0.020783 -0.035701
v -0.010386 -0.024261 -0.028656
v 0.004807 -0.025045 -0.023268
v -0.010956 -0.024425 -0.026334
v -0.010386 -0.024261 -0.028656
v -0.009582 -0.024270 -0.030881
v 0.004807 -0.025045 -0.023268
v -0.004046 -0.025090 -0.037597
v -0.002419 -0.025320 -0.038564
v 0.004807 -0.025045 -0.023268
v 0.004807 -0.025045 -0.023268
v -0.006279 -0.024750 -0.035714
v -0.005236 -0.024912 -0.036693
v -0.000441 -0.034431 -0.007938
v 0.002006 -0.023814 -0.004518
v -0.001393 -0.023644 -0.004984
v 0.002838 -0.034336 -0.007356
v -0.008549 -0.024402 -0.032847
v -0.007412 -0.024574 -0.034445
v 0.004807 -0.025045 -0.023268
v 0.017491 -0.025379 -0.030218
v 0.017906 -0.025263 -0.028600
v 0.004807 -0.025045 -0.023268
v 0.016003 -0.025683 -0.033524
v 0.016862 -0.025530 -0.031900
v 0.004807 -0.025045 -0.023268
v -0.010717 -0.026727 -0.018401
v -0.011213 -0.025736 -0.020599
v 0.004807 -0.025045 -0.023268
v 0.004807 -0.025045 -0.023268
v 0.013695 -0.025911 -0.036331
v 0.014940 -0.025810 -0.034992
v 0.012415 -0.027766 -0.041624
v 0.012504 -0.027977 -0.037707
v 0.010912 -0.028053 -0.038678
v 0.014256 -0.027659 -0.040717
v 0.003224 -0.025890 -0.040249
v 0.005298 -0.028007 -0.040372
v 0.005372 -0.026032 -0.040247
v 0.003072 -0.027868 -0.040448
v 0.001274 -0.025736 -0.039920
v -0.000879 -0.027513 -0.039610
v 0.001037 -0.027709 -0.040158
v -0.000556 -0.025552 -0.039372
v -0.004532 -0.027017 -0.037830
v -0.002824 -0.027266 -0.038795
v -0.002419 -0.025320 -0.038564
v -0.004046 -0.025090 -0.037597
v -0.005236 -0.024912 -0.036693
v -0.006900 -0.026639 -0.035948
v -0.005793 -0.026820 -0.036927
v -0.006279 -0.024750 -0.035714
v -0.007412 -0.024574 -0.034445
v -0.009277 -0.026253 -0.033080
v -0.008092 -0.026443 -0.034676
v -0.008549 -0.024402 -0.032847
v -0.011169 -0.026082 -0.028941
v -0.010344 -0.026105 -0.031130
v -0.009582 -0.024270 -0.030881
v -0.010386 -0.024261 -0.028656
v 0.004807 -0.025045 -0.023268
v 0.010754 -0.026072 -0.038522
v 0.012276 -0.025997 -0.037538
v -0.012071 -0.026531 -0.024595
v -0.011747 -0.026232 -0.026679
v -0.010956 -0.024425 -0.026334
v -0.011284 -0.024739 -0.024177
v -0.003403 -0.033409 -0.011427
v -0.006197 -0.030471 -0.012440
v -0.003207 -0.031426 -0.011052
v -0.006587 -0.032381 -0.012964
v -0.006197 -0.030471 -0.012440
v -0.008899 -0.031114 -0.014772
v -0.008350 -0.029300 -0.014129
v -0.006587 -0.032381 -0.012964
v -0.009785 -0.028013 -0.016121
v -0.011439 -0.028486 -0.019025
v -0.010717 -0.026727 -0.018401
v -0.010435 -0.029782 -0.016783
v 0.017052 -0.025792 -0.018744
v 0.016423 -0.026157 -0.017232
v 0.004807 -0.025045 -0.023268
v 0.014914 -0.027095 -0.014723
v 0.004807 -0.025045 -0.023268
v 0.015731 -0.026577 -0.015967
v 0.004807 -0.025045 -0.023268
v 0.018146 -0.025189 -0.026918
v 0.018200 -0.025174 -0.025027
v -0.012152 -0.026915 -0.022899
v -0.011213 -0.025736 -0.020599
v -0.011974 -0.027500 -0.021164
v -0.011374 -0.025137 -0.022404
v 0.018721 -0.027131 -0.022959
v 0.017636 -0.025466 -0.020752
v 0.018033 -0.025257 -0.022960
v 0.018359 -0.027327 -0.020793
v 0.018033 -0.025257 -0.022960
v 0.018849 -0.027062 -0.024998
v 0.018721 -0.027131 -0.022959
v 0.018200 -0.025174 -0.025027
v 0.018755 -0.027090 -0.026879
v 0.017906 -0.025263 -0.028600
v 0.018474 -0.027177 -0.028575
v 0.018146 -0.025189 -0.026918
v 0.018018 -0.027306 -0.030222
v 0.016862 -0.025530 -0.031900
v 0.017340 -0.027469 -0.031940
v 0.017491 -0.025379 -0.030218
v 0.016425 -0.027634 -0.033599
v 0.014940 -0.025810 -0.034992
v 0.015299 -0.027772 -0.035100
v 0.016003 -0.025683 -0.033524
v 0.013989 -0.027883 -0.036474
v 0.012276 -0.025997 -0.037538
v 0.012504 -0.027977 -0.037707
v 0.013695 -0.025911 -0.036331
v 0.007419 -0.026118 -0.039868
v 0.009261 -0.028098 -0.039383
v 0.009176 -0.026123 -0.039273
v 0.007424 -0.028090 -0.039955
v 0.005372 -0.026032 -0.040247
v 0.007419 -0.026118 -0.039868
v 0.004807 -0.025045 -0.023268
v 0.009261 -0.028098 -0.039383
v 0.010912 -0.028053 -0.038678
v 0.009176 -0.026123 -0.039273
v 0.010754 -0.026072 -0.038522
v 0.002799 -0.033813 -0.010043
v -0.000032 -0.031876 -0.010162
v 0.002638 -0.031852 -0.009735
v -0.000070 -0.033862 -0.010474
v 0.006694 -0.031090 -0.009757
v 0.005222 -0.033477 -0.009925
v 0.004856 -0.031540 -0.009629
v 0.007207 -0.033000 -0.010030
v 0.012243 -0.030926 -0.011702
v 0.009917 -0.029850 -0.010671
v 0.011451 -0.029108 -0.011462
v 0.010641 -0.031694 -0.010919
v 0.014803 -0.029500 -0.013737
v 0.012812 -0.028382 -0.012413
v 0.013961 -0.027702 -0.013519
v 0.013641 -0.030184 -0.012645
v 0.016548 -0.028392 -0.016134
v 0.014914 -0.027095 -0.014723
v 0.015731 -0.026577 -0.015967
v 0.015751 -0.028898 -0.014920
v -0.009785 -0.028013 -0.016121
v 0.004807 -0.025045 -0.023268
v -0.008350 -0.029300 -0.014129
v 0.004807 -0.025045 -0.023268
v 0.018033 -0.025257 -0.022960
v 0.017636 -0.025466 -0.020752
v 0.013961 -0.027702 -0.013519
v 0.012812 -0.028382 -0.012413
v 0.004807 -0.025045 -0.023268
v 0.003224 -0.025890 -0.040249
v 0.004807 -0.025045 -0.023268
v 0.001274 -0.025736 -0.039920
v -0.011284 -0.024739 -0.024177
v 0.004807 -0.025045 -0.023268
v -0.011374 -0.025137 -0.022404
v 0.001523 0.003582 -0.017119
v 0.004594 0.002754 -0.017491
v 0.001985 0.003355 -0.017295
v 0.009524 0.006089 -0.014184
v 0.008896 0.005065 -0.013949
v 0.008928 0.005415 -0.013534
v 0.009483 0.005706 -0.014641
v 0.009497 0.006480 -0.013732
v 0.008807 0.006128 -0.012723
v 0.009404 0.006872 -0.013291
v 0.008898 0.005771 -0.013123
v 0.009374 0.005334 -0.015097
v 0.008649 0.004402 -0.014774
v 0.008802 0.004726 -0.014364
v 0.009200 0.004980 -0.015546
v 0.008447 0.006827 -0.011974
v 0.009244 0.007262 -0.012866
v 0.008656 0.006482 -0.012338
v 0.009019 0.007643 -0.012463
v 0.008962 0.004647 -0.015982
v 0.008171 0.003816 -0.015553
v 0.008438 0.004097 -0.015172
v 0.008664 0.004339 -0.016400
v 0.007867 0.007478 -0.011326
v 0.008734 0.008011 -0.012088
v 0.008183 0.007161 -0.011635
v 0.008391 0.008361 -0.011745
v 0.007902 0.003818 -0.017158
v 0.007853 0.003561 -0.015913
v 0.008309 0.004062 -0.016793
v 0.007487 0.003336 -0.016248
v 0.007067 0.009259 -0.010951
v 0.007096 0.008044 -0.010812
v 0.006651 0.008287 -0.010614
v 0.007552 0.008989 -0.011173
v 0.007449 0.003611 -0.017488
v 0.007487 0.003336 -0.016248
v 0.007902 0.003818 -0.017158
v 0.007079 0.003145 -0.016551
v 0.005995 0.009692 -0.010651
v 0.006174 0.008499 -0.010459
v 0.005671 0.008676 -0.010349
v 0.006545 0.009494 -0.010777
v 0.006427 0.003317 -0.018031
v 0.006632 0.002989 -0.016821
v 0.006955 0.003443 -0.017781
v 0.006154 0.002870 -0.017052
v 0.005296 0.003195 -0.018394
v 0.005651 0.002791 -0.017242
v 0.005871 0.003234 -0.018236
v 0.005129 0.002752 -0.017389
v 0.004244 0.010040 -0.010585
v 0.004616 0.008919 -0.010270
v 0.004076 0.008981 -0.010302
v 0.004837 0.009967 -0.010555
v 0.004114 0.003252 -0.018557
v 0.003517 0.002879 -0.017554
v 0.004055 0.002797 -0.017546
v 0.003524 0.003347 -0.018561
v 0.003653 0.010068 -0.010666
v 0.004076 0.008981 -0.010302
v 0.003538 0.009004 -0.010380
v 0.004244 0.010040 -0.010585
v 0.002475 0.003160 -0.017428
v 0.002944 0.003484 -0.018512
v 0.002382 0.003663 -0.018412
v 0.002988 0.003001 -0.017514
v 0.002495 0.008926 -0.010674
v 0.003070 0.010052 -0.010799
v 0.003009 0.008985 -0.010505
v 0.002503 0.009991 -0.010980
v 0.001523 0.003582 -0.017119
v 0.001845 0.003880 -0.018262
v 0.001341 0.004133 -0.018064
v 0.001985 0.003355 -0.017295
v 0.001541 0.008690 -0.011136
v 0.001960 0.009886 -0.011209
v 0.002004 0.008827 -0.010885
v 0.001448 0.009739 -0.011481
v 0.001097 0.003840 -0.016900
v 0.000455 0.004733 -0.017533
v 0.000710 0.004123 -0.016643
v 0.000876 0.004419 -0.017820
v 0.000725 0.008307 -0.011742
v 0.000162 0.009064 -0.012520
v 0.000543 0.009325 -0.012141
v 0.000382 0.008067 -0.012090
v 0.000710 0.004123 -0.016643
v 0.000086 0.005072 -0.017208
v 0.000370 0.004430 -0.016350
v 0.000455 0.004733 -0.017533
v 0.000090 0.007798 -0.012461
v -0.000433 0.008451 -0.013354
v -0.000165 0.008771 -0.012927
v -0.000150 0.007505 -0.012852
v 0.000079 0.004756 -0.016025
v -0.000484 0.005807 -0.016459
v -0.000158 0.005096 -0.015673
v -0.000229 0.005432 -0.016848
v -0.000332 0.007190 -0.013256
v -0.000781 0.007743 -0.014250
v -0.000640 0.008106 -0.013797
v -0.000456 0.006857 -0.013669
v -0.000338 0.005446 -0.015298
v -0.000804 0.006585 -0.015610
v -0.000459 0.005802 -0.014905
v -0.000676 0.006193 -0.016044
v -0.000520 0.006159 -0.014499
v -0.000864 0.006977 -0.015163
v -0.000518 0.006512 -0.014085
v -0.000856 0.007365 -0.014708
v 0.009156 -0.005988 -0.026862
v 0.009576 -0.005701 -0.028008
v 0.009033 -0.005447 -0.027815
v 0.009650 -0.006219 -0.027037
v 0.011368 -0.006206 -0.028250
v 0.010722 -0.006568 -0.027237
v 0.011284 -0.006680 -0.027258
v 0.010751 -0.006084 -0.028227
v 0.009033 -0.005447 -0.027815
v 0.008532 -0.005156 -0.027571
v 0.008700 -0.005722 -0.026639
v 0.009156 -0.005988 -0.026862
v 0.012419 -0.006772 -0.027141
v 0.012613 -0.006306 -0.028122
v 0.011991 -0.006281 -0.028215
v 0.011852 -0.006749 -0.027226
v 0.007682 -0.004479 -0.026942
v 0.008287 -0.005426 -0.026372
v 0.008080 -0.004831 -0.027279
v 0.007925 -0.005105 -0.026065
v 0.012613 -0.006306 -0.028122
v 0.012976 -0.006750 -0.027005
v 0.013223 -0.006282 -0.027972
v 0.012419 -0.006772 -0.027141
v 0.007075 -0.003710 -0.026156
v 0.007618 -0.004763 -0.025723
v 0.007346 -0.004103 -0.026566
v 0.007371 -0.004404 -0.025349
v 0.013814 -0.006208 -0.027769
v 0.014026 -0.006571 -0.026588
v 0.014376 -0.006086 -0.027515
v 0.013514 -0.006682 -0.026820
v 0.007188 -0.004035 -0.024951
v 0.006745 -0.002895 -0.025261
v 0.007071 -0.003661 -0.024533
v 0.006874 -0.003306 -0.025719
v 0.014901 -0.005917 -0.027212
v 0.014944 -0.006224 -0.025998
v 0.015382 -0.005705 -0.026867
v 0.014505 -0.006418 -0.026313
v 0.007129 -0.002559 -0.023224
v 0.006712 -0.002079 -0.024307
v 0.006809 -0.001686 -0.023825
v 0.007041 -0.002917 -0.023663
v 0.016492 -0.004837 -0.025626
v 0.015674 -0.005728 -0.025270
v 0.015956 -0.005433 -0.024866
v 0.016183 -0.005160 -0.026068
v 0.007504 -0.001897 -0.022369
v 0.006979 -0.001311 -0.023350
v 0.007220 -0.000959 -0.022887
v 0.007284 -0.002217 -0.022790
v 0.016951 -0.003913 -0.024448
v 0.016175 -0.005112 -0.024445
v 0.016374 -0.004591 -0.023792
v 0.016733 -0.004485 -0.025164
v 0.008125 -0.001337 -0.021587
v 0.007528 -0.000635 -0.022445
v 0.007900 -0.000345 -0.022030
v 0.007786 -0.001601 -0.021966
v 0.007900 -0.000345 -0.022030
v 0.008516 -0.001106 -0.021238
v 0.008125 -0.001337 -0.021587
v 0.008329 -0.000091 -0.021646
v 0.008955 -0.000912 -0.020923
v 0.009336 0.000290 -0.020999
v 0.009433 -0.000758 -0.020648
v 0.008810 0.000121 -0.021301
v 0.009946 -0.000647 -0.020416
v 0.010488 0.000486 -0.020541
v 0.010484 -0.000580 -0.020230
v 0.009898 0.000412 -0.020744
v 0.017020 -0.003312 -0.023726
v 0.016374 -0.004591 -0.023792
v 0.016438 -0.004043 -0.023134
v 0.016951 -0.003913 -0.024448
v 0.012176 -0.000649 -0.019978
v 0.011720 0.000485 -0.020299
v 0.012344 0.000410 -0.020264
v 0.011607 -0.000581 -0.020010
v 0.016389 -0.003669 -0.022703
v 0.017020 -0.003312 -0.023726
v 0.016438 -0.004043 -0.023134
v 0.016966 -0.002901 -0.023253
v 0.012960 0.000288 -0.020287
v 0.013285 -0.000916 -0.020073
v 0.012738 -0.000761 -0.019999
v 0.013560 0.000118 -0.020368
v 0.016088 -0.002925 -0.021886
v 0.016838 -0.002490 -0.022794
v 0.016272 -0.003294 -0.022285
v 0.016637 -0.002086 -0.022357
v 0.014136 -0.000095 -0.020506
v 0.014303 -0.001342 -0.020374
v 0.013809 -0.001110 -0.020198
v 0.014678 -0.000349 -0.020698
v 0.015535 -0.002225 -0.021170
v 0.016366 -0.001693 -0.021947
v 0.015842 -0.002567 -0.021513
v 0.016029 -0.001317 -0.021572
v 0.015173 -0.001903 -0.020863
v 0.014760 -0.001608 -0.020597
v 0.015179 -0.000640 -0.020942
v 0.015632 -0.000965 -0.021235
v -0.015692 0.007408 -0.017512
v -0.016040 0.007092 -0.016396
v -0.015666 0.006943 -0.016498
v -0.016111 0.007573 -0.017399
v -0.017035 0.007662 -0.015919
v -0.016882 0.007974 -0.017077
v -0.017227 0.008207 -0.016871
v -0.016728 0.007453 -0.016104
v -0.014809 0.007157 -0.017636
v -0.015276 0.006817 -0.016571
v -0.014876 0.006715 -0.016613
v -0.015257 0.007269 -0.017591
v -0.017035 0.007662 -0.015919
v -0.017540 0.008457 -0.016638
v -0.017314 0.007888 -0.015708
v -0.017227 0.008207 -0.016871
v -0.014055 0.006588 -0.016604
v -0.013892 0.007018 -0.017623
v -0.014352 0.007073 -0.017647
v -0.014467 0.006638 -0.016624
v -0.017562 0.008127 -0.015476
v -0.018061 0.009003 -0.016099
v -0.017777 0.008377 -0.015223
v -0.017819 0.008723 -0.016380
v -0.013236 0.006567 -0.016472
v -0.012978 0.006998 -0.017471
v -0.013433 0.006993 -0.017564
v -0.013644 0.006564 -0.016553
v -0.017956 0.008638 -0.014953
v -0.018423 0.009590 -0.015480
v -0.018097 0.008904 -0.014668
v -0.018263 0.009293 -0.015798
v -0.012978 0.006998 -0.017471
v -0.012837 0.006596 -0.016360
v -0.012533 0.007032 -0.017345
v -0.013236 0.006567 -0.016472
v -0.018264 0.009448 -0.014063
v -0.018614 0.010197 -0.014806
v -0.018642 0.010500 -0.014456
v -0.018287 0.009720 -0.013749
v -0.012101 0.007096 -0.017187
v -0.012078 0.006734 -0.016053
v -0.011688 0.007189 -0.016998
v -0.012449 0.006652 -0.016220
v -0.018212 0.010249 -0.013114
v -0.018625 0.010800 -0.014102
v -0.018563 0.011092 -0.013748
v -0.018270 0.009988 -0.013432
v -0.011296 0.007310 -0.016781
v -0.011396 0.006972 -0.015643
v -0.010929 0.007458 -0.016538
v -0.011726 0.006841 -0.015860
v -0.010592 0.007631 -0.016270
v -0.010818 0.007301 -0.015147
v -0.010287 0.007828 -0.015981
v -0.011093 0.007125 -0.015405
v -0.017595 0.011185 -0.011900
v -0.018116 0.011902 -0.012713
v -0.017884 0.012140 -0.012390
v -0.017805 0.010972 -0.012189
v -0.009594 0.008540 -0.015013
v -0.010365 0.007708 -0.014583
v -0.010191 0.007936 -0.014282
v -0.009786 0.008284 -0.015350
v -0.017077 0.011555 -0.011367
v -0.017614 0.012358 -0.012082
v -0.017309 0.012555 -0.011793
v -0.017352 0.011379 -0.011625
v -0.009338 0.009094 -0.014315
v -0.010055 0.008178 -0.013972
v -0.009958 0.008431 -0.013657
v -0.009444 0.008811 -0.014667
v -0.017309 0.012555 -0.011793
v -0.016774 0.011708 -0.011129
v -0.017077 0.011555 -0.011367
v -0.016972 0.012728 -0.011525
v -0.009259 0.009686 -0.013606
v -0.009900 0.008692 -0.013340
v -0.009883 0.008960 -0.013023
v -0.009276 0.009386 -0.013961
v -0.016444 0.011839 -0.010912
v -0.016214 0.012997 -0.011065
v -0.016092 0.011946 -0.010719
v -0.016606 0.012876 -0.011282
v -0.009288 0.009989 -0.013257
v -0.009906 0.009232 -0.012709
v -0.009969 0.009505 -0.012402
v -0.009361 0.010293 -0.012914
v -0.015720 0.012028 -0.010552
v -0.015368 0.013154 -0.010718
v -0.015333 0.012084 -0.010412
v -0.015800 0.013090 -0.010876
v -0.010072 0.009776 -0.012104
v -0.009361 0.010293 -0.012914
v -0.009969 0.009505 -0.012402
v -0.009478 0.010596 -0.012582
v -0.014009 0.013168 -0.010440
v -0.014115 0.012092 -0.010168
v -0.014526 0.012116 -0.010219
v -0.014469 0.013193 -0.010499
v -0.010393 0.010303 -0.011548
v -0.009639 0.010893 -0.012265
v -0.010214 0.010042 -0.011819
v -0.009841 0.011183 -0.011964
v -0.013549 0.013113 -0.010416
v -0.013294 0.011965 -0.010159
v -0.013703 0.012042 -0.010147
v -0.013093 0.013029 -0.010426
v -0.010855 0.010793 -0.011063
v -0.010082 0.011463 -0.011683
v -0.010608 0.010553 -0.011296
v -0.010361 0.011729 -0.011425
v -0.012645 0.012917 -0.010472
v -0.012504 0.011737 -0.010273
v -0.012893 0.011863 -0.010201
v -0.012209 0.012778 -0.010551
v 0.004691 0.009803 0.013546
v 0.001104 0.008075 0.014027
v 0.001617 0.007716 0.012897
v 0.003878 0.010318 0.015003
v -0.011791 0.012613 -0.010664
v -0.012119 0.018047 -0.004352
v -0.009865 0.018652 -0.003211
v -0.012209 0.012778 -0.010551
v -0.012645 0.012917 -0.010472
v -0.013093 0.013029 -0.010426
v -0.014923 0.013188 -0.010592
v -0.015584 0.016702 -0.006601
v -0.014469 0.013193 -0.010499
v -0.014009 0.013168 -0.010440
v -0.013914 0.017427 -0.005427
v -0.012119 0.018047 -0.004352
v -0.013093 0.013029 -0.010426
v -0.013914 0.017427 -0.005427
v -0.013914 0.017427 -0.005427
v -0.013093 0.013029 -0.010426
v -0.013549 0.013113 -0.010416
v -0.013914 0.017427 -0.005427
v -0.013549 0.013113 -0.010416
v -0.014009 0.013168 -0.010440
v -0.018423 0.009590 -0.015480
v -0.018263 0.009293 -0.015798
v -0.024564 0.009090 -0.017252
v -0.011775 0.011417 -0.010508
v -0.012130 0.011588 -0.010376
v -0.011791 0.012613 -0.010664
v -0.011393 0.012423 -0.010809
v -0.005136 -0.006316 -0.030501
v -0.004398 -0.006416 -0.031514
v -0.005046 -0.006626 -0.031886
v -0.005685 -0.006494 -0.030820
v -0.024564 0.009090 -0.017252
v -0.018061 0.009003 -0.016099
v -0.017819 0.008723 -0.016380
v -0.005046 -0.006626 -0.031886
v -0.009938 -0.018360 -0.046613
v -0.005732 -0.006790 -0.032211
v -0.005732 -0.006790 -0.032211
v -0.009938 -0.018360 -0.046613
v -0.011903 -0.017382 -0.045845
v -0.005732 -0.006790 -0.032211
v -0.005685 -0.006494 -0.030820
v -0.005046 -0.006626 -0.031886
v -0.006267 -0.006633 -0.031100
v -0.006875 -0.006730 -0.031338
v -0.007190 -0.006973 -0.032707
v -0.007503 -0.006786 -0.031530
v -0.006449 -0.006906 -0.032486
v -0.009487 -0.006873 -0.033036
v -0.009453 -0.006698 -0.031824
v -0.008799 -0.006770 -0.031774
v -0.008717 -0.006956 -0.032984
v -0.013868 -0.016404 -0.045076
v -0.006449 -0.006906 -0.032486
v -0.011903 -0.017382 -0.045845
v -0.005732 -0.006790 -0.032211
v -0.011903 -0.017382 -0.045845
v -0.006449 -0.006906 -0.032486
v -0.010252 -0.006742 -0.033030
v -0.010743 -0.006430 -0.031773
v -0.010103 -0.006584 -0.031823
v -0.011005 -0.006562 -0.032965
v -0.009487 -0.006873 -0.033036
v -0.013868 -0.016404 -0.045076
v -0.017132 -0.014200 -0.043121
v -0.009487 -0.006873 -0.033036
v -0.017132 -0.014200 -0.043121
v -0.010252 -0.006742 -0.033030
v -0.011738 -0.006337 -0.032843
v -0.011967 -0.006007 -0.031528
v -0.011366 -0.006237 -0.031675
v -0.012444 -0.006068 -0.032665
v -0.020587 -0.011255 -0.040333
v -0.013117 -0.005759 -0.032432
v -0.012444 -0.006068 -0.032665
v -0.015765 -0.003709 -0.030542
v -0.025846 -0.003505 -0.032258
v -0.016116 -0.003227 -0.030045
v -0.023273 -0.008219 -0.037291
v -0.015349 -0.004173 -0.031005
v -0.014871 -0.004614 -0.031430
v -0.013117 -0.005759 -0.032432
v -0.013078 -0.005443 -0.031097
v -0.012539 -0.005741 -0.031335
v -0.013750 -0.005410 -0.032146
v -0.014336 -0.005028 -0.031811
v -0.014034 -0.004762 -0.030496
v -0.013578 -0.005116 -0.030816
v -0.014871 -0.004614 -0.031430
v -0.014797 -0.003989 -0.029750
v -0.015349 -0.004173 -0.031005
v -0.015765 -0.003709 -0.030542
v -0.014441 -0.004385 -0.030140
v -0.015339 -0.003154 -0.028885
v -0.016116 -0.003227 -0.030045
v -0.016398 -0.002731 -0.029518
v -0.015097 -0.003577 -0.029330
v -0.015638 -0.002289 -0.027937
v -0.016608 -0.002226 -0.028967
v -0.016745 -0.001717 -0.028396
v -0.015520 -0.002723 -0.028419
v -0.015683 -0.001427 -0.026940
v -0.016806 -0.001209 -0.027812
v -0.016792 -0.000706 -0.027221
v -0.015693 -0.001856 -0.027442
v -0.015473 -0.000601 -0.025934
v -0.016703 -0.000214 -0.026627
v -0.016539 0.000263 -0.026036
v -0.015610 -0.001008 -0.026436
v -0.015015 0.000156 -0.024957
v -0.016302 0.000720 -0.025455
v -0.015994 0.001152 -0.024888
v -0.015274 -0.000212 -0.025440
v -0.015994 0.001152 -0.024888
v -0.014698 0.000500 -0.024492
v -0.015015 0.000156 -0.024957
v -0.015618 0.001556 -0.024341
v -0.015179 0.001928 -0.023820
v -0.013905 0.001102 -0.023628
v -0.014327 0.000816 -0.024047
v -0.014679 0.002264 -0.023330
v -0.014125 0.002561 -0.022875
v -0.012924 0.001570 -0.022882
v -0.013436 0.001354 -0.023238
v -0.013520 0.002815 -0.022459
v -0.012872 0.003026 -0.022087
v -0.011793 0.001887 -0.022282
v -0.012375 0.001749 -0.022562
v -0.012186 0.003190 -0.021762
v -0.010728 0.003372 -0.021266
v -0.009913 0.002053 -0.021706
v -0.010557 0.002040 -0.021852
v -0.009970 0.003389 -0.021099
v -0.008607 0.001952 -0.021559
v -0.009202 0.003356 -0.020989
v -0.008431 0.003273 -0.020937
v -0.009261 0.002024 -0.021608
v -0.008431 0.003273 -0.020937
v -0.007666 0.003141 -0.020943
v -0.007957 0.001838 -0.021559
v -0.008607 0.001952 -0.021559
v -0.006913 0.002962 -0.021008
v -0.006180 0.002737 -0.021129
v -0.006694 0.001491 -0.021708
v -0.007317 0.001684 -0.021609
v -0.006093 0.001261 -0.021855
v -0.004801 0.002158 -0.021541
v -0.005521 0.000995 -0.022048
v -0.005474 0.002468 -0.021308
v -0.004982 0.000698 -0.022286
v -0.003582 0.001427 -0.022161
v -0.004482 0.000370 -0.022566
v -0.004168 0.001810 -0.021826
v -0.004026 0.000016 -0.022886
v -0.002569 0.000572 -0.022968
v -0.003619 -0.000360 -0.023243
v -0.003047 0.001013 -0.022543
v -0.003263 -0.000757 -0.023633
v -0.001802 -0.000374 -0.023928
v -0.002963 -0.001168 -0.024053
v -0.002153 0.000108 -0.023431
v -0.002721 -0.001592 -0.024497
v -0.001310 -0.001375 -0.025006
v -0.002540 -0.002023 -0.024963
v -0.001520 -0.000870 -0.024455
v -0.002422 -0.002457 -0.025446
v -0.001112 -0.002392 -0.026160
v -0.002367 -0.002890 -0.025941
v -0.001174 -0.001884 -0.025576
v -0.002377 -0.003319 -0.026442
v -0.001215 -0.003387 -0.027346
v -0.002450 -0.003738 -0.026947
v -0.001126 -0.002895 -0.026752
v -0.001617 -0.004320 -0.028518
v -0.002587 -0.004144 -0.027449
v -0.001380 -0.003863 -0.027937
v -0.002786 -0.004533 -0.027943
v -0.002300 -0.005157 -0.029631
v -0.003045 -0.004902 -0.028425
v -0.001924 -0.004753 -0.029085
v -0.003362 -0.005246 -0.028891
v -0.023273 -0.008219 -0.037291
v -0.014336 -0.005028 -0.031811
v -0.013750 -0.005410 -0.032146
v -0.003793 -0.006161 -0.031098
v -0.007844 -0.019165 -0.047153
v -0.009938 -0.018360 -0.046613
v -0.007844 -0.019165 -0.047153
v -0.003793 -0.006161 -0.031098
v -0.003239 -0.005864 -0.030643
v 0.004807 -0.025045 -0.023268
v 0.018200 -0.025174 -0.025027
v 0.018033 -0.025257 -0.022960
v -0.016509 0.007763 -0.017253
v -0.015618 0.001556 -0.024341
v -0.015994 0.001152 -0.024888
v -0.016111 0.007573 -0.017399
v -0.026687 0.003757 -0.023911
v -0.015994 0.001152 -0.024888
v -0.026817 0.002357 -0.025577
v -0.016792 -0.000706 -0.027221
v -0.026817 0.002357 -0.025577
v -0.016703 -0.000214 -0.026627
v -0.016703 -0.000214 -0.026627
v -0.026817 0.002357 -0.025577
v -0.016539 0.000263 -0.026036
v 0.005730 0.015201 0.009606
v 0.007030 0.011514 0.010119
v 0.008357 0.014008 0.008364
v 0.005207 0.012456 0.011651
v 0.005432 0.009166 0.012518
v 0.005207 0.012456 0.011651
v 0.004691 0.009803 0.013546
v 0.007030 0.011514 0.010119
v -0.011020 0.012212 -0.010986
v -0.011135 0.011018 -0.010853
v -0.011442 0.011227 -0.010668
v -0.010675 0.011979 -0.011192
v 0.007190 0.019428 0.000973
v 0.004837 0.009967 -0.010555
v 0.004500 0.019747 0.000828
v 0.004837 0.009967 -0.010555
v 0.007190 0.019428 0.000973
v 0.005423 0.009851 -0.010577
v 0.004837 0.009967 -0.010555
v 0.005150 0.008816 -0.010286
v 0.004616 0.008919 -0.010270
v 0.005423 0.009851 -0.010577
v -0.010929 0.007458 -0.016538
v -0.008431 0.003273 -0.020937
v -0.009202 0.003356 -0.020989
v -0.008431 0.003273 -0.020937
v -0.010929 0.007458 -0.016538
v -0.010592 0.007631 -0.016270
v -0.011791 0.012613 -0.010664
v -0.009865 0.018652 -0.003211
v -0.011393 0.012423 -0.010809
v -0.007373 0.019169 -0.002131
v -0.011020 0.012212 -0.010986
v -0.011393 0.012423 -0.010809
v -0.007373 0.019169 -0.002131
v -0.000752 0.057169 -0.053675
v 0.003474 0.055492 -0.053718
v 0.000088 0.054614 -0.054341
v 0.003005 0.058078 -0.053003
v 0.012073 -0.026007 -0.048045
v 0.014280 -0.023330 -0.048536
v 0.014340 -0.025887 -0.047590
v 0.012160 -0.023460 -0.048957
v 0.016668 -0.025618 -0.047095
v 0.018682 -0.022425 -0.047652
v 0.019077 -0.025160 -0.046617
v 0.016409 -0.022964 -0.048098
v 0.021530 -0.024507 -0.046195
v 0.023733 -0.020994 -0.046785
v 0.024081 -0.023660 -0.045754
v 0.021169 -0.021783 -0.047214
v 0.024081 -0.023660 -0.045754
v 0.026227 -0.019970 -0.046345
v 0.026776 -0.022602 -0.045221
v 0.023733 -0.020994 -0.046785
v 0.032462 -0.019609 -0.044116
v 0.033484 -0.015564 -0.045030
v 0.035174 -0.017746 -0.043684
v 0.031137 -0.017182 -0.045432
v 0.037469 -0.015892 -0.043344
v 0.037801 -0.011767 -0.044374
v 0.039805 -0.013592 -0.043033
v 0.035570 -0.013917 -0.044708
v 0.042483 -0.010400 -0.042718
v 0.042732 -0.005582 -0.043635
v 0.044999 -0.006931 -0.042407
v 0.040310 -0.008828 -0.043985
v 0.044909 -0.002290 -0.043393
v 0.044999 -0.006931 -0.042407
v 0.042732 -0.005582 -0.043635
v 0.047003 -0.003781 -0.042118
v 0.046712 0.001161 -0.043247
v 0.048177 0.005158 -0.043149
v 0.050224 0.003665 -0.041717
v 0.048687 -0.000460 -0.041875
v 0.052051 0.013064 -0.041804
v 0.049218 0.009606 -0.043113
v 0.049760 0.014041 -0.043177
v 0.051385 0.008327 -0.041705
v 0.049433 0.022512 -0.043606
v 0.052226 0.017740 -0.041945
v 0.049819 0.018372 -0.043352
v 0.051961 0.022214 -0.042106
v 0.047637 0.029491 -0.044134
v 0.051300 0.026379 -0.042335
v 0.048663 0.026273 -0.043875
v 0.050285 0.030136 -0.042674
v 0.046559 0.038197 -0.043808
v 0.046235 0.032754 -0.044469
v 0.044205 0.036602 -0.045000
v 0.048786 0.033939 -0.043151
v 0.041676 0.040530 -0.045694
v 0.040614 0.045907 -0.045415
v 0.043740 0.042342 -0.044589
v 0.038824 0.044058 -0.046442
v 0.035648 0.047114 -0.047209
v 0.033463 0.051820 -0.047079
v 0.037186 0.049024 -0.046255
v 0.032218 0.049671 -0.047976
v 0.028693 0.051717 -0.048721
v 0.026017 0.055897 -0.048587
v 0.029666 0.054153 -0.047857
v 0.025240 0.053281 -0.049435
v 0.021794 0.054462 -0.050145
v 0.018669 0.058027 -0.050085
v 0.022395 0.057158 -0.049320
v 0.018265 0.055325 -0.050871
v 0.014612 0.055885 -0.051606
v 0.010793 0.056129 -0.052348
v 0.010873 0.058723 -0.051624
v 0.014836 0.058540 -0.050861
v 0.007600 -0.023260 -0.049795
v 0.007313 -0.026002 -0.048907
v 0.004825 -0.025852 -0.049336
v 0.005234 -0.023048 -0.050242
v 0.005234 -0.023048 -0.050242
v 0.002416 -0.025522 -0.049756
v 0.003013 -0.022737 -0.050692
v 0.004825 -0.025852 -0.049336
v -0.000105 -0.024957 -0.050236
v -0.002983 -0.024083 -0.050844
v -0.001952 -0.021509 -0.051730
v 0.000710 -0.022258 -0.051175
v -0.005863 -0.022995 -0.051469
v -0.008412 -0.021843 -0.051992
v -0.006713 -0.019590 -0.052713
v -0.004555 -0.020560 -0.052266
v -0.010856 -0.020529 -0.052474
v -0.013401 -0.018917 -0.052991
v -0.011148 -0.017022 -0.053670
v -0.008799 -0.018474 -0.053157
v -0.016154 -0.016852 -0.053579
v -0.019068 -0.014231 -0.054206
v -0.016381 -0.012684 -0.054836
v -0.013694 -0.015133 -0.054234
v -0.026298 -0.004526 -0.055992
v -0.025422 0.000750 -0.057104
v -0.023499 -0.003298 -0.056551
v -0.028202 -0.000205 -0.056640
v -0.031184 0.012697 -0.057734
v -0.027770 0.008802 -0.057910
v -0.030648 0.008288 -0.057445
v -0.028257 0.013058 -0.058168
v -0.030756 0.021466 -0.058143
v -0.028303 0.017245 -0.058337
v -0.031183 0.017072 -0.057991
v -0.027982 0.021377 -0.058433
v -0.027982 0.021377 -0.058433
v -0.029981 0.025932 -0.058128
v -0.027313 0.025473 -0.058455
v -0.030756 0.021466 -0.058143
v -0.024785 0.033143 -0.058255
v -0.025405 0.037649 -0.057650
v -0.022932 0.036590 -0.058042
v -0.027286 0.034059 -0.057859
v -0.020771 0.039782 -0.057766
v -0.020701 0.044407 -0.056915
v -0.018378 0.042743 -0.057428
v -0.023198 0.041132 -0.057327
v -0.014823 0.049953 -0.056033
v -0.012952 0.047911 -0.056575
v -0.015786 0.045469 -0.057029
v -0.017916 0.047360 -0.056474
v -0.007936 0.054153 -0.055027
v -0.006565 0.051847 -0.055527
v -0.009841 0.050034 -0.056072
v -0.011452 0.052200 -0.055572
v 0.017807 -0.027639 -0.018831
v 0.016423 -0.026157 -0.017232
v 0.017052 -0.025792 -0.018744
v 0.017211 -0.027987 -0.017361
v 0.005222 -0.033477 -0.009925
v 0.007684 -0.033418 -0.007297
v 0.005523 -0.033946 -0.007189
v 0.007207 -0.033000 -0.010030
v 0.008943 -0.032411 -0.010350
v 0.010641 -0.031694 -0.010919
v 0.011850 -0.031792 -0.008218
v 0.009715 -0.032724 -0.007623
v 0.015621 -0.029776 -0.010259
v 0.013641 -0.030184 -0.012645
v 0.014803 -0.029500 -0.013737
v 0.017109 -0.028880 -0.011624
v 0.018366 -0.028090 -0.013137
v 0.015751 -0.028898 -0.014920
v 0.016548 -0.028392 -0.016134
v 0.019415 -0.027429 -0.014778
v 0.020287 -0.026914 -0.016544
v 0.017211 -0.027987 -0.017361
v 0.017807 -0.027639 -0.018831
v 0.021087 -0.026507 -0.018558
v -0.003403 -0.033409 -0.011427
v -0.007939 -0.032890 -0.010857
v -0.006587 -0.032381 -0.012964
v -0.004250 -0.034010 -0.009099
v -0.006587 -0.032381 -0.012964
v -0.010684 -0.031336 -0.012921
v -0.008899 -0.031114 -0.014772
v -0.007939 -0.032890 -0.010857
v -0.012571 -0.029596 -0.015285
v -0.011439 -0.028486 -0.019025
v -0.010435 -0.029782 -0.016783
v -0.013836 -0.027845 -0.018113
v -0.014460 -0.026518 -0.020939
v -0.012152 -0.026915 -0.022899
v -0.011974 -0.027500 -0.021164
v -0.014690 -0.025713 -0.023243
v 0.007313 -0.026002 -0.048907
v 0.009945 -0.023406 -0.049370
v 0.009751 -0.026035 -0.048475
v 0.007600 -0.023260 -0.049795
v 0.001037 -0.027709 -0.040158
v -0.000840 -0.027147 -0.043093
v 0.001407 -0.027432 -0.043375
v -0.000879 -0.027513 -0.039610
v -0.002824 -0.027266 -0.038795
v -0.005327 -0.026322 -0.041987
v -0.003098 -0.026776 -0.042630
v -0.004532 -0.027017 -0.037830
v -0.006900 -0.026639 -0.035948
v -0.007441 -0.025823 -0.041114
v -0.005793 -0.026820 -0.036927
v -0.009366 -0.025344 -0.039864
v -0.009277 -0.026253 -0.033080
v -0.011055 -0.024933 -0.038121
v -0.008092 -0.026443 -0.034676
v -0.012512 -0.024575 -0.036008
v -0.009277 -0.026253 -0.033080
v -0.013720 -0.024291 -0.033712
v -0.012512 -0.024575 -0.036008
v -0.010344 -0.026105 -0.031130
v -0.014539 -0.024229 -0.031183
v -0.011169 -0.026082 -0.028941
v -0.014838 -0.024538 -0.028316
v -0.011747 -0.026232 -0.026679
v 0.021878 -0.026188 -0.020961
v 0.018359 -0.027327 -0.020793
v 0.018721 -0.027131 -0.022959
v 0.022503 -0.026011 -0.023526
v 0.018755 -0.027090 -0.026879
v 0.022868 -0.025974 -0.026042
v 0.018849 -0.027062 -0.024998
v 0.023054 -0.026005 -0.028538
v 0.023028 -0.026070 -0.030969
v 0.018018 -0.027306 -0.030222
v 0.022513 -0.026231 -0.033228
v 0.018474 -0.027177 -0.028575
v 0.021289 -0.026544 -0.035235
v 0.018018 -0.027306 -0.030222
v 0.017340 -0.027469 -0.031940
v 0.022513 -0.026231 -0.033228
v 0.019594 -0.026922 -0.036941
v 0.016425 -0.027634 -0.033599
v 0.017822 -0.027241 -0.038386
v 0.015299 -0.027772 -0.035100
v 0.016051 -0.027482 -0.039635
v 0.013989 -0.027883 -0.036474
v 0.014256 -0.027659 -0.040717
v 0.012504 -0.027977 -0.037707
v -0.004155 -0.005848 -0.029755
v -0.003793 -0.006161 -0.031098
v -0.004624 -0.006100 -0.030144
v -0.003239 -0.005864 -0.030643
v 0.009497 0.006480 -0.013732
v 0.008928 0.005415 -0.013534
v 0.008898 0.005771 -0.013123
v 0.009524 0.006089 -0.014184
v 0.009404 0.006872 -0.013291
v 0.008656 0.006482 -0.012338
v 0.009244 0.007262 -0.012866
v 0.008807 0.006128 -0.012723
v 0.009483 0.005706 -0.014641
v 0.008802 0.004726 -0.014364
v 0.008896 0.005065 -0.013949
v 0.009374 0.005334 -0.015097
v 0.009019 0.007643 -0.012463
v 0.008183 0.007161 -0.011635
v 0.008734 0.008011 -0.012088
v 0.008447 0.006827 -0.011974
v 0.009200 0.004980 -0.015546
v 0.008438 0.004097 -0.015172
v 0.008649 0.004402 -0.014774
v 0.008962 0.004647 -0.015982
v 0.008391 0.008361 -0.011745
v 0.007503 0.007773 -0.011050
v 0.007996 0.008688 -0.011438
v 0.007867 0.007478 -0.011326
v 0.008664 0.004339 -0.016400
v 0.007853 0.003561 -0.015913
v 0.008171 0.003816 -0.015553
v 0.008309 0.004062 -0.016793
v 0.007996 0.008688 -0.011438
v 0.007503 0.007773 -0.011050
v 0.007552 0.008989 -0.011173
v 0.007096 0.008044 -0.010812
v 0.007079 0.003145 -0.016551
v 0.007449 0.003611 -0.017488
v 0.006955 0.003443 -0.017781
v 0.006632 0.002989 -0.016821
v 0.006651 0.008287 -0.010614
v 0.006174 0.008499 -0.010459
v 0.006545 0.009494 -0.010777
v 0.007067 0.009259 -0.010951
v 0.006154 0.002870 -0.017052
v 0.006427 0.003317 -0.018031
v 0.005871 0.003234 -0.018236
v 0.005651 0.002791 -0.017242
v 0.005671 0.008676 -0.010349
v 0.005150 0.008816 -0.010286
v 0.005423 0.009851 -0.010577
v 0.005995 0.009692 -0.010651
v 0.005296 0.003195 -0.018394
v 0.004594 0.002754 -0.017491
v 0.005129 0.002752 -0.017389
v 0.004707 0.003201 -0.018501
v 0.007392 0.020175 0.004661
v 0.004500 0.019747 0.000828
v 0.004491 0.020524 0.004489
v 0.007190 0.019428 0.000973
v 0.004055 0.002797 -0.017546
v 0.004707 0.003201 -0.018501
v 0.004114 0.003252 -0.018557
v 0.004594 0.002754 -0.017491
v 0.003653 0.010068 -0.010666
v 0.003538 0.009004 -0.010380
v 0.003009 0.008985 -0.010505
v 0.003070 0.010052 -0.010799
v 0.002988 0.003001 -0.017514
v 0.003524 0.003347 -0.018561
v 0.002944 0.003484 -0.018512
v 0.003517 0.002879 -0.017554
v 0.002503 0.009991 -0.010980
v 0.002495 0.008926 -0.010674
v 0.002004 0.008827 -0.010885
v 0.001960 0.009886 -0.011209
v 0.002382 0.003663 -0.018412
v 0.001845 0.003880 -0.018262
v 0.001985 0.003355 -0.017295
v 0.002475 0.003160 -0.017428
v 0.001448 0.009739 -0.011481
v 0.001541 0.008690 -0.011136
v 0.001113 0.008516 -0.011423
v 0.000974 0.009551 -0.011793
v 0.001341 0.004133 -0.018064
v 0.000876 0.004419 -0.017820
v 0.001097 0.003840 -0.016900
v 0.001523 0.003582 -0.017119
v 0.000543 0.009325 -0.012141
v 0.001113 0.008516 -0.011423
v 0.000725 0.008307 -0.011742
v 0.000974 0.009551 -0.011793
v 0.000370 0.004430 -0.016350
v -0.000229 0.005432 -0.016848
v 0.000079 0.004756 -0.016025
v 0.000086 0.005072 -0.017208
v 0.000382 0.008067 -0.012090
v -0.000165 0.008771 -0.012927
v 0.000162 0.009064 -0.012520
v 0.000090 0.007798 -0.012461
v -0.000158 0.005096 -0.015673
v -0.000676 0.006193 -0.016044
v -0.000338 0.005446 -0.015298
v -0.000484 0.005807 -0.016459
v -0.000150 0.007505 -0.012852
v -0.000640 0.008106 -0.013797
v -0.000433 0.008451 -0.013354
v -0.000332 0.007190 -0.013256
v -0.000520 0.006159 -0.014499
v -0.000804 0.006585 -0.015610
v -0.000864 0.006977 -0.015163
v -0.000459 0.005802 -0.014905
v -0.000456 0.006857 -0.013669
v -0.000856 0.007365 -0.014708
v -0.000781 0.007743 -0.014250
v -0.000518 0.006512 -0.014085
v 0.010151 -0.005914 -0.028146
v 0.009650 -0.006219 -0.027037
v 0.010175 -0.006414 -0.027163
v 0.009576 -0.005701 -0.028008
v 0.010175 -0.006414 -0.027163
v 0.010751 -0.006084 -0.028227
v 0.010151 -0.005914 -0.028146
v 0.010722 -0.006568 -0.027237
v 0.008287 -0.005426 -0.026372
v 0.008532 -0.005156 -0.027571
v 0.008080 -0.004831 -0.027279
v 0.008700 -0.005722 -0.026639
v 0.011284 -0.006680 -0.027258
v 0.011991 -0.006281 -0.028215
v 0.011368 -0.006206 -0.028250
v 0.011852 -0.006749 -0.027226
v 0.007925 -0.005105 -0.026065
v 0.007346 -0.004103 -0.026566
v 0.007618 -0.004763 -0.025723
v 0.007682 -0.004479 -0.026942
v 0.013223 -0.006282 -0.027972
v 0.013514 -0.006682 -0.026820
v 0.013814 -0.006208 -0.027769
v 0.012976 -0.006750 -0.027005
v 0.007371 -0.004404 -0.025349
v 0.006874 -0.003306 -0.025719
v 0.007188 -0.004035 -0.024951
v 0.007075 -0.003710 -0.026156
v 0.014376 -0.006086 -0.027515
v 0.014505 -0.006418 -0.026313
v 0.014901 -0.005917 -0.027212
v 0.014026 -0.006571 -0.026588
v 0.007071 -0.003661 -0.024533
v 0.006691 -0.002484 -0.024788
v 0.007022 -0.003286 -0.024101
v 0.006745 -0.002895 -0.025261
v 0.015382 -0.005705 -0.026867
v 0.015335 -0.005993 -0.025648
v 0.015811 -0.005451 -0.026484
v 0.014944 -0.006224 -0.025998
v 0.007022 -0.003286 -0.024101
v 0.006691 -0.002484 -0.024788
v 0.007041 -0.002917 -0.023663
v 0.006712 -0.002079 -0.024307
v 0.015811 -0.005451 -0.026484
v 0.015335 -0.005993 -0.025648
v 0.016183 -0.005160 -0.026068
v 0.015674 -0.005728 -0.025270
v 0.007129 -0.002559 -0.023224
v 0.006809 -0.001686 -0.023825
v 0.007284 -0.002217 -0.022790
v 0.006979 -0.001311 -0.023350
v 0.016492 -0.004837 -0.025626
v 0.015956 -0.005433 -0.024866
v 0.016733 -0.004485 -0.025164
v 0.016175 -0.005112 -0.024445
v 0.007504 -0.001897 -0.022369
v 0.007220 -0.000959 -0.022887
v 0.007786 -0.001601 -0.021966
v 0.007528 -0.000635 -0.022445
v 0.008516 -0.001106 -0.021238
v 0.008810 0.000121 -0.021301
v 0.008955 -0.000912 -0.020923
v 0.008329 -0.000091 -0.021646
v 0.009433 -0.000758 -0.020648
v 0.009898 0.000412 -0.020744
v 0.009946 -0.000647 -0.020416
v 0.009336 0.000290 -0.020999
v 0.010484 -0.000580 -0.020230
v 0.011099 0.000510 -0.020392
v 0.011041 -0.000558 -0.020094
v 0.010488 0.000486 -0.020541
v 0.011041 -0.000558 -0.020094
v 0.011720 0.000485 -0.020299
v 0.011607 -0.000581 -0.020010
v 0.011099 0.000510 -0.020392
v 0.016966 -0.002901 -0.023253
v 0.016272 -0.003294 -0.022285
v 0.016838 -0.002490 -0.022794
v 0.016389 -0.003669 -0.022703
v 0.012344 0.000410 -0.020264
v 0.012738 -0.000761 -0.019999
v 0.012176 -0.000649 -0.019978
v 0.012960 0.000288 -0.020287
v 0.016637 -0.002086 -0.022357
v 0.015842 -0.002567 -0.021513
v 0.016366 -0.001693 -0.021947
v 0.016088 -0.002925 -0.021886
v 0.013560 0.000118 -0.020368
v 0.013809 -0.001110 -0.020198
v 0.013285 -0.000916 -0.020073
v 0.014136 -0.000095 -0.020506
v 0.016029 -0.001317 -0.021572
v 0.015173 -0.001903 -0.020863
v 0.015632 -0.000965 -0.021235
v 0.015535 -0.002225 -0.021170
v 0.014678 -0.000349 -0.020698
v 0.014760 -0.001608 -0.020597
v 0.014303 -0.001342 -0.020374
v 0.015179 -0.000640 -0.020942
v -0.016395 0.007263 -0.016264
v -0.016111 0.007573 -0.017399
v -0.016509 0.007763 -0.017253
v -0.016040 0.007092 -0.016396
v -0.016509 0.007763 -0.017253
v -0.016882 0.007974 -0.017077
v -0.016728 0.007453 -0.016104
v -0.016395 0.007263 -0.016264
v -0.015666 0.006943 -0.016498
v -0.015257 0.007269 -0.017591
v -0.015692 0.007408 -0.017512
v -0.015276 0.006817 -0.016571
v -0.017314 0.007888 -0.015708
v -0.017819 0.008723 -0.016380
v -0.017562 0.008127 -0.015476
v -0.017540 0.008457 -0.016638
v -0.014876 0.006715 -0.016613
v -0.014352 0.007073 -0.017647
v -0.014809 0.007157 -0.017636
v -0.014467 0.006638 -0.016624
v -0.017777 0.008377 -0.015223
v -0.018263 0.009293 -0.015798
v -0.017956 0.008638 -0.014953
v -0.018061 0.009003 -0.016099
v -0.013892 0.007018 -0.017623
v -0.013644 0.006564 -0.016553
v -0.013433 0.006993 -0.017564
v -0.014055 0.006588 -0.016604
v -0.018097 0.008904 -0.014668
v -0.018540 0.009893 -0.015149
v -0.018200 0.009175 -0.014370
v -0.018423 0.009590 -0.015480
v -0.012533 0.007032 -0.017345
v -0.012449 0.006652 -0.016220
v -0.012101 0.007096 -0.017187
v -0.012837 0.006596 -0.016360
v -0.018200 0.009175 -0.014370
v -0.018614 0.010197 -0.014806
v -0.018264 0.009448 -0.014063
v -0.018540 0.009893 -0.015149
v -0.011688 0.007189 -0.016998
v -0.011726 0.006841 -0.015860
v -0.011296 0.007310 -0.016781
v -0.012078 0.006734 -0.016053
v -0.018287 0.009720 -0.013749
v -0.018625 0.010800 -0.014102
v -0.018270 0.009988 -0.013432
v -0.018642 0.010500 -0.014456
v -0.010929 0.007458 -0.016538
v -0.011093 0.007125 -0.015405
v -0.010592 0.007631 -0.016270
v -0.011396 0.006972 -0.015643
v -0.018212 0.010249 -0.013114
v -0.018563 0.011092 -0.013748
v -0.018046 0.010623 -0.012645
v -0.018382 0.011511 -0.013223
v -0.010018 0.008046 -0.015673
v -0.010818 0.007301 -0.015147
v -0.010575 0.007495 -0.014872
v -0.010287 0.007828 -0.015981
v -0.018046 0.010623 -0.012645
v -0.018382 0.011511 -0.013223
v -0.017805 0.010972 -0.012189
v -0.018116 0.011902 -0.012713
v -0.010018 0.008046 -0.015673
v -0.010575 0.007495 -0.014872
v -0.009786 0.008284 -0.015350
v -0.010365 0.007708 -0.014583
v -0.017595 0.011185 -0.011900
v -0.017884 0.012140 -0.012390
v -0.017352 0.011379 -0.011625
v -0.017614 0.012358 -0.012082
v -0.009594 0.008540 -0.015013
v -0.010191 0.007936 -0.014282
v -0.009444 0.008811 -0.014667
v -0.010055 0.008178 -0.013972
v -0.016774 0.011708 -0.011129
v -0.016606 0.012876 -0.011282
v -0.016444 0.011839 -0.010912
v -0.016972 0.012728 -0.011525
v -0.009338 0.009094 -0.014315
v -0.009958 0.008431 -0.013657
v -0.009276 0.009386 -0.013961
v -0.009900 0.008692 -0.013340
v -0.009906 0.009232 -0.012709
v -0.009259 0.009686 -0.013606
v -0.009883 0.008960 -0.013023
v -0.009288 0.009989 -0.013257
v -0.015333 0.012084 -0.010412
v -0.014923 0.013188 -0.010592
v -0.014934 0.012113 -0.010300
v -0.015368 0.013154 -0.010718
v -0.009478 0.010596 -0.012582
v -0.010214 0.010042 -0.011819
v -0.009639 0.010893 -0.012265
v -0.010072 0.009776 -0.012104
v -0.014934 0.012113 -0.010300
v -0.014469 0.013193 -0.010499
v -0.014526 0.012116 -0.010219
v -0.014923 0.013188 -0.010592
v -0.009841 0.011183 -0.011964
v -0.010608 0.010553 -0.011296
v -0.010082 0.011463 -0.011683
v -0.010393 0.010303 -0.011548
v -0.014009 0.013168 -0.010440
v -0.013703 0.012042 -0.010147
v -0.014115 0.012092 -0.010168
v -0.013549 0.013113 -0.010416
v -0.007373 0.019169 -0.002131
v -0.010361 0.011729 -0.011425
v -0.010675 0.011979 -0.011192
v -0.013093 0.013029 -0.010426
v -0.012893 0.011863 -0.010201
v -0.013294 0.011965 -0.010159
v -0.012645 0.012917 -0.010472
v -0.011393 0.012423 -0.010809
v -0.011442 0.011227 -0.010668
v -0.011775 0.011417 -0.010508
v -0.011020 0.012212 -0.010986
v 0.015842 -0.002567 -0.021513
v 0.012419 -0.006772 -0.027141
v 0.015535 -0.002225 -0.021170
v -0.000165 0.008771 -0.012927
v -0.009361 0.010293 -0.012914
v 0.000162 0.009064 -0.012520
v -0.009361 0.010293 -0.012914
v -0.000165 0.008771 -0.012927
v -0.009288 0.009989 -0.013257
v 0.006955 0.003443 -0.017781
v 0.009336 0.000290 -0.020999
v 0.006427 0.003317 -0.018031
v 0.009898 0.000412 -0.020744
v -0.002483 0.019826 -0.000421
v 0.002503 0.009991 -0.010980
v -0.004898 0.019566 -0.001192
v 0.002503 0.009991 -0.010980
v -0.002483 0.019826 -0.000421
v 0.003070 0.010052 -0.010799
v -0.018642 0.010500 -0.014456
v -0.023485 0.010670 -0.015193
v -0.022158 0.012153 -0.013199
v -0.023485 0.010670 -0.015193
v -0.018642 0.010500 -0.014456
v -0.018614 0.010197 -0.014806
v 0.007449 0.003611 -0.017488
v 0.009898 0.000412 -0.020744
v 0.006955 0.003443 -0.017781
v 0.010488 0.000486 -0.020541
v 0.012960 0.000288 -0.020287
v 0.009200 0.004980 -0.015546
v 0.009374 0.005334 -0.015097
v -0.017441 0.015698 -0.008138
v -0.015800 0.013090 -0.010876
v -0.016214 0.012997 -0.011065
v -0.011688 0.007189 -0.016998
v -0.011296 0.007310 -0.016781
v -0.009970 0.003389 -0.021099
v -0.007373 0.019169 -0.002131
v -0.010675 0.011979 -0.011192
v -0.011020 0.012212 -0.010986
v -0.019222 0.014538 -0.009839
v -0.017309 0.012555 -0.011793
v -0.017614 0.012358 -0.012082
v -0.017441 0.015698 -0.008138
v -0.014923 0.013188 -0.010592
v -0.015368 0.013154 -0.010718
v -0.014923 0.013188 -0.010592
v -0.017441 0.015698 -0.008138
v -0.015584 0.016702 -0.006601
v -0.020716 0.013420 -0.011436
v -0.017614 0.012358 -0.012082
v -0.017884 0.012140 -0.012390
v -0.017614 0.012358 -0.012082
v -0.020716 0.013420 -0.011436
v -0.019222 0.014538 -0.009839
v -0.022158 0.012153 -0.013199
v -0.018625 0.010800 -0.014102
v -0.018642 0.010500 -0.014456
v -0.016792 -0.000706 -0.027221
v -0.026820 0.000173 -0.028138
v -0.026845 0.001202 -0.026936
v -0.026817 0.002357 -0.025577
v -0.016792 -0.000706 -0.027221
v -0.026845 0.001202 -0.026936
v -0.016806 -0.001209 -0.027812
v -0.026820 0.000173 -0.028138
v -0.016792 -0.000706 -0.027221
v -0.026820 0.000173 -0.028138
v -0.016806 -0.001209 -0.027812
v -0.016745 -0.001717 -0.028396
v -0.012209 0.012778 -0.010551
v -0.012130 0.011588 -0.010376
v -0.012504 0.011737 -0.010273
v -0.011791 0.012613 -0.010664
v -0.004398 -0.006416 -0.031514
v -0.009938 -0.018360 -0.046613
v -0.005046 -0.006626 -0.031886
v -0.003793 -0.006161 -0.031098
v -0.009938 -0.018360 -0.046613
v -0.004398 -0.006416 -0.031514
v -0.004398 -0.006416 -0.031514
v -0.004624 -0.006100 -0.030144
v -0.003793 -0.006161 -0.031098
v -0.005136 -0.006316 -0.030501
v -0.007190 -0.006973 -0.032707
v -0.013868 -0.016404 -0.045076
v -0.007949 -0.006989 -0.032874
v -0.006449 -0.006906 -0.032486
v -0.013868 -0.016404 -0.045076
v -0.007190 -0.006973 -0.032707
v -0.006267 -0.006633 -0.031100
v -0.006449 -0.006906 -0.032486
v -0.006875 -0.006730 -0.031338
v -0.005732 -0.006790 -0.032211
v -0.008717 -0.006956 -0.032984
v -0.013868 -0.016404 -0.045076
v -0.009487 -0.006873 -0.033036
v -0.007949 -0.006989 -0.032874
v -0.013868 -0.016404 -0.045076
v -0.008717 -0.006956 -0.032984
v -0.007503 -0.006786 -0.031530
v -0.007949 -0.006989 -0.032874
v -0.008147 -0.006799 -0.031676
v -0.007190 -0.006973 -0.032707
v -0.008147 -0.006799 -0.031676
v -0.008717 -0.006956 -0.032984
v -0.008799 -0.006770 -0.031774
v -0.007949 -0.006989 -0.032874
v -0.009453 -0.006698 -0.031824
v -0.010252 -0.006742 -0.033030
v -0.010103 -0.006584 -0.031823
v -0.009487 -0.006873 -0.033036
v -0.010252 -0.006742 -0.033030
v -0.017132 -0.014200 -0.043121
v -0.011005 -0.006562 -0.032965
v -0.011005 -0.006562 -0.032965
v -0.011366 -0.006237 -0.031675
v -0.010743 -0.006430 -0.031773
v -0.011738 -0.006337 -0.032843
v -0.011005 -0.006562 -0.032965
v -0.017132 -0.014200 -0.043121
v -0.011738 -0.006337 -0.032843
v -0.020587 -0.011255 -0.040333
v -0.013750 -0.005410 -0.032146
v -0.013117 -0.005759 -0.032432
v -0.013750 -0.005410 -0.032146
v -0.020587 -0.011255 -0.040333
v -0.023273 -0.008219 -0.037291
v -0.016745 -0.001717 -0.028396
v -0.025846 -0.003505 -0.032258
v -0.026820 0.000173 -0.028138
v -0.025846 -0.003505 -0.032258
v -0.016745 -0.001717 -0.028396
v -0.016608 -0.002226 -0.028967
v -0.025846 -0.003505 -0.032258
v -0.016398 -0.002731 -0.029518
v -0.016116 -0.003227 -0.030045
v -0.015765 -0.003709 -0.030542
v -0.023273 -0.008219 -0.037291
v -0.025846 -0.003505 -0.032258
v -0.015349 -0.004173 -0.031005
v -0.023273 -0.008219 -0.037291
v -0.015765 -0.003709 -0.030542
v -0.012444 -0.006068 -0.032665
v -0.012539 -0.005741 -0.031335
v -0.011967 -0.006007 -0.031528
v -0.013117 -0.005759 -0.032432
v -0.013578 -0.005116 -0.030816
v -0.013750 -0.005410 -0.032146
v -0.014336 -0.005028 -0.031811
v -0.013078 -0.005443 -0.031097
v -0.014441 -0.004385 -0.030140
v -0.014871 -0.004614 -0.031430
v -0.015349 -0.004173 -0.031005
v -0.014034 -0.004762 -0.030496
v -0.015765 -0.003709 -0.030542
v -0.016116 -0.003227 -0.030045
v -0.015097 -0.003577 -0.029330
v -0.014797 -0.003989 -0.029750
v -0.016398 -0.002731 -0.029518
v -0.016608 -0.002226 -0.028967
v -0.015520 -0.002723 -0.028419
v -0.015339 -0.003154 -0.028885
v -0.015638 -0.002289 -0.027937
v -0.016745 -0.001717 -0.028396
v -0.015693 -0.001856 -0.027442
v -0.016806 -0.001209 -0.027812
v -0.015683 -0.001427 -0.026940
v -0.016792 -0.000706 -0.027221
v -0.015610 -0.001008 -0.026436
v -0.016703 -0.000214 -0.026627
v -0.016539 0.000263 -0.026036
v -0.015274 -0.000212 -0.025440
v -0.015473 -0.000601 -0.025934
v -0.016302 0.000720 -0.025455
v -0.015618 0.001556 -0.024341
v -0.014327 0.000816 -0.024047
v -0.014698 0.000500 -0.024492
v -0.015179 0.001928 -0.023820
v -0.014679 0.002264 -0.023330
v -0.013436 0.001354 -0.023238
v -0.013905 0.001102 -0.023628
v -0.014125 0.002561 -0.022875
v -0.013520 0.002815 -0.022459
v -0.012375 0.001749 -0.022562
v -0.012924 0.001570 -0.022882
v -0.012872 0.003026 -0.022087
v -0.012186 0.003190 -0.021762
v -0.011185 0.001985 -0.022045
v -0.011793 0.001887 -0.022282
v -0.011469 0.003305 -0.021487
v -0.010557 0.002040 -0.021852
v -0.011469 0.003305 -0.021487
v -0.010728 0.003372 -0.021266
v -0.011185 0.001985 -0.022045
v -0.009261 0.002024 -0.021608
v -0.009970 0.003389 -0.021099
v -0.009202 0.003356 -0.020989
v -0.009913 0.002053 -0.021706
v -0.007317 0.001684 -0.021609
v -0.007666 0.003141 -0.020943
v -0.006913 0.002962 -0.021008
v -0.007957 0.001838 -0.021559
v -0.006694 0.001491 -0.021708
v -0.005474 0.002468 -0.021308
v -0.006093 0.001261 -0.021855
v -0.006180 0.002737 -0.021129
v -0.005521 0.000995 -0.022048
v -0.004168 0.001810 -0.021826
v -0.004982 0.000698 -0.022286
v -0.004801 0.002158 -0.021541
v -0.004482 0.000370 -0.022566
v -0.003047 0.001013 -0.022543
v -0.004026 0.000016 -0.022886
v -0.003582 0.001427 -0.022161
v -0.003619 -0.000360 -0.023243
v -0.002153 0.000108 -0.023431
v -0.003263 -0.000757 -0.023633
v -0.002569 0.000572 -0.022968
v -0.002963 -0.001168 -0.024053
v -0.001520 -0.000870 -0.024455
v -0.002721 -0.001592 -0.024497
v -0.001802 -0.000374 -0.023928
v -0.001174 -0.001884 -0.025576
v -0.002422 -0.002457 -0.025446
v -0.002540 -0.002023 -0.024963
v -0.001310 -0.001375 -0.025006
v -0.001126 -0.002895 -0.026752
v -0.002377 -0.003319 -0.026442
v -0.002367 -0.002890 -0.025941
v -0.001112 -0.002392 -0.026160
v -0.002450 -0.003738 -0.026947
v -0.001215 -0.003387 -0.027346
v -0.001380 -0.003863 -0.027937
v -0.002587 -0.004144 -0.027449
v -0.002786 -0.004533 -0.027943
v -0.001617 -0.004320 -0.028518
v -0.001924 -0.004753 -0.029085
v -0.003045 -0.004902 -0.028425
v -0.003362 -0.005246 -0.028891
v -0.002300 -0.005157 -0.029631
v -0.002739 -0.005529 -0.030152
v -0.003733 -0.005562 -0.029336
v -0.014336 -0.005028 -0.031811
v -0.023273 -0.008219 -0.037291
v -0.014871 -0.004614 -0.031430
v -0.003239 -0.005864 -0.030643
v -0.005749 -0.019970 -0.047694
v -0.007844 -0.019165 -0.047153
v -0.005749 -0.019970 -0.047694
v -0.003239 -0.005864 -0.030643
v -0.002739 -0.005529 -0.030152
v -0.009970 0.003389 -0.021099
v -0.012101 0.007096 -0.017187
v -0.011688 0.007189 -0.016998
v -0.010728 0.003372 -0.021266
v -0.012101 0.007096 -0.017187
v -0.009970 0.003389 -0.021099
v -0.026300 0.005398 -0.021914
v -0.015994 0.001152 -0.024888
v -0.026687 0.003757 -0.023911
v -0.016302 0.000720 -0.025455
v -0.026817 0.002357 -0.025577
v -0.015994 0.001152 -0.024888
v -0.026817 0.002357 -0.025577
v -0.016302 0.000720 -0.025455
v -0.016539 0.000263 -0.026036
v 0.006427 0.003317 -0.018031
v 0.009336 0.000290 -0.020999
v 0.008810 0.000121 -0.021301
v 0.005871 0.003234 -0.018236
v 0.007902 0.003818 -0.017158
v 0.010488 0.000486 -0.020541
v 0.007449 0.003611 -0.017488
v 0.011099 0.000510 -0.020392
v 0.008357 0.014008 0.008364
v 0.009552 0.016659 0.006711
v 0.006379 0.017726 0.007323
v 0.005730 0.015201 0.009606
v -0.000640 0.008106 -0.013797
v -0.009259 0.009686 -0.013606
v -0.000433 0.008451 -0.013354
v -0.009259 0.009686 -0.013606
v -0.000640 0.008106 -0.013797
v -0.009276 0.009386 -0.013961
v 0.010128 0.018944 0.000969
v 0.005423 0.009851 -0.010577
v 0.007190 0.019428 0.000973
v 0.005423 0.009851 -0.010577
v 0.010128 0.018944 0.000969
v 0.005995 0.009692 -0.010651
v 0.006545 0.009494 -0.010777
v 0.010128 0.018944 0.000969
v 0.012898 0.018347 0.000801
v 0.005995 0.009692 -0.010651
v 0.006545 0.009494 -0.010777
v 0.012898 0.018347 0.000801
v 0.007067 0.009259 -0.010951
v 0.015401 0.017659 0.000484
v 0.002115 0.019910 0.000562
v 0.003653 0.010068 -0.010666
v -0.000169 0.019937 0.000155
v 0.003653 0.010068 -0.010666
v 0.002115 0.019910 0.000562
v 0.004244 0.010040 -0.010585
v -0.011296 0.007310 -0.016781
v -0.009202 0.003356 -0.020989
v -0.009970 0.003389 -0.021099
v -0.009202 0.003356 -0.020989
v -0.011296 0.007310 -0.016781
v -0.010929 0.007458 -0.016538
v -0.009276 0.009386 -0.013961
v -0.000640 0.008106 -0.013797
v -0.000781 0.007743 -0.014250
v -0.000781 0.007743 -0.014250
v -0.009338 0.009094 -0.014315
v -0.009276 0.009386 -0.013961
v 0.004500 0.019747 0.000828
v 0.004244 0.010040 -0.010585
v 0.002115 0.019910 0.000562
v 0.004244 0.010040 -0.010585
v 0.004500 0.019747 0.000828
v 0.004837 0.009967 -0.010555
v -0.000169 0.019937 0.000155
v 0.003070 0.010052 -0.010799
v -0.002483 0.019826 -0.000421
v 0.003070 0.010052 -0.010799
v -0.000169 0.019937 0.000155
v 0.003653 0.010068 -0.010666
v -0.017441 0.015698 -0.008138
v -0.016214 0.012997 -0.011065
v -0.016606 0.012876 -0.011282
v -0.004898 0.019566 -0.001192
v 0.002503 0.009991 -0.010980
v 0.001960 0.009886 -0.011209
v -0.007373 0.019169 -0.002131
v -0.009841 0.011183 -0.011964
v 0.000543 0.009325 -0.012141
v -0.009639 0.010893 -0.012265
v 0.000543 0.009325 -0.012141
v -0.009841 0.011183 -0.011964
v 0.000974 0.009551 -0.011793
v -0.009639 0.010893 -0.012265
v 0.000543 0.009325 -0.012141
v -0.009478 0.010596 -0.012582
v -0.009478 0.010596 -0.012582
v 0.000543 0.009325 -0.012141
v 0.000162 0.009064 -0.012520
v -0.009478 0.010596 -0.012582
v 0.000162 0.009064 -0.012520
v -0.009361 0.010293 -0.012914
v -0.000433 0.008451 -0.013354
v -0.009288 0.009989 -0.013257
v -0.000165 0.008771 -0.012927
v -0.009288 0.009989 -0.013257
v -0.000433 0.008451 -0.013354
v -0.009259 0.009686 -0.013606
v 0.000852 0.009002 0.052852
v 0.001095 0.005858 0.055674
v 0.001434 0.005819 0.052841
v 0.000548 0.008675 0.055909
v 0.000820 0.012639 0.042802
v -0.000858 0.015948 0.046228
v 0.000510 0.012670 0.046351
v -0.000562 0.016030 0.042323
v 0.001768 0.002622 0.053089
v 0.001491 0.000105 0.056418
v 0.001864 -0.000590 0.053597
v 0.001406 0.003003 0.055858
v 0.000510 0.012670 0.046351
v 0.001448 0.009139 0.046570
v 0.001765 0.008973 0.043229
v 0.000820 0.012639 0.042802
v 0.002407 0.001879 0.047238
v 0.002191 -0.001164 0.050747
v 0.002507 -0.001722 0.047669
v 0.002091 0.002267 0.050278
v 0.036713 -0.011042 -0.015859
v 0.033642 -0.013231 -0.014122
v 0.034953 -0.013594 -0.016108
v 0.035506 -0.010326 -0.013960
v 0.027664 -0.019013 -0.012829
v 0.029091 -0.018945 -0.014823
v 0.031673 -0.015869 -0.014403
v 0.030228 -0.015724 -0.012421
v 0.034337 -0.009530 -0.012023
v 0.030876 -0.012224 -0.010207
v 0.032295 -0.012798 -0.012150
v 0.033122 -0.008538 -0.010101
v 0.040889 -0.003852 -0.015688
v 0.037773 -0.006454 -0.013900
v 0.038687 -0.007643 -0.015778
v 0.040265 -0.002096 -0.013884
v -0.014793 -0.025111 -0.025523
v -0.019767 -0.020767 -0.025566
v -0.014838 -0.024538 -0.028316
v -0.019464 -0.020580 -0.029015
v 0.026150 -0.019075 -0.010962
v 0.026967 -0.015337 -0.008665
v 0.024444 -0.019163 -0.009187
v 0.028682 -0.015537 -0.010508
v 0.039563 -0.000373 -0.012135
v 0.035808 -0.003884 -0.010232
v 0.036825 -0.005217 -0.012044
v 0.038755 0.001269 -0.010474
v 0.031779 -0.007383 -0.008175
v 0.027557 -0.010808 -0.006421
v 0.029319 -0.011548 -0.008296
v 0.030227 -0.006094 -0.006222
v 0.024901 -0.022238 -0.013337
v 0.020287 -0.026914 -0.016544
v 0.026212 -0.022004 -0.015308
v 0.019415 -0.027429 -0.014778
v 0.022438 -0.019309 -0.007471
v 0.022667 -0.014942 -0.005178
v 0.020058 -0.019448 -0.005874
v 0.025015 -0.015151 -0.006892
v 0.021921 -0.022783 -0.009835
v 0.017109 -0.028880 -0.011624
v 0.018366 -0.028090 -0.013137
v 0.023514 -0.022487 -0.011532
v 0.015179 -0.014920 -0.001881
v 0.017224 -0.019516 -0.004460
v 0.019761 -0.014670 -0.003511
v 0.013796 -0.019463 -0.003370
v 0.017753 -0.023541 -0.006719
v 0.013876 -0.030756 -0.009109
v 0.015621 -0.029776 -0.010259
v 0.019990 -0.023159 -0.008184
v 0.011850 -0.031792 -0.008218
v 0.015241 -0.023851 -0.005579
v 0.012356 -0.024003 -0.004741
v 0.009715 -0.032724 -0.007623
v 0.007684 -0.033418 -0.007297
v 0.009000 -0.023909 -0.004184
v 0.005456 -0.023745 -0.004180
v 0.005523 -0.033946 -0.007189
v 0.037718 0.002932 -0.008764
v 0.033191 -0.000824 -0.006458
v 0.034628 -0.002428 -0.008394
v 0.036347 0.004731 -0.006883
v 0.022667 -0.014942 -0.005178
v 0.023136 -0.009141 -0.002739
v 0.019761 -0.014670 -0.003511
v 0.025508 -0.009996 -0.004595
v 0.010034 -0.015572 -0.000883
v 0.013796 -0.019463 -0.003370
v 0.015179 -0.014920 -0.001881
v 0.009697 -0.019260 -0.002649
v 0.011831 -0.011931 0.000518
v 0.009534 -0.013541 0.000430
v 0.010034 -0.015572 -0.000883
v 0.015179 -0.014920 -0.001881
v 0.014371 -0.008323 0.001248
v 0.015179 -0.014920 -0.001881
v 0.019651 -0.008491 -0.000824
v 0.011831 -0.011931 0.000518
v 0.034702 0.006644 -0.004978
v 0.029800 0.002725 -0.002768
v 0.031561 0.000903 -0.004543
v 0.032840 0.008636 -0.003202
v 0.030725 0.010611 -0.001601
v 0.025707 0.006508 0.000434
v 0.027864 0.004606 -0.001115
v 0.028347 0.012454 -0.000174
v 0.015938 -0.001483 0.003221
v 0.019792 0.004113 0.002889
v 0.015174 0.000953 0.004526
v 0.021338 0.001834 0.001471
v 0.018098 0.006236 0.004125
v 0.019179 0.011660 0.004017
v 0.016277 0.008207 0.005137
v 0.021302 0.010095 0.003018
v 0.014108 0.003425 0.005687
v 0.016277 0.008207 0.005137
v 0.012735 0.005816 0.006729
v 0.018098 0.006236 0.004125
v 0.016533 0.018118 0.004087
v 0.017086 0.013006 0.004840
v 0.019071 0.017271 0.003512
v 0.015097 0.014150 0.005491
v 0.012624 0.011285 0.006727
v 0.011228 0.007903 0.007755
v 0.014427 0.010057 0.006110
v 0.009655 0.009240 0.008434
v 0.010621 0.019621 0.004647
v 0.012276 0.015542 0.006175
v 0.013732 0.018911 0.004459
v 0.009552 0.016659 0.006711
v 0.008357 0.014008 0.008364
v 0.008471 0.010266 0.009134
v 0.010529 0.012649 0.007503
v 0.007030 0.011514 0.010119
v 0.001627 0.011750 0.035448
v -0.000176 0.015868 0.038228
v 0.001201 0.012317 0.039127
v 0.000309 0.015421 0.034028
v 0.002113 0.008572 0.039780
v 0.002377 0.005191 0.043625
v 0.002698 0.004742 0.040259
v 0.001765 0.008973 0.043229
v 0.001732 0.013743 0.017874
v 0.000095 0.016655 0.022402
v 0.001709 0.012712 0.021195
v 0.000065 0.017057 0.017233
v 0.002562 0.009838 0.028561
v 0.000870 0.014693 0.029803
v 0.002076 0.010961 0.031888
v 0.001615 0.013301 0.026186
v 0.002562 0.009838 0.028561
v 0.002187 0.010789 0.023784
v 0.001615 0.013301 0.026186
v 0.002846 0.008203 0.025565
v 0.003026 0.000959 0.040631
v 0.002814 -0.002264 0.044395
v 0.003107 -0.002795 0.040955
v 0.002719 0.001448 0.044008
v 0.002319 -0.005322 0.048164
v 0.001409 -0.008231 0.051983
v 0.001684 -0.009054 0.048644
v 0.002010 -0.004613 0.051363
v 0.003364 0.005190 0.026460
v 0.003637 0.002781 0.029955
v 0.003911 0.002005 0.026673
v 0.003207 0.006306 0.029665
v 0.002844 0.007220 0.032948
v 0.002562 0.009838 0.028561
v 0.002076 0.010961 0.031888
v 0.003207 0.006306 0.029665
v 0.003612 -0.000125 0.033502
v 0.003393 -0.003301 0.037328
v 0.003669 -0.003770 0.033489
v 0.003324 0.000430 0.037123
v 0.004112 -0.001154 0.026375
v 0.003921 -0.004153 0.029585
v 0.004146 -0.004392 0.025764
v 0.003878 -0.000668 0.029881
v 0.002884 -0.006548 0.041287
v 0.001940 -0.009769 0.045138
v 0.002182 -0.010377 0.041486
v 0.002611 -0.005965 0.044795
v 0.003670 -0.007793 0.029201
v 0.002681 -0.011298 0.033163
v 0.002936 -0.011515 0.028592
v 0.003417 -0.007509 0.033440
v 0.000265 -0.015861 0.002218
v 0.000309 -0.016113 0.004592
v -0.001465 -0.016529 0.003596
v 0.001832 -0.015745 0.002796
v -0.002626 -0.017056 0.005303
v -0.001138 -0.016892 0.008679
v -0.003458 -0.017350 0.007759
v -0.000489 -0.016474 0.006422
v 0.003910 -0.007850 0.025023
v 0.002936 -0.011515 0.028592
v 0.002576 -0.011280 0.024034
v 0.003670 -0.007793 0.029201
v 0.000646 -0.014702 0.022747
v -0.001984 -0.018284 0.026377
v -0.001620 -0.018149 0.021288
v 0.001198 -0.015336 0.027596
v -0.001573 -0.017453 0.012002
v -0.004816 -0.018506 0.014868
v -0.004180 -0.017944 0.010899
v -0.001526 -0.017842 0.015868
v -0.005344 -0.018850 0.019791
v -0.001526 -0.017842 0.015868
v -0.001620 -0.018149 0.021288
v -0.004816 -0.018506 0.014868
v -0.006130 -0.019646 0.030537
v -0.001984 -0.018284 0.026377
v -0.002285 -0.018226 0.031472
v -0.005680 -0.019643 0.025173
v 0.002936 -0.011515 0.028592
v 0.000943 -0.015191 0.032444
v 0.001198 -0.015336 0.027596
v 0.002681 -0.011298 0.033163
v -0.006769 -0.019136 0.040306
v -0.002574 -0.018009 0.036392
v -0.002846 -0.017652 0.040960
v -0.006512 -0.019471 0.035654
v 0.002427 -0.010891 0.037540
v 0.000451 -0.014438 0.041386
v 0.000695 -0.014874 0.037109
v 0.002182 -0.010377 0.041486
v 0.001940 -0.009769 0.045138
v 0.000048 -0.013147 0.048984
v 0.000225 -0.013874 0.045330
v 0.001684 -0.009054 0.048644
v -0.006350 -0.015059 0.059316
v -0.003113 -0.014586 0.055967
v -0.003133 -0.013328 0.059240
v -0.006475 -0.016245 0.055971
v -0.010438 -0.017570 0.052081
v -0.006829 -0.018016 0.048602
v -0.006676 -0.017224 0.052383
v -0.010699 -0.018301 0.047953
v 0.001864 -0.000590 0.053597
v 0.001316 -0.002848 0.057305
v 0.001684 -0.003825 0.054359
v 0.001491 0.000105 0.056418
v 0.001409 -0.008231 0.051983
v -0.000326 -0.011257 0.055705
v -0.000137 -0.012285 0.052437
v 0.001113 -0.007277 0.055149
v -0.006370 -0.013654 0.062374
v -0.003133 -0.013328 0.059240
v -0.003258 -0.011728 0.062486
v -0.006350 -0.015059 0.059316
v -0.000828 -0.008296 0.062102
v 0.000783 -0.006090 0.058235
v 0.000363 -0.004573 0.061333
v -0.000546 -0.009975 0.058920
v 0.000357 0.005684 0.060663
v 0.000951 0.003465 0.058771
v 0.000690 0.005797 0.058608
v 0.000408 0.004207 0.061413
v 0.000845 -0.001577 0.060342
v 0.001491 0.000105 0.056418
v 0.001009 0.001021 0.059405
v 0.001316 -0.002848 0.057305
v -0.001829 -0.004157 0.067518
v -0.000198 -0.002898 0.064215
v -0.000902 -0.001237 0.066650
v -0.001265 -0.006339 0.065057
v -0.000439 0.001268 0.065591
v 0.000423 0.002147 0.062206
v -0.000232 0.003466 0.064472
v 0.000252 -0.000158 0.063198
v -0.000277 0.011446 0.056514
v 0.000205 0.008059 0.059083
v 0.000548 0.008675 0.055909
v -0.000549 0.010354 0.060023
v -0.000188 0.005433 0.063378
v 0.000357 0.005684 0.060663
v -0.000091 0.007017 0.061771
v 0.000408 0.004207 0.061413
v -0.003206 -0.000606 0.070509
v -0.004601 0.001766 0.071933
v -0.004510 -0.001048 0.071548
v -0.002924 0.001371 0.070392
v -0.006624 -0.009616 0.067963
v -0.003423 -0.009684 0.065469
v -0.003639 -0.007142 0.068063
v -0.006501 -0.011910 0.065243
v -0.010864 -0.004193 0.072112
v -0.008260 -0.006020 0.071132
v -0.007471 -0.004067 0.071910
v -0.010650 -0.006593 0.070887
v -0.002592 0.003809 0.069791
v -0.001060 0.004907 0.066510
v -0.002334 0.006391 0.068653
v -0.001323 0.002619 0.067728
v -0.004601 0.001766 0.071933
v -0.007261 -0.001295 0.072735
v -0.004510 -0.001048 0.071548
v -0.007368 0.001904 0.073170
v -0.007389 0.005272 0.072952
v -0.004601 0.001766 0.071933
v -0.004521 0.004732 0.071659
v -0.007368 0.001904 0.073170
v -0.002166 0.008804 0.066996
v -0.000817 0.008855 0.063081
v -0.001981 0.010966 0.064624
v -0.000954 0.007008 0.065101
v -0.003337 0.016834 0.058426
v -0.001711 0.012783 0.061258
v -0.001491 0.014158 0.057435
v -0.003527 0.015271 0.062503
v -0.003129 0.018602 0.050330
v -0.001304 0.015063 0.053716
v -0.001094 0.015627 0.050007
v -0.003235 0.017899 0.054385
v -0.003835 0.013165 0.066128
v -0.007189 0.012082 0.070080
v -0.004085 0.010598 0.068798
v -0.007051 0.015136 0.067268
v -0.003337 0.016834 0.058426
v -0.006816 0.017643 0.063486
v -0.003527 0.015271 0.062503
v -0.006665 0.019400 0.059234
v -0.003129 0.018602 0.050330
v -0.006694 0.020562 0.054936
v -0.003235 0.017899 0.054385
v -0.006616 0.021240 0.050590
v -0.015009 0.020753 0.054599
v -0.011109 0.020381 0.059350
v -0.011071 0.021521 0.055022
v -0.015098 0.019611 0.058744
v -0.002681 0.019163 0.041918
v -0.006474 0.021634 0.046166
v -0.002949 0.019000 0.046187
v -0.006256 0.021835 0.041683
v -0.014757 0.021878 0.045785
v -0.011031 0.022206 0.050578
v -0.010887 0.022602 0.046040
v -0.014902 0.021456 0.050252
v -0.010533 0.022892 0.037023
v -0.005907 0.021911 0.032353
v -0.010354 0.022847 0.032306
v -0.006007 0.021891 0.037133
v -0.014430 0.022196 0.036895
v -0.010707 0.022819 0.041496
v -0.010533 0.022892 0.037023
v -0.014563 0.022124 0.041301
v -0.005907 0.021911 0.032353
v -0.003201 0.020284 0.026774
v -0.006198 0.021963 0.027185
v -0.001965 0.019029 0.031949
v 0.000095 0.016655 0.022402
v -0.001821 0.019042 0.025460
v -0.000665 0.017587 0.027410
v -0.001821 0.019067 0.021627
v 0.003189 0.016332 0.010778
v 0.005207 0.012456 0.011651
v 0.005730 0.015201 0.009606
v 0.003065 0.013677 0.013330
v -0.001821 0.019067 0.021627
v 0.000065 0.017057 0.017233
v -0.001809 0.019091 0.017094
v 0.000095 0.016655 0.022402
v -0.006230 0.021153 0.011941
v -0.008890 0.021425 0.011206
v -0.009390 0.021944 0.016296
v -0.006427 0.021558 0.016854
v 0.001907 0.020708 0.004172
v -0.001073 0.020078 0.007979
v 0.001124 0.019430 0.008028
v -0.000629 0.020756 0.003744
v -0.013995 0.021953 0.026621
v -0.009862 0.022366 0.021575
v -0.013454 0.021560 0.020863
v -0.010157 0.022670 0.027029
v -0.020851 0.018091 0.036365
v -0.017773 0.020467 0.031860
v -0.020729 0.017987 0.031489
v -0.017902 0.020551 0.036690
v -0.005939 0.020869 0.007186
v -0.003157 0.020683 0.003213
v -0.005647 0.020494 0.002536
v -0.003476 0.020601 0.007714
v -0.012622 0.021349 0.015331
v -0.008890 0.021425 0.011206
v -0.011768 0.020896 0.010075
v -0.009390 0.021944 0.016296
v -0.011279 0.020179 0.005126
v -0.008229 0.020145 0.001598
v -0.011042 0.019567 0.000323
v -0.008520 0.020766 0.006341
v -0.017690 0.017349 -0.003282
v -0.016412 0.017753 0.002077
v -0.015681 0.018167 -0.002055
v -0.018325 0.016505 0.000314
v -0.018704 0.017427 0.012706
v -0.014650 0.019553 0.008598
v -0.017381 0.017507 0.006806
v -0.015835 0.019804 0.014090
v -0.020474 0.017717 0.025605
v -0.016951 0.019946 0.019986
v -0.019862 0.017474 0.019186
v -0.017534 0.020220 0.026098
v -0.024647 0.007026 0.005655
v -0.023320 0.010934 0.011500
v -0.022965 0.010753 0.005556
v -0.024895 0.007066 0.011662
v -0.024580 0.011102 0.024843
v -0.022252 0.014398 0.018576
v -0.024091 0.010928 0.018270
v -0.022829 0.014620 0.025175
v -0.026274 -0.000715 0.030612
v -0.026296 0.003207 0.024536
v -0.026222 -0.000970 0.024615
v -0.026390 0.003407 0.030523
v -0.024864 0.011438 0.035714
v -0.023086 0.014876 0.031107
v -0.024800 0.011320 0.030796
v -0.023197 0.014965 0.036009
v -0.023091 0.014916 0.044761
v -0.020902 0.018061 0.040730
v -0.023195 0.014976 0.040391
v -0.020912 0.017875 0.045088
v -0.026094 -0.000258 0.040052
v -0.026364 0.003586 0.035479
v -0.026223 -0.000487 0.035574
v -0.026250 0.003752 0.039951
v -0.025633 0.007795 0.044480
v -0.024819 0.011495 0.040125
v -0.025834 0.007711 0.039969
v -0.024661 0.011507 0.044567
v -0.025465 0.000205 0.049157
v -0.026029 0.003910 0.044489
v -0.025863 -0.000025 0.044606
v -0.025640 0.004060 0.049004
v -0.022378 0.014502 0.053266
v -0.020826 0.017541 0.049379
v -0.022844 0.014760 0.049073
v -0.020578 0.017009 0.053551
v -0.018238 0.017987 0.057861
v -0.015308 0.017846 0.062584
v -0.015098 0.019611 0.058744
v -0.018354 0.016396 0.061108
v -0.018354 0.016396 0.061108
v -0.020677 0.013794 0.060482
v -0.018957 0.013732 0.063860
v -0.019831 0.015495 0.059736
v -0.025267 0.007857 0.048961
v -0.023777 0.011403 0.053220
v -0.024336 0.011476 0.048955
v -0.024671 0.007898 0.053304
v -0.011117 0.016025 0.067275
v -0.015139 0.012410 0.068993
v -0.010934 0.012790 0.070251
v -0.015394 0.015427 0.066044
v -0.023790 0.007938 0.057400
v -0.021764 0.011197 0.060914
v -0.022930 0.011306 0.057244
v -0.022600 0.008002 0.061154
v -0.017727 0.008500 0.069000
v -0.019488 0.010250 0.065994
v -0.019624 0.008018 0.066916
v -0.018087 0.011336 0.067118
v -0.025465 0.000205 0.049157
v -0.025022 0.004195 0.053410
v -0.025640 0.004060 0.049004
v -0.024831 0.000432 0.053625
v -0.023917 0.000688 0.057860
v -0.022923 0.004541 0.061422
v -0.024124 0.004349 0.057586
v -0.022707 0.000977 0.061717
v -0.021194 0.001259 0.065120
v -0.019666 0.004952 0.067642
v -0.021423 0.004748 0.064804
v -0.019393 0.001489 0.068000
v -0.014418 0.005421 0.072242
v -0.017167 0.001668 0.070475
v -0.014197 0.001819 0.072509
v -0.017492 0.005177 0.070099
v -0.018747 -0.001900 0.067971
v -0.021194 0.001259 0.065120
v -0.020456 -0.002169 0.065316
v -0.019393 0.001489 0.068000
v -0.017167 0.001668 0.070475
v -0.013961 -0.001556 0.072067
v -0.014197 0.001819 0.072509
v -0.016692 -0.001716 0.070199
v -0.022707 0.000977 0.061717
v -0.023169 -0.002886 0.058276
v -0.021948 -0.002514 0.062061
v -0.023917 0.000688 0.057860
v -0.023428 -0.007349 0.049978
v -0.024105 -0.003253 0.054019
v -0.024751 -0.003591 0.049478
v -0.022761 -0.006908 0.054606
v -0.017906 -0.007138 0.065828
v -0.016062 -0.008937 0.066246
v -0.015863 -0.007212 0.067982
v -0.017247 -0.006229 0.067356
v -0.012607 -0.006164 0.070671
v -0.015837 -0.005021 0.069469
v -0.013233 -0.007411 0.069578
v -0.013491 -0.004314 0.071286
v -0.018730 -0.008444 0.063269
v -0.021806 -0.006361 0.058892
v -0.019623 -0.009716 0.059737
v -0.020630 -0.005712 0.062549
v -0.013394 -0.009246 0.067963
v -0.016062 -0.008937 0.066246
v -0.013262 -0.011263 0.065811
v -0.015863 -0.007212 0.067982
v -0.025152 -0.003889 0.044855
v -0.026094 -0.000258 0.040052
v -0.025381 -0.004169 0.040255
v -0.025863 -0.000025 0.044606
v -0.013167 -0.013074 0.063201
v -0.016681 -0.012579 0.060290
v -0.013296 -0.014610 0.060016
v -0.016273 -0.010868 0.063704
v -0.022761 -0.006908 0.054606
v -0.023428 -0.007349 0.049978
v -0.021310 -0.011062 0.050652
v -0.020571 -0.010547 0.055389
v -0.021732 -0.011475 0.045910
v -0.023428 -0.007349 0.049978
v -0.023837 -0.007704 0.045281
v -0.021310 -0.011062 0.050652
v -0.013899 -0.015779 0.056101
v -0.018325 -0.014295 0.051304
v -0.014587 -0.016573 0.051769
v -0.017537 -0.013660 0.055999
v -0.025501 -0.004456 0.035788
v -0.026274 -0.000715 0.030612
v -0.025540 -0.004770 0.030864
v -0.026223 -0.000487 0.035574
v -0.022006 -0.012203 0.036873
v -0.024064 -0.008031 0.040641
v -0.024156 -0.008366 0.036198
v -0.021944 -0.011848 0.041287
v -0.015031 -0.017154 0.047359
v -0.018984 -0.015180 0.042088
v -0.015220 -0.017634 0.042957
v -0.018778 -0.014764 0.046639
v -0.015239 -0.018018 0.038623
v -0.018893 -0.015906 0.032933
v -0.015072 -0.018353 0.033905
v -0.019017 -0.015547 0.037713
v -0.026222 -0.000970 0.024615
v -0.025311 -0.005478 0.018424
v -0.025481 -0.005123 0.024893
v -0.026056 -0.001214 0.018126
v -0.021723 -0.012983 0.026172
v -0.024149 -0.008737 0.031326
v -0.024021 -0.009159 0.025402
v -0.021941 -0.012581 0.032043
v -0.018109 -0.016520 0.021020
v -0.014114 -0.018805 0.022408
v -0.018584 -0.016247 0.027168
v -0.014679 -0.018633 0.028349
v -0.018109 -0.016520 0.021020
v -0.013354 -0.018707 0.016495
v -0.014114 -0.018805 0.022408
v -0.017381 -0.016578 0.014898
v -0.020756 -0.013617 0.013605
v -0.023757 -0.009575 0.018984
v -0.023336 -0.009950 0.012626
v -0.021348 -0.013365 0.019882
v -0.025768 0.002902 0.011652
v -0.024647 0.007026 0.005655
v -0.025657 0.002857 0.005647
v -0.024895 0.007066 0.011662
v -0.025043 -0.005799 0.012001
v -0.026056 -0.001214 0.018126
v -0.025836 -0.001426 0.011691
v -0.025311 -0.005478 0.018424
v -0.016453 -0.016355 0.009524
v -0.011542 -0.017720 0.007398
v -0.012478 -0.018286 0.011253
v -0.015552 -0.016062 0.005449
v -0.018580 -0.014056 -0.000301
v -0.019286 -0.013663 0.003442
v -0.022409 -0.010421 0.001810
v -0.022285 -0.011121 -0.003299
v -0.024711 -0.006302 0.000973
v -0.026159 -0.001759 -0.004024
v -0.025192 -0.006041 -0.004499
v -0.025876 -0.001668 0.000608
v -0.025657 0.002857 0.005647
v -0.024647 0.007026 0.005655
v -0.024223 0.008036 0.001580
v -0.025469 0.004348 -0.000765
v -0.022609 0.011260 0.002963
v -0.022965 0.010753 0.005556
v -0.020271 0.014514 0.003710
v -0.022058 0.012336 0.000584
v -0.025041 0.007860 -0.004533
v -0.026146 0.002317 -0.004864
v -0.025469 0.004348 -0.000765
v -0.025730 0.006158 -0.006462
v -0.025876 -0.001668 0.000608
v -0.026146 0.002317 -0.004864
v -0.026159 -0.001759 -0.004024
v -0.025469 0.004348 -0.000765
v -0.020155 0.016091 -0.005169
v -0.023151 0.012169 -0.004809
v -0.021065 0.014488 -0.002242
v -0.022394 0.014643 -0.007292
v -0.020155 0.016091 -0.005169
v -0.018325 0.016505 0.000314
v -0.017690 0.017349 -0.003282
v -0.021065 0.014488 -0.002242
v -0.023649 0.009982 -0.002150
v -0.025469 0.004348 -0.000765
v -0.024223 0.008036 0.001580
v -0.025041 0.007860 -0.004533
v -0.029542 -0.000594 -0.020402
v -0.031073 0.000207 -0.024996
v -0.029820 -0.002584 -0.023450
v -0.030842 0.002294 -0.022678
v -0.029922 -0.004297 -0.026276
v -0.030936 -0.003799 -0.029448
v -0.029936 -0.005873 -0.028990
v -0.031083 -0.001821 -0.027236
v -0.013584 -0.016462 -0.000746
v -0.017589 -0.015163 -0.003520
v -0.016358 -0.017084 -0.006071
v -0.012359 -0.017535 -0.003401
v -0.022285 -0.011121 -0.003299
v -0.017589 -0.015163 -0.003520
v -0.018580 -0.014056 -0.000301
v -0.021896 -0.012163 -0.007673
v -0.022878 -0.015798 -0.019313
v -0.023863 -0.012135 -0.014543
v -0.024820 -0.012674 -0.019927
v -0.021728 -0.015700 -0.014193
v -0.027161 -0.009805 -0.024714
v -0.028936 -0.007947 -0.028533
v -0.027391 -0.010558 -0.028149
v -0.028669 -0.006914 -0.025404
v -0.023899 -0.015787 -0.027030
v -0.025278 -0.013059 -0.023870
v -0.025773 -0.013209 -0.027664
v -0.023446 -0.015858 -0.023267
v -0.019645 -0.019102 -0.014938
v -0.022878 -0.015798 -0.019313
v -0.020752 -0.018850 -0.019174
v -0.021728 -0.015700 -0.014193
v -0.019767 -0.020767 -0.025566
v -0.021430 -0.018561 -0.022879
v -0.021893 -0.018253 -0.026318
v -0.019298 -0.021089 -0.022750
v 0.006830 -0.027013 -0.045837
v 0.008340 -0.027782 -0.042882
v 0.006067 -0.027734 -0.043271
v 0.009173 -0.027036 -0.045374
v 0.002006 -0.023814 -0.004518
v 0.005523 -0.033946 -0.007189
v 0.005456 -0.023745 -0.004180
v 0.002838 -0.034336 -0.007356
v -0.013249 -0.023119 -0.009327
v -0.017789 -0.019387 -0.010912
v -0.015828 -0.022628 -0.012002
v -0.014860 -0.019775 -0.007840
v -0.012359 -0.017535 -0.003401
v -0.009464 -0.017160 0.001663
v -0.013584 -0.016462 -0.000746
v -0.008103 -0.017939 -0.001522
v -0.012571 -0.029596 -0.015285
v -0.017593 -0.022076 -0.015664
v -0.013836 -0.027845 -0.018113
v -0.015828 -0.022628 -0.012002
v -0.009907 -0.023534 -0.007372
v -0.006901 -0.019804 -0.004107
v -0.011082 -0.019942 -0.005682
v -0.005813 -0.023796 -0.006056
v -0.010684 -0.031336 -0.012921
v -0.013249 -0.023119 -0.009327
v -0.015828 -0.022628 -0.012002
v -0.012571 -0.029596 -0.015285
v 0.002852 -0.011100 0.019528
v -0.001819 -0.013131 0.015544
v 0.000177 -0.009838 0.017521
v 0.000851 -0.014454 0.017954
v 0.001752 -0.012794 0.002779
v 0.001832 -0.015745 0.002796
v 0.004122 -0.015074 0.001822
v -0.000003 -0.013382 0.003436
v -0.003012 -0.014679 0.008748
v -0.000489 -0.016474 0.006422
v -0.002296 -0.013987 0.006677
v -0.001138 -0.016892 0.008679
v -0.002367 -0.013942 0.014761
v -0.001573 -0.017453 0.012002
v -0.003219 -0.014998 0.011766
v -0.001526 -0.017842 0.015868
v 0.004122 -0.015074 0.001822
v 0.003377 -0.011670 0.003115
v 0.001752 -0.012794 0.002779
v 0.006649 -0.013368 0.002286
v 0.005188 -0.007853 0.005217
v 0.009090 -0.006295 0.005586
v 0.005471 -0.005671 0.006108
v 0.008626 -0.008869 0.004501
v 0.005568 -0.003602 0.006891
v 0.009166 -0.001484 0.007428
v 0.005489 -0.001452 0.007733
v 0.009239 -0.003949 0.006512
v 0.005193 0.000912 0.008633
v 0.008187 0.004209 0.009499
v 0.004662 0.003073 0.009447
v 0.008827 0.001484 0.008477
v 0.004014 0.004617 0.010120
v 0.006754 0.007458 0.011067
v 0.003349 0.005679 0.010721
v 0.007491 0.006078 0.010320
v 0.002714 0.006501 0.011340
v 0.005432 0.009166 0.012518
v 0.002149 0.007170 0.012032
v 0.006041 0.008484 0.011810
v 0.005432 0.009166 0.012518
v 0.001617 0.007716 0.012897
v 0.002149 0.007170 0.012032
v 0.004691 0.009803 0.013546
v 0.005730 0.015201 0.009606
v 0.006379 0.017726 0.007323
v 0.003771 0.018540 0.007771
v 0.003189 0.016332 0.010778
v 0.003301 0.010498 0.016634
v 0.000448 0.007727 0.017022
v 0.000679 0.008115 0.015428
v 0.002997 0.010169 0.018762
v 0.000579 0.005932 0.019671
v 0.003043 0.009112 0.020855
v 0.003191 0.007939 0.022071
v 0.000453 0.006936 0.018521
v 0.003693 0.004050 0.023445
v 0.000749 0.004687 0.020534
v 0.003387 0.006456 0.022880
v 0.000955 0.002975 0.021082
v 0.004047 -0.004576 0.022021
v 0.001310 -0.004082 0.019622
v 0.001256 -0.001627 0.020461
v 0.004094 -0.001646 0.022904
v 0.001190 -0.006608 0.018791
v 0.003686 -0.007726 0.020864
v 0.002852 -0.011100 0.019528
v 0.000177 -0.009838 0.017521
v 0.039725 0.001398 -0.018455
v 0.040112 0.003717 -0.016326
v 0.040879 0.003777 -0.018393
v 0.038545 0.001005 -0.016531
v -0.005750 0.061080 -0.030261
v -0.001695 0.062157 -0.029563
v -0.006146 0.062022 -0.028233
v -0.002018 0.063101 -0.027532
v 0.001015 0.058512 -0.041742
v -0.001695 0.062157 -0.029563
v -0.005750 0.061080 -0.030261
v -0.002725 0.057547 -0.042435
v -0.009715 0.059540 -0.030956
v -0.014016 0.058463 -0.029549
v -0.013472 0.057619 -0.031599
v -0.010186 0.060449 -0.028922
v 0.026322 -0.019129 -0.040541
v 0.028678 -0.018689 -0.045888
v 0.026227 -0.019970 -0.046345
v 0.028388 -0.017953 -0.038763
v -0.006391 0.056193 -0.043121
v -0.009715 0.059540 -0.030956
v -0.013472 0.057619 -0.031599
v -0.009915 0.054492 -0.043768
v -0.016904 0.055401 -0.032143
v -0.020627 0.053702 -0.030528
v -0.019976 0.052959 -0.032607
v -0.017523 0.056194 -0.030079
v -0.002725 0.057547 -0.042435
v 0.003474 0.055492 -0.053718
v 0.001015 0.058512 -0.041742
v 0.000088 0.054614 -0.054341
v -0.013231 0.052486 -0.044344
v -0.019976 0.052959 -0.032607
v -0.016309 0.050206 -0.044845
v -0.016904 0.055401 -0.032143
v -0.022656 0.050365 -0.033010
v -0.025546 0.048231 -0.031266
v -0.025016 0.047584 -0.033358
v -0.023264 0.051056 -0.030918
v -0.009915 0.054492 -0.043768
v -0.003254 0.053379 -0.054948
v -0.006391 0.056193 -0.043121
v -0.006565 0.051847 -0.055527
v -0.019122 0.047683 -0.045269
v -0.025016 0.047584 -0.033358
v -0.021670 0.044914 -0.045625
v -0.022656 0.050365 -0.033010
v -0.027132 0.044578 -0.033658
v -0.029413 0.041952 -0.031775
v -0.028997 0.041352 -0.033884
v -0.027587 0.045191 -0.031561
v -0.009841 0.050034 -0.056072
v -0.016309 0.050206 -0.044845
v -0.012952 0.047911 -0.056575
v -0.013231 0.052486 -0.044344
v -0.023953 0.041892 -0.045920
v -0.028997 0.041352 -0.033884
v -0.025967 0.038641 -0.046159
v -0.027132 0.044578 -0.033658
v -0.030607 0.037912 -0.034011
v -0.032367 0.034770 -0.031889
v -0.031933 0.034188 -0.034039
v -0.031012 0.038507 -0.031883
v -0.015786 0.045469 -0.057029
v -0.021670 0.044914 -0.045625
v -0.018378 0.042743 -0.057428
v -0.019122 0.047683 -0.045269
v -0.027709 0.035183 -0.046344
v -0.031933 0.034188 -0.034039
v -0.029135 0.031482 -0.046455
v -0.030607 0.037912 -0.034011
v -0.032948 0.030113 -0.033970
v -0.034211 0.026184 -0.031629
v -0.033570 0.025733 -0.033802
v -0.033464 0.030649 -0.031807
v -0.020771 0.039782 -0.057766
v -0.025967 0.038641 -0.046159
v -0.022932 0.036590 -0.058042
v -0.023953 0.041892 -0.045920
v -0.030202 0.027503 -0.046472
v -0.033570 0.025733 -0.033802
v -0.030880 0.023309 -0.046401
v -0.032948 0.030113 -0.033970
v -0.033716 0.021096 -0.033534
v -0.033947 0.016911 -0.030952
v -0.033420 0.016554 -0.033213
v -0.034401 0.021467 -0.031327
v -0.024785 0.033143 -0.058255
v -0.029135 0.031482 -0.046455
v -0.026256 0.029431 -0.058396
v -0.027709 0.035183 -0.046344
v -0.031140 0.018961 -0.046247
v -0.033420 0.016554 -0.033213
v -0.030976 0.014577 -0.046021
v -0.033716 0.021096 -0.033534
v -0.032718 0.012458 -0.032884
v -0.031942 0.009042 -0.030199
v -0.031625 0.008590 -0.032481
v -0.033093 0.012860 -0.030592
v -0.027313 0.025473 -0.058455
v -0.030880 0.023309 -0.046401
v -0.027982 0.021377 -0.058433
v -0.030202 0.027503 -0.046472
v -0.030385 0.010274 -0.045730
v -0.031625 0.008590 -0.032481
v -0.029415 0.006127 -0.045349
v -0.032718 0.012458 -0.032884
v 0.039176 -0.006862 -0.030953
v 0.042732 -0.005582 -0.043635
v 0.040310 -0.008828 -0.043985
v 0.041078 -0.004052 -0.031018
v -0.028303 0.017245 -0.058337
v -0.030976 0.014577 -0.046021
v -0.028257 0.013058 -0.058168
v -0.031140 0.018961 -0.046247
v -0.001695 0.062157 -0.029563
v 0.004801 0.059293 -0.041033
v 0.002452 0.062916 -0.029054
v 0.001015 0.058512 -0.041742
v -0.027770 0.008802 -0.057910
v -0.029415 0.006127 -0.045349
v -0.026820 0.004706 -0.057556
v -0.030385 0.010274 -0.045730
v -0.023499 -0.003298 -0.056551
v -0.028118 0.002214 -0.044852
v -0.025503 -0.003314 -0.043709
v -0.025422 0.000750 -0.057104
v -0.029084 -0.008626 -0.042874
v -0.032449 -0.003046 -0.040227
v -0.032032 -0.003455 -0.043720
v -0.029531 -0.008351 -0.039415
v -0.023499 -0.003298 -0.056551
v -0.024023 -0.008377 -0.055323
v -0.026298 -0.004526 -0.055992
v -0.021242 -0.006939 -0.055971
v -0.008799 -0.018474 -0.053157
v -0.009938 -0.018360 -0.046613
v -0.006713 -0.019590 -0.052713
v -0.007844 -0.019165 -0.047153
v -0.025503 -0.003314 -0.043709
v -0.023273 -0.008219 -0.037291
v -0.022677 -0.007956 -0.043497
v -0.026845 0.001202 -0.026936
v -0.031083 -0.001821 -0.027236
v -0.031073 0.000207 -0.024996
v -0.026817 0.002357 -0.025577
v -0.026687 0.003757 -0.023911
v -0.030277 0.004395 -0.020261
v -0.026300 0.005398 -0.021914
v -0.030842 0.002294 -0.022678
v -0.026300 0.005398 -0.021914
v -0.029367 0.006493 -0.017732
v -0.025549 0.007277 -0.019567
v -0.030277 0.004395 -0.020261
v -0.023485 0.010670 -0.015193
v -0.025536 0.011988 -0.010884
v -0.022158 0.012153 -0.013199
v -0.026955 0.010356 -0.012964
v -0.022158 0.012153 -0.013199
v -0.024059 0.013352 -0.009077
v -0.020716 0.013420 -0.011436
v -0.025536 0.011988 -0.010884
v -0.019222 0.014538 -0.009839
v -0.020155 0.016091 -0.005169
v -0.017441 0.015698 -0.008138
v -0.022394 0.014643 -0.007292
v -0.024223 0.008036 0.001580
v -0.022609 0.011260 0.002963
v -0.022058 0.012336 0.000584
v -0.023649 0.009982 -0.002150
v -0.017690 0.017349 -0.003282
v -0.013914 0.017427 -0.005427
v -0.015584 0.016702 -0.006601
v -0.015681 0.018167 -0.002055
v -0.013663 0.018843 -0.000989
v -0.009865 0.018652 -0.003211
v -0.012119 0.018047 -0.004352
v -0.011042 0.019567 0.000323
v -0.004898 0.019566 -0.001192
v -0.008229 0.020145 0.001598
v -0.005647 0.020494 0.002536
v -0.007373 0.019169 -0.002131
v -0.000169 0.019937 0.000155
v -0.003157 0.020683 0.003213
v -0.000629 0.020756 0.003744
v -0.002483 0.019826 -0.000421
v 0.004500 0.019747 0.000828
v 0.001907 0.020708 0.004172
v 0.004491 0.020524 0.004489
v 0.002115 0.019910 0.000562
v 0.004691 0.009803 0.013546
v 0.003065 0.013677 0.013330
v 0.003878 0.010318 0.015003
v 0.005207 0.012456 0.011651
v 0.010621 0.019621 0.004647
v 0.013732 0.018911 0.004459
v 0.012898 0.018347 0.000801
v 0.010128 0.018944 0.000969
v 0.016533 0.018118 0.004087
v 0.019071 0.017271 0.003512
v 0.017746 0.016866 0.000021
v 0.015401 0.017659 0.000484
v 0.021420 0.016346 0.002789
v 0.023641 0.015301 0.001979
v 0.022009 0.015013 -0.001333
v 0.019950 0.015982 -0.000584
v 0.024108 0.013868 -0.002285
v 0.028347 0.012454 -0.000174
v 0.026415 0.012435 -0.003518
v 0.025904 0.014040 0.001027
v 0.030338 0.009431 -0.006272
v 0.030725 0.010611 -0.001601
v 0.032840 0.008636 -0.003202
v 0.028591 0.010888 -0.004902
v 0.034702 0.006644 -0.004978
v 0.033205 0.006311 -0.009393
v 0.031825 0.007948 -0.007732
v 0.036347 0.004731 -0.006883
v 0.037718 0.002932 -0.008764
v 0.035194 0.003292 -0.012555
v 0.034355 0.004698 -0.011067
v 0.038755 0.001269 -0.010474
v 0.039563 -0.000373 -0.012135
v 0.036402 0.000625 -0.015449
v 0.035839 0.001975 -0.013975
v 0.040265 -0.002096 -0.013884
v -0.030936 -0.003799 -0.029448
v -0.032416 -0.001778 -0.033342
v -0.030527 -0.005622 -0.032431
v -0.032244 -0.000875 -0.030118
v -0.030159 0.004736 -0.031938
v -0.028563 0.002068 -0.028958
v -0.027939 0.000141 -0.031802
v -0.030346 0.005294 -0.029634
v -0.028118 0.002214 -0.044852
v -0.027939 0.000141 -0.031802
v -0.025503 -0.003314 -0.043709
v -0.030159 0.004736 -0.031938
v 0.004801 0.059293 -0.041033
v 0.006065 0.063030 -0.028172
v 0.002452 0.062916 -0.029054
v 0.008571 0.059299 -0.040323
v -0.008799 -0.018474 -0.053157
v -0.011903 -0.017382 -0.045845
v -0.009938 -0.018360 -0.046613
v -0.011148 -0.017022 -0.053670
v 0.009781 0.062867 -0.027459
v 0.013446 0.063212 -0.024653
v 0.009566 0.063753 -0.025425
v 0.013606 0.062324 -0.026699
v 0.012329 0.059135 -0.039591
v 0.013606 0.062324 -0.026699
v 0.009781 0.062867 -0.027459
v 0.016047 0.058611 -0.038843
v 0.017411 0.061405 -0.025928
v 0.021001 0.060943 -0.023123
v 0.017312 0.062270 -0.023874
v 0.021068 0.060116 -0.025182
v 0.019696 0.057733 -0.038093
v 0.021068 0.060116 -0.025182
v 0.017411 0.061405 -0.025928
v 0.023246 0.056504 -0.037356
v 0.024703 0.058352 -0.024415
v 0.028483 0.056789 -0.021483
v 0.024678 0.059156 -0.022343
v 0.028446 0.056006 -0.023585
v 0.026786 0.054835 -0.036610
v 0.028446 0.056006 -0.023585
v 0.024703 0.058352 -0.024415
v 0.030404 0.052636 -0.035837
v 0.032020 0.053224 -0.022768
v 0.035146 0.050151 -0.022040
v 0.035197 0.050850 -0.019901
v 0.032086 0.053959 -0.020640
v 0.032020 0.053224 -0.022768
v 0.033903 0.049978 -0.035067
v 0.035146 0.050151 -0.022040
v 0.037088 0.046930 -0.034330
v 0.037936 0.046596 -0.021344
v 0.040504 0.042366 -0.020621
v 0.040585 0.043029 -0.018456
v 0.037991 0.047280 -0.019194
v 0.037936 0.046596 -0.021344
v 0.039971 0.043398 -0.033616
v 0.040504 0.042366 -0.020621
v 0.042564 0.039289 -0.032915
v 0.042631 0.037813 -0.019963
v 0.044104 0.033287 -0.019466
v 0.044152 0.033765 -0.017259
v 0.042698 0.038405 -0.017782
v 0.042631 0.037813 -0.019963
v 0.044678 0.035050 -0.032319
v 0.044104 0.033287 -0.019466
v 0.046123 0.031131 -0.031920
v 0.044986 0.028740 -0.019079
v 0.045344 0.024122 -0.018753
v 0.045315 0.024394 -0.016512
v 0.045002 0.029096 -0.016850
v 0.045344 0.024122 -0.018753
v 0.047042 0.027220 -0.031624
v 0.047579 0.023008 -0.031339
v 0.044986 0.028740 -0.019079
v 0.044671 0.015379 -0.018370
v 0.047706 0.018666 -0.031099
v 0.047397 0.014366 -0.030941
v 0.045224 0.019610 -0.018509
v 0.045224 0.019610 -0.018509
v 0.044671 0.015379 -0.018370
v 0.044476 0.015638 -0.016136
v 0.045119 0.019851 -0.016265
v 0.043698 0.011303 -0.018318
v 0.046654 0.010086 -0.030851
v 0.042319 0.007257 -0.018337
v 0.045479 0.005805 -0.030819
v 0.040879 0.003777 -0.018393
v 0.044153 0.002026 -0.030840
v 0.039725 0.001398 -0.018455
v 0.042959 -0.000744 -0.030912
v 0.043698 0.011303 -0.018318
v 0.042319 0.007257 -0.018337
v 0.041915 0.007413 -0.016154
v 0.043418 0.011553 -0.016104
v 0.036913 -0.000742 -0.016952
v 0.039725 0.001398 -0.018455
v 0.038411 -0.001443 -0.019372
v 0.038545 0.001005 -0.016531
v 0.036550 -0.010402 -0.031888
v 0.036439 -0.009123 -0.026856
v 0.039176 -0.006862 -0.030953
v 0.007011 0.056001 -0.053061
v 0.004801 0.059293 -0.041033
v 0.001015 0.058512 -0.041742
v 0.003474 0.055492 -0.053718
v 0.042959 -0.000744 -0.030912
v 0.046712 0.001161 -0.043247
v 0.044909 -0.002290 -0.043393
v 0.044153 0.002026 -0.030840
v 0.023951 -0.020059 -0.042086
v 0.026227 -0.019970 -0.046345
v 0.023733 -0.020994 -0.046785
v 0.026322 -0.019129 -0.040541
v 0.036550 -0.010402 -0.031888
v 0.040310 -0.008828 -0.043985
v 0.037801 -0.011767 -0.044374
v 0.039176 -0.006862 -0.030953
v 0.040265 -0.002096 -0.013884
v 0.036913 -0.000742 -0.016952
v 0.036402 0.000625 -0.015449
v 0.040889 -0.003852 -0.015688
v 0.038545 0.001005 -0.016531
v 0.040889 -0.003852 -0.015688
v 0.042158 -0.001332 -0.015712
v 0.036913 -0.000742 -0.016952
v 0.044476 0.015638 -0.016136
v 0.047455 0.019179 -0.015943
v 0.045119 0.019851 -0.016265
v 0.046962 0.014724 -0.015788
v 0.045315 0.024394 -0.016512
v 0.047201 0.028939 -0.016524
v 0.045002 0.029096 -0.016850
v 0.047584 0.023981 -0.016198
v 0.044152 0.033765 -0.017259
v 0.044670 0.038791 -0.017436
v 0.042698 0.038405 -0.017782
v 0.046227 0.033851 -0.016912
v 0.040585 0.043029 -0.018456
v 0.039916 0.048465 -0.018982
v 0.037991 0.047280 -0.019194
v 0.042538 0.043816 -0.018158
v 0.035197 0.050850 -0.019901
v 0.033647 0.055631 -0.020547
v 0.032086 0.053959 -0.020640
v 0.036978 0.052328 -0.019768
v 0.025849 0.061080 -0.022267
v 0.028483 0.056789 -0.021483
v 0.029834 0.058587 -0.021386
v 0.024678 0.059156 -0.022343
v 0.021001 0.060943 -0.023123
v 0.021989 0.063027 -0.023143
v 0.018127 0.064510 -0.024018
v 0.017312 0.062270 -0.023874
v 0.013446 0.063212 -0.024653
v 0.014117 0.065576 -0.024898
v 0.010066 0.066210 -0.025752
v 0.009566 0.063753 -0.025425
v 0.006092 0.066420 -0.026553
v 0.002033 0.063707 -0.026833
v 0.005829 0.063909 -0.026143
v 0.002007 0.066202 -0.027330
v -0.006146 0.062022 -0.028233
v -0.002376 0.065497 -0.028116
v -0.006843 0.064295 -0.028911
v -0.002018 0.063101 -0.027532
v -0.006843 0.064295 -0.028911
v -0.011185 0.062637 -0.029715
v -0.010186 0.060449 -0.028922
v -0.006146 0.062022 -0.028233
v -0.015251 0.060577 -0.030482
v -0.018905 0.058204 -0.031128
v -0.017523 0.056194 -0.030079
v -0.014016 0.058463 -0.029549
v -0.022169 0.055543 -0.031600
v -0.025070 0.052624 -0.031899
v -0.023264 0.051056 -0.030918
v -0.020627 0.053702 -0.030528
v -0.027645 0.049477 -0.032108
v -0.027587 0.045191 -0.031561
v -0.025546 0.048231 -0.031266
v -0.029930 0.046120 -0.032308
v -0.031916 0.042572 -0.032497
v -0.031012 0.038507 -0.031883
v -0.029413 0.041952 -0.031775
v -0.033571 0.038841 -0.032625
v -0.034878 0.034867 -0.032653
v -0.033464 0.030649 -0.031807
v -0.032367 0.034770 -0.031889
v -0.035853 0.030597 -0.032574
v -0.036496 0.016394 -0.031925
v -0.033947 0.016911 -0.030952
v -0.034401 0.021467 -0.031327
v -0.036744 0.021226 -0.032186
v -0.036496 0.016394 -0.031925
v -0.033093 0.012860 -0.030592
v -0.033947 0.016911 -0.030952
v -0.035868 0.011786 -0.031648
v 0.041915 0.007413 -0.016154
v 0.040112 0.003717 -0.016326
v 0.043458 0.001722 -0.015721
v 0.044925 0.005796 -0.015715
v 0.041267 0.047395 -0.042908
v 0.037186 0.049024 -0.046255
v 0.037781 0.050644 -0.043766
v 0.040614 0.045907 -0.045415
v 0.050190 0.038271 -0.030793
v 0.048119 0.042043 -0.035189
v 0.047974 0.042953 -0.031626
v 0.050358 0.037490 -0.034370
v 0.042156 0.050251 -0.036972
v 0.038315 0.052268 -0.041053
v 0.038572 0.053722 -0.037896
v 0.041860 0.048895 -0.040167
v 0.047238 0.043534 -0.027928
v 0.043316 0.048370 -0.025224
v 0.045988 0.043819 -0.024357
v 0.044533 0.048021 -0.028822
v 0.044298 0.043841 -0.021176
v 0.039916 0.048465 -0.018982
v 0.042538 0.043816 -0.018158
v 0.041661 0.048439 -0.022014
v 0.051030 0.033830 -0.026433
v 0.048141 0.038958 -0.023582
v 0.049709 0.033991 -0.022951
v 0.049421 0.038752 -0.027117
v 0.047193 0.039537 -0.041260
v 0.050065 0.036457 -0.037675
v 0.049449 0.035222 -0.040538
v 0.047812 0.040880 -0.038454
v 0.052052 0.032833 -0.033646
v 0.052979 0.028506 -0.029463
v 0.053230 0.028051 -0.033040
v 0.051849 0.033450 -0.030072
v 0.048000 0.033955 -0.019851
v 0.044670 0.038791 -0.017436
v 0.046227 0.033851 -0.016912
v 0.046444 0.038912 -0.020428
v 0.052640 0.023709 -0.025390
v 0.050715 0.028953 -0.022440
v 0.051184 0.023878 -0.022021
v 0.052094 0.028803 -0.025862
v 0.051075 0.031102 -0.039943
v 0.052934 0.027505 -0.036433
v 0.052180 0.026935 -0.039483
v 0.051756 0.032032 -0.036991
v 0.053916 0.023122 -0.032569
v 0.053727 0.018360 -0.028580
v 0.054104 0.018108 -0.032222
v 0.053605 0.023453 -0.028963
v 0.049399 0.023950 -0.019024
v 0.047201 0.028939 -0.016524
v 0.047584 0.023981 -0.016198
v 0.048981 0.028969 -0.019398
v 0.048839 0.014337 -0.018565
v 0.046142 0.010348 -0.015721
v 0.047936 0.009732 -0.018479
v 0.046962 0.014724 -0.015788
v 0.052233 0.013596 -0.024789
v 0.049720 0.009141 -0.021396
v 0.051300 0.008646 -0.024662
v 0.050662 0.013954 -0.021498
v 0.052875 0.022476 -0.039161
v 0.053881 0.017906 -0.035744
v 0.053129 0.017799 -0.038935
v 0.053648 0.022776 -0.036029
v 0.053783 0.013068 -0.031985
v 0.052449 0.008273 -0.028179
v 0.052939 0.008049 -0.031852
v 0.053344 0.013292 -0.028323
v 0.052909 0.012978 -0.038762
v 0.053881 0.017906 -0.035744
v 0.053616 0.012953 -0.035543
v 0.053129 0.017799 -0.038935
v 0.046620 0.005071 -0.018472
v 0.043458 0.001722 -0.015721
v 0.045153 0.000903 -0.018508
v 0.044925 0.005796 -0.015715
v 0.050921 0.003350 -0.038675
v 0.052830 0.007994 -0.035431
v 0.051503 0.003102 -0.035415
v 0.052183 0.008125 -0.038667
v 0.049888 0.003765 -0.024636
v 0.046801 0.000127 -0.021445
v 0.048292 -0.000544 -0.024682
v 0.048340 0.004364 -0.021391
v 0.051036 0.003327 -0.028135
v 0.051558 0.003100 -0.031815
v 0.052939 0.008049 -0.031852
v 0.052449 0.008273 -0.028179
v 0.043799 -0.002226 -0.018547
v 0.040889 -0.003852 -0.015688
v 0.042277 -0.005087 -0.018631
v 0.042158 -0.001332 -0.015712
v 0.046807 -0.003782 -0.024770
v 0.043801 -0.005947 -0.021665
v 0.045120 -0.006687 -0.024939
v 0.045383 -0.003067 -0.021522
v 0.048385 -0.004561 -0.031954
v 0.046078 -0.007237 -0.028435
v 0.046522 -0.007526 -0.032138
v 0.047873 -0.004303 -0.028258
v 0.047834 -0.004176 -0.038935
v 0.049919 -0.001234 -0.035477
v 0.048364 -0.004528 -0.035599
v 0.049383 -0.000900 -0.038769
v 0.043980 -0.010929 -0.032436
v 0.041188 -0.013723 -0.029028
v 0.041350 -0.014075 -0.032715
v 0.043675 -0.010601 -0.028737
v 0.043281 -0.010681 -0.039474
v 0.046464 -0.007523 -0.035799
v 0.043844 -0.010962 -0.036093
v 0.045918 -0.007197 -0.039171
v 0.038270 -0.016176 -0.039977
v 0.041124 -0.014142 -0.036367
v 0.038926 -0.016361 -0.036504
v 0.040529 -0.013912 -0.039769
v 0.039140 -0.015929 -0.029172
v 0.039222 -0.016270 -0.032839
v 0.041350 -0.014075 -0.032715
v 0.041188 -0.013723 -0.029028
v 0.042915 -0.009998 -0.025231
v 0.039642 -0.012364 -0.022188
v 0.040620 -0.013098 -0.025523
v 0.041769 -0.009241 -0.021918
v 0.035740 -0.016820 -0.022493
v 0.038661 -0.015368 -0.025694
v 0.037774 -0.014727 -0.022382
v 0.036569 -0.017326 -0.025733
v 0.040307 -0.008450 -0.018800
v 0.036713 -0.011042 -0.015859
v 0.038251 -0.011681 -0.019008
v 0.038687 -0.007643 -0.015778
v 0.036468 -0.014145 -0.019210
v 0.032980 -0.016221 -0.016428
v 0.034505 -0.016388 -0.019417
v 0.034953 -0.013594 -0.016108
v 0.036569 -0.017326 -0.025733
v 0.033115 -0.019133 -0.022518
v 0.033875 -0.019490 -0.025627
v 0.035740 -0.016820 -0.022493
v 0.030474 -0.018874 -0.016880
v 0.031906 -0.018958 -0.019641
v 0.034505 -0.016388 -0.019417
v 0.032980 -0.016221 -0.016428
v -0.007939 -0.032890 -0.010857
v -0.005813 -0.023796 -0.006056
v -0.009907 -0.023534 -0.007372
v -0.004250 -0.034010 -0.009099
v 0.036910 -0.018158 -0.032857
v 0.036968 -0.017806 -0.029174
v 0.034106 -0.019937 -0.029037
v 0.033727 -0.020383 -0.032816
v 0.036510 -0.018280 -0.036590
v 0.032735 -0.020184 -0.040461
v 0.035879 -0.018069 -0.040181
v 0.033137 -0.020555 -0.036709
v 0.027528 -0.021993 -0.017413
v 0.021087 -0.026507 -0.018558
v 0.021878 -0.026188 -0.020961
v 0.028855 -0.021575 -0.019915
v 0.022503 -0.026011 -0.023526
v 0.030654 -0.021719 -0.025531
v 0.029989 -0.021510 -0.022595
v 0.022868 -0.025974 -0.026042
v 0.026302 -0.023522 -0.042007
v 0.028818 -0.023156 -0.036848
v 0.025407 -0.024505 -0.039108
v 0.029366 -0.022132 -0.041007
v 0.030144 -0.022593 -0.032497
v 0.022513 -0.026231 -0.033228
v 0.028818 -0.023156 -0.036848
v 0.023028 -0.026070 -0.030969
v 0.020956 -0.025260 -0.043975
v 0.022696 -0.025373 -0.040646
v 0.020241 -0.025999 -0.041844
v 0.023510 -0.024512 -0.043114
v 0.025407 -0.024505 -0.039108
v 0.022513 -0.026231 -0.033228
v 0.021289 -0.026544 -0.035235
v 0.028818 -0.023156 -0.036848
v 0.016252 -0.026178 -0.045347
v 0.017961 -0.026437 -0.042803
v 0.015773 -0.026742 -0.043626
v 0.018563 -0.025803 -0.044687
v 0.022696 -0.025373 -0.040646
v 0.019594 -0.026922 -0.036941
v 0.020241 -0.025999 -0.041844
v 0.017822 -0.027241 -0.038386
v 0.011834 -0.026563 -0.046451
v 0.013639 -0.026941 -0.044325
v 0.011517 -0.027060 -0.044912
v 0.014012 -0.026420 -0.045940
v 0.016051 -0.027482 -0.039635
v 0.014256 -0.027659 -0.040717
v 0.015773 -0.026742 -0.043626
v 0.017961 -0.026437 -0.042803
v 0.011517 -0.027060 -0.044912
v 0.012415 -0.027766 -0.041624
v 0.010458 -0.027799 -0.042341
v 0.013639 -0.026941 -0.044325
v 0.004549 -0.026343 -0.047744
v 0.006830 -0.027013 -0.045837
v 0.004299 -0.026835 -0.046165
v 0.007093 -0.026530 -0.047352
v 0.004299 -0.026835 -0.046165
v 0.006067 -0.027734 -0.043271
v 0.003710 -0.027629 -0.043450
v 0.006830 -0.027013 -0.045837
v -0.000640 -0.026128 -0.046453
v 0.002106 -0.026032 -0.048059
v 0.001851 -0.026552 -0.046363
v -0.000417 -0.025536 -0.048341
v 0.001407 -0.027432 -0.043375
v -0.000640 -0.026128 -0.046453
v 0.001851 -0.026552 -0.046363
v -0.000840 -0.027147 -0.043093
v -0.006108 -0.024740 -0.046297
v -0.003199 -0.024798 -0.048635
v -0.003301 -0.025527 -0.046459
v -0.006087 -0.023862 -0.048841
v -0.003301 -0.025527 -0.046459
v -0.003098 -0.026776 -0.042630
v -0.005327 -0.026322 -0.041987
v -0.006108 -0.024740 -0.046297
v -0.012634 -0.022341 -0.045062
v -0.008928 -0.022772 -0.048857
v -0.009037 -0.023757 -0.045885
v -0.011775 -0.021372 -0.049007
v -0.019248 -0.017391 -0.047312
v -0.014680 -0.019506 -0.049617
v -0.016121 -0.019867 -0.046320
v -0.017809 -0.017113 -0.050430
v -0.023721 -0.011150 -0.051973
v -0.027008 -0.008937 -0.049462
v -0.025486 -0.008828 -0.052424
v -0.025180 -0.011366 -0.048953
v -0.032032 -0.003455 -0.043720
v -0.028226 -0.008846 -0.046251
v -0.029084 -0.008626 -0.042874
v -0.031156 -0.003777 -0.047141
v -0.030182 0.000245 -0.053960
v -0.033308 0.004515 -0.051607
v -0.031523 0.004252 -0.054449
v -0.031950 0.000487 -0.051087
v -0.034187 0.001184 -0.044376
v -0.031156 -0.003777 -0.047141
v -0.032032 -0.003455 -0.043720
v -0.033299 0.000795 -0.047840
v -0.033308 0.004515 -0.051607
v -0.032513 0.008599 -0.054850
v -0.031523 0.004252 -0.054449
v -0.034309 0.008924 -0.052047
v -0.035581 0.005285 -0.044858
v -0.035708 0.009314 -0.048800
v -0.034680 0.004858 -0.048349
v -0.036628 0.009770 -0.045299
v -0.034892 0.013543 -0.052416
v -0.033134 0.017641 -0.055464
v -0.033075 0.013118 -0.055181
v -0.034996 0.018203 -0.052727
v -0.037276 0.014489 -0.045691
v -0.036474 0.018754 -0.049520
v -0.036324 0.014001 -0.049190
v -0.037468 0.019293 -0.046024
v -0.034641 0.022856 -0.052954
v -0.031947 0.026692 -0.055708
v -0.032741 0.022166 -0.055655
v -0.033851 0.027457 -0.053070
v -0.037211 0.024094 -0.046288
v -0.035412 0.028170 -0.049934
v -0.036166 0.023501 -0.049773
v -0.036508 0.028806 -0.046474
v -0.032644 0.031900 -0.053091
v -0.029183 0.035076 -0.055568
v -0.030758 0.031052 -0.055666
v -0.031040 0.036078 -0.053037
v -0.035374 0.033364 -0.046579
v -0.032636 0.036973 -0.049996
v -0.034229 0.032686 -0.050008
v -0.033822 0.037706 -0.046598
v -0.029058 0.040013 -0.052900
v -0.024969 0.042444 -0.055115
v -0.027245 0.038846 -0.055392
v -0.026720 0.043726 -0.052674
v -0.031865 0.041819 -0.046537
v -0.028285 0.044837 -0.049726
v -0.030650 0.041025 -0.049902
v -0.029516 0.045692 -0.046401
v -0.024049 0.047176 -0.052367
v -0.019482 0.048842 -0.054355
v -0.022376 0.045800 -0.054762
v -0.021069 0.050319 -0.051985
v -0.026804 0.049294 -0.046180
v -0.022535 0.051611 -0.049118
v -0.025571 0.048376 -0.049466
v -0.023756 0.052595 -0.045868
v -0.017809 0.053146 -0.051541
v -0.012874 0.053942 -0.053417
v -0.016309 0.051560 -0.053903
v -0.014296 0.055643 -0.051048
v -0.020409 0.055583 -0.045468
v -0.015633 0.057124 -0.048203
v -0.019211 0.054531 -0.048694
v -0.016799 0.058251 -0.044985
v -0.010575 0.057793 -0.050493
v -0.005531 0.057715 -0.052227
v -0.009256 0.055993 -0.052868
v -0.006687 0.059574 -0.049862
v -0.012936 0.060568 -0.044432
v -0.007805 0.061223 -0.047034
v -0.011824 0.059364 -0.047649
v -0.008827 0.062506 -0.043825
v -0.002661 0.060968 -0.049177
v 0.002262 0.060028 -0.050853
v -0.001694 0.059072 -0.051540
v 0.001476 0.061957 -0.048461
v 0.034031 0.053501 -0.044617
v 0.029666 0.054153 -0.047857
v 0.030166 0.055884 -0.045445
v 0.033463 0.051820 -0.047079
v 0.014179 0.062546 -0.046130
v 0.010426 0.060776 -0.049389
v 0.009937 0.062743 -0.046933
v 0.014531 0.060581 -0.048605
v 0.026333 0.057708 -0.046234
v 0.022395 0.057158 -0.049320
v 0.022478 0.059057 -0.047012
v 0.026017 0.055897 -0.048587
v 0.018546 0.060011 -0.047808
v 0.014836 0.058540 -0.050861
v 0.014531 0.060581 -0.048605
v 0.018669 0.058027 -0.050085
v 0.034719 0.056724 -0.038835
v 0.030569 0.057634 -0.042818
v 0.030682 0.059228 -0.039767
v 0.034519 0.055196 -0.041942
v 0.037777 0.055631 -0.030715
v 0.041353 0.052057 -0.029753
v 0.042030 0.051344 -0.033457
v 0.038432 0.054884 -0.034411
v 0.043316 0.048370 -0.025224
v 0.038632 0.052404 -0.022863
v 0.041661 0.048439 -0.022014
v 0.040196 0.052405 -0.026131
v 0.026545 0.061206 -0.040669
v 0.022495 0.060959 -0.044488
v 0.022325 0.062673 -0.041541
v 0.026562 0.059536 -0.043661
v 0.033885 0.058732 -0.031700
v 0.030440 0.060513 -0.036366
v 0.029780 0.061331 -0.032688
v 0.034538 0.057949 -0.035389
v 0.036679 0.055955 -0.027069
v 0.031379 0.058887 -0.024646
v 0.035207 0.055849 -0.023735
v 0.032814 0.059052 -0.028030
v 0.018041 0.063646 -0.042383
v 0.014179 0.062546 -0.046130
v 0.013713 0.064190 -0.043203
v 0.018366 0.061957 -0.045313
v 0.025564 0.063395 -0.033660
v 0.021927 0.064048 -0.038228
v 0.021259 0.064933 -0.034602
v 0.026229 0.062549 -0.037316
v 0.028739 0.061653 -0.029001
v 0.023339 0.063465 -0.026501
v 0.027354 0.061449 -0.025575
v 0.024588 0.063712 -0.029966
v 0.009357 0.064372 -0.044008
v 0.005687 0.062547 -0.047713
v 0.004997 0.064187 -0.044804
v 0.009937 0.062743 -0.046933
v -0.004545 0.063996 -0.043141
v 0.000654 0.063632 -0.045597
v -0.003628 0.062660 -0.046352
v -0.000162 0.064969 -0.042358
v 0.016886 0.065951 -0.035501
v 0.013139 0.065514 -0.039917
v 0.012465 0.066517 -0.036365
v 0.017554 0.065003 -0.039089
v 0.016063 0.066355 -0.031841
v 0.019276 0.064991 -0.027421
v 0.020362 0.065267 -0.030916
v 0.015110 0.066080 -0.028330
v 0.008017 0.066701 -0.037201
v 0.004272 0.065505 -0.041534
v 0.003549 0.066493 -0.038023
v 0.008709 0.065684 -0.040726
v -0.000162 0.064969 -0.042358
v -0.000928 0.065884 -0.038844
v 0.003549 0.066493 -0.038023
v 0.004272 0.065505 -0.041534
v 0.002905 0.066958 -0.034416
v 0.006696 0.066947 -0.030049
v 0.007329 0.067198 -0.033590
v 0.002421 0.066704 -0.030856
v -0.009699 0.063263 -0.040320
v -0.004545 0.063996 -0.043141
v -0.008827 0.062506 -0.043825
v -0.005362 0.064823 -0.039623
v -0.006021 0.065102 -0.035989
v -0.002011 0.065981 -0.031651
v -0.001570 0.066260 -0.035220
v -0.006468 0.064790 -0.032429
v -0.017709 0.058890 -0.041498
v -0.012936 0.060568 -0.044432
v -0.016799 0.058251 -0.044985
v -0.013846 0.061264 -0.040941
v -0.014519 0.061443 -0.037363
v -0.010815 0.063141 -0.033188
v -0.010376 0.063480 -0.036709
v -0.014924 0.061090 -0.033886
v -0.024606 0.053147 -0.042346
v -0.020409 0.055583 -0.045468
v -0.023756 0.052595 -0.045868
v -0.021293 0.056173 -0.041972
v -0.022061 0.055996 -0.034955
v -0.018338 0.059040 -0.037933
v -0.021850 0.056307 -0.038401
v -0.018665 0.058697 -0.034482
v -0.030264 0.046208 -0.042827
v -0.026804 0.049294 -0.046180
v -0.029516 0.045692 -0.046401
v -0.027608 0.049822 -0.042629
v -0.027973 0.049979 -0.039010
v -0.025135 0.053020 -0.035284
v -0.025070 0.053283 -0.038752
v -0.027886 0.049787 -0.035521
v -0.034449 0.038224 -0.042996
v -0.031865 0.041819 -0.046537
v -0.033822 0.037706 -0.046598
v -0.032552 0.042333 -0.042947
v -0.032401 0.042618 -0.035863
v -0.030530 0.046407 -0.039201
v -0.032725 0.042590 -0.039324
v -0.030313 0.046314 -0.035718
v -0.037020 0.029339 -0.042861
v -0.035374 0.033364 -0.046579
v -0.036508 0.028806 -0.046474
v -0.035943 0.033889 -0.042969
v -0.035507 0.034589 -0.035949
v -0.034545 0.038552 -0.039380
v -0.035973 0.034289 -0.039363
v -0.034138 0.038719 -0.035945
v -0.036494 0.030200 -0.035861
v -0.035973 0.034289 -0.039363
v -0.036998 0.029795 -0.039267
v -0.035507 0.034589 -0.035949
v -0.037879 0.019821 -0.042424
v -0.037211 0.024094 -0.046288
v -0.037468 0.019293 -0.046024
v -0.037669 0.024630 -0.042678
v -0.037258 0.020787 -0.035466
v -0.037605 0.025123 -0.039097
v -0.037783 0.020323 -0.038858
v -0.037082 0.025587 -0.035696
v -0.036991 0.010289 -0.041733
v -0.037276 0.014489 -0.045691
v -0.036628 0.009770 -0.045299
v -0.037651 0.015008 -0.042106
v -0.036424 0.011323 -0.034878
v -0.037541 0.015517 -0.038562
v -0.036891 0.010823 -0.038220
v -0.037034 0.015974 -0.035188
v -0.034576 0.001670 -0.040855
v -0.035581 0.005285 -0.044858
v -0.034187 0.001184 -0.044376
v -0.035949 0.005798 -0.041314
v -0.034155 0.002601 -0.034013
v -0.035877 0.006341 -0.037826
v -0.034540 0.002169 -0.037370
v -0.035455 0.006857 -0.034499
v -0.029856 -0.004013 -0.050366
v -0.025486 -0.008828 -0.052424
v -0.027008 -0.008937 -0.049462
v -0.028165 -0.004159 -0.053276
v -0.025180 -0.011366 -0.048953
v -0.023721 -0.011150 -0.051973
v -0.020709 -0.014443 -0.051229
v -0.022200 -0.014664 -0.048154
v -0.029531 -0.008351 -0.039415
v -0.032509 -0.002556 -0.036669
v -0.032449 -0.003046 -0.040227
v -0.029739 -0.007862 -0.035455
v -0.029078 -0.008370 -0.031886
v -0.029881 -0.006662 -0.031295
v -0.030527 -0.005622 -0.032431
v -0.029739 -0.007862 -0.035455
v -0.026383 -0.011341 -0.045732
v -0.025180 -0.011366 -0.048953
v -0.022200 -0.014664 -0.048154
v -0.023538 -0.014580 -0.044945
v -0.019248 -0.017391 -0.047312
v -0.023538 -0.014580 -0.044945
v -0.022200 -0.014664 -0.048154
v -0.020739 -0.017240 -0.044179
v -0.017813 -0.019663 -0.043169
v -0.016940 -0.021168 -0.038921
v -0.019402 -0.019219 -0.040019
v -0.015140 -0.021703 -0.041882
v -0.009037 -0.023757 -0.045885
v -0.007441 -0.025823 -0.041114
v -0.009366 -0.025344 -0.039864
v -0.012634 -0.022341 -0.045062
v -0.022072 -0.016882 -0.040938
v -0.025289 -0.014055 -0.038336
v -0.024606 -0.014329 -0.041654
v -0.022980 -0.016557 -0.037635
v -0.027755 -0.010948 -0.038942
v -0.027264 -0.011170 -0.042373
v -0.024606 -0.014329 -0.041654
v -0.025289 -0.014055 -0.038336
v -0.016940 -0.021168 -0.038921
v -0.020536 -0.018857 -0.036724
v -0.019402 -0.019219 -0.040019
v -0.018237 -0.020783 -0.035701
v -0.023521 -0.016283 -0.034274
v -0.025705 -0.013572 -0.031372
v -0.025637 -0.013796 -0.034999
v -0.023757 -0.016062 -0.030681
v -0.011055 -0.024933 -0.038121
v -0.016940 -0.021168 -0.038921
v -0.015140 -0.021703 -0.041882
v -0.012512 -0.024575 -0.036008
v -0.019067 -0.020578 -0.032355
v -0.021667 -0.018395 -0.029837
v -0.021271 -0.018582 -0.033319
v -0.019464 -0.020580 -0.029015
v -0.012512 -0.024575 -0.036008
v -0.018237 -0.020783 -0.035701
v -0.016940 -0.021168 -0.038921
v -0.013720 -0.024291 -0.033712
v -0.000556 -0.025552 -0.039372
v 0.001274 -0.025736 -0.039920
v 0.004807 -0.025045 -0.023268
v -0.011284 -0.024739 -0.024177
v -0.010956 -0.024425 -0.026334
v 0.004807 -0.025045 -0.023268
v 0.004807 -0.025045 -0.023268
v -0.009582 -0.024270 -0.030881
v -0.008549 -0.024402 -0.032847
v 0.004807 -0.025045 -0.023268
v -0.002419 -0.025320 -0.038564
v -0.000556 -0.025552 -0.039372
v 0.004807 -0.025045 -0.023268
v -0.005236 -0.024912 -0.036693
v -0.004046 -0.025090 -0.037597
v 0.004807 -0.025045 -0.023268
v -0.007412 -0.024574 -0.034445
v -0.006279 -0.024750 -0.035714
v 0.017491 -0.025379 -0.030218
v 0.004807 -0.025045 -0.023268
v 0.016862 -0.025530 -0.031900
v 0.004807 -0.025045 -0.023268
v 0.017906 -0.025263 -0.028600
v 0.018146 -0.025189 -0.026918
v -0.009785 -0.028013 -0.016121
v -0.010717 -0.026727 -0.018401
v 0.004807 -0.025045 -0.023268
v 0.010458 -0.027799 -0.042341
v 0.010912 -0.028053 -0.038678
v 0.009261 -0.028098 -0.039383
v 0.012415 -0.027766 -0.041624
v 0.001037 -0.027709 -0.040158
v 0.003224 -0.025890 -0.040249
v 0.001274 -0.025736 -0.039920
v 0.003072 -0.027868 -0.040448
v -0.002824 -0.027266 -0.038795
v -0.000556 -0.025552 -0.039372
v -0.002419 -0.025320 -0.038564
v -0.000879 -0.027513 -0.039610
v -0.004046 -0.025090 -0.037597
v -0.005793 -0.026820 -0.036927
v -0.004532 -0.027017 -0.037830
v -0.005236 -0.024912 -0.036693
v -0.006279 -0.024750 -0.035714
v -0.008092 -0.026443 -0.034676
v -0.006900 -0.026639 -0.035948
v -0.007412 -0.024574 -0.034445
v -0.008549 -0.024402 -0.032847
v -0.010344 -0.026105 -0.031130
v -0.009277 -0.026253 -0.033080
v -0.009582 -0.024270 -0.030881
v 0.004807 -0.025045 -0.023268
v 0.012276 -0.025997 -0.037538
v 0.013695 -0.025911 -0.036331
v 0.004807 -0.025045 -0.023268
v 0.016423 -0.026157 -0.017232
v 0.015731 -0.026577 -0.015967
v -0.010386 -0.024261 -0.028656
v -0.011747 -0.026232 -0.026679
v -0.011169 -0.026082 -0.028941
v -0.010956 -0.024425 -0.026334
v -0.003207 -0.031426 -0.011052
v -0.000070 -0.033862 -0.010474
v -0.003403 -0.033409 -0.011427
v -0.000032 -0.031876 -0.010162
v -0.008350 -0.029300 -0.014129
v -0.010435 -0.029782 -0.016783
v -0.009785 -0.028013 -0.016121
v -0.008899 -0.031114 -0.014772
v -0.010717 -0.026727 -0.018401
v -0.011974 -0.027500 -0.021164
v -0.011213 -0.025736 -0.020599
v -0.011439 -0.028486 -0.019025
v 0.016003 -0.025683 -0.033524
v 0.004807 -0.025045 -0.023268
v 0.014940 -0.025810 -0.034992
v 0.004807 -0.025045 -0.023268
v 0.014914 -0.027095 -0.014723
v 0.013961 -0.027702 -0.013519
v -0.011284 -0.024739 -0.024177
v -0.012152 -0.026915 -0.022899
v -0.012071 -0.026531 -0.024595
v -0.011374 -0.025137 -0.022404
v 0.018359 -0.027327 -0.020793
v 0.017052 -0.025792 -0.018744
v 0.017636 -0.025466 -0.020752
v 0.017807 -0.027639 -0.018831
v 0.018849 -0.027062 -0.024998
v 0.018146 -0.025189 -0.026918
v 0.018755 -0.027090 -0.026879
v 0.018200 -0.025174 -0.025027
v 0.018474 -0.027177 -0.028575
v 0.017491 -0.025379 -0.030218
v 0.018018 -0.027306 -0.030222
v 0.017906 -0.025263 -0.028600
v 0.017340 -0.027469 -0.031940
v 0.016003 -0.025683 -0.033524
v 0.016425 -0.027634 -0.033599
v 0.016862 -0.025530 -0.031900
v 0.015299 -0.027772 -0.035100
v 0.013695 -0.025911 -0.036331
v 0.013989 -0.027883 -0.036474
v 0.014940 -0.025810 -0.034992
v 0.010912 -0.028053 -0.038678
v 0.012504 -0.027977 -0.037707
v 0.010754 -0.026072 -0.038522
v 0.012276 -0.025997 -0.037538
v 0.007313 -0.026002 -0.048907
v 0.009463 -0.026546 -0.046902
v 0.007093 -0.026530 -0.047352
v 0.009751 -0.026035 -0.048475
v -0.003207 -0.031426 -0.011052
v 0.004807 -0.025045 -0.023268
v -0.000032 -0.031876 -0.010162
v 0.002799 -0.033813 -0.010043
v 0.002638 -0.031852 -0.009735
v 0.004856 -0.031540 -0.009629
v 0.005222 -0.033477 -0.009925
v 0.007207 -0.033000 -0.010030
v 0.006694 -0.031090 -0.009757
v 0.008313 -0.030534 -0.010093
v 0.008943 -0.032411 -0.010350
v 0.008943 -0.032411 -0.010350
v 0.008313 -0.030534 -0.010093
v 0.009917 -0.029850 -0.010671
v 0.010641 -0.031694 -0.010919
v 0.011451 -0.029108 -0.011462
v 0.012812 -0.028382 -0.012413
v 0.013641 -0.030184 -0.012645
v 0.012243 -0.030926 -0.011702
v 0.013961 -0.027702 -0.013519
v 0.014914 -0.027095 -0.014723
v 0.015751 -0.028898 -0.014920
v 0.014803 -0.029500 -0.013737
v 0.017052 -0.025792 -0.018744
v 0.004807 -0.025045 -0.023268
v 0.017636 -0.025466 -0.020752
v -0.006197 -0.030471 -0.012440
v -0.008350 -0.029300 -0.014129
v 0.004807 -0.025045 -0.023268
v 0.004807 -0.025045 -0.023268
v 0.012812 -0.028382 -0.012413
v 0.011451 -0.029108 -0.011462
v 0.004807 -0.025045 -0.023268
v 0.008313 -0.030534 -0.010093
v 0.006694 -0.031090 -0.009757
v -0.011213 -0.025736 -0.020599
v -0.011374 -0.025137 -0.022404
v 0.004807 -0.025045 -0.023268
v 0.008421 0.006442 -0.011627
v 0.009164 0.007917 -0.014811
v 0.008746 0.008877 -0.013766
v 0.008849 0.005459 -0.012697
v 0.000273 0.007065 -0.017519
v -0.000256 0.004586 -0.015471
v -0.000684 0.005569 -0.014401
v -0.000145 0.008025 -0.016475
v -0.000256 0.004586 -0.015471
v 0.001096 0.006192 -0.018385
v 0.000586 0.003692 -0.016357
v 0.000273 0.007065 -0.017519
v -0.000096 0.008979 -0.015347
v -0.000634 0.006547 -0.013246
v 0.000392 0.009837 -0.014247
v -0.000134 0.007425 -0.012119
v -0.000684 0.005569 -0.014401
v -0.000634 0.006547 -0.013246
v -0.000096 0.008979 -0.015347
v -0.000145 0.008025 -0.016475
v 0.002260 0.005497 -0.018975
v 0.003192 0.002510 -0.017241
v 0.001779 0.002980 -0.016962
v 0.003640 0.005038 -0.019247
v 0.001096 0.006192 -0.018385
v 0.001779 0.002980 -0.016962
v 0.000586 0.003692 -0.016357
v 0.002260 0.005497 -0.018975
v 0.000789 0.008113 -0.011136
v 0.002502 0.010937 -0.012552
v 0.001294 0.010508 -0.013287
v 0.002027 0.008552 -0.010384
v 0.000392 0.009837 -0.014247
v -0.000134 0.007425 -0.012119
v 0.001294 0.010508 -0.013287
v 0.000789 0.008113 -0.011136
v 0.003640 0.005038 -0.019247
v 0.004694 0.002342 -0.017149
v 0.003192 0.002510 -0.017241
v 0.005107 0.004874 -0.019158
v 0.004694 0.002342 -0.017149
v 0.006517 0.005005 -0.018733
v 0.006138 0.002476 -0.016714
v 0.005107 0.004874 -0.019158
v 0.003912 0.011068 -0.012127
v 0.004973 0.008518 -0.009857
v 0.005379 0.010904 -0.012038
v 0.003471 0.008686 -0.009948
v 0.002027 0.008552 -0.010384
v 0.003912 0.011068 -0.012127
v 0.002502 0.010937 -0.012552
v 0.003471 0.008686 -0.009948
v 0.006138 0.002476 -0.016714
v 0.007725 0.005434 -0.017998
v 0.007376 0.002915 -0.015961
v 0.006517 0.005005 -0.018733
v 0.007376 0.002915 -0.015961
v 0.008626 0.006105 -0.017038
v 0.008299 0.003603 -0.014978
v 0.007725 0.005434 -0.017998
v 0.005379 0.010904 -0.012038
v 0.006386 0.008048 -0.010136
v 0.006758 0.010445 -0.012310
v 0.004973 0.008518 -0.009857
v 0.006758 0.010445 -0.012310
v 0.007579 0.007336 -0.010740
v 0.007923 0.009751 -0.012900
v 0.006386 0.008048 -0.010136
v 0.008799 0.004481 -0.013852
v 0.009164 0.007917 -0.014811
v 0.008849 0.005459 -0.012697
v 0.009115 0.006963 -0.015939
v 0.008299 0.003603 -0.014978
v 0.009115 0.006963 -0.015939
v 0.008799 0.004481 -0.013852
v 0.008626 0.006105 -0.017038
v 0.007579 0.007336 -0.010740
v 0.008746 0.008877 -0.013766
v 0.007923 0.009751 -0.012900
v 0.008421 0.006442 -0.011627
v 0.006448 0.010299 -0.013038
v 0.005200 0.010461 -0.013387
v 0.005284 0.010686 -0.012809
v 0.005936 0.010135 -0.013752
v 0.006758 0.010445 -0.012310
v 0.005284 0.010686 -0.012809
v 0.005379 0.010904 -0.012038
v 0.006448 0.010299 -0.013038
v 0.006448 0.010299 -0.013038
v 0.007923 0.009751 -0.012900
v 0.007430 0.009713 -0.013536
v 0.006758 0.010445 -0.012310
v 0.006448 0.010299 -0.013038
v 0.006798 0.009582 -0.014260
v 0.005936 0.010135 -0.013752
v 0.007430 0.009713 -0.013536
v 0.006147 0.007909 -0.016698
v 0.007688 0.007853 -0.016089
v 0.007252 0.007223 -0.016937
v 0.006807 0.008527 -0.015746
v 0.006147 0.007909 -0.016698
v 0.005886 0.009263 -0.015163
v 0.006807 0.008527 -0.015746
v 0.004638 0.008711 -0.016273
v 0.007483 0.008914 -0.014886
v 0.006807 0.008527 -0.015746
v 0.005886 0.009263 -0.015163
v 0.006798 0.009582 -0.014260
v 0.007914 0.008319 -0.015375
v 0.007688 0.007853 -0.016089
v 0.006807 0.008527 -0.015746
v 0.007483 0.008914 -0.014886
v 0.003874 0.009703 -0.015033
v 0.003291 0.010349 -0.014035
v 0.004359 0.010480 -0.013650
v 0.005021 0.009937 -0.014437
v 0.005021 0.009937 -0.014437
v 0.004359 0.010480 -0.013650
v 0.005200 0.010461 -0.013387
v 0.005936 0.010135 -0.013752
v 0.005936 0.010135 -0.013752
v 0.005886 0.009263 -0.015163
v 0.005021 0.009937 -0.014437
v 0.006798 0.009582 -0.014260
v 0.003874 0.009703 -0.015033
v 0.005886 0.009263 -0.015163
v 0.004638 0.008711 -0.016273
v 0.005021 0.009937 -0.014437
v 0.008746 0.008877 -0.013766
v 0.008476 0.008167 -0.015147
v 0.008124 0.008977 -0.014266
v 0.009164 0.007917 -0.014811
v 0.008124 0.008977 -0.014266
v 0.007914 0.008319 -0.015375
v 0.007483 0.008914 -0.014886
v 0.008476 0.008167 -0.015147
v 0.006798 0.009582 -0.014260
v 0.008124 0.008977 -0.014266
v 0.007483 0.008914 -0.014886
v 0.007430 0.009713 -0.013536
v 0.007923 0.009751 -0.012900
v 0.008746 0.008877 -0.013766
v 0.008124 0.008977 -0.014266
v 0.007430 0.009713 -0.013536
v 0.002859 0.010714 -0.013242
v 0.002502 0.010937 -0.012552
v 0.003912 0.011068 -0.012127
v 0.004048 0.010824 -0.012884
v 0.005284 0.010686 -0.012809
v 0.004048 0.010824 -0.012884
v 0.005379 0.010904 -0.012038
v 0.003912 0.011068 -0.012127
v 0.004359 0.010480 -0.013650
v 0.004048 0.010824 -0.012884
v 0.005284 0.010686 -0.012809
v 0.005200 0.010461 -0.013387
v 0.003291 0.010349 -0.014035
v 0.002859 0.010714 -0.013242
v 0.004048 0.010824 -0.012884
v 0.004359 0.010480 -0.013650
v 0.008023 0.006639 -0.017025
v 0.009115 0.006963 -0.015939
v 0.008626 0.006105 -0.017038
v 0.008435 0.007362 -0.016098
v 0.007252 0.007223 -0.016937
v 0.007688 0.007853 -0.016089
v 0.008435 0.007362 -0.016098
v 0.008023 0.006639 -0.017025
v 0.008476 0.008167 -0.015147
v 0.007688 0.007853 -0.016089
v 0.007914 0.008319 -0.015375
v 0.008435 0.007362 -0.016098
v 0.009164 0.007917 -0.014811
v 0.008435 0.007362 -0.016098
v 0.008476 0.008167 -0.015147
v 0.009115 0.006963 -0.015939
v 0.001080 0.009786 -0.014671
v 0.001294 0.010508 -0.013287
v 0.001840 0.010352 -0.013862
v 0.000392 0.009837 -0.014247
v 0.002502 0.010937 -0.012552
v 0.002859 0.010714 -0.013242
v 0.001840 0.010352 -0.013862
v 0.001294 0.010508 -0.013287
v 0.001840 0.010352 -0.013862
v 0.003291 0.010349 -0.014035
v 0.002320 0.010044 -0.014554
v 0.002859 0.010714 -0.013242
v 0.001840 0.010352 -0.013862
v 0.001624 0.009696 -0.014971
v 0.001080 0.009786 -0.014671
v 0.002320 0.010044 -0.014554
v 0.002892 0.008622 -0.016489
v 0.001550 0.009197 -0.015695
v 0.002668 0.009433 -0.015480
v 0.001579 0.008465 -0.016572
v 0.002668 0.009433 -0.015480
v 0.001550 0.009197 -0.015695
v 0.001624 0.009696 -0.014971
v 0.002320 0.010044 -0.014554
v 0.003874 0.009703 -0.015033
v 0.002668 0.009433 -0.015480
v 0.002320 0.010044 -0.014554
v 0.003291 0.010349 -0.014035
v 0.003874 0.009703 -0.015033
v 0.002892 0.008622 -0.016489
v 0.002668 0.009433 -0.015480
v 0.004638 0.008711 -0.016273
v 0.005155 0.006352 -0.018336
v 0.004296 0.007514 -0.017518
v 0.005558 0.007153 -0.017597
v 0.004027 0.006533 -0.018366
v 0.006147 0.007909 -0.016698
v 0.004296 0.007514 -0.017518
v 0.004638 0.008711 -0.016273
v 0.005558 0.007153 -0.017597
v 0.006606 0.006662 -0.017693
v 0.006147 0.007909 -0.016698
v 0.007252 0.007223 -0.016937
v 0.005558 0.007153 -0.017597
v 0.006016 0.006231 -0.018188
v 0.005558 0.007153 -0.017597
v 0.006606 0.006662 -0.017693
v 0.005155 0.006352 -0.018336
v 0.002938 0.006837 -0.018194
v 0.004296 0.007514 -0.017518
v 0.004027 0.006533 -0.018366
v 0.003000 0.007713 -0.017432
v 0.003000 0.007713 -0.017432
v 0.002129 0.007082 -0.017938
v 0.001837 0.007706 -0.017387
v 0.002938 0.006837 -0.018194
v 0.002892 0.008622 -0.016489
v 0.001837 0.007706 -0.017387
v 0.001579 0.008465 -0.016572
v 0.003000 0.007713 -0.017432
v 0.004296 0.007514 -0.017518
v 0.002892 0.008622 -0.016489
v 0.004638 0.008711 -0.016273
v 0.003000 0.007713 -0.017432
v 0.000627 0.008258 -0.016550
v -0.000096 0.008979 -0.015347
v 0.000668 0.009063 -0.015599
v -0.000145 0.008025 -0.016475
v 0.000668 0.009063 -0.015599
v 0.000392 0.009837 -0.014247
v 0.001080 0.009786 -0.014671
v -0.000096 0.008979 -0.015347
v 0.001624 0.009696 -0.014971
v 0.000668 0.009063 -0.015599
v 0.001080 0.009786 -0.014671
v 0.001550 0.009197 -0.015695
v 0.001579 0.008465 -0.016572
v 0.000668 0.009063 -0.015599
v 0.001550 0.009197 -0.015695
v 0.000627 0.008258 -0.016550
v 0.007725 0.005434 -0.017998
v 0.006517 0.005005 -0.018733
v 0.006244 0.005711 -0.018454
v 0.007263 0.006073 -0.017835
v 0.007263 0.006073 -0.017835
v 0.006244 0.005711 -0.018454
v 0.006016 0.006231 -0.018188
v 0.006606 0.006662 -0.017693
v 0.007263 0.006073 -0.017835
v 0.007252 0.007223 -0.016937
v 0.008023 0.006639 -0.017025
v 0.006606 0.006662 -0.017693
v 0.008626 0.006105 -0.017038
v 0.007725 0.005434 -0.017998
v 0.007263 0.006073 -0.017835
v 0.008023 0.006639 -0.017025
v 0.001673 0.006712 -0.018161
v 0.001096 0.006192 -0.018385
v 0.000273 0.007065 -0.017519
v 0.000979 0.007448 -0.017431
v 0.000979 0.007448 -0.017431
v -0.000145 0.008025 -0.016475
v 0.000627 0.008258 -0.016550
v 0.000273 0.007065 -0.017519
v 0.001579 0.008465 -0.016572
v 0.000979 0.007448 -0.017431
v 0.000627 0.008258 -0.016550
v 0.001837 0.007706 -0.017387
v 0.002129 0.007082 -0.017938
v 0.000979 0.007448 -0.017431
v 0.001837 0.007706 -0.017387
v 0.001673 0.006712 -0.018161
v 0.005107 0.004874 -0.019158
v 0.003818 0.005739 -0.018888
v 0.005055 0.005600 -0.018813
v 0.003640 0.005038 -0.019247
v 0.005055 0.005600 -0.018813
v 0.004027 0.006533 -0.018366
v 0.005155 0.006352 -0.018336
v 0.003818 0.005739 -0.018888
v 0.006244 0.005711 -0.018454
v 0.005155 0.006352 -0.018336
v 0.006016 0.006231 -0.018188
v 0.005055 0.005600 -0.018813
v 0.006517 0.005005 -0.018733
v 0.005107 0.004874 -0.019158
v 0.005055 0.005600 -0.018813
v 0.006244 0.005711 -0.018454
v 0.003640 0.005038 -0.019247
v 0.002655 0.006126 -0.018659
v 0.003818 0.005739 -0.018888
v 0.002260 0.005497 -0.018975
v 0.002260 0.005497 -0.018975
v 0.001673 0.006712 -0.018161
v 0.002655 0.006126 -0.018659
v 0.001096 0.006192 -0.018385
v 0.002655 0.006126 -0.018659
v 0.002129 0.007082 -0.017938
v 0.002938 0.006837 -0.018194
v 0.001673 0.006712 -0.018161
v 0.002655 0.006126 -0.018659
v 0.004027 0.006533 -0.018366
v 0.003818 0.005739 -0.018888
v 0.002938 0.006837 -0.018194
v -0.005200 -0.016445 0.011283
v 0.003342 -0.016324 0.011495
v 0.002952 -0.016714 0.013049
v -0.005087 -0.016168 0.009358
v 0.009314 0.001944 0.017320
v 0.009125 -0.004301 0.014896
v 0.009469 0.002212 0.015912
v 0.009334 -0.003725 0.013351
v 0.006414 -0.013205 0.017662
v 0.004236 -0.015879 0.017177
v 0.004646 -0.015866 0.016428
v 0.006020 -0.013270 0.018407
v 0.004236 -0.015879 0.017177
v 0.002401 -0.017230 0.015535
v 0.004646 -0.015866 0.016428
v 0.001995 -0.017132 0.016278
v 0.009052 -0.005370 0.020685
v 0.007685 -0.009636 0.019924
v 0.008063 -0.009550 0.019177
v 0.008685 -0.005420 0.021442
v 0.008063 -0.009550 0.019177
v 0.006020 -0.013270 0.018407
v 0.006414 -0.013205 0.017662
v 0.007685 -0.009636 0.019924
v 0.009606 -0.001219 0.021916
v 0.009344 0.000566 0.022873
v 0.009184 -0.001671 0.022559
v 0.009680 0.000816 0.022266
v 0.009052 -0.005370 0.020685
v 0.009606 -0.001219 0.021916
v 0.009184 -0.001671 0.022559
v 0.008685 -0.005420 0.021442
v 0.009558 0.002674 0.021804
v 0.009299 0.001959 0.022667
v 0.009619 0.001810 0.022195
v 0.009182 0.003174 0.022223
v 0.009299 0.001959 0.022667
v 0.009680 0.000816 0.022266
v 0.009619 0.001810 0.022195
v 0.009344 0.000566 0.022873
v 0.009211 0.004638 0.019857
v 0.008827 0.005299 0.020204
v 0.009016 0.004269 0.021436
v 0.009403 0.003699 0.021015
v 0.009182 0.003174 0.022223
v 0.009403 0.003699 0.021015
v 0.009016 0.004269 0.021436
v 0.009558 0.002674 0.021804
v 0.008841 0.006297 0.016906
v 0.009103 0.005309 0.018437
v 0.009203 0.005527 0.016861
v 0.008730 0.006047 0.018652
v 0.008827 0.005299 0.020204
v 0.009103 0.005309 0.018437
v 0.008730 0.006047 0.018652
v 0.009211 0.004638 0.019857
v 0.009435 0.005401 0.015373
v 0.009389 0.005737 0.014088
v 0.009085 0.006157 0.015280
v 0.009728 0.005041 0.014216
v 0.009085 0.006157 0.015280
v 0.009203 0.005527 0.016861
v 0.009435 0.005401 0.015373
v 0.008841 0.006297 0.016906
v 0.010207 0.003791 0.012812
v 0.009728 0.005018 0.013102
v 0.009962 0.004578 0.013446
v 0.010075 0.003981 0.012092
v 0.009728 0.005018 0.013102
v 0.009728 0.005041 0.014216
v 0.009962 0.004578 0.013446
v 0.009389 0.005737 0.014088
v 0.010434 0.001969 0.011779
v 0.010330 -0.001764 0.009989
v 0.010294 0.002052 0.010879
v 0.010247 -0.001344 0.009284
v 0.010075 0.003981 0.012092
v 0.010434 0.001969 0.011779
v 0.010294 0.002052 0.010879
v 0.010207 0.003791 0.012812
v 0.009879 -0.005729 0.008286
v 0.008946 -0.009157 0.005953
v 0.009832 -0.005361 0.007558
v 0.008956 -0.009489 0.006712
v 0.010330 -0.001764 0.009989
v 0.009832 -0.005361 0.007558
v 0.010247 -0.001344 0.009284
v 0.009879 -0.005729 0.008286
v 0.008946 -0.009157 0.005953
v 0.007861 -0.012497 0.005427
v 0.007878 -0.012187 0.004634
v 0.008956 -0.009489 0.006712
v 0.009510 0.002705 0.020646
v 0.009403 0.003699 0.021015
v 0.009558 0.002674 0.021804
v 0.009634 0.001653 0.021593
v 0.009634 0.001653 0.021593
v 0.009558 0.002674 0.021804
v 0.009619 0.001810 0.022195
v 0.009680 0.000816 0.022266
v 0.009615 -0.000169 0.021067
v 0.009634 0.001653 0.021593
v 0.009680 0.000816 0.022266
v 0.009606 -0.001219 0.021916
v 0.009541 0.000654 0.019945
v 0.009510 0.002705 0.020646
v 0.009634 0.001653 0.021593
v 0.009615 -0.000169 0.021067
v 0.009214 0.004248 0.018117
v 0.009103 0.005309 0.018437
v 0.009211 0.004638 0.019857
v 0.009321 0.003619 0.019468
v 0.009321 0.003619 0.019468
v 0.009211 0.004638 0.019857
v 0.009403 0.003699 0.021015
v 0.009510 0.002705 0.020646
v 0.009389 0.001392 0.018680
v 0.009321 0.003619 0.019468
v 0.009510 0.002705 0.020646
v 0.009541 0.000654 0.019945
v 0.009314 0.001944 0.017320
v 0.009214 0.004248 0.018117
v 0.009321 0.003619 0.019468
v 0.009389 0.001392 0.018680
v 0.009469 0.002212 0.015912
v 0.009764 0.002292 0.014498
v 0.009609 0.004335 0.015181
v 0.009338 0.004445 0.016650
v 0.009338 0.004445 0.016650
v 0.009609 0.004335 0.015181
v 0.009435 0.005401 0.015373
v 0.009203 0.005527 0.016861
v 0.009214 0.004248 0.018117
v 0.009338 0.004445 0.016650
v 0.009203 0.005527 0.016861
v 0.009103 0.005309 0.018437
v 0.009214 0.004248 0.018117
v 0.009314 0.001944 0.017320
v 0.009338 0.004445 0.016650
v 0.009469 0.002212 0.015912
v 0.009942 0.004045 0.013825
v 0.010111 0.002280 0.013117
v 0.010207 0.003791 0.012812
v 0.010434 0.001969 0.011779
v 0.009942 0.004045 0.013825
v 0.010207 0.003791 0.012812
v 0.009962 0.004578 0.013446
v 0.009728 0.005041 0.014216
v 0.009609 0.004335 0.015181
v 0.009942 0.004045 0.013825
v 0.009728 0.005041 0.014216
v 0.009435 0.005401 0.015373
v 0.009764 0.002292 0.014498
v 0.010111 0.002280 0.013117
v 0.009942 0.004045 0.013825
v 0.009609 0.004335 0.015181
v 0.009652 -0.003066 0.011956
v 0.009527 -0.006155 0.009152
v 0.010029 -0.002348 0.010806
v 0.009083 -0.006708 0.010368
v 0.010029 -0.002348 0.010806
v 0.009879 -0.005729 0.008286
v 0.010330 -0.001764 0.009989
v 0.009527 -0.006155 0.009152
v 0.009083 -0.005285 0.019560
v 0.008147 -0.009300 0.018095
v 0.009086 -0.005104 0.018075
v 0.008220 -0.008920 0.016648
v 0.010111 0.002280 0.013117
v 0.009652 -0.003066 0.011956
v 0.010029 -0.002348 0.010806
v 0.009764 0.002292 0.014498
v 0.009615 -0.000169 0.021067
v 0.009086 -0.005104 0.018075
v 0.009541 0.000654 0.019945
v 0.009083 -0.005285 0.019560
v 0.009052 -0.005370 0.020685
v 0.008063 -0.009550 0.019177
v 0.009083 -0.005285 0.019560
v 0.008147 -0.009300 0.018095
v 0.006612 -0.012843 0.016629
v 0.004941 -0.015478 0.015422
v 0.006831 -0.012336 0.015240
v 0.005290 -0.014944 0.014071
v 0.008147 -0.009300 0.018095
v 0.006612 -0.012843 0.016629
v 0.008220 -0.008920 0.016648
v 0.006831 -0.012336 0.015240
v 0.008063 -0.009550 0.019177
v 0.006414 -0.013205 0.017662
v 0.008147 -0.009300 0.018095
v 0.006612 -0.012843 0.016629
v 0.006414 -0.013205 0.017662
v 0.004646 -0.015866 0.016428
v 0.006612 -0.012843 0.016629
v 0.004941 -0.015478 0.015422
v 0.002952 -0.016714 0.013049
v 0.005290 -0.014944 0.014071
v 0.004941 -0.015478 0.015422
v 0.002585 -0.017028 0.014517
v 0.008569 -0.009755 0.007672
v 0.007444 -0.012653 0.006475
v 0.008956 -0.009489 0.006712
v 0.007861 -0.012497 0.005427
v 0.009527 -0.006155 0.009152
v 0.008569 -0.009755 0.007672
v 0.009879 -0.005729 0.008286
v 0.008956 -0.009489 0.006712
v 0.009083 -0.006708 0.010368
v 0.008077 -0.010135 0.008984
v 0.009527 -0.006155 0.009152
v 0.008569 -0.009755 0.007672
v 0.008077 -0.010135 0.008984
v 0.006908 -0.012907 0.007873
v 0.008569 -0.009755 0.007672
v 0.007444 -0.012653 0.006475
v 0.002585 -0.017028 0.014517
v 0.004646 -0.015866 0.016428
v 0.002401 -0.017230 0.015535
v 0.004941 -0.015478 0.015422
v 0.007444 -0.012653 0.006475
v 0.005511 -0.014931 0.005210
v 0.007861 -0.012497 0.005427
v 0.005944 -0.014735 0.004135
v 0.005971 -0.014417 0.003310
v 0.001216 -0.012380 0.002061
v 0.007878 -0.012187 0.004634
v -0.000279 -0.014720 0.001323
v 0.007444 -0.012653 0.006475
v 0.004931 -0.015198 0.006648
v 0.005511 -0.014931 0.005210
v 0.006908 -0.012907 0.007873
v -0.001027 -0.008658 0.018547
v 0.006020 -0.013270 0.018407
v 0.007685 -0.009636 0.019924
v -0.001655 -0.011309 0.017556
v -0.001655 -0.011309 0.017556
v 0.004236 -0.015879 0.017177
v 0.006020 -0.013270 0.018407
v -0.002581 -0.013455 0.016627
v -0.000459 -0.002253 0.020677
v 0.008685 -0.005420 0.021442
v 0.009184 -0.001671 0.022559
v -0.000638 -0.005399 0.019688
v -0.000638 -0.005399 0.019688
v 0.007685 -0.009636 0.019924
v 0.008685 -0.005420 0.021442
v -0.001027 -0.008658 0.018547
v -0.000578 0.001877 0.021373
v 0.009344 0.000566 0.022873
v 0.009299 0.001959 0.022667
v -0.000462 0.000060 0.021212
v -0.000462 0.000060 0.021212
v 0.009184 -0.001671 0.022559
v 0.009344 0.000566 0.022873
v -0.000459 -0.002253 0.020677
v -0.000578 0.001877 0.021373
v 0.009182 0.003174 0.022223
v -0.000735 0.003536 0.021241
v 0.009299 0.001959 0.022667
v -0.000735 0.003536 0.021241
v 0.009182 0.003174 0.022223
v 0.009016 0.004269 0.021436
v -0.000925 0.005187 0.020540
v -0.000925 0.005187 0.020540
v 0.008827 0.005299 0.020204
v -0.001138 0.006980 0.018995
v 0.009016 0.004269 0.021436
v -0.001138 0.006980 0.018995
v 0.008827 0.005299 0.020204
v 0.008730 0.006047 0.018652
v -0.001155 0.008348 0.016968
v 0.008841 0.006297 0.016906
v -0.000109 0.008422 0.012862
v -0.000756 0.008727 0.014816
v 0.009085 0.006157 0.015280
v -0.001155 0.008348 0.016968
v 0.008730 0.006047 0.018652
v 0.008841 0.006297 0.016906
v -0.000756 0.008727 0.014816
v 0.009389 0.005737 0.014088
v 0.001387 0.006657 0.010310
v 0.000617 0.007739 0.011425
v 0.009728 0.005018 0.013102
v 0.009085 0.006157 0.015280
v 0.000617 0.007739 0.011425
v -0.000109 0.008422 0.012862
v 0.009389 0.005737 0.014088
v 0.010075 0.003981 0.012092
v 0.002845 0.002807 0.008244
v 0.002168 0.005157 0.009323
v 0.010294 0.002052 0.010879
v 0.009728 0.005018 0.013102
v 0.002168 0.005157 0.009323
v 0.001387 0.006657 0.010310
v 0.010075 0.003981 0.012092
v 0.010247 -0.001344 0.009284
v 0.002845 0.002807 0.008244
v 0.010294 0.002052 0.010879
v 0.003302 -0.000825 0.006855
v 0.009832 -0.005361 0.007558
v 0.003233 -0.005048 0.005238
v 0.003302 -0.000825 0.006855
v 0.010247 -0.001344 0.009284
v 0.008946 -0.009157 0.005953
v 0.002334 -0.009167 0.003477
v 0.003233 -0.005048 0.005238
v 0.009832 -0.005361 0.007558
v 0.007878 -0.012187 0.004634
v 0.002334 -0.009167 0.003477
v 0.008946 -0.009157 0.005953
v 0.001216 -0.012380 0.002061
v 0.005944 -0.014735 0.004135
v -0.001320 -0.015032 0.001717
v -0.000279 -0.014720 0.001323
v 0.005971 -0.014417 0.003310
v 0.007878 -0.012187 0.004634
v 0.005944 -0.014735 0.004135
v 0.005971 -0.014417 0.003310
v 0.007861 -0.012497 0.005427
v 0.010111 0.002280 0.013117
v 0.010029 -0.002348 0.010806
v 0.010434 0.001969 0.011779
v 0.010330 -0.001764 0.009989
v 0.009071 -0.004768 0.016496
v 0.008278 -0.008429 0.015067
v 0.009125 -0.004301 0.014896
v 0.008407 -0.007869 0.013435
v 0.009606 -0.001219 0.021916
v 0.009083 -0.005285 0.019560
v 0.009615 -0.000169 0.021067
v 0.009052 -0.005370 0.020685
v 0.009389 0.001392 0.018680
v 0.009071 -0.004768 0.016496
v 0.009314 0.001944 0.017320
v 0.009125 -0.004301 0.014896
v 0.009086 -0.005104 0.018075
v 0.008220 -0.008920 0.016648
v 0.009071 -0.004768 0.016496
v 0.008278 -0.008429 0.015067
v 0.009334 -0.003725 0.013351
v 0.009083 -0.006708 0.010368
v 0.009652 -0.003066 0.011956
v 0.008692 -0.007288 0.011832
v 0.009541 0.000654 0.019945
v 0.009071 -0.004768 0.016496
v 0.009389 0.001392 0.018680
v 0.009086 -0.005104 0.018075
v 0.009469 0.002212 0.015912
v 0.009334 -0.003725 0.013351
v 0.009764 0.002292 0.014498
v 0.009652 -0.003066 0.011956
v 0.009125 -0.004301 0.014896
v 0.008407 -0.007869 0.013435
v 0.009334 -0.003725 0.013351
v 0.008692 -0.007288 0.011832
v 0.007627 -0.010621 0.010488
v 0.005960 -0.013814 0.010995
v 0.006403 -0.013309 0.009404
v 0.007261 -0.011177 0.012092
v 0.008077 -0.010135 0.008984
v 0.006403 -0.013309 0.009404
v 0.006908 -0.012907 0.007873
v 0.007627 -0.010621 0.010488
v 0.009083 -0.006708 0.010368
v 0.007627 -0.010621 0.010488
v 0.008077 -0.010135 0.008984
v 0.008692 -0.007288 0.011832
v 0.008692 -0.007288 0.011832
v 0.007261 -0.011177 0.012092
v 0.007627 -0.010621 0.010488
v 0.008407 -0.007869 0.013435
v 0.007022 -0.011765 0.013702
v 0.005290 -0.014944 0.014071
v 0.005609 -0.014374 0.012573
v 0.006831 -0.012336 0.015240
v 0.007261 -0.011177 0.012092
v 0.005609 -0.014374 0.012573
v 0.005960 -0.013814 0.010995
v 0.007022 -0.011765 0.013702
v 0.008407 -0.007869 0.013435
v 0.007022 -0.011765 0.013702
v 0.007261 -0.011177 0.012092
v 0.008278 -0.008429 0.015067
v 0.008278 -0.008429 0.015067
v 0.006831 -0.012336 0.015240
v 0.007022 -0.011765 0.013702
v 0.008220 -0.008920 0.016648
v 0.005609 -0.014374 0.012573
v 0.003342 -0.016324 0.011495
v 0.005960 -0.013814 0.010995
v 0.003793 -0.015912 0.009881
v 0.005290 -0.014944 0.014071
v 0.002952 -0.016714 0.013049
v 0.005609 -0.014374 0.012573
v 0.003342 -0.016324 0.011495
v 0.003342 -0.016324 0.011495
v -0.004816 -0.015826 0.007311
v 0.003793 -0.015912 0.009881
v -0.005087 -0.016168 0.009358
v -0.002330 -0.015063 0.002301
v 0.004931 -0.015198 0.006648
v -0.003441 -0.015172 0.003393
v 0.005511 -0.014931 0.005210
v 0.006403 -0.013309 0.009404
v 0.004340 -0.015531 0.008236
v 0.006908 -0.012907 0.007873
v 0.004931 -0.015198 0.006648
v 0.005960 -0.013814 0.010995
v 0.003793 -0.015912 0.009881
v 0.006403 -0.013309 0.009404
v 0.004340 -0.015531 0.008236
v -0.001320 -0.015032 0.001717
v 0.005511 -0.014931 0.005210
v -0.002330 -0.015063 0.002301
v 0.005944 -0.014735 0.004135
v -0.004950 -0.016324 0.014530
v 0.001995 -0.017132 0.016278
v -0.004260 -0.015607 0.015257
v 0.002401 -0.017230 0.015535
v 0.004236 -0.015879 0.017177
v -0.002581 -0.013455 0.016627
v 0.001995 -0.017132 0.016278
v -0.004260 -0.015607 0.015257
v -0.004269 -0.015460 0.005193
v 0.003793 -0.015912 0.009881
v -0.004816 -0.015826 0.007311
v 0.004340 -0.015531 0.008236
v -0.003441 -0.015172 0.003393
v 0.004340 -0.015531 0.008236
v -0.004269 -0.015460 0.005193
v 0.004931 -0.015198 0.006648
v -0.005274 -0.016618 0.013037
v 0.002952 -0.016714 0.013049
v 0.002585 -0.017028 0.014517
v -0.005200 -0.016445 0.011283
v -0.004950 -0.016324 0.014530
v 0.002585 -0.017028 0.014517
v 0.002401 -0.017230 0.015535
v -0.005274 -0.016618 0.013037
v -0.005570 -0.000128 -0.019301
v -0.004758 -0.000039 -0.023674
v -0.006290 0.000936 -0.022824
v -0.003430 -0.001489 -0.020488
v -0.006093 -0.001997 -0.034891
v -0.005086 -0.000489 -0.035116
v -0.005083 -0.001776 -0.034438
v -0.006038 -0.000695 -0.035543
v -0.003302 -0.008208 -0.028356
v -0.005397 -0.009199 -0.029922
v -0.006166 -0.005562 -0.030432
v -0.004666 -0.004852 -0.029310
v -0.008031 -0.005836 -0.031113
v -0.009709 -0.004218 -0.031067
v -0.008110 -0.004353 -0.030917
v -0.010019 -0.005670 -0.031299
v -0.008110 -0.004353 -0.030917
v -0.009426 -0.002923 -0.030709
v -0.008215 -0.003024 -0.030595
v -0.009709 -0.004218 -0.031067
v -0.006611 -0.004132 -0.030369
v -0.008110 -0.004353 -0.030917
v -0.008215 -0.003024 -0.030595
v -0.007080 -0.002857 -0.030181
v -0.006166 -0.005562 -0.030432
v -0.008110 -0.004353 -0.030917
v -0.006611 -0.004132 -0.030369
v -0.008031 -0.005836 -0.031113
v -0.001931 -0.006762 -0.026394
v -0.004666 -0.004852 -0.029310
v -0.003684 -0.003816 -0.027904
v -0.003302 -0.008208 -0.028356
v -0.008000 -0.009582 -0.030873
v -0.010776 -0.009349 -0.031134
v -0.010019 -0.005670 -0.031299
v -0.008031 -0.005836 -0.031113
v -0.012459 -0.002948 -0.030104
v -0.011893 -0.005055 -0.030938
v -0.013440 -0.004090 -0.030102
v -0.011216 -0.003724 -0.030776
v -0.011509 -0.001961 -0.029980
v -0.011216 -0.003724 -0.030776
v -0.012459 -0.002948 -0.030104
v -0.010567 -0.002548 -0.030489
v -0.009709 -0.004218 -0.031067
v -0.010567 -0.002548 -0.030489
v -0.009426 -0.002923 -0.030709
v -0.011216 -0.003724 -0.030776
v -0.010019 -0.005670 -0.031299
v -0.011216 -0.003724 -0.030776
v -0.009709 -0.004218 -0.031067
v -0.011893 -0.005055 -0.030938
v -0.008000 -0.009582 -0.030873
v -0.006166 -0.005562 -0.030432
v -0.005397 -0.009199 -0.029922
v -0.008031 -0.005836 -0.031113
v -0.013440 -0.004090 -0.030102
v -0.013392 -0.008491 -0.030629
v -0.015551 -0.007144 -0.029462
v -0.011893 -0.005055 -0.030938
v -0.014827 -0.001561 -0.027398
v -0.013269 -0.001970 -0.029111
v -0.014446 -0.002873 -0.028866
v -0.013575 -0.000915 -0.027931
v -0.013575 -0.000915 -0.027931
v -0.012122 -0.001220 -0.029227
v -0.013269 -0.001970 -0.029111
v -0.012353 -0.000421 -0.028334
v -0.011509 -0.001961 -0.029980
v -0.013269 -0.001970 -0.029111
v -0.012122 -0.001220 -0.029227
v -0.012459 -0.002948 -0.030104
v -0.014446 -0.002873 -0.028866
v -0.012459 -0.002948 -0.030104
v -0.013440 -0.004090 -0.030102
v -0.013269 -0.001970 -0.029111
v -0.010776 -0.009349 -0.031134
v -0.011893 -0.005055 -0.030938
v -0.010019 -0.005670 -0.031299
v -0.013392 -0.008491 -0.030629
v -0.017487 -0.003614 -0.025688
v -0.014446 -0.002873 -0.028866
v -0.016956 -0.005445 -0.027737
v -0.014827 -0.001561 -0.027398
v -0.013308 0.000089 -0.026699
v -0.013532 0.000733 -0.024455
v -0.012533 0.000929 -0.025564
v -0.014495 -0.000312 -0.025867
v -0.012151 0.000340 -0.027401
v -0.012533 0.000929 -0.025564
v -0.011565 0.000976 -0.026541
v -0.013308 0.000089 -0.026699
v -0.012353 -0.000421 -0.028334
v -0.013308 0.000089 -0.026699
v -0.012151 0.000340 -0.027401
v -0.013575 -0.000915 -0.027931
v -0.013575 -0.000915 -0.027931
v -0.014495 -0.000312 -0.025867
v -0.013308 0.000089 -0.026699
v -0.014827 -0.001561 -0.027398
v -0.016956 -0.005445 -0.027737
v -0.013440 -0.004090 -0.030102
v -0.015551 -0.007144 -0.029462
v -0.014446 -0.002873 -0.028866
v -0.014495 -0.000312 -0.025867
v -0.015679 -0.000411 -0.021578
v -0.013532 0.000733 -0.024455
v -0.017024 -0.001869 -0.023550
v -0.010160 0.001719 -0.022648
v -0.011315 0.001490 -0.024671
v -0.012017 0.001430 -0.023344
v -0.009822 0.001722 -0.024111
v -0.009822 0.001722 -0.024111
v -0.010642 0.001400 -0.025865
v -0.011315 0.001490 -0.024671
v -0.009512 0.001576 -0.025441
v -0.011565 0.000976 -0.026541
v -0.011315 0.001490 -0.024671
v -0.010642 0.001400 -0.025865
v -0.012533 0.000929 -0.025564
v -0.012533 0.000929 -0.025564
v -0.012017 0.001430 -0.023344
v -0.011315 0.001490 -0.024671
v -0.013532 0.000733 -0.024455
v -0.017487 -0.003614 -0.025688
v -0.017024 -0.001869 -0.023550
v -0.014495 -0.000312 -0.025867
v -0.014827 -0.001561 -0.027398
v -0.012017 0.001430 -0.023344
v -0.010973 0.000965 -0.019056
v -0.010160 0.001719 -0.022648
v -0.013565 0.000562 -0.020028
v -0.008171 0.001538 -0.022478
v -0.006711 0.001093 -0.024252
v -0.008223 0.001577 -0.023974
v -0.006290 0.000936 -0.022824
v -0.006711 0.001093 -0.024252
v -0.008301 0.001466 -0.025337
v -0.008223 0.001577 -0.023974
v -0.007155 0.001099 -0.025548
v -0.008223 0.001577 -0.023974
v -0.009512 0.001576 -0.025441
v -0.009822 0.001722 -0.024111
v -0.008301 0.001466 -0.025337
v -0.010160 0.001719 -0.022648
v -0.008223 0.001577 -0.023974
v -0.009822 0.001722 -0.024111
v -0.008171 0.001538 -0.022478
v -0.006166 -0.002425 -0.029497
v -0.004615 -0.002728 -0.028337
v -0.005405 -0.003561 -0.029467
v -0.005568 -0.001794 -0.028641
v -0.005405 -0.003561 -0.029467
v -0.003684 -0.003816 -0.027904
v -0.004666 -0.004852 -0.029310
v -0.004615 -0.002728 -0.028337
v -0.006611 -0.004132 -0.030369
v -0.004666 -0.004852 -0.029310
v -0.006166 -0.005562 -0.030432
v -0.005405 -0.003561 -0.029467
v -0.007080 -0.002857 -0.030181
v -0.005405 -0.003561 -0.029467
v -0.006611 -0.004132 -0.030369
v -0.006166 -0.002425 -0.029497
v -0.003373 -0.002563 -0.026372
v -0.004365 -0.001720 -0.027105
v -0.004654 -0.000665 -0.025921
v -0.003732 -0.001250 -0.024899
v -0.003373 -0.002563 -0.026372
v -0.004615 -0.002728 -0.028337
v -0.004365 -0.001720 -0.027105
v -0.003684 -0.003816 -0.027904
v -0.004365 -0.001720 -0.027105
v -0.005568 -0.001794 -0.028641
v -0.005379 -0.001031 -0.027708
v -0.004615 -0.002728 -0.028337
v -0.004654 -0.000665 -0.025921
v -0.005379 -0.001031 -0.027708
v -0.005598 -0.000232 -0.026812
v -0.004365 -0.001720 -0.027105
v -0.005478 0.000309 -0.024936
v -0.003732 -0.001250 -0.024899
v -0.004654 -0.000665 -0.025921
v -0.004758 -0.000039 -0.023674
v -0.005478 0.000309 -0.024936
v -0.005598 -0.000232 -0.026812
v -0.006222 0.000506 -0.026065
v -0.004654 -0.000665 -0.025921
v -0.007155 0.001099 -0.025548
v -0.005478 0.000309 -0.024936
v -0.006222 0.000506 -0.026065
v -0.006711 0.001093 -0.024252
v -0.006711 0.001093 -0.024252
v -0.004758 -0.000039 -0.023674
v -0.005478 0.000309 -0.024936
v -0.006290 0.000936 -0.022824
v -0.013532 0.000733 -0.024455
v -0.013565 0.000562 -0.020028
v -0.012017 0.001430 -0.023344
v -0.015679 -0.000411 -0.021578
v -0.008196 0.000713 -0.018819
v -0.006290 0.000936 -0.022824
v -0.008171 0.001538 -0.022478
v -0.005570 -0.000128 -0.019301
v -0.010973 0.000965 -0.019056
v -0.008171 0.001538 -0.022478
v -0.010160 0.001719 -0.022648
v -0.008196 0.000713 -0.018819
v -0.001931 -0.006762 -0.026394
v -0.003684 -0.003816 -0.027904
v -0.001498 -0.005012 -0.024255
v -0.003373 -0.002563 -0.026372
v -0.003732 -0.001250 -0.024899
v -0.001498 -0.005012 -0.024255
v -0.003373 -0.002563 -0.026372
v -0.001999 -0.003180 -0.022199
v -0.004758 -0.000039 -0.023674
v -0.001999 -0.003180 -0.022199
v -0.003732 -0.001250 -0.024899
v -0.003430 -0.001489 -0.020488
v -0.008178 -0.001994 -0.031908
v -0.008104 -0.002386 -0.031138
v -0.008483 -0.002185 -0.031413
v -0.007174 -0.002034 -0.031652
v -0.009426 -0.002923 -0.030709
v -0.008483 -0.002185 -0.031413
v -0.008104 -0.002386 -0.031138
v -0.009410 -0.002234 -0.031320
v -0.009435 -0.001887 -0.032072
v -0.008483 -0.002185 -0.031413
v -0.009410 -0.002234 -0.031320
v -0.008178 -0.001994 -0.031908
v -0.011398 -0.001323 -0.030522
v -0.010618 -0.001473 -0.031656
v -0.010456 -0.001910 -0.031031
v -0.011534 -0.000892 -0.031149
v -0.010456 -0.001910 -0.031031
v -0.009435 -0.001887 -0.032072
v -0.009410 -0.002234 -0.031320
v -0.010618 -0.001473 -0.031656
v -0.009426 -0.002923 -0.030709
v -0.010456 -0.001910 -0.031031
v -0.009410 -0.002234 -0.031320
v -0.010567 -0.002548 -0.030489
v -0.010567 -0.002548 -0.030489
v -0.011398 -0.001323 -0.030522
v -0.010456 -0.001910 -0.031031
v -0.011509 -0.001961 -0.029980
v -0.009273 -0.002261 -0.033057
v -0.008399 -0.002618 -0.033924
v -0.008240 -0.002295 -0.032858
v -0.009442 -0.002496 -0.033992
v -0.008240 -0.002295 -0.032858
v -0.007317 -0.002694 -0.033806
v -0.007096 -0.002323 -0.032671
v -0.008399 -0.002618 -0.033924
v -0.008178 -0.001994 -0.031908
v -0.007096 -0.002323 -0.032671
v -0.007174 -0.002034 -0.031652
v -0.008240 -0.002295 -0.032858
v -0.009435 -0.001887 -0.032072
v -0.008240 -0.002295 -0.032858
v -0.008178 -0.001994 -0.031908
v -0.009273 -0.002261 -0.033057
v -0.009442 -0.002496 -0.033992
v -0.009273 -0.002261 -0.033057
v -0.010087 -0.002216 -0.033282
v -0.010407 -0.002285 -0.033960
v -0.009435 -0.001887 -0.032072
v -0.010536 -0.001888 -0.032861
v -0.010087 -0.002216 -0.033282
v -0.009273 -0.002261 -0.033057
v -0.010407 -0.002285 -0.033960
v -0.010536 -0.001888 -0.032861
v -0.011237 -0.001923 -0.033664
v -0.010087 -0.002216 -0.033282
v -0.009468 -0.002337 -0.034795
v -0.008285 -0.002058 -0.035385
v -0.008384 -0.002493 -0.034770
v -0.009402 -0.001897 -0.035410
v -0.007284 -0.002590 -0.034671
v -0.008285 -0.002058 -0.035385
v -0.007152 -0.002157 -0.035283
v -0.008384 -0.002493 -0.034770
v -0.008399 -0.002618 -0.033924
v -0.007284 -0.002590 -0.034671
v -0.007317 -0.002694 -0.033806
v -0.008384 -0.002493 -0.034770
v -0.009442 -0.002496 -0.033992
v -0.008384 -0.002493 -0.034770
v -0.008399 -0.002618 -0.033924
v -0.009468 -0.002337 -0.034795
v -0.011323 -0.001439 -0.032445
v -0.012162 -0.000875 -0.031944
v -0.012083 -0.001459 -0.033272
v -0.012857 -0.000906 -0.032771
v -0.011323 -0.001439 -0.032445
v -0.011237 -0.001923 -0.033664
v -0.010536 -0.001888 -0.032861
v -0.012083 -0.001459 -0.033272
v -0.009435 -0.001887 -0.032072
v -0.010618 -0.001473 -0.031656
v -0.010536 -0.001888 -0.032861
v -0.011323 -0.001439 -0.032445
v -0.010618 -0.001473 -0.031656
v -0.011534 -0.000892 -0.031149
v -0.011323 -0.001439 -0.032445
v -0.012162 -0.000875 -0.031944
v -0.011514 -0.001674 -0.034410
v -0.010487 -0.001613 -0.035285
v -0.010522 -0.002061 -0.034673
v -0.011508 -0.001214 -0.035014
v -0.010522 -0.002061 -0.034673
v -0.009402 -0.001897 -0.035410
v -0.009468 -0.002337 -0.034795
v -0.010487 -0.001613 -0.035285
v -0.010407 -0.002285 -0.033960
v -0.009468 -0.002337 -0.034795
v -0.009442 -0.002496 -0.033992
v -0.010522 -0.002061 -0.034673
v -0.011237 -0.001923 -0.033664
v -0.010522 -0.002061 -0.034673
v -0.010407 -0.002285 -0.033960
v -0.011514 -0.001674 -0.034410
v -0.008285 -0.002058 -0.035385
v -0.007054 -0.000785 -0.035844
v -0.007152 -0.002157 -0.035283
v -0.008105 -0.000753 -0.036008
v -0.008285 -0.002058 -0.035385
v -0.009402 -0.001897 -0.035410
v -0.009158 -0.000603 -0.036033
v -0.008105 -0.000753 -0.036008
v -0.010487 -0.001613 -0.035285
v -0.011508 -0.001214 -0.035014
v -0.011143 0.000043 -0.035658
v -0.010180 -0.000333 -0.035914
v -0.013235 -0.000127 -0.034068
v -0.012412 -0.001188 -0.034011
v -0.013191 -0.000617 -0.033491
v -0.012433 -0.000714 -0.034603
v -0.012412 -0.001188 -0.034011
v -0.011508 -0.001214 -0.035014
v -0.011514 -0.001674 -0.034410
v -0.012433 -0.000714 -0.034603
v -0.012083 -0.001459 -0.033272
v -0.011514 -0.001674 -0.034410
v -0.011237 -0.001923 -0.033664
v -0.012412 -0.001188 -0.034011
v -0.013191 -0.000617 -0.033491
v -0.012083 -0.001459 -0.033272
v -0.012857 -0.000906 -0.032771
v -0.012412 -0.001188 -0.034011
v -0.012527 0.000760 -0.029540
v -0.012011 -0.000582 -0.029770
v -0.012243 0.000217 -0.028876
v -0.012145 -0.000168 -0.030417
v -0.012145 -0.000168 -0.030417
v -0.011398 -0.001323 -0.030522
v -0.012011 -0.000582 -0.029770
v -0.011534 -0.000892 -0.031149
v -0.011398 -0.001323 -0.030522
v -0.012122 -0.001220 -0.029227
v -0.012011 -0.000582 -0.029770
v -0.011509 -0.001961 -0.029980
v -0.012011 -0.000582 -0.029770
v -0.012122 -0.001220 -0.029227
v -0.012353 -0.000421 -0.028334
v -0.012243 0.000217 -0.028876
v -0.012145 -0.000168 -0.030417
v -0.013245 0.000428 -0.030663
v -0.012769 -0.000203 -0.031271
v -0.012527 0.000760 -0.029540
v -0.012769 -0.000203 -0.031271
v -0.013928 0.000377 -0.031480
v -0.013467 -0.000277 -0.032149
v -0.013245 0.000428 -0.030663
v -0.012162 -0.000875 -0.031944
v -0.013467 -0.000277 -0.032149
v -0.012857 -0.000906 -0.032771
v -0.012769 -0.000203 -0.031271
v -0.011534 -0.000892 -0.031149
v -0.012769 -0.000203 -0.031271
v -0.012162 -0.000875 -0.031944
v -0.012145 -0.000168 -0.030417
v -0.009402 -0.001897 -0.035410
v -0.010487 -0.001613 -0.035285
v -0.010180 -0.000333 -0.035914
v -0.009158 -0.000603 -0.036033
v -0.011508 -0.001214 -0.035014
v -0.012433 -0.000714 -0.034603
v -0.012016 0.000514 -0.035272
v -0.011143 0.000043 -0.035658
v -0.014374 0.001235 -0.032687
v -0.013825 0.000020 -0.032864
v -0.014298 0.000705 -0.032150
v -0.013888 0.000530 -0.033422
v -0.013888 0.000530 -0.033422
v -0.013191 -0.000617 -0.033491
v -0.013825 0.000020 -0.032864
v -0.013235 -0.000127 -0.034068
v -0.013825 0.000020 -0.032864
v -0.012857 -0.000906 -0.032771
v -0.013467 -0.000277 -0.032149
v -0.013191 -0.000617 -0.033491
v -0.014298 0.000705 -0.032150
v -0.013467 -0.000277 -0.032149
v -0.013928 0.000377 -0.031480
v -0.013825 0.000020 -0.032864
v -0.013245 0.000428 -0.030663
v -0.014253 0.001001 -0.030840
v -0.013928 0.000377 -0.031480
v -0.013692 0.000865 -0.030357
v -0.013692 0.000865 -0.030357
v -0.012527 0.000760 -0.029540
v -0.013439 0.001299 -0.029677
v -0.013245 0.000428 -0.030663
v -0.014268 0.001629 -0.030075
v -0.013692 0.000865 -0.030357
v -0.013439 0.001299 -0.029677
v -0.014253 0.001001 -0.030840
v -0.013235 -0.000127 -0.034068
v -0.012016 0.000514 -0.035272
v -0.012433 -0.000714 -0.034603
v -0.012772 0.001067 -0.034767
v -0.014374 0.001235 -0.032687
v -0.013387 0.001687 -0.034158
v -0.013888 0.000530 -0.033422
v -0.013845 0.002353 -0.033465
v -0.014789 0.002707 -0.031038
v -0.014592 0.001417 -0.031370
v -0.014701 0.002135 -0.030549
v -0.014677 0.001969 -0.031884
v -0.014677 0.001969 -0.031884
v -0.014298 0.000705 -0.032150
v -0.014592 0.001417 -0.031370
v -0.014374 0.001235 -0.032687
v -0.014592 0.001417 -0.031370
v -0.013928 0.000377 -0.031480
v -0.014253 0.001001 -0.030840
v -0.014298 0.000705 -0.032150
v -0.014701 0.002135 -0.030549
v -0.014253 0.001001 -0.030840
v -0.014268 0.001629 -0.030075
v -0.014592 0.001417 -0.031370
v -0.011454 0.001614 -0.027084
v -0.012265 0.001530 -0.028446
v -0.012041 0.000978 -0.027944
v -0.011633 0.002400 -0.027444
v -0.012265 0.001530 -0.028446
v -0.012243 0.000217 -0.028876
v -0.012041 0.000978 -0.027944
v -0.012527 0.000760 -0.029540
v -0.012041 0.000978 -0.027944
v -0.012353 -0.000421 -0.028334
v -0.012151 0.000340 -0.027401
v -0.012243 0.000217 -0.028876
v -0.011454 0.001614 -0.027084
v -0.012151 0.000340 -0.027401
v -0.011565 0.000976 -0.026541
v -0.012041 0.000978 -0.027944
v -0.012265 0.001530 -0.028446
v -0.011633 0.002400 -0.027444
v -0.012883 0.002647 -0.028007
v -0.013160 0.001910 -0.028865
v -0.013160 0.001910 -0.028865
v -0.012883 0.002647 -0.028007
v -0.013876 0.002952 -0.028451
v -0.014139 0.002288 -0.029266
v -0.013439 0.001299 -0.029677
v -0.013160 0.001910 -0.028865
v -0.014139 0.002288 -0.029266
v -0.014268 0.001629 -0.030075
v -0.012527 0.000760 -0.029540
v -0.012265 0.001530 -0.028446
v -0.013160 0.001910 -0.028865
v -0.013439 0.001299 -0.029677
v -0.013888 0.000530 -0.033422
v -0.012772 0.001067 -0.034767
v -0.013235 -0.000127 -0.034068
v -0.013387 0.001687 -0.034158
v -0.014677 0.001969 -0.031884
v -0.013845 0.002353 -0.033465
v -0.014374 0.001235 -0.032687
v -0.014132 0.003043 -0.032708
v -0.014705 0.003428 -0.030175
v -0.014351 0.003498 -0.028880
v -0.014429 0.004111 -0.029320
v -0.014619 0.002835 -0.029710
v -0.014789 0.002707 -0.031038
v -0.014619 0.002835 -0.029710
v -0.014705 0.003428 -0.030175
v -0.014701 0.002135 -0.030549
v -0.014619 0.002835 -0.029710
v -0.014268 0.001629 -0.030075
v -0.014139 0.002288 -0.029266
v -0.014701 0.002135 -0.030549
v -0.014619 0.002835 -0.029710
v -0.013876 0.002952 -0.028451
v -0.014351 0.003498 -0.028880
v -0.014139 0.002288 -0.029266
v -0.014789 0.002707 -0.031038
v -0.014132 0.003043 -0.032708
v -0.014677 0.001969 -0.031884
v -0.014238 0.003739 -0.031910
v -0.014705 0.003428 -0.030175
v -0.014429 0.004111 -0.029320
v -0.013897 0.005063 -0.030291
v -0.014158 0.004419 -0.031097
v -0.013968 0.004734 -0.028500
v -0.013291 0.004632 -0.027345
v -0.013338 0.005278 -0.027739
v -0.013903 0.004103 -0.028084
v -0.014429 0.004111 -0.029320
v -0.013903 0.004103 -0.028084
v -0.013968 0.004734 -0.028500
v -0.014351 0.003498 -0.028880
v -0.014351 0.003498 -0.028880
v -0.013491 0.003593 -0.027669
v -0.013903 0.004103 -0.028084
v -0.013876 0.002952 -0.028451
v -0.013903 0.004103 -0.028084
v -0.013491 0.003593 -0.027669
v -0.013117 0.004159 -0.027193
v -0.013291 0.004632 -0.027345
v -0.011577 0.003565 -0.026678
v -0.011595 0.004555 -0.026128
v -0.012499 0.004291 -0.026659
v -0.012639 0.003462 -0.027185
v -0.012639 0.003462 -0.027185
v -0.012499 0.004291 -0.026659
v -0.013117 0.004159 -0.027193
v -0.013491 0.003593 -0.027669
v -0.012883 0.002647 -0.028007
v -0.012639 0.003462 -0.027185
v -0.013491 0.003593 -0.027669
v -0.013876 0.002952 -0.028451
v -0.011633 0.002400 -0.027444
v -0.011577 0.003565 -0.026678
v -0.012639 0.003462 -0.027185
v -0.012883 0.002647 -0.028007
v -0.014789 0.002707 -0.031038
v -0.014705 0.003428 -0.030175
v -0.014158 0.004419 -0.031097
v -0.014238 0.003739 -0.031910
v -0.014429 0.004111 -0.029320
v -0.013968 0.004734 -0.028500
v -0.013463 0.005650 -0.029517
v -0.013897 0.005063 -0.030291
v -0.011646 0.006067 -0.026487
v -0.012531 0.005067 -0.026687
v -0.011648 0.005398 -0.026129
v -0.012555 0.005727 -0.027062
v -0.013338 0.005278 -0.027739
v -0.012531 0.005067 -0.026687
v -0.012555 0.005727 -0.027062
v -0.013291 0.004632 -0.027345
v -0.012499 0.004291 -0.026659
v -0.013291 0.004632 -0.027345
v -0.013117 0.004159 -0.027193
v -0.012531 0.005067 -0.026687
v -0.012499 0.004291 -0.026659
v -0.011595 0.004555 -0.026128
v -0.012531 0.005067 -0.026687
v -0.011648 0.005398 -0.026129
v -0.013968 0.004734 -0.028500
v -0.013338 0.005278 -0.027739
v -0.012870 0.006163 -0.028800
v -0.013463 0.005650 -0.029517
v -0.012131 0.006586 -0.028162
v -0.011646 0.006067 -0.026487
v -0.011274 0.006907 -0.027621
v -0.012555 0.005727 -0.027062
v -0.009602 0.003997 -0.025770
v -0.009635 0.004885 -0.025358
v -0.010625 0.004758 -0.025689
v -0.010535 0.003755 -0.026194
v -0.010535 0.003755 -0.026194
v -0.010625 0.004758 -0.025689
v -0.011595 0.004555 -0.026128
v -0.011577 0.003565 -0.026678
v -0.011633 0.002400 -0.027444
v -0.010477 0.002787 -0.026625
v -0.011577 0.003565 -0.026678
v -0.010535 0.003755 -0.026194
v -0.010477 0.002787 -0.026625
v -0.009224 0.003082 -0.026177
v -0.010535 0.003755 -0.026194
v -0.009602 0.003997 -0.025770
v -0.009559 0.006383 -0.025714
v -0.010668 0.005612 -0.025689
v -0.009622 0.005705 -0.025378
v -0.010637 0.006288 -0.026034
v -0.010637 0.006288 -0.026034
v -0.011648 0.005398 -0.026129
v -0.010668 0.005612 -0.025689
v -0.011646 0.006067 -0.026487
v -0.011595 0.004555 -0.026128
v -0.010625 0.004758 -0.025689
v -0.011648 0.005398 -0.026129
v -0.010668 0.005612 -0.025689
v -0.010625 0.004758 -0.025689
v -0.009635 0.004885 -0.025358
v -0.010668 0.005612 -0.025689
v -0.009622 0.005705 -0.025378
v -0.009635 0.004885 -0.025358
v -0.008866 0.004258 -0.025444
v -0.008668 0.004927 -0.025155
v -0.009602 0.003997 -0.025770
v -0.008866 0.004258 -0.025444
v -0.009224 0.003082 -0.026177
v -0.008283 0.003915 -0.025612
v -0.009602 0.003997 -0.025770
v -0.008668 0.004927 -0.025155
v -0.008283 0.003915 -0.025612
v -0.007738 0.004728 -0.025178
v -0.008866 0.004258 -0.025444
v -0.010642 0.001400 -0.025865
v -0.009401 0.002215 -0.025984
v -0.010532 0.002039 -0.026408
v -0.009512 0.001576 -0.025441
v -0.010477 0.002787 -0.026625
v -0.009401 0.002215 -0.025984
v -0.009224 0.003082 -0.026177
v -0.010532 0.002039 -0.026408
v -0.011454 0.001614 -0.027084
v -0.010477 0.002787 -0.026625
v -0.011633 0.002400 -0.027444
v -0.010532 0.002039 -0.026408
v -0.011565 0.000976 -0.026541
v -0.010532 0.002039 -0.026408
v -0.011454 0.001614 -0.027084
v -0.010642 0.001400 -0.025865
v -0.007045 0.001738 -0.026091
v -0.006804 0.002433 -0.026334
v -0.007923 0.002800 -0.026119
v -0.008190 0.002104 -0.025880
v -0.008190 0.002104 -0.025880
v -0.007923 0.002800 -0.026119
v -0.009224 0.003082 -0.026177
v -0.009401 0.002215 -0.025984
v -0.008301 0.001466 -0.025337
v -0.008190 0.002104 -0.025880
v -0.009401 0.002215 -0.025984
v -0.009512 0.001576 -0.025441
v -0.007155 0.001099 -0.025548
v -0.007045 0.001738 -0.026091
v -0.008190 0.002104 -0.025880
v -0.008301 0.001466 -0.025337
v -0.012870 0.006163 -0.028800
v -0.012555 0.005727 -0.027062
v -0.012131 0.006586 -0.028162
v -0.013338 0.005278 -0.027739
v -0.011274 0.006907 -0.027621
v -0.010637 0.006288 -0.026034
v -0.010322 0.007115 -0.027193
v -0.011646 0.006067 -0.026487
v -0.007455 0.005515 -0.025184
v -0.007328 0.006188 -0.025515
v -0.008445 0.006349 -0.025540
v -0.008539 0.005672 -0.025209
v -0.008445 0.006349 -0.025540
v -0.009622 0.005705 -0.025378
v -0.008539 0.005672 -0.025209
v -0.009559 0.006383 -0.025714
v -0.008668 0.004927 -0.025155
v -0.008539 0.005672 -0.025209
v -0.009622 0.005705 -0.025378
v -0.009635 0.004885 -0.025358
v -0.007738 0.004728 -0.025178
v -0.007455 0.005515 -0.025184
v -0.008539 0.005672 -0.025209
v -0.008668 0.004927 -0.025155
v -0.006741 0.004452 -0.025301
v -0.006302 0.003244 -0.025979
v -0.005763 0.004081 -0.025549
v -0.007344 0.003611 -0.025749
v -0.007344 0.003611 -0.025749
v -0.006741 0.004452 -0.025301
v -0.007738 0.004728 -0.025178
v -0.008283 0.003915 -0.025612
v -0.007923 0.002800 -0.026119
v -0.007344 0.003611 -0.025749
v -0.008283 0.003915 -0.025612
v -0.009224 0.003082 -0.026177
v -0.006804 0.002433 -0.026334
v -0.006302 0.003244 -0.025979
v -0.007344 0.003611 -0.025749
v -0.007923 0.002800 -0.026119
v -0.010322 0.007115 -0.027193
v -0.009559 0.006383 -0.025714
v -0.009307 0.007206 -0.026890
v -0.010637 0.006288 -0.026034
v -0.008445 0.006349 -0.025540
v -0.007203 0.007021 -0.026704
v -0.008256 0.007173 -0.026727
v -0.007328 0.006188 -0.025515
v -0.005409 0.004852 -0.025569
v -0.005222 0.005505 -0.025911
v -0.006243 0.005903 -0.025640
v -0.006401 0.005239 -0.025306
v -0.006401 0.005239 -0.025306
v -0.006243 0.005903 -0.025640
v -0.007328 0.006188 -0.025515
v -0.007455 0.005515 -0.025184
v -0.006741 0.004452 -0.025301
v -0.006401 0.005239 -0.025306
v -0.007455 0.005515 -0.025184
v -0.007738 0.004728 -0.025178
v -0.006401 0.005239 -0.025306
v -0.005763 0.004081 -0.025549
v -0.005409 0.004852 -0.025569
v -0.006741 0.004452 -0.025301
v -0.009307 0.007206 -0.026890
v -0.008445 0.006349 -0.025540
v -0.008256 0.007173 -0.026727
v -0.009559 0.006383 -0.025714
v -0.007328 0.006188 -0.025515
v -0.006180 0.006753 -0.026821
v -0.007203 0.007021 -0.026704
v -0.006243 0.005903 -0.025640
v -0.004511 0.004366 -0.025968
v -0.003495 0.004417 -0.026857
v -0.004297 0.005004 -0.026322
v -0.003732 0.003796 -0.026488
v -0.004511 0.004366 -0.025968
v -0.004297 0.005004 -0.026322
v -0.005222 0.005505 -0.025911
v -0.005409 0.004852 -0.025569
v -0.004511 0.004366 -0.025968
v -0.005763 0.004081 -0.025549
v -0.004890 0.003597 -0.025949
v -0.005409 0.004852 -0.025569
v -0.003732 0.003796 -0.026488
v -0.004890 0.003597 -0.025949
v -0.004139 0.003066 -0.026439
v -0.004511 0.004366 -0.025968
v -0.006243 0.005903 -0.025640
v -0.005217 0.006378 -0.027076
v -0.006180 0.006753 -0.026821
v -0.005222 0.005505 -0.025911
v -0.004346 0.005906 -0.027464
v -0.003495 0.004417 -0.026857
v -0.003590 0.005352 -0.027969
v -0.004297 0.005004 -0.026322
v -0.005881 0.001857 -0.026834
v -0.005069 0.001163 -0.027632
v -0.004661 0.002242 -0.026881
v -0.005410 0.002717 -0.026426
v -0.005410 0.002717 -0.026426
v -0.004661 0.002242 -0.026881
v -0.004139 0.003066 -0.026439
v -0.004890 0.003597 -0.025949
v -0.006302 0.003244 -0.025979
v -0.005410 0.002717 -0.026426
v -0.004890 0.003597 -0.025949
v -0.005763 0.004081 -0.025549
v -0.006804 0.002433 -0.026334
v -0.005881 0.001857 -0.026834
v -0.005410 0.002717 -0.026426
v -0.006302 0.003244 -0.025979
v -0.003098 0.003158 -0.027115
v -0.002355 0.003055 -0.028238
v -0.002842 0.003761 -0.027503
v -0.002625 0.002473 -0.027829
v -0.003732 0.003796 -0.026488
v -0.002842 0.003761 -0.027503
v -0.003495 0.004417 -0.026857
v -0.003098 0.003158 -0.027115
v -0.004139 0.003066 -0.026439
v -0.003098 0.003158 -0.027115
v -0.003732 0.003796 -0.026488
v -0.003526 0.002552 -0.026955
v -0.003526 0.002552 -0.026955
v -0.002625 0.002473 -0.027829
v -0.003098 0.003158 -0.027115
v -0.003181 0.001904 -0.027619
v -0.003526 0.002552 -0.026955
v -0.004661 0.002242 -0.026881
v -0.004045 0.002031 -0.027132
v -0.004139 0.003066 -0.026439
v -0.004661 0.002242 -0.026881
v -0.005069 0.001163 -0.027632
v -0.004045 0.002031 -0.027132
v -0.004031 0.001424 -0.027721
v -0.004031 0.001424 -0.027721
v -0.003181 0.001904 -0.027619
v -0.004045 0.002031 -0.027132
v -0.003526 0.002552 -0.026955
v -0.005222 0.005505 -0.025911
v -0.004346 0.005906 -0.027464
v -0.005217 0.006378 -0.027076
v -0.004297 0.005004 -0.026322
v -0.003590 0.005352 -0.027969
v -0.002842 0.003761 -0.027503
v -0.002973 0.004733 -0.028577
v -0.003495 0.004417 -0.026857
v -0.002331 0.001761 -0.028609
v -0.001941 0.001584 -0.029887
v -0.002053 0.002322 -0.029041
v -0.002222 0.001044 -0.029430
v -0.002625 0.002473 -0.027829
v -0.002053 0.002322 -0.029041
v -0.002355 0.003055 -0.028238
v -0.002331 0.001761 -0.028609
v -0.003181 0.001904 -0.027619
v -0.002331 0.001761 -0.028609
v -0.002625 0.002473 -0.027829
v -0.002950 0.001212 -0.028377
v -0.002950 0.001212 -0.028377
v -0.002222 0.001044 -0.029430
v -0.002331 0.001761 -0.028609
v -0.002831 0.000535 -0.029160
v -0.002973 0.004733 -0.028577
v -0.002355 0.003055 -0.028238
v -0.002426 0.004080 -0.029237
v -0.002842 0.003761 -0.027503
v -0.002229 0.003377 -0.030027
v -0.001941 0.001584 -0.029887
v -0.002124 0.002681 -0.030825
v -0.002053 0.002322 -0.029041
v -0.003799 0.000083 -0.029251
v -0.003957 0.000716 -0.028497
v -0.004885 0.000204 -0.028584
v -0.004935 -0.000584 -0.029657
v -0.002831 0.000535 -0.029160
v -0.003957 0.000716 -0.028497
v -0.003799 0.000083 -0.029251
v -0.002950 0.001212 -0.028377
v -0.002950 0.001212 -0.028377
v -0.003181 0.001904 -0.027619
v -0.004031 0.001424 -0.027721
v -0.003957 0.000716 -0.028497
v -0.005069 0.001163 -0.027632
v -0.003957 0.000716 -0.028497
v -0.004031 0.001424 -0.027721
v -0.004885 0.000204 -0.028584
v -0.003799 0.000083 -0.029251
v -0.002825 -0.000067 -0.029896
v -0.002831 0.000535 -0.029160
v -0.003534 -0.000299 -0.029770
v -0.004935 -0.000584 -0.029657
v -0.004063 -0.000737 -0.030265
v -0.003534 -0.000299 -0.029770
v -0.003799 0.000083 -0.029251
v -0.003150 -0.000656 -0.030620
v -0.002825 -0.000067 -0.029896
v -0.003534 -0.000299 -0.029770
v -0.004063 -0.000737 -0.030265
v -0.002572 -0.000320 -0.031099
v -0.002025 0.000862 -0.030750
v -0.002304 0.000343 -0.030269
v -0.002301 0.000180 -0.031605
v -0.002304 0.000343 -0.030269
v -0.001941 0.001584 -0.029887
v -0.002222 0.001044 -0.029430
v -0.002025 0.000862 -0.030750
v -0.002831 0.000535 -0.029160
v -0.002304 0.000343 -0.030269
v -0.002222 0.001044 -0.029430
v -0.002825 -0.000067 -0.029896
v -0.003150 -0.000656 -0.030620
v -0.002304 0.000343 -0.030269
v -0.002825 -0.000067 -0.029896
v -0.002572 -0.000320 -0.031099
v -0.002426 0.004080 -0.029237
v -0.002053 0.002322 -0.029041
v -0.002229 0.003377 -0.030027
v -0.002355 0.003055 -0.028238
v -0.001941 0.001584 -0.029887
v -0.002203 0.002000 -0.031639
v -0.002124 0.002681 -0.030825
v -0.002025 0.000862 -0.030750
v -0.003632 -0.001453 -0.032634
v -0.002762 -0.000443 -0.032425
v -0.003020 -0.000925 -0.031895
v -0.003392 -0.000987 -0.033186
v -0.003020 -0.000925 -0.031895
v -0.002301 0.000180 -0.031605
v -0.002572 -0.000320 -0.031099
v -0.002762 -0.000443 -0.032425
v -0.003150 -0.000656 -0.030620
v -0.003020 -0.000925 -0.031895
v -0.002572 -0.000320 -0.031099
v -0.003628 -0.001222 -0.031367
v -0.003628 -0.001222 -0.031367
v -0.003632 -0.001453 -0.032634
v -0.003020 -0.000925 -0.031895
v -0.004229 -0.001739 -0.032105
v -0.002025 0.000862 -0.030750
v -0.002462 0.001356 -0.032445
v -0.002203 0.002000 -0.031639
v -0.002301 0.000180 -0.031605
v -0.002762 -0.000443 -0.032425
v -0.003492 0.000257 -0.033935
v -0.002897 0.000770 -0.033218
v -0.003392 -0.000987 -0.033186
v -0.005083 -0.001776 -0.034438
v -0.004392 -0.001889 -0.033292
v -0.005274 -0.002220 -0.033850
v -0.004175 -0.001436 -0.033863
v -0.004175 -0.001436 -0.033863
v -0.003632 -0.001453 -0.032634
v -0.004392 -0.001889 -0.033292
v -0.003392 -0.000987 -0.033186
v -0.004229 -0.001739 -0.032105
v -0.004392 -0.001889 -0.033292
v -0.003632 -0.001453 -0.032634
v -0.004927 -0.002181 -0.032804
v -0.005274 -0.002220 -0.033850
v -0.004927 -0.002181 -0.032804
v -0.005484 -0.002365 -0.033387
v -0.004392 -0.001889 -0.033292
v -0.002301 0.000180 -0.031605
v -0.002897 0.000770 -0.033218
v -0.002462 0.001356 -0.032445
v -0.002762 -0.000443 -0.032425
v -0.004230 -0.000167 -0.034574
v -0.003392 -0.000987 -0.033186
v -0.004175 -0.001436 -0.033863
v -0.003492 0.000257 -0.033935
v -0.005083 -0.001776 -0.034438
v -0.004230 -0.000167 -0.034574
v -0.004175 -0.001436 -0.033863
v -0.005086 -0.000489 -0.035116
v -0.007152 -0.002157 -0.035283
v -0.006038 -0.000695 -0.035543
v -0.006093 -0.001997 -0.034891
v -0.007054 -0.000785 -0.035844
v -0.006255 -0.002434 -0.034290
v -0.005484 -0.002365 -0.033387
v -0.006274 -0.002575 -0.033526
v -0.005274 -0.002220 -0.033850
v -0.007284 -0.002590 -0.034671
v -0.006255 -0.002434 -0.034290
v -0.007317 -0.002694 -0.033806
v -0.006274 -0.002575 -0.033526
v -0.007152 -0.002157 -0.035283
v -0.006255 -0.002434 -0.034290
v -0.007284 -0.002590 -0.034671
v -0.006093 -0.001997 -0.034891
v -0.006093 -0.001997 -0.034891
v -0.005274 -0.002220 -0.033850
v -0.006255 -0.002434 -0.034290
v -0.005083 -0.001776 -0.034438
v -0.004927 -0.002181 -0.032804
v -0.004229 -0.001739 -0.032105
v -0.005311 -0.001791 -0.031763
v -0.005901 -0.002296 -0.032653
v -0.005901 -0.002296 -0.032653
v -0.005311 -0.001791 -0.031763
v -0.007174 -0.002034 -0.031652
v -0.007096 -0.002323 -0.032671
v -0.006274 -0.002575 -0.033526
v -0.005901 -0.002296 -0.032653
v -0.007096 -0.002323 -0.032671
v -0.007317 -0.002694 -0.033806
v -0.005484 -0.002365 -0.033387
v -0.004927 -0.002181 -0.032804
v -0.005901 -0.002296 -0.032653
v -0.006274 -0.002575 -0.033526
v -0.006111 0.001144 -0.026608
v -0.005069 0.001163 -0.027632
v -0.005881 0.001857 -0.026834
v -0.005487 0.000406 -0.027355
v -0.006111 0.001144 -0.026608
v -0.005881 0.001857 -0.026834
v -0.006804 0.002433 -0.026334
v -0.007045 0.001738 -0.026091
v -0.006222 0.000506 -0.026065
v -0.006111 0.001144 -0.026608
v -0.007045 0.001738 -0.026091
v -0.007155 0.001099 -0.025548
v -0.006222 0.000506 -0.026065
v -0.005487 0.000406 -0.027355
v -0.006111 0.001144 -0.026608
v -0.005598 -0.000232 -0.026812
v -0.005655 -0.001334 -0.030538
v -0.005311 -0.001791 -0.031763
v -0.004676 -0.001252 -0.030948
v -0.007174 -0.002034 -0.031652
v -0.004676 -0.001252 -0.030948
v -0.004229 -0.001739 -0.032105
v -0.003628 -0.001222 -0.031367
v -0.005311 -0.001791 -0.031763
v -0.004063 -0.000737 -0.030265
v -0.003628 -0.001222 -0.031367
v -0.003150 -0.000656 -0.030620
v -0.004676 -0.001252 -0.030948
v -0.004935 -0.000584 -0.029657
v -0.004676 -0.001252 -0.030948
v -0.004063 -0.000737 -0.030265
v -0.005655 -0.001334 -0.030538
v -0.005268 -0.000393 -0.028251
v -0.004935 -0.000584 -0.029657
v -0.004885 0.000204 -0.028584
v -0.005457 -0.001156 -0.029184
v -0.005487 0.000406 -0.027355
v -0.004885 0.000204 -0.028584
v -0.005069 0.001163 -0.027632
v -0.005268 -0.000393 -0.028251
v -0.005598 -0.000232 -0.026812
v -0.005268 -0.000393 -0.028251
v -0.005487 0.000406 -0.027355
v -0.005379 -0.001031 -0.027708
v -0.005568 -0.001794 -0.028641
v -0.005268 -0.000393 -0.028251
v -0.005379 -0.001031 -0.027708
v -0.005457 -0.001156 -0.029184
v -0.006166 -0.002425 -0.029497
v -0.007080 -0.002857 -0.030181
v -0.006875 -0.002269 -0.030655
v -0.006055 -0.001787 -0.030040
v -0.006875 -0.002269 -0.030655
v -0.005655 -0.001334 -0.030538
v -0.006055 -0.001787 -0.030040
v -0.007174 -0.002034 -0.031652
v -0.006055 -0.001787 -0.030040
v -0.004935 -0.000584 -0.029657
v -0.005457 -0.001156 -0.029184
v -0.005655 -0.001334 -0.030538
v -0.006166 -0.002425 -0.029497
v -0.005457 -0.001156 -0.029184
v -0.005568 -0.001794 -0.028641
v -0.006055 -0.001787 -0.030040
v -0.008215 -0.003024 -0.030595
v -0.008104 -0.002386 -0.031138
v -0.007726 -0.002587 -0.030864
v -0.009426 -0.002923 -0.030709
v -0.007174 -0.002034 -0.031652
v -0.007726 -0.002587 -0.030864
v -0.008104 -0.002386 -0.031138
v -0.006875 -0.002269 -0.030655
v -0.007080 -0.002857 -0.030181
v -0.008215 -0.003024 -0.030595
v -0.007726 -0.002587 -0.030864
v -0.006875 -0.002269 -0.030655
v -0.008205 0.006900 -0.027560
v -0.007382 0.006374 -0.028410
v -0.008360 0.006564 -0.028375
v -0.007281 0.006743 -0.027566
v -0.008360 0.006564 -0.028375
v -0.009089 0.006990 -0.027579
v -0.008205 0.006900 -0.027560
v -0.009349 0.006718 -0.028276
v -0.008256 0.007173 -0.026727
v -0.009089 0.006990 -0.027579
v -0.009307 0.007206 -0.026890
v -0.008205 0.006900 -0.027560
v -0.007203 0.007021 -0.026704
v -0.008205 0.006900 -0.027560
v -0.008256 0.007173 -0.026727
v -0.007281 0.006743 -0.027566
v -0.008926 0.006104 -0.029154
v -0.007723 0.005093 -0.030110
v -0.009603 0.005473 -0.030025
v -0.007531 0.005822 -0.029217
v -0.009603 0.005473 -0.030025
v -0.010203 0.006342 -0.028990
v -0.008926 0.006104 -0.029154
v -0.011524 0.005797 -0.029862
v -0.008926 0.006104 -0.029154
v -0.009349 0.006718 -0.028276
v -0.008360 0.006564 -0.028375
v -0.010203 0.006342 -0.028990
v -0.008360 0.006564 -0.028375
v -0.007531 0.005822 -0.029217
v -0.008926 0.006104 -0.029154
v -0.007382 0.006374 -0.028410
v -0.010351 0.003624 -0.032341
v -0.007958 0.004192 -0.031214
v -0.008222 0.003171 -0.032464
v -0.010089 0.004624 -0.031117
v -0.010351 0.003624 -0.032341
v -0.011932 0.004868 -0.031054
v -0.010089 0.004624 -0.031117
v -0.012166 0.003936 -0.032194
v -0.010089 0.004624 -0.031117
v -0.011524 0.005797 -0.029862
v -0.009603 0.005473 -0.030025
v -0.011932 0.004868 -0.031054
v -0.009603 0.005473 -0.030025
v -0.007958 0.004192 -0.031214
v -0.010089 0.004624 -0.031117
v -0.007723 0.005093 -0.030110
v -0.010487 0.001593 -0.034623
v -0.008506 0.002081 -0.033799
v -0.008964 0.000906 -0.035114
v -0.010357 0.002546 -0.033609
v -0.010357 0.002546 -0.033609
v -0.011800 0.002077 -0.034198
v -0.011972 0.002952 -0.033312
v -0.010487 0.001593 -0.034623
v -0.010351 0.003624 -0.032341
v -0.011972 0.002952 -0.033312
v -0.012166 0.003936 -0.032194
v -0.010357 0.002546 -0.033609
v -0.010357 0.002546 -0.033609
v -0.008222 0.003171 -0.032464
v -0.008506 0.002081 -0.033799
v -0.010351 0.003624 -0.032341
v -0.009349 0.006718 -0.028276
v -0.009868 0.007007 -0.027580
v -0.009089 0.006990 -0.027579
v -0.010344 0.006812 -0.028032
v -0.010322 0.007115 -0.027193
v -0.010344 0.006812 -0.028032
v -0.011274 0.006907 -0.027621
v -0.009868 0.007007 -0.027580
v -0.009307 0.007206 -0.026890
v -0.009868 0.007007 -0.027580
v -0.010322 0.007115 -0.027193
v -0.009089 0.006990 -0.027579
v -0.005217 0.006378 -0.027076
v -0.006381 0.006530 -0.027643
v -0.006180 0.006753 -0.026821
v -0.005482 0.006174 -0.027888
v -0.005482 0.006174 -0.027888
v -0.006423 0.006172 -0.028463
v -0.006381 0.006530 -0.027643
v -0.005643 0.005931 -0.028494
v -0.006381 0.006530 -0.027643
v -0.007382 0.006374 -0.028410
v -0.007281 0.006743 -0.027566
v -0.006423 0.006172 -0.028463
v -0.006180 0.006753 -0.026821
v -0.007281 0.006743 -0.027566
v -0.007203 0.007021 -0.026704
v -0.006381 0.006530 -0.027643
v -0.005065 0.005414 -0.029092
v -0.005854 0.004715 -0.030195
v -0.006149 0.005543 -0.029280
v -0.004049 0.004360 -0.030108
v -0.006149 0.005543 -0.029280
v -0.007723 0.005093 -0.030110
v -0.007531 0.005822 -0.029217
v -0.005854 0.004715 -0.030195
v -0.006423 0.006172 -0.028463
v -0.007531 0.005822 -0.029217
v -0.007382 0.006374 -0.028410
v -0.006149 0.005543 -0.029280
v -0.005643 0.005931 -0.028494
v -0.006149 0.005543 -0.029280
v -0.006423 0.006172 -0.028463
v -0.005065 0.005414 -0.029092
v -0.003686 0.004869 -0.029011
v -0.004049 0.004360 -0.030108
v -0.005065 0.005414 -0.029092
v -0.004560 0.005585 -0.028403
v -0.004560 0.005585 -0.028403
v -0.005065 0.005414 -0.029092
v -0.005643 0.005931 -0.028494
v -0.005482 0.006174 -0.027888
v -0.004346 0.005906 -0.027464
v -0.004560 0.005585 -0.028403
v -0.005482 0.006174 -0.027888
v -0.005217 0.006378 -0.027076
v -0.003590 0.005352 -0.027969
v -0.003686 0.004869 -0.029011
v -0.004560 0.005585 -0.028403
v -0.004346 0.005906 -0.027464
v -0.012131 0.006586 -0.028162
v -0.012186 0.006112 -0.029207
v -0.012870 0.006163 -0.028800
v -0.011230 0.006487 -0.028626
v -0.011274 0.006907 -0.027621
v -0.011230 0.006487 -0.028626
v -0.012131 0.006586 -0.028162
v -0.010344 0.006812 -0.028032
v -0.010203 0.006342 -0.028990
v -0.010344 0.006812 -0.028032
v -0.009349 0.006718 -0.028276
v -0.011230 0.006487 -0.028626
v -0.011230 0.006487 -0.028626
v -0.011524 0.005797 -0.029862
v -0.012186 0.006112 -0.029207
v -0.010203 0.006342 -0.028990
v -0.011524 0.005797 -0.029862
v -0.012937 0.005395 -0.030194
v -0.012875 0.005763 -0.029620
v -0.012186 0.006112 -0.029207
v -0.013463 0.005650 -0.029517
v -0.012937 0.005395 -0.030194
v -0.013897 0.005063 -0.030291
v -0.012875 0.005763 -0.029620
v -0.013463 0.005650 -0.029517
v -0.012870 0.006163 -0.028800
v -0.012875 0.005763 -0.029620
v -0.012186 0.006112 -0.029207
v -0.002229 0.003377 -0.030027
v -0.002124 0.002681 -0.030825
v -0.002914 0.003461 -0.030516
v -0.002928 0.004129 -0.029539
v -0.002928 0.004129 -0.029539
v -0.002914 0.003461 -0.030516
v -0.004049 0.004360 -0.030108
v -0.003686 0.004869 -0.029011
v -0.002973 0.004733 -0.028577
v -0.002928 0.004129 -0.029539
v -0.003686 0.004869 -0.029011
v -0.003590 0.005352 -0.027969
v -0.002426 0.004080 -0.029237
v -0.002229 0.003377 -0.030027
v -0.002928 0.004129 -0.029539
v -0.002973 0.004733 -0.028577
v -0.004057 0.003274 -0.031411
v -0.006089 0.002762 -0.032534
v -0.005835 0.003763 -0.031310
v -0.004077 0.002183 -0.032675
v -0.008222 0.003171 -0.032464
v -0.005835 0.003763 -0.031310
v -0.006089 0.002762 -0.032534
v -0.007958 0.004192 -0.031214
v -0.005854 0.004715 -0.030195
v -0.007958 0.004192 -0.031214
v -0.007723 0.005093 -0.030110
v -0.005835 0.003763 -0.031310
v -0.004049 0.004360 -0.030108
v -0.005835 0.003763 -0.031310
v -0.005854 0.004715 -0.030195
v -0.004057 0.003274 -0.031411
v -0.013358 0.003920 -0.032051
v -0.014158 0.004419 -0.031097
v -0.013191 0.004738 -0.031058
v -0.014238 0.003739 -0.031910
v -0.013191 0.004738 -0.031058
v -0.013897 0.005063 -0.030291
v -0.012937 0.005395 -0.030194
v -0.014158 0.004419 -0.031097
v -0.011932 0.004868 -0.031054
v -0.012937 0.005395 -0.030194
v -0.011524 0.005797 -0.029862
v -0.013191 0.004738 -0.031058
v -0.012166 0.003936 -0.032194
v -0.013191 0.004738 -0.031058
v -0.011932 0.004868 -0.031054
v -0.013358 0.003920 -0.032051
v -0.011972 0.002952 -0.033312
v -0.012878 0.002323 -0.033791
v -0.013159 0.003070 -0.033011
v -0.011800 0.002077 -0.034198
v -0.013159 0.003070 -0.033011
v -0.013845 0.002353 -0.033465
v -0.014132 0.003043 -0.032708
v -0.012878 0.002323 -0.033791
v -0.013358 0.003920 -0.032051
v -0.014132 0.003043 -0.032708
v -0.014238 0.003739 -0.031910
v -0.013159 0.003070 -0.033011
v -0.012166 0.003936 -0.032194
v -0.013159 0.003070 -0.033011
v -0.013358 0.003920 -0.032051
v -0.011972 0.002952 -0.033312
v -0.011800 0.002077 -0.034198
v -0.012098 0.001472 -0.034640
v -0.012799 0.001814 -0.034243
v -0.012878 0.002323 -0.033791
v -0.012772 0.001067 -0.034767
v -0.013387 0.001687 -0.034158
v -0.012799 0.001814 -0.034243
v -0.012098 0.001472 -0.034640
v -0.012878 0.002323 -0.033791
v -0.013387 0.001687 -0.034158
v -0.013845 0.002353 -0.033465
v -0.012799 0.001814 -0.034243
v -0.010487 0.001593 -0.034623
v -0.008964 0.000906 -0.035114
v -0.010223 0.000448 -0.035483
v -0.011125 0.000971 -0.035085
v -0.012016 0.000514 -0.035272
v -0.011125 0.000971 -0.035085
v -0.011143 0.000043 -0.035658
v -0.010223 0.000448 -0.035483
v -0.012098 0.001472 -0.034640
v -0.012016 0.000514 -0.035272
v -0.012772 0.001067 -0.034767
v -0.011125 0.000971 -0.035085
v -0.011800 0.002077 -0.034198
v -0.010487 0.001593 -0.034623
v -0.011125 0.000971 -0.035085
v -0.012098 0.001472 -0.034640
v -0.003048 0.001891 -0.032408
v -0.002203 0.002000 -0.031639
v -0.002462 0.001356 -0.032445
v -0.002959 0.002667 -0.031523
v -0.004077 0.002183 -0.032675
v -0.004057 0.003274 -0.031411
v -0.002959 0.002667 -0.031523
v -0.003048 0.001891 -0.032408
v -0.004057 0.003274 -0.031411
v -0.004049 0.004360 -0.030108
v -0.002914 0.003461 -0.030516
v -0.002959 0.002667 -0.031523
v -0.002959 0.002667 -0.031523
v -0.002914 0.003461 -0.030516
v -0.002124 0.002681 -0.030825
v -0.002203 0.002000 -0.031639
v -0.004077 0.002183 -0.032675
v -0.003164 0.001277 -0.033021
v -0.003687 0.001122 -0.033434
v -0.003048 0.001891 -0.032408
v -0.002462 0.001356 -0.032445
v -0.002897 0.000770 -0.033218
v -0.003164 0.001277 -0.033021
v -0.003048 0.001891 -0.032408
v -0.003687 0.001122 -0.033434
v -0.002897 0.000770 -0.033218
v -0.003492 0.000257 -0.033935
v -0.003164 0.001277 -0.033021
v -0.005939 0.000690 -0.034701
v -0.006616 0.001789 -0.033779
v -0.005123 0.001415 -0.033800
v -0.007216 0.000871 -0.034841
v -0.007216 0.000871 -0.034841
v -0.008506 0.002081 -0.033799
v -0.006616 0.001789 -0.033779
v -0.008964 0.000906 -0.035114
v -0.006616 0.001789 -0.033779
v -0.008222 0.003171 -0.032464
v -0.006089 0.002762 -0.032534
v -0.008506 0.002081 -0.033799
v -0.005123 0.001415 -0.033800
v -0.006089 0.002762 -0.032534
v -0.004077 0.002183 -0.032675
v -0.006616 0.001789 -0.033779
v -0.008964 0.000906 -0.035114
v -0.009735 0.000040 -0.035738
v -0.010223 0.000448 -0.035483
v -0.008861 0.000050 -0.035687
v -0.009158 -0.000603 -0.036033
v -0.009735 0.000040 -0.035738
v -0.008861 0.000050 -0.035687
v -0.010180 -0.000333 -0.035914
v -0.010223 0.000448 -0.035483
v -0.010180 -0.000333 -0.035914
v -0.011143 0.000043 -0.035658
v -0.009735 0.000040 -0.035738
v -0.007216 0.000871 -0.034841
v -0.005939 0.000690 -0.034701
v -0.006593 -0.000026 -0.035342
v -0.007692 0.000038 -0.035521
v -0.007692 0.000038 -0.035521
v -0.006593 -0.000026 -0.035342
v -0.007054 -0.000785 -0.035844
v -0.008105 -0.000753 -0.036008
v -0.008861 0.000050 -0.035687
v -0.007692 0.000038 -0.035521
v -0.008105 -0.000753 -0.036008
v -0.009158 -0.000603 -0.036033
v -0.008964 0.000906 -0.035114
v -0.007216 0.000871 -0.034841
v -0.007692 0.000038 -0.035521
v -0.008861 0.000050 -0.035687
v -0.004230 -0.000167 -0.034574
v -0.005086 -0.000489 -0.035116
v -0.005287 0.000216 -0.034806
v -0.004467 0.000708 -0.034114
v -0.005287 0.000216 -0.034806
v -0.005123 0.001415 -0.033800
v -0.004467 0.000708 -0.034114
v -0.005939 0.000690 -0.034701
v -0.003687 0.001122 -0.033434
v -0.004467 0.000708 -0.034114
v -0.005123 0.001415 -0.033800
v -0.004077 0.002183 -0.032675
v -0.003492 0.000257 -0.033935
v -0.004230 -0.000167 -0.034574
v -0.004467 0.000708 -0.034114
v -0.003687 0.001122 -0.033434
v -0.005939 0.000690 -0.034701
v -0.005287 0.000216 -0.034806
v -0.005930 -0.000172 -0.035255
v -0.006593 -0.000026 -0.035342
v -0.005086 -0.000489 -0.035116
v -0.006038 -0.000695 -0.035543
v -0.005930 -0.000172 -0.035255
v -0.005287 0.000216 -0.034806
v -0.006038 -0.000695 -0.035543
v -0.006593 -0.000026 -0.035342
v -0.005930 -0.000172 -0.035255
v -0.007054 -0.000785 -0.035844
v -0.010880 -0.024744 -0.026471
v -0.010515 -0.029085 -0.025079
v -0.011228 -0.024797 -0.023803
v -0.010207 -0.028498 -0.027402
v -0.008925 -0.029241 -0.027550
v -0.009447 -0.029822 -0.025194
v -0.010515 -0.029085 -0.025079
v -0.010207 -0.028498 -0.027402
v -0.000233 -0.029788 -0.036928
v -0.002391 -0.029130 -0.037182
v -0.000150 -0.029297 -0.038049
v -0.002601 -0.029507 -0.036098
v -0.004569 -0.028897 -0.035596
v -0.003002 -0.026584 -0.036964
v -0.002391 -0.029130 -0.037182
v -0.005208 -0.026175 -0.035291
v -0.004569 -0.028897 -0.035596
v -0.002601 -0.029507 -0.036098
v -0.004354 -0.029216 -0.034982
v -0.002391 -0.029130 -0.037182
v -0.004569 -0.028897 -0.035596
v -0.005950 -0.029069 -0.033074
v -0.007032 -0.028557 -0.032947
v -0.004354 -0.029216 -0.034982
v -0.000676 -0.026847 -0.037886
v -0.002391 -0.029130 -0.037182
v -0.003002 -0.026584 -0.036964
v -0.000150 -0.029297 -0.038049
v -0.009128 -0.028346 -0.029969
v -0.007693 -0.025564 -0.032488
v -0.007032 -0.028557 -0.032947
v -0.009802 -0.025003 -0.029300
v -0.007032 -0.028557 -0.032947
v -0.007806 -0.028980 -0.030189
v -0.009128 -0.028346 -0.029969
v -0.005950 -0.029069 -0.033074
v -0.009447 -0.029822 -0.025194
v -0.009510 -0.030689 -0.023159
v -0.010300 -0.030179 -0.022834
v -0.010515 -0.029085 -0.025079
v -0.011228 -0.024797 -0.023803
v -0.010300 -0.030179 -0.022834
v -0.011145 -0.025173 -0.021097
v -0.010515 -0.029085 -0.025079
v -0.009577 -0.031732 -0.020754
v -0.009352 -0.026940 -0.015928
v -0.010547 -0.025883 -0.018442
v -0.008358 -0.033699 -0.018926
v -0.009510 -0.030689 -0.023159
v -0.008684 -0.032159 -0.021413
v -0.009577 -0.031732 -0.020754
v -0.010300 -0.030179 -0.022834
v -0.008684 -0.032159 -0.021413
v -0.007475 -0.034129 -0.019651
v -0.008358 -0.033699 -0.018926
v -0.009577 -0.031732 -0.020754
v -0.010300 -0.030179 -0.022834
v -0.010547 -0.025883 -0.018442
v -0.011145 -0.025173 -0.021097
v -0.009577 -0.031732 -0.020754
v -0.005551 -0.029101 -0.012079
v -0.006670 -0.035843 -0.017647
v -0.004534 -0.037926 -0.017211
v -0.007655 -0.028096 -0.013744
v -0.006670 -0.035843 -0.017647
v -0.007475 -0.034129 -0.019651
v -0.005976 -0.036197 -0.018310
v -0.008358 -0.033699 -0.018926
v -0.004534 -0.037926 -0.017211
v -0.006670 -0.035843 -0.017647
v -0.005976 -0.036197 -0.018310
v -0.004280 -0.037960 -0.017829
v -0.008358 -0.033699 -0.018926
v -0.007655 -0.028096 -0.013744
v -0.009352 -0.026940 -0.015928
v -0.006670 -0.035843 -0.017647
v -0.001046 -0.030308 -0.010135
v -0.002156 -0.039668 -0.017146
v 0.000261 -0.040789 -0.016980
v -0.003271 -0.029868 -0.010890
v -0.004534 -0.037926 -0.017211
v -0.002163 -0.039364 -0.017873
v -0.002156 -0.039668 -0.017146
v -0.004280 -0.037960 -0.017829
v -0.002156 -0.039668 -0.017146
v 0.000278 -0.040413 -0.017753
v 0.000261 -0.040789 -0.016980
v -0.002163 -0.039364 -0.017873
v -0.004534 -0.037926 -0.017211
v -0.003271 -0.029868 -0.010890
v -0.005551 -0.029101 -0.012079
v -0.002156 -0.039668 -0.017146
v 0.000261 -0.040789 -0.016980
v 0.001163 -0.030472 -0.009715
v -0.001046 -0.030308 -0.010135
v 0.002665 -0.041314 -0.016778
v 0.000261 -0.040789 -0.016980
v 0.002787 -0.040981 -0.017571
v 0.002665 -0.041314 -0.016778
v 0.000278 -0.040413 -0.017753
v 0.002787 -0.040981 -0.017571
v 0.005004 -0.041266 -0.016602
v 0.002665 -0.041314 -0.016778
v 0.005107 -0.040942 -0.017431
v 0.002665 -0.041314 -0.016778
v 0.003395 -0.030412 -0.009531
v 0.001163 -0.030472 -0.009715
v 0.005004 -0.041266 -0.016602
v 0.005822 -0.030018 -0.009699
v 0.005004 -0.041266 -0.016602
v 0.007284 -0.040759 -0.016557
v 0.003395 -0.030412 -0.009531
v 0.005107 -0.040942 -0.017431
v 0.007284 -0.040759 -0.016557
v 0.005004 -0.041266 -0.016602
v 0.007362 -0.040420 -0.017406
v 0.007362 -0.040420 -0.017406
v 0.009514 -0.039905 -0.016748
v 0.007284 -0.040759 -0.016557
v 0.009679 -0.039541 -0.017569
v 0.009514 -0.039905 -0.016748
v 0.005822 -0.030018 -0.009699
v 0.007284 -0.040759 -0.016557
v 0.008619 -0.029181 -0.010336
v 0.011655 -0.038707 -0.017278
v 0.011363 -0.028117 -0.011471
v 0.008619 -0.029181 -0.010336
v 0.009514 -0.039905 -0.016748
v 0.009679 -0.039541 -0.017569
v 0.011372 -0.038634 -0.017883
v 0.011655 -0.038707 -0.017278
v 0.009514 -0.039905 -0.016748
v 0.012699 -0.037555 -0.018658
v 0.011655 -0.038707 -0.017278
v 0.011372 -0.038634 -0.017883
v 0.013665 -0.037165 -0.018252
v 0.011363 -0.028117 -0.011471
v 0.013665 -0.037165 -0.018252
v 0.013629 -0.027042 -0.013132
v 0.011655 -0.038707 -0.017278
v 0.015437 -0.026085 -0.015346
v 0.016584 -0.033677 -0.021634
v 0.016805 -0.025378 -0.018139
v 0.015368 -0.035436 -0.019696
v 0.014230 -0.035921 -0.020078
v 0.013665 -0.037165 -0.018252
v 0.012699 -0.037555 -0.018658
v 0.015368 -0.035436 -0.019696
v 0.015473 -0.034190 -0.021952
v 0.015368 -0.035436 -0.019696
v 0.014230 -0.035921 -0.020078
v 0.016584 -0.033677 -0.021634
v 0.013629 -0.027042 -0.013132
v 0.015368 -0.035436 -0.019696
v 0.015437 -0.026085 -0.015346
v 0.013665 -0.037165 -0.018252
v 0.017664 -0.025048 -0.025015
v 0.017273 -0.032052 -0.023943
v 0.017394 -0.030726 -0.026499
v 0.017594 -0.025004 -0.021399
v 0.016230 -0.032567 -0.024197
v 0.016584 -0.033677 -0.021634
v 0.015473 -0.034190 -0.021952
v 0.017273 -0.032052 -0.023943
v 0.017273 -0.032052 -0.023943
v 0.016299 -0.031257 -0.026729
v 0.017394 -0.030726 -0.026499
v 0.016230 -0.032567 -0.024197
v 0.017594 -0.025004 -0.021399
v 0.016584 -0.033677 -0.021634
v 0.017273 -0.032052 -0.023943
v 0.016805 -0.025378 -0.018139
v 0.015883 -0.025801 -0.031373
v 0.016985 -0.029795 -0.029029
v 0.016084 -0.029356 -0.031257
v 0.017073 -0.025362 -0.028502
v 0.017394 -0.030726 -0.026499
v 0.015865 -0.030322 -0.029253
v 0.016985 -0.029795 -0.029029
v 0.016299 -0.031257 -0.026729
v 0.015865 -0.030322 -0.029253
v 0.016084 -0.029356 -0.031257
v 0.016985 -0.029795 -0.029029
v 0.015110 -0.029825 -0.031474
v 0.017073 -0.025362 -0.028502
v 0.017394 -0.030726 -0.026499
v 0.016985 -0.029795 -0.029029
v 0.017664 -0.025048 -0.025015
v 0.014256 -0.026254 -0.033702
v 0.012929 -0.029261 -0.035119
v 0.012353 -0.026613 -0.035564
v 0.014722 -0.029235 -0.033261
v 0.015110 -0.029825 -0.031474
v 0.014264 -0.029651 -0.032985
v 0.014722 -0.029235 -0.033261
v 0.016084 -0.029356 -0.031257
v 0.012860 -0.029749 -0.034241
v 0.014722 -0.029235 -0.033261
v 0.014264 -0.029651 -0.032985
v 0.012929 -0.029261 -0.035119
v 0.015883 -0.025801 -0.031373
v 0.014722 -0.029235 -0.033261
v 0.014256 -0.026254 -0.033702
v 0.016084 -0.029356 -0.031257
v 0.007792 -0.027039 -0.037992
v 0.010728 -0.029362 -0.036701
v 0.008144 -0.029466 -0.037879
v 0.010192 -0.026876 -0.036985
v 0.010603 -0.029911 -0.035677
v 0.012929 -0.029261 -0.035119
v 0.012860 -0.029749 -0.034241
v 0.010728 -0.029362 -0.036701
v 0.007986 -0.030044 -0.036764
v 0.010728 -0.029362 -0.036701
v 0.010603 -0.029911 -0.035677
v 0.008144 -0.029466 -0.037879
v 0.005193 -0.030090 -0.037377
v 0.008144 -0.029466 -0.037879
v 0.007986 -0.030044 -0.036764
v 0.005346 -0.029513 -0.038532
v -0.000150 -0.029297 -0.038049
v 0.002505 -0.029441 -0.038544
v 0.002409 -0.029994 -0.037393
v -0.000233 -0.029788 -0.036928
v 0.007792 -0.027039 -0.037992
v 0.005346 -0.029513 -0.038532
v 0.005125 -0.027092 -0.038501
v 0.008144 -0.029466 -0.037879
v 0.002168 -0.027022 -0.038432
v -0.000150 -0.029297 -0.038049
v -0.000676 -0.026847 -0.037886
v 0.002505 -0.029441 -0.038544
v 0.011625 -0.036946 -0.020153
v 0.012699 -0.037555 -0.018658
v 0.010443 -0.038492 -0.018623
v 0.014230 -0.035921 -0.020078
v 0.009679 -0.039541 -0.017569
v 0.010443 -0.038492 -0.018623
v 0.011372 -0.038634 -0.017883
v 0.012699 -0.037555 -0.018658
v 0.007687 -0.039528 -0.018525
v 0.009679 -0.039541 -0.017569
v 0.007362 -0.040420 -0.017406
v 0.010443 -0.038492 -0.018623
v 0.008478 -0.038085 -0.020159
v 0.010443 -0.038492 -0.018623
v 0.007687 -0.039528 -0.018525
v 0.011625 -0.036946 -0.020153
v 0.014130 -0.033270 -0.024487
v 0.015473 -0.034190 -0.021952
v 0.013086 -0.035080 -0.022121
v 0.016230 -0.032567 -0.024197
v 0.013086 -0.035080 -0.022121
v 0.014230 -0.035921 -0.020078
v 0.011625 -0.036946 -0.020153
v 0.015473 -0.034190 -0.021952
v 0.009969 -0.036098 -0.022270
v 0.011625 -0.036946 -0.020153
v 0.008478 -0.038085 -0.020159
v 0.013086 -0.035080 -0.022121
v 0.011145 -0.034095 -0.024822
v 0.013086 -0.035080 -0.022121
v 0.009969 -0.036098 -0.022270
v 0.014130 -0.033270 -0.024487
v 0.010990 -0.032603 -0.027780
v 0.013507 -0.030886 -0.029972
v 0.014062 -0.031891 -0.027212
v 0.010436 -0.031474 -0.030820
v 0.014062 -0.031891 -0.027212
v 0.015865 -0.030322 -0.029253
v 0.016299 -0.031257 -0.026729
v 0.013507 -0.030886 -0.029972
v 0.016230 -0.032567 -0.024197
v 0.014062 -0.031891 -0.027212
v 0.016299 -0.031257 -0.026729
v 0.014130 -0.033270 -0.024487
v 0.014130 -0.033270 -0.024487
v 0.010990 -0.032603 -0.027780
v 0.014062 -0.031891 -0.027212
v 0.011145 -0.034095 -0.024822
v 0.010412 -0.030561 -0.033615
v 0.012860 -0.029749 -0.034241
v 0.013093 -0.030196 -0.032446
v 0.010603 -0.029911 -0.035677
v 0.013093 -0.030196 -0.032446
v 0.014264 -0.029651 -0.032985
v 0.015110 -0.029825 -0.031474
v 0.012860 -0.029749 -0.034241
v 0.013507 -0.030886 -0.029972
v 0.015110 -0.029825 -0.031474
v 0.015865 -0.030322 -0.029253
v 0.013093 -0.030196 -0.032446
v 0.010436 -0.031474 -0.030820
v 0.013093 -0.030196 -0.032446
v 0.013507 -0.030886 -0.029972
v 0.010412 -0.030561 -0.033615
v 0.004791 -0.030854 -0.034961
v 0.007612 -0.030796 -0.034480
v 0.007361 -0.031860 -0.031433
v 0.004346 -0.031953 -0.031763
v 0.005193 -0.030090 -0.037377
v 0.007612 -0.030796 -0.034480
v 0.004791 -0.030854 -0.034961
v 0.007986 -0.030044 -0.036764
v 0.007612 -0.030796 -0.034480
v 0.010603 -0.029911 -0.035677
v 0.010412 -0.030561 -0.033615
v 0.007986 -0.030044 -0.036764
v 0.007361 -0.031860 -0.031433
v 0.010412 -0.030561 -0.033615
v 0.010436 -0.031474 -0.030820
v 0.007612 -0.030796 -0.034480
v 0.001453 -0.031664 -0.031761
v -0.001581 -0.030995 -0.031435
v -0.000737 -0.030293 -0.034572
v 0.002044 -0.030688 -0.034978
v 0.002044 -0.030688 -0.034978
v -0.000737 -0.030293 -0.034572
v -0.000233 -0.029788 -0.036928
v 0.002409 -0.029994 -0.037393
v 0.002409 -0.029994 -0.037393
v 0.004791 -0.030854 -0.034961
v 0.002044 -0.030688 -0.034978
v 0.005193 -0.030090 -0.037377
v 0.004346 -0.031953 -0.031763
v 0.001453 -0.031664 -0.031761
v 0.002044 -0.030688 -0.034978
v 0.004791 -0.030854 -0.034961
v -0.005016 -0.029949 -0.030790
v -0.007806 -0.028980 -0.030189
v -0.005950 -0.029069 -0.033074
v -0.003656 -0.029668 -0.033786
v -0.003656 -0.029668 -0.033786
v -0.005950 -0.029069 -0.033074
v -0.004354 -0.029216 -0.034982
v -0.002601 -0.029507 -0.036098
v -0.000737 -0.030293 -0.034572
v -0.003656 -0.029668 -0.033786
v -0.002601 -0.029507 -0.036098
v -0.000233 -0.029788 -0.036928
v -0.001581 -0.030995 -0.031435
v -0.005016 -0.029949 -0.030790
v -0.003656 -0.029668 -0.033786
v -0.000737 -0.030293 -0.034572
v 0.003021 -0.040230 -0.018533
v 0.005107 -0.040942 -0.017431
v 0.002787 -0.040981 -0.017571
v 0.005334 -0.040151 -0.018494
v 0.003320 -0.038950 -0.020094
v 0.005334 -0.040151 -0.018494
v 0.003021 -0.040230 -0.018533
v 0.005861 -0.038811 -0.020122
v 0.007687 -0.039528 -0.018525
v 0.005334 -0.040151 -0.018494
v 0.005861 -0.038811 -0.020122
v 0.008478 -0.038085 -0.020159
v 0.005334 -0.040151 -0.018494
v 0.007362 -0.040420 -0.017406
v 0.005107 -0.040942 -0.017431
v 0.007687 -0.039528 -0.018525
v -0.008684 -0.032159 -0.021413
v -0.008051 -0.031355 -0.023595
v -0.006879 -0.032706 -0.022524
v -0.009510 -0.030689 -0.023159
v -0.009447 -0.029822 -0.025194
v -0.008051 -0.031355 -0.023595
v -0.009510 -0.030689 -0.023159
v -0.007237 -0.031030 -0.025301
v -0.007237 -0.031030 -0.025301
v -0.006879 -0.032706 -0.022524
v -0.008051 -0.031355 -0.023595
v -0.004125 -0.033049 -0.024649
v -0.005016 -0.029949 -0.030790
v -0.002732 -0.031873 -0.028157
v -0.006217 -0.030482 -0.027831
v -0.001581 -0.030995 -0.031435
v -0.006217 -0.030482 -0.027831
v -0.004125 -0.033049 -0.024649
v -0.007237 -0.031030 -0.025301
v -0.002732 -0.031873 -0.028157
v -0.008925 -0.029241 -0.027550
v -0.007237 -0.031030 -0.025301
v -0.009447 -0.029822 -0.025194
v -0.006217 -0.030482 -0.027831
v -0.007806 -0.028980 -0.030189
v -0.006217 -0.030482 -0.027831
v -0.008925 -0.029241 -0.027550
v -0.005016 -0.029949 -0.030790
v -0.002163 -0.039364 -0.017873
v 0.000386 -0.039635 -0.018650
v 0.000278 -0.040413 -0.017753
v -0.002053 -0.038729 -0.018671
v -0.002053 -0.038729 -0.018671
v 0.000403 -0.038327 -0.020127
v 0.000386 -0.039635 -0.018650
v -0.002406 -0.037392 -0.019922
v 0.000386 -0.039635 -0.018650
v 0.003320 -0.038950 -0.020094
v 0.003021 -0.040230 -0.018533
v 0.000403 -0.038327 -0.020127
v 0.000278 -0.040413 -0.017753
v 0.003021 -0.040230 -0.018533
v 0.002787 -0.040981 -0.017571
v 0.000386 -0.039635 -0.018650
v -0.005976 -0.036197 -0.018310
v -0.005698 -0.034662 -0.020801
v -0.004626 -0.036595 -0.019182
v -0.007475 -0.034129 -0.019651
v -0.007475 -0.034129 -0.019651
v -0.006879 -0.032706 -0.022524
v -0.005698 -0.034662 -0.020801
v -0.008684 -0.032159 -0.021413
v -0.005698 -0.034662 -0.020801
v -0.004125 -0.033049 -0.024649
v -0.003083 -0.035430 -0.021923
v -0.006879 -0.032706 -0.022524
v -0.004626 -0.036595 -0.019182
v -0.003083 -0.035430 -0.021923
v -0.002406 -0.037392 -0.019922
v -0.005698 -0.034662 -0.020801
v -0.002163 -0.039364 -0.017873
v -0.004280 -0.037960 -0.017829
v -0.003781 -0.037873 -0.018424
v -0.002053 -0.038729 -0.018671
v -0.004626 -0.036595 -0.019182
v -0.004280 -0.037960 -0.017829
v -0.005976 -0.036197 -0.018310
v -0.003781 -0.037873 -0.018424
v -0.002406 -0.037392 -0.019922
v -0.002053 -0.038729 -0.018671
v -0.003781 -0.037873 -0.018424
v -0.004626 -0.036595 -0.019182
v -0.005208 -0.026175 -0.035291
v -0.004569 -0.028897 -0.035596
v -0.007032 -0.028557 -0.032947
v -0.007693 -0.025564 -0.032488
v 0.010192 -0.026876 -0.036985
v 0.012929 -0.029261 -0.035119
v 0.010728 -0.029362 -0.036701
v 0.012353 -0.026613 -0.035564
v 0.005125 -0.027092 -0.038501
v 0.002505 -0.029441 -0.038544
v 0.002168 -0.027022 -0.038432
v 0.005346 -0.029513 -0.038532
v -0.009802 -0.025003 -0.029300
v -0.009128 -0.028346 -0.029969
v -0.010207 -0.028498 -0.027402
v -0.010880 -0.024744 -0.026471
v 0.002505 -0.029441 -0.038544
v 0.005346 -0.029513 -0.038532
v 0.005193 -0.030090 -0.037377
v 0.002409 -0.029994 -0.037393
v -0.009128 -0.028346 -0.029969
v -0.008925 -0.029241 -0.027550
v -0.010207 -0.028498 -0.027402
v -0.007806 -0.028980 -0.030189
v 0.007635 -0.034798 -0.025110
v 0.009969 -0.036098 -0.022270
v 0.006843 -0.036854 -0.022369
v 0.011145 -0.034095 -0.024822
v 0.006843 -0.036854 -0.022369
v 0.008478 -0.038085 -0.020159
v 0.005861 -0.038811 -0.020122
v 0.009969 -0.036098 -0.022270
v 0.003607 -0.037053 -0.022402
v 0.005861 -0.038811 -0.020122
v 0.003320 -0.038950 -0.020094
v 0.006843 -0.036854 -0.022369
v 0.003865 -0.035020 -0.025256
v 0.006843 -0.036854 -0.022369
v 0.003607 -0.037053 -0.022402
v 0.007635 -0.034798 -0.025110
v 0.004074 -0.033331 -0.028452
v 0.007361 -0.031860 -0.031433
v 0.007588 -0.033163 -0.028220
v 0.004346 -0.031953 -0.031763
v 0.007588 -0.033163 -0.028220
v 0.010436 -0.031474 -0.030820
v 0.010990 -0.032603 -0.027780
v 0.007361 -0.031860 -0.031433
v 0.011145 -0.034095 -0.024822
v 0.007588 -0.033163 -0.028220
v 0.010990 -0.032603 -0.027780
v 0.007635 -0.034798 -0.025110
v 0.007635 -0.034798 -0.025110
v 0.004074 -0.033331 -0.028452
v 0.007588 -0.033163 -0.028220
v 0.003865 -0.035020 -0.025256
v 0.000098 -0.034401 -0.025168
v -0.004125 -0.033049 -0.024649
v -0.002732 -0.031873 -0.028157
v 0.000667 -0.032862 -0.028397
v 0.000667 -0.032862 -0.028397
v -0.002732 -0.031873 -0.028157
v -0.001581 -0.030995 -0.031435
v 0.001453 -0.031664 -0.031761
v 0.004074 -0.033331 -0.028452
v 0.000667 -0.032862 -0.028397
v 0.001453 -0.031664 -0.031761
v 0.004346 -0.031953 -0.031763
v 0.000667 -0.032862 -0.028397
v 0.004074 -0.033331 -0.028452
v 0.003865 -0.035020 -0.025256
v 0.000098 -0.034401 -0.025168
v -0.003083 -0.035430 -0.021923
v 0.000098 -0.034401 -0.025168
v 0.000158 -0.036402 -0.022355
v -0.004125 -0.033049 -0.024649
v 0.000158 -0.036402 -0.022355
v 0.003865 -0.035020 -0.025256
v 0.003607 -0.037053 -0.022402
v 0.000098 -0.034401 -0.025168
v 0.000403 -0.038327 -0.020127
v 0.003607 -0.037053 -0.022402
v 0.003320 -0.038950 -0.020094
v 0.000158 -0.036402 -0.022355
v -0.002406 -0.037392 -0.019922
v 0.000158 -0.036402 -0.022355
v 0.000403 -0.038327 -0.020127
v -0.003083 -0.035430 -0.021923
vn 0.5046 0.5356 0.6771
vn 0.7355 0.3904 0.5537
vn 0.7439 0.3835 0.5472
vn 0.4929 0.5412 0.6813
vn 0.7440 0.3835 0.5472
vn 0.9063 0.2044 0.3699
vn 0.9115 0.1962 0.3614
vn 0.7356 0.3904 0.5537
vn 0.2159 0.6383 0.7389
vn 0.4928 0.5413 0.6813
vn 0.5046 0.5357 0.6771
vn 0.2031 0.6413 0.7399
vn -0.0930 0.6811 0.7262
vn 0.2029 0.6414 0.7399
vn 0.2158 0.6383 0.7389
vn -0.1070 0.6816 0.7239
vn 0.9116 0.1961 0.3613
vn 0.9891 0.0004 0.1473
vn 0.9904 -0.0075 0.1383
vn 0.9904 -0.0075 0.1382
vn 0.9753 -0.2007 -0.0918
vn 0.9728 -0.2083 -0.1012
vn 0.9891 0.0003 0.1472
vn -0.6540 0.5768 0.4895
vn -0.4055 0.6575 0.6350
vn -0.3933 0.6599 0.6402
vn -0.6644 0.5717 0.4814
vn -0.0931 0.6811 0.7262
vn 0.8604 -0.3861 -0.3327
vn 0.6726 -0.5192 -0.5273
vn 0.6638 -0.5236 -0.5341
vn 0.8661 -0.3802 -0.3245
vn 0.9728 -0.2084 -0.1012
vn 0.8661 -0.3801 -0.3245
vn 0.8604 -0.3860 -0.3326
vn 0.9753 -0.2008 -0.0918
vn -0.8574 0.4326 0.2788
vn -0.9634 0.2621 0.0570
vn -0.9662 0.2536 0.0464
vn -0.8508 0.4394 0.2881
vn -0.6541 0.5767 0.4894
vn -0.8574 0.4326 0.2789
vn -0.6645 0.5717 0.4813
vn -0.8508 0.4394 0.2882
vn 0.4131 -0.6050 -0.6807
vn 0.6637 -0.5236 -0.5342
vn 0.6725 -0.5193 -0.5273
vn 0.4028 -0.6070 -0.6851
vn 0.1142 -0.6286 -0.7693
vn 0.4027 -0.6070 -0.6851
vn 0.4130 -0.6050 -0.6807
vn 0.1023 -0.6282 -0.7713
vn -0.9662 0.2535 0.0463
vn -0.9813 0.0612 -0.1825
vn -0.9800 0.0528 -0.1920
vn -0.9634 0.2620 0.0569
vn -0.9800 0.0527 -0.1921
vn -0.9028 -0.1425 -0.4057
vn -0.8975 -0.1508 -0.4144
vn -0.9813 0.0611 -0.1826
vn -0.4852 -0.4876 -0.7258
vn -0.2071 -0.5854 -0.7839
vn -0.1958 -0.5881 -0.7847
vn -0.4959 -0.4825 -0.7220
vn -0.1957 -0.5881 -0.7847
vn 0.1022 -0.6282 -0.7713
vn 0.1141 -0.6286 -0.7693
vn -0.2069 -0.5854 -0.7839
vn -0.8975 -0.1509 -0.4144
vn -0.7354 -0.3301 -0.5918
vn -0.7273 -0.3368 -0.5980
vn -0.9028 -0.1426 -0.4058
vn 0.1957 0.9224 -0.3330
vn 0.1060 0.8814 -0.4602
vn 0.0909 0.9352 -0.3422
vn 0.1807 0.8742 -0.4506
vn 0.2076 0.9331 -0.2937
vn 0.0849 0.9508 -0.2979
vn 0.3216 0.8913 -0.3197
vn 0.3079 0.8853 -0.3485
vn 0.1808 0.8742 -0.4506
vn 0.2645 0.8620 -0.4323
vn 0.3001 0.8151 -0.4956
vn 0.2284 0.7649 -0.6023
vn 0.1987 0.8151 -0.5442
vn 0.3329 0.7689 -0.5459
vn 0.1181 0.8196 -0.5606
vn 0.1280 0.7515 -0.6473
vn 0.1180 0.8196 -0.5606
vn 0.1060 0.8815 -0.4602
vn 0.4161 0.8298 -0.3720
vn 0.4808 0.7545 -0.4468
vn 0.4427 0.7607 -0.4748
vn 0.3924 0.8249 -0.4070
vn 0.2645 0.8621 -0.4323
vn 0.4161 0.8297 -0.3720
vn -0.0346 0.9432 -0.3303
vn -0.1177 0.9033 -0.4125
vn -0.1386 0.9107 -0.3891
vn -0.0126 0.9312 -0.3643
vn 0.0314 0.8806 -0.4729
vn -0.0545 0.8755 -0.4801
vn 0.0313 0.8806 -0.4729
vn 0.0204 0.7737 -0.6332
vn -0.0741 0.8309 -0.5514
vn 0.0362 0.8220 -0.5684
vn -0.0946 0.7871 -0.6095
vn -0.0545 0.8755 -0.4800
vn -0.0740 0.8309 -0.5514
vn 0.0314 0.8805 -0.4729
vn 0.1060 0.8814 -0.4603
vn 0.1279 0.7515 -0.6473
vn 0.5105 0.6726 -0.5357
vn 0.4735 0.6095 -0.6358
vn 0.4735 0.6899 -0.5476
vn 0.5009 0.5928 -0.6307
vn 0.3886 0.6554 -0.6476
vn 0.3582 0.7183 -0.5964
vn 0.4735 0.6095 -0.6359
vn 0.3582 0.7183 -0.5965
vn 0.4427 0.7607 -0.4747
vn 0.3261 0.6321 -0.7030
vn 0.2719 0.6048 -0.7485
vn 0.1987 0.6851 -0.7008
vn 0.2618 0.7099 -0.6538
vn 0.1280 0.7514 -0.6473
vn 0.3581 0.7183 -0.5964
vn 0.3261 0.6320 -0.7030
vn -0.2197 0.7891 -0.5737
vn -0.2181 0.8568 -0.4673
vn -0.1861 0.8495 -0.4937
vn -0.2641 0.7865 -0.5582
vn -0.1860 0.8495 -0.4936
vn -0.1387 0.9107 -0.3892
vn -0.2182 0.8567 -0.4673
vn -0.0741 0.8310 -0.5514
vn -0.1860 0.8495 -0.4937
vn -0.1861 0.8495 -0.4936
vn 0.0702 0.6907 -0.7198
vn 0.0076 0.6163 -0.7874
vn -0.0546 0.6486 -0.7592
vn -0.0012 0.7212 -0.6927
vn -0.1278 0.6778 -0.7240
vn -0.1084 0.7384 -0.6657
vn -0.0547 0.6486 -0.7592
vn -0.1084 0.7383 -0.6657
vn -0.0011 0.7212 -0.6927
vn 0.0702 0.6906 -0.7198
vn 0.1279 0.7514 -0.6473
vn 0.0733 0.5849 -0.8078
vn 0.1381 0.6520 -0.7456
vn 0.0076 0.6164 -0.7874
vn 0.1988 0.6851 -0.7008
vn 0.2122 0.5788 -0.7874
vn 0.2718 0.6048 -0.7485
vn 0.1454 0.5417 -0.8279
vn -0.2154 0.6396 -0.7379
vn -0.2736 0.7068 -0.6524
vn -0.2338 0.7205 -0.6528
vn -0.2442 0.6256 -0.7409
vn -0.2641 0.7865 -0.5583
vn -0.2338 0.7205 -0.6529
vn -0.2196 0.7891 -0.5737
vn -0.1278 0.6778 -0.7241
vn 0.4544 0.5220 -0.7218
vn 0.3742 0.4684 -0.8004
vn 0.3481 0.5064 -0.7889
vn 0.4206 0.5478 -0.7232
vn 0.4206 0.5477 -0.7233
vn 0.3260 0.6321 -0.7030
vn -0.0864 0.4891 -0.8679
vn -0.1455 0.5727 -0.8067
vn -0.0615 0.5246 -0.8491
vn -0.1802 0.5503 -0.8153
vn -0.1454 0.5727 -0.8067
vn -0.0614 0.5246 -0.8491
vn 0.2695 0.4358 -0.8587
vn 0.1490 0.4579 -0.8764
vn 0.2616 0.4735 -0.8410
vn 0.1497 0.4289 -0.8908
vn 0.2617 0.4736 -0.8410
vn 0.1455 0.5417 -0.8279
vn 0.2122 0.5787 -0.7874
vn 0.3742 0.4684 -0.8003
vn 0.2616 0.4736 -0.8410
vn 0.0328 0.4838 -0.8746
vn 0.0270 0.4468 -0.8942
vn 0.0271 0.4468 -0.8942
vn 0.1490 0.4579 -0.8765
vn -0.7353 -0.3302 -0.5918
vn -0.4853 -0.4876 -0.7258
vn -0.4960 -0.4825 -0.7219
vn 0.1535 -0.5767 -0.8024
vn -0.1554 -0.5471 -0.8225
vn -0.1553 -0.5471 -0.8225
vn 0.1536 -0.5767 -0.8024
vn 0.4488 -0.5417 -0.7107
vn 0.4489 -0.5417 -0.7107
vn -0.4479 -0.4563 -0.7689
vn -0.6951 -0.3128 -0.6472
vn -0.1555 -0.5471 -0.8225
vn -0.4478 -0.4563 -0.7689
vn 0.4489 -0.5417 -0.7106
vn 0.7015 -0.4458 -0.5560
vn 0.7015 -0.4459 -0.5560
vn 0.8865 -0.2981 -0.3539
vn -0.9651 0.0718 -0.2520
vn -0.8734 -0.1309 -0.4690
vn -0.8734 -0.1310 -0.4691
vn -0.6952 -0.3127 -0.6472
vn -0.6952 -0.3128 -0.6472
vn -0.8734 -0.1310 -0.4690
vn 0.8866 -0.2981 -0.3538
vn 0.9858 -0.1135 -0.1239
vn 0.9858 -0.1136 -0.1239
vn 0.8865 -0.2981 -0.3538
vn 0.9897 0.0902 0.1111
vn 0.9858 -0.1135 -0.1238
vn 0.9858 -0.1134 -0.1238
vn -0.9612 0.2754 -0.0169
vn -0.8619 0.4603 0.2129
vn -0.8619 0.4602 0.2129
vn -0.9651 0.0718 -0.2519
vn 0.8980 0.2928 0.3284
vn 0.9897 0.0903 0.1112
vn 0.7198 0.4748 0.5064
vn -0.6769 0.6078 0.4152
vn -0.4243 0.7039 0.5697
vn -0.4243 0.7038 0.5697
vn -0.6768 0.6078 0.4153
vn -0.8618 0.4603 0.2130
vn -0.8618 0.4603 0.2129
vn 0.4725 0.6181 0.6282
vn 0.1801 0.7092 0.6816
vn 0.4724 0.6181 0.6283
vn -0.1289 0.7386 0.6617
vn 0.1800 0.7092 0.6817
vn 0.0007 0.7170 -0.6971
vn -0.0756 0.7343 -0.6746
vn -0.0041 0.7434 -0.6688
vn -0.0574 0.6957 -0.7160
vn -0.0239 0.6605 -0.7504
vn 0.0282 0.6972 -0.7163
vn 0.0547 0.6756 -0.7352
vn -0.0239 0.6605 -0.7505
vn 0.0239 0.6335 -0.7734
vn 0.1958 0.6164 -0.7627
vn 0.1310 0.6604 -0.7394
vn 0.1656 0.6697 -0.7240
vn 0.1389 0.6104 -0.7798
vn 0.0797 0.6154 -0.7841
vn 0.0239 0.6334 -0.7734
vn 0.0930 0.6690 -0.7374
vn 0.0931 0.6690 -0.7374
vn 0.2006 0.6769 -0.7082
vn 0.2799 0.6631 -0.6942
vn 0.2438 0.6353 -0.7328
vn 0.2183 0.6989 -0.6811
vn 0.2368 0.7191 -0.6533
vn 0.2999 0.7378 -0.6048
vn 0.2984 0.6989 -0.6500
vn 0.2307 0.7456 -0.6252
vn 0.1957 0.6164 -0.7627
vn 0.1656 0.6697 -0.7239
vn 0.2438 0.6353 -0.7327
vn 0.2480 0.8117 -0.5288
vn 0.2257 0.7708 -0.5958
vn 0.1983 0.7918 -0.5777
vn 0.2816 0.7767 -0.5634
vn 0.1441 0.8567 -0.4952
vn 0.1716 0.8121 -0.5577
vn 0.1334 0.8200 -0.5567
vn 0.2000 0.8390 -0.5060
vn 0.0952 0.8273 -0.5536
vn 0.1333 0.8200 -0.5567
vn 0.0849 0.8619 -0.4999
vn 0.0281 0.8556 -0.5169
vn 0.0608 0.8193 -0.5702
vn 0.0257 0.8107 -0.5849
vn -0.0197 0.8368 -0.5471
vn 0.0608 0.8192 -0.5702
vn -0.0557 0.8088 -0.5854
vn 0.0083 0.7900 -0.6130
vn -0.0104 0.7685 -0.6397
vn -0.0740 0.7734 -0.6296
vn 0.0083 0.7900 -0.6131
vn 0.1140 0.7499 -0.6517
vn 0.1140 0.7498 -0.6517
vn 0.0547 0.6757 -0.7352
vn 0.1310 0.6603 -0.7395
vn 0.2006 0.6770 -0.7082
vn 0.2182 0.6989 -0.6811
vn -0.4242 0.7039 0.5697
vn -0.1290 0.7386 0.6616
vn 0.1267 0.7562 -0.6420
vn 0.1252 0.7544 -0.6444
vn 0.1239 0.7547 -0.6443
vn 0.1239 0.7547 -0.6442
vn 0.1311 0.7527 -0.6451
vn 0.1311 0.7528 -0.6451
vn -0.9798 -0.1581 0.1221
vn -0.9202 -0.3497 0.1757
vn -0.9232 -0.3787 0.0652
vn -0.9914 -0.1059 0.0763
vn -0.9670 0.1819 0.1782
vn -0.9922 0.0114 0.1245
vn -0.9917 0.0824 0.0983
vn -0.9722 0.0546 0.2278
vn -0.9209 0.2495 0.2995
vn -0.9449 0.2908 0.1504
vn -0.8843 0.3807 0.2704
vn -0.9420 -0.1254 0.3114
vn -0.9664 -0.1031 0.2354
vn -0.9497 -0.0200 0.3124
vn -0.9500 -0.1895 0.2479
vn -0.9420 -0.1254 0.3113
vn -0.9315 -0.2702 0.2435
vn -0.9501 -0.1895 0.2479
vn -0.9355 -0.2168 0.2790
vn 0.2176 -0.9691 0.1164
vn 0.2546 -0.6975 0.6698
vn 0.3255 -0.7627 0.5589
vn 0.2413 -0.9250 0.2937
vn 0.1229 -0.8180 0.5619
vn 0.2545 -0.6975 0.6698
vn 0.2412 -0.9249 0.2938
vn 0.1545 -0.6462 0.7473
vn -0.0139 -0.5936 0.8047
vn 0.0515 -0.4952 0.8672
vn 0.2135 -0.4739 0.8543
vn 0.1546 -0.6462 0.7473
vn 0.1328 -0.4069 0.9038
vn -0.8605 -0.4949 0.1206
vn -0.8097 -0.5859 0.0340
vn -0.8375 -0.5393 0.0881
vn -0.8396 -0.5394 0.0635
vn -0.6247 -0.7743 -0.1013
vn -0.5427 -0.8307 -0.1240
vn -0.6603 -0.7452 -0.0935
vn -0.5685 -0.8125 -0.1293
vn -0.9497 -0.0199 0.3124
vn -0.9722 0.0547 0.2278
vn -0.9428 0.1221 0.3100
vn -0.9664 -0.1031 0.2353
vn -0.9367 0.1079 0.3330
vn -0.9429 0.1221 0.3100
vn -0.9231 0.1868 0.3362
vn -0.9389 -0.0342 0.3425
vn -0.8910 0.2979 0.3427
vn -0.8843 0.3807 0.2703
vn -0.8502 0.4173 0.3209
vn -0.8981 -0.4244 0.1148
vn -0.9042 -0.4205 0.0747
vn -0.8730 -0.4847 0.0536
vn -0.9144 -0.3824 0.1329
vn -0.9231 0.1869 0.3362
vn -0.8910 0.2980 0.3427
vn -0.7498 0.6442 0.1511
vn -0.9008 0.4121 0.1369
vn -0.8246 0.5579 0.0940
vn -0.8379 0.4985 0.2223
vn -0.6404 0.7658 0.0587
vn -0.7521 0.6584 -0.0300
vn -0.7497 0.6442 0.1511
vn 0.1249 0.7549 -0.6439
vn -0.6846 0.7163 -0.1348
vn -0.8069 0.5341 -0.2524
vn -0.7382 0.6572 -0.1525
vn -0.7922 0.5767 -0.1998
vn -0.8069 0.5340 -0.2525
vn -0.8079 0.5086 -0.2975
vn -0.0619 -0.8657 -0.4968
vn -0.0010 -0.9781 -0.2083
vn -0.0268 -0.8787 -0.4766
vn 0.2160 -0.8799 -0.4233
vn 0.2175 -0.8791 -0.4241
vn -0.0009 -0.9781 -0.2083
vn 0.2000 -0.8864 -0.4176
vn 0.2159 -0.8799 -0.4233
vn -0.0009 -0.9781 -0.2084
vn -0.0595 -0.9967 0.0560
vn -0.0677 -0.9961 0.0559
vn -0.0396 -0.9975 0.0582
vn -0.0129 -0.9979 0.0637
vn 0.0023 -0.9977 0.0681
vn 0.1067 -0.8950 -0.4331
vn -0.0010 -0.9781 -0.2084
vn 0.1638 -0.8904 -0.4246
vn 0.1995 -0.8838 -0.4233
vn 0.1068 -0.8950 -0.4331
vn 0.0344 -0.8914 -0.4519
vn -0.6104 0.7843 -0.1109
vn -0.6025 0.7909 -0.1072
vn -0.5501 0.8296 -0.0953
vn -0.5260 0.8451 -0.0949
vn -0.1268 0.9510 -0.2822
vn -0.0616 0.9283 -0.3666
vn -0.1399 0.9561 -0.2573
vn -0.0391 0.9204 -0.3890
vn -0.2319 0.9534 -0.1927
vn -0.2863 0.9439 -0.1644
vn -0.2015 0.9571 -0.2085
vn -0.3020 0.9404 -0.1561
vn 0.1262 0.7534 -0.6453
vn 0.1254 0.7532 -0.6458
vn 0.1263 0.7534 -0.6453
vn 0.1248 0.7532 -0.6458
vn 0.1241 0.7547 -0.6442
vn 0.1238 0.7547 -0.6443
vn 0.1240 0.7548 -0.6441
vn 0.1246 0.7547 -0.6441
vn 0.1242 0.7547 -0.6442
vn 0.1242 0.7546 -0.6444
vn 0.1242 0.7546 -0.6443
vn 0.1241 0.7548 -0.6441
vn 0.1243 0.7548 -0.6440
vn 0.1244 0.7547 -0.6442
vn 0.1242 0.7542 -0.6447
vn 0.1243 0.7542 -0.6447
vn 0.1244 0.7547 -0.6441
vn 0.1244 0.7546 -0.6442
vn 0.1244 0.7546 -0.6443
vn 0.1243 0.7546 -0.6443
vn 0.1243 0.7545 -0.6444
vn 0.1241 0.7545 -0.6445
vn 0.1242 0.7545 -0.6444
vn 0.1248 0.7549 -0.6439
vn 0.1240 0.7545 -0.6445
vn 0.1240 0.7534 -0.6457
vn 0.1245 0.7533 -0.6457
vn 0.1251 0.7534 -0.6455
vn 0.1250 0.7534 -0.6456
vn 0.1247 0.7533 -0.6458
vn 0.1246 0.7534 -0.6456
vn 0.1243 0.7547 -0.6441
vn 0.1246 0.7544 -0.6445
vn 0.1242 0.7543 -0.6447
vn 0.1244 0.7543 -0.6446
vn 0.1243 0.7543 -0.6446
vn 0.1242 0.7549 -0.6439
vn 0.1247 0.7541 -0.6448
vn 0.1242 0.7550 -0.6439
vn 0.1245 0.7541 -0.6448
vn 0.1246 0.7544 -0.6444
vn 0.1244 0.7542 -0.6447
vn 0.1245 0.7542 -0.6448
vn 0.1246 0.7543 -0.6446
vn 0.1241 0.7542 -0.6448
vn 0.1250 0.7546 -0.6442
vn 0.1251 0.7540 -0.6449
vn 0.1251 0.7538 -0.6450
vn 0.1251 0.7539 -0.6449
vn 0.1250 0.7538 -0.6451
vn 0.1250 0.7540 -0.6448
vn 0.1260 0.7540 -0.6447
vn 0.1249 0.7541 -0.6448
vn 0.1247 0.7540 -0.6450
vn 0.1249 0.7541 -0.6447
vn 0.1250 0.7541 -0.6447
vn 0.1249 0.7532 -0.6458
vn 0.1245 0.7532 -0.6459
vn 0.1242 0.7538 -0.6452
vn 0.1236 0.7545 -0.6446
vn 0.1237 0.7544 -0.6447
vn 0.1229 0.7551 -0.6440
vn 0.1228 0.7552 -0.6439
vn 0.1238 0.7543 -0.6448
vn 0.1223 0.7557 -0.6434
vn 0.1224 0.7556 -0.6435
vn 0.1221 0.7559 -0.6432
vn 0.1214 0.7565 -0.6426
vn 0.1229 0.7556 -0.6434
vn 0.1221 0.7560 -0.6431
vn 0.1238 0.7551 -0.6439
vn 0.1229 0.7556 -0.6435
vn 0.1228 0.7557 -0.6433
vn 0.1223 0.7558 -0.6433
vn 0.1229 0.7557 -0.6433
vn 0.1256 0.7538 -0.6449
vn 0.1237 0.7551 -0.6438
vn 0.1245 0.7536 -0.6455
vn 0.1250 0.7542 -0.6446
vn 0.1264 0.7534 -0.6453
vn 0.1218 0.7548 -0.6446
vn 0.1218 0.7548 -0.6445
vn 0.1219 0.7546 -0.6448
vn 0.1215 0.7555 -0.6438
vn 0.1216 0.7555 -0.6438
vn 0.1216 0.7551 -0.6443
vn 0.1218 0.7546 -0.6447
vn 0.1217 0.7548 -0.6446
vn 0.1215 0.7550 -0.6444
vn 0.1216 0.7550 -0.6443
vn 0.1214 0.7552 -0.6442
vn 0.1214 0.7552 -0.6441
vn 0.1216 0.7551 -0.6442
vn 0.1213 0.7554 -0.6439
vn 0.1215 0.7553 -0.6441
vn 0.1223 0.7547 -0.6445
vn 0.1226 0.7545 -0.6447
vn 0.1224 0.7554 -0.6438
vn 0.1231 0.7571 -0.6416
vn 0.1221 0.7550 -0.6442
vn 0.1224 0.7554 -0.6437
vn 0.1229 0.7562 -0.6427
vn 0.1232 0.7574 -0.6412
vn 0.1220 0.7547 -0.6446
vn 0.1220 0.7549 -0.6443
vn 0.1223 0.7552 -0.6440
vn 0.1219 0.7549 -0.6445
vn 0.1220 0.7548 -0.6445
vn 0.1217 0.7551 -0.6442
vn 0.1217 0.7552 -0.6441
vn 0.1219 0.7552 -0.6441
vn 0.1217 0.7555 -0.6438
vn 0.1224 0.7549 -0.6443
vn 0.1217 0.7550 -0.6444
vn 0.1228 0.7558 -0.6432
vn 0.1232 0.7558 -0.6431
vn 0.1230 0.7561 -0.6428
vn 0.1232 0.7559 -0.6430
vn 0.1231 0.7558 -0.6431
vn 0.1231 0.7559 -0.6430
vn 0.1234 0.7557 -0.6431
vn 0.1232 0.7556 -0.6433
vn 0.1233 0.7557 -0.6432
vn 0.1234 0.7558 -0.6431
vn 0.1238 0.7558 -0.6430
vn 0.1242 0.7560 -0.6427
vn 0.1237 0.7558 -0.6430
vn 0.1237 0.7556 -0.6432
vn 0.1239 0.7557 -0.6431
vn 0.1237 0.7555 -0.6434
vn 0.1239 0.7556 -0.6433
vn 0.1240 0.7556 -0.6432
vn 0.1241 0.7554 -0.6434
vn 0.1242 0.7555 -0.6433
vn 0.1228 0.7559 -0.6430
vn 0.1229 0.7560 -0.6429
vn 0.1225 0.7556 -0.6435
vn 0.1231 0.7562 -0.6426
vn 0.1245 0.7554 -0.6434
vn 0.1244 0.7554 -0.6434
vn 0.1246 0.7555 -0.6432
vn 0.1245 0.7554 -0.6433
vn 0.1242 0.7553 -0.6435
vn 0.1243 0.7554 -0.6434
vn 0.1243 0.7553 -0.6435
vn 0.1242 0.7552 -0.6436
vn 0.1241 0.7552 -0.6436
vn 0.1237 0.7553 -0.6436
vn 0.1240 0.7552 -0.6436
vn 0.1241 0.7552 -0.6437
vn 0.1242 0.7551 -0.6437
vn 0.1238 0.7552 -0.6437
vn 0.1240 0.7552 -0.6437
vn 0.1240 0.7551 -0.6438
vn 0.1241 0.7551 -0.6437
vn 0.1242 0.7551 -0.6438
vn 0.1239 0.7551 -0.6438
vn 0.1247 0.7550 -0.6438
vn 0.1241 0.7550 -0.6438
vn 0.1240 0.7550 -0.6438
vn 0.1245 0.7549 -0.6439
vn 0.1233 0.7553 -0.6437
vn 0.1229 0.7555 -0.6436
vn 0.1250 0.7548 -0.6440
vn 0.1226 0.7557 -0.6434
vn 0.1230 0.7555 -0.6435
vn 0.1228 0.7556 -0.6435
vn 0.1221 0.7555 -0.6436
vn 0.1232 0.7555 -0.6434
vn 0.1243 0.7555 -0.6433
vn 0.1241 0.7555 -0.6433
vn 0.1226 0.7555 -0.6435
vn 0.1222 0.7551 -0.6441
vn 0.1221 0.7555 -0.6437
vn 0.1227 0.7555 -0.6435
vn 0.1221 0.7554 -0.6438
vn 0.1220 0.7559 -0.6433
vn 0.1219 0.7556 -0.6435
vn 0.1220 0.7555 -0.6437
vn 0.1219 0.7557 -0.6435
vn 0.1219 0.7558 -0.6434
vn 0.1221 0.7552 -0.6441
vn 0.1219 0.7556 -0.6436
vn 0.1219 0.7555 -0.6437
vn 0.1219 0.7552 -0.6440
vn 0.1221 0.7552 -0.6440
vn 0.1221 0.7553 -0.6440
vn 0.1220 0.7558 -0.6434
vn 0.1218 0.7559 -0.6433
vn 0.1220 0.7557 -0.6435
vn 0.1220 0.7552 -0.6440
vn 0.1219 0.7558 -0.6433
vn 0.1221 0.7560 -0.6430
vn 0.1221 0.7557 -0.6434
vn 0.1223 0.7557 -0.6433
vn 0.1226 0.7559 -0.6431
vn 0.1223 0.7556 -0.6435
vn 0.1226 0.7558 -0.6432
vn 0.1233 0.7545 -0.6447
vn 0.1268 0.7545 -0.6439
vn 0.1266 0.7547 -0.6437
vn 0.1268 0.7548 -0.6436
vn 0.1266 0.7544 -0.6441
vn 0.1269 0.7548 -0.6436
vn 0.1265 0.7549 -0.6435
vn 0.1267 0.7550 -0.6434
vn 0.1268 0.7547 -0.6437
vn 0.1235 0.7544 -0.6447
vn 0.1238 0.7544 -0.6446
vn 0.1268 0.7550 -0.6434
vn 0.1239 0.7543 -0.6448
vn 0.1231 0.7544 -0.6447
vn 0.1236 0.7544 -0.6447
vn 0.1234 0.7543 -0.6448
vn 0.1269 0.7542 -0.6442
vn 0.1267 0.7545 -0.6440
vn 0.1269 0.7545 -0.6439
vn 0.1271 0.7543 -0.6442
vn 0.1232 0.7540 -0.6452
vn 0.1234 0.7543 -0.6449
vn 0.1227 0.7544 -0.6449
vn 0.1237 0.7536 -0.6455
vn 0.1232 0.7539 -0.6454
vn 0.1233 0.7539 -0.6453
vn 0.1234 0.7538 -0.6454
vn 0.1236 0.7536 -0.6457
vn 0.1228 0.7540 -0.6453
vn 0.1234 0.7536 -0.6456
vn 0.1234 0.7537 -0.6455
vn 0.1233 0.7536 -0.6457
vn 0.1232 0.7536 -0.6457
vn 0.1236 0.7533 -0.6460
vn 0.1239 0.7533 -0.6459
vn 0.1228 0.7538 -0.6455
vn 0.1234 0.7534 -0.6459
vn 0.1234 0.7534 -0.6458
vn 0.1237 0.7533 -0.6460
vn 0.1232 0.7535 -0.6458
vn 0.1230 0.7537 -0.6456
vn 0.1231 0.7536 -0.6457
vn 0.1228 0.7539 -0.6455
vn 0.1234 0.7535 -0.6457
vn 0.1236 0.7533 -0.6459
vn 0.1234 0.7535 -0.6458
vn 0.1231 0.7537 -0.6456
vn 0.1239 0.7534 -0.6458
vn 0.1239 0.7532 -0.6460
vn 0.1238 0.7533 -0.6459
vn 0.1238 0.7535 -0.6457
vn 0.1239 0.7535 -0.6457
vn 0.1242 0.7534 -0.6458
vn 0.1238 0.7534 -0.6459
vn 0.1239 0.7541 -0.6449
vn 0.1240 0.7544 -0.6446
vn 0.1239 0.7535 -0.6456
vn 0.1241 0.7547 -0.6443
vn 0.1240 0.7546 -0.6444
vn 0.1240 0.7547 -0.6442
vn 0.1240 0.7543 -0.6447
vn 0.1251 0.7534 -0.6456
vn 0.1251 0.7535 -0.6455
vn 0.1248 0.7535 -0.6455
vn 0.1253 0.7534 -0.6455
vn 0.1244 0.7533 -0.6458
vn 0.1255 0.7534 -0.6454
vn 0.1246 0.7535 -0.6455
vn 0.1247 0.7534 -0.6456
vn 0.1256 0.7536 -0.6452
vn 0.1243 0.7534 -0.6457
vn 0.1250 0.7537 -0.6452
vn 0.1248 0.7536 -0.6454
vn 0.1251 0.7537 -0.6452
vn 0.1255 0.7536 -0.6452
vn 0.1248 0.7537 -0.6453
vn 0.1249 0.7538 -0.6451
vn 0.1253 0.7537 -0.6452
vn 0.1244 0.7534 -0.6457
vn 0.1246 0.7532 -0.6459
vn -0.6250 0.0288 -0.7801
vn -0.6256 0.0290 -0.7796
vn -0.5667 -0.0188 -0.8237
vn -0.5661 -0.0192 -0.8241
vn 0.1223 0.7548 -0.6445
vn 0.1242 0.7536 -0.6455
vn 0.0886 0.8672 -0.4900
vn 0.1034 0.8747 -0.4736
vn 0.0452 0.8855 -0.4624
vn 0.1043 0.8758 -0.4712
vn 0.0536 -0.9496 -0.3089
vn 0.0899 -0.9510 -0.2959
vn 0.0516 -0.9517 -0.3028
vn 0.0897 -0.9486 -0.3036
vn 0.1623 -0.3281 -0.9306
vn 0.1862 -0.3344 -0.9239
vn 0.1864 -0.3344 -0.9238
vn 0.1622 -0.3281 -0.9306
vn -0.1044 -0.0656 0.9924
vn -0.2463 -0.0518 0.9678
vn -0.2453 -0.0518 0.9681
vn -0.1052 -0.0655 0.9923
vn -0.0136 -0.9816 -0.1904
vn 0.0039 -0.9951 -0.0990
vn -0.0308 -0.9945 -0.0997
vn 0.0239 -0.9827 -0.1838
vn 0.0862 -0.9605 -0.2645
vn 0.0456 -0.9597 -0.2774
vn 0.1241 0.7536 -0.6455
vn 0.1245 0.7536 -0.6454
vn 0.1272 0.7536 -0.6449
vn 0.1269 0.7534 -0.6452
vn 0.1260 0.7535 -0.6453
vn 0.1259 0.7531 -0.6457
vn 0.1264 0.7532 -0.6455
vn 0.1271 0.7534 -0.6451
vn 0.1269 0.7535 -0.6451
vn 0.1265 0.7532 -0.6455
vn 0.1266 0.7533 -0.6454
vn 0.1265 0.7533 -0.6454
vn 0.1261 0.7534 -0.6454
vn 0.1263 0.7532 -0.6455
vn 0.1262 0.7532 -0.6456
vn 0.1267 0.7533 -0.6453
vn 0.1261 0.7536 -0.6452
vn 0.1261 0.7534 -0.6453
vn 0.1260 0.7536 -0.6451
vn 0.1262 0.7534 -0.6454
vn 0.4822 -0.2229 -0.8472
vn 0.4041 -0.2397 -0.8828
vn 0.4034 -0.2401 -0.8830
vn 0.4829 -0.2227 -0.8468
vn -0.7681 -0.2924 -0.5696
vn -0.8201 -0.3182 -0.4756
vn -0.8198 -0.3182 -0.4761
vn -0.7679 -0.2922 -0.5700
vn -0.3325 0.0175 0.9429
vn -0.3316 0.0195 0.9432
vn -0.3421 0.0478 0.9384
vn -0.3403 0.0450 0.9392
vn 0.6624 0.0137 -0.7490
vn 0.7039 -0.0051 -0.7103
vn 0.6769 0.0074 -0.7360
vn -0.3068 0.8902 -0.3368
vn -0.2768 0.9119 -0.3030
vn -0.2755 0.9126 -0.3020
vn -0.3079 0.8892 -0.3383
vn 0.1174 0.2812 -0.9524
vn 0.1475 0.2740 -0.9503
vn 0.1164 0.2813 -0.9525
vn 0.1493 0.2734 -0.9503
vn 0.2212 -0.3315 -0.9172
vn 0.2434 -0.3214 -0.9151
vn 0.2212 -0.3315 -0.9171
vn 0.2448 -0.3141 -0.9173
vn 0.2493 -0.3131 -0.9164
vn 0.2485 -0.3130 -0.9167
vn 0.2447 -0.3140 -0.9174
vn 0.3374 -0.3066 -0.8901
vn 0.3367 -0.3071 -0.8901
vn 0.3126 -0.3146 -0.8963
vn 0.3154 -0.3142 -0.8954
vn 0.3446 -0.2954 -0.8911
vn 0.3639 -0.2642 -0.8932
vn 0.3506 -0.2824 -0.8929
vn 0.3502 -0.2830 -0.8929
vn 0.3649 -0.2630 -0.8931
vn 0.3779 -0.2342 -0.8957
vn 0.3819 -0.2066 -0.9008
vn 0.3819 -0.2053 -0.9011
vn 0.3776 -0.2353 -0.8956
vn 0.4597 -0.1647 -0.8727
vn 0.4187 -0.1794 -0.8902
vn 0.4659 -0.1614 -0.8700
vn 0.4172 -0.1797 -0.8909
vn 0.4998 -0.1025 -0.8600
vn 0.4943 -0.1306 -0.8594
vn 0.4992 -0.0955 -0.8612
vn 0.4912 -0.1368 -0.8602
vn 0.4977 -0.0588 -0.8653
vn 0.5017 -0.0267 -0.8646
vn 0.4977 -0.0659 -0.8648
vn 0.5033 -0.0199 -0.8639
vn 0.4955 0.0540 -0.8670
vn 0.5075 0.0140 -0.8615
vn 0.5076 0.0202 -0.8613
vn 0.4984 0.0501 -0.8655
vn 0.4640 0.0751 -0.8826
vn 0.4302 0.0834 -0.8989
vn 0.4676 0.0738 -0.8808
vn 0.4291 0.0835 -0.8994
vn 0.4068 0.0915 -0.9089
vn 0.3934 0.1100 -0.9127
vn 0.3935 0.1098 -0.9127
vn 0.3787 0.1394 -0.9150
vn 0.3568 0.1698 -0.9186
vn 0.3790 0.1389 -0.9149
vn 0.3560 0.1706 -0.9188
vn 0.3023 0.2098 -0.9298
vn 0.3290 0.1943 -0.9241
vn 0.3030 0.2095 -0.9297
vn 0.2799 0.2202 -0.9344
vn 0.2589 0.2296 -0.9382
vn 0.2794 0.2204 -0.9345
vn 0.2590 0.2296 -0.9382
vn 0.2117 0.2484 -0.9453
vn 0.2371 0.2387 -0.9417
vn 0.2110 0.2486 -0.9453
vn 0.2373 0.2386 -0.9417
vn 0.1805 0.2608 -0.9484
vn 0.1819 0.2602 -0.9483
vn 0.1199 -0.3395 -0.9329
vn 0.1007 -0.3509 -0.9310
vn 0.1004 -0.3509 -0.9310
vn 0.1202 -0.3393 -0.9330
vn 0.0578 -0.3405 -0.9384
vn 0.0806 -0.3505 -0.9331
vn 0.0571 -0.3402 -0.9386
vn 0.0805 -0.3505 -0.9331
vn 0.0087 -0.3239 -0.9460
vn 0.0304 -0.3287 -0.9440
vn 0.0057 -0.3237 -0.9462
vn 0.0325 -0.3294 -0.9436
vn -0.0400 -0.3032 -0.9521
vn -0.0181 -0.3175 -0.9481
vn -0.0436 -0.2999 -0.9530
vn -0.0147 -0.3187 -0.9477
vn -0.0981 -0.2366 -0.9666
vn -0.0858 -0.2574 -0.9625
vn -0.0987 -0.2351 -0.9669
vn -0.0840 -0.2593 -0.9621
vn -0.1103 -0.1702 -0.9792
vn -0.1247 -0.1321 -0.9834
vn -0.1101 -0.1709 -0.9791
vn -0.1250 -0.1315 -0.9834
vn -0.1376 -0.0955 -0.9859
vn -0.1375 -0.0958 -0.9859
vn -0.1344 -0.0641 -0.9888
vn -0.1207 -0.0359 -0.9920
vn -0.1196 -0.0339 -0.9922
vn -0.1350 -0.0654 -0.9887
vn -0.1169 0.0365 -0.9925
vn -0.1233 0.0702 -0.9899
vn -0.1233 0.0707 -0.9898
vn -0.1166 0.0355 -0.9925
vn -0.1173 0.1014 -0.9879
vn -0.1167 0.1028 -0.9878
vn -0.1233 0.0703 -0.9899
vn -0.1009 0.1348 -0.9857
vn -0.0876 0.1648 -0.9824
vn -0.0868 0.1669 -0.9821
vn -0.1021 0.1324 -0.9859
vn -0.0741 0.1957 -0.9779
vn -0.0569 0.2166 -0.9746
vn -0.0559 0.2173 -0.9745
vn -0.0747 0.1945 -0.9781
vn -0.0276 0.2288 -0.9731
vn 0.0063 0.2331 -0.9724
vn 0.0078 0.2332 -0.9724
vn -0.0291 0.2285 -0.9731
vn 0.0419 0.2417 -0.9694
vn 0.0412 0.2414 -0.9696
vn 0.0687 0.2589 -0.9635
vn 0.0688 0.2589 -0.9635
vn 0.0044 -0.9747 -0.2233
vn 0.0961 -0.9761 -0.1950
vn 0.1023 -0.9756 -0.1941
vn -0.0013 -0.9742 -0.2257
vn 0.1807 -0.9656 -0.1869
vn 0.1843 -0.9649 -0.1869
vn 0.3138 -0.9298 -0.1922
vn 0.2537 -0.9486 -0.1890
vn 0.3137 -0.9298 -0.1922
vn 0.2545 -0.9484 -0.1891
vn 0.3537 -0.9161 -0.1889
vn 0.3749 -0.9096 -0.1790
vn 0.3756 -0.9095 -0.1784
vn 0.3530 -0.9163 -0.1891
vn 0.3856 -0.9072 -0.1681
vn 0.3756 -0.9094 -0.1785
vn 0.3859 -0.9072 -0.1676
vn 0.3802 -0.9135 -0.1448
vn 0.3874 -0.9082 -0.1585
vn 0.3876 -0.9080 -0.1590
vn 0.3793 -0.9141 -0.1434
vn 0.3477 -0.9335 -0.0873
vn 0.3640 -0.9240 -0.1171
vn 0.3658 -0.9229 -0.1203
vn 0.3450 -0.9350 -0.0822
vn -0.0953 -0.9564 -0.2759
vn -0.0993 -0.9553 -0.2785
vn -0.3305 -0.8695 -0.3671
vn -0.2699 -0.8921 -0.3623
vn -0.3299 -0.8696 -0.3673
vn -0.2722 -0.8912 -0.3629
vn -0.3707 -0.8786 -0.3010
vn -0.3571 -0.8683 -0.3442
vn -0.3578 -0.8688 -0.3423
vn -0.3724 -0.8802 -0.2941
vn -0.3872 -0.8907 -0.2381
vn -0.3963 -0.8957 -0.2016
vn -0.3848 -0.8895 -0.2465
vn -0.5970 -0.7936 -0.1174
vn -0.0636 -0.9779 -0.1989
vn -0.0714 -0.9927 -0.0972
vn -0.1192 -0.9711 -0.2069
vn -0.0636 -0.9780 -0.1989
vn -0.0715 -0.9927 -0.0972
vn -0.1167 -0.9881 -0.1005
vn -0.2266 -0.9501 -0.2142
vn -0.1613 -0.9811 -0.1066
vn -0.2038 -0.9726 -0.1122
vn -0.1740 -0.9617 -0.2117
vn -0.2819 -0.9346 -0.2168
vn -0.2802 -0.9526 -0.1188
vn -0.3427 -0.9142 -0.2164
vn -0.2441 -0.9627 -0.1167
vn -0.4001 -0.8943 -0.2004
vn -0.3417 -0.9324 -0.1182
vn -0.4429 -0.8794 -0.1744
vn -0.3108 -0.9429 -0.1194
vn -0.5685 -0.8125 -0.1294
vn -0.4026 -0.8999 -0.1679
vn -0.3963 -0.8957 -0.2015
vn -0.3966 -0.9101 -0.1201
vn -0.5427 -0.8308 -0.1240
vn -0.5111 -0.8491 -0.1334
vn -0.4046 -0.9039 -0.1388
vn 0.4472 -0.8895 0.0942
vn 0.2671 -0.9636 0.0121
vn 0.4219 -0.9031 0.0803
vn 0.2857 -0.9583 -0.0050
vn 0.4044 -0.9132 0.0498
vn 0.2448 -0.9695 0.0149
vn 0.3926 -0.9197 0.0084
vn 0.2537 -0.9671 0.0180
vn 0.2753 -0.9580 -0.0807
vn 0.2264 -0.9740 -0.0012
vn 0.2026 -0.9791 -0.0167
vn 0.3263 -0.9434 -0.0600
vn 0.1860 -0.9757 -0.1162
vn 0.1679 -0.9853 -0.0320
vn 0.1323 -0.9903 -0.0416
vn 0.2292 -0.9683 -0.0995
vn 0.3072 -0.9512 -0.0282
vn 0.5017 -0.8583 0.1082
vn 0.3281 -0.9431 -0.0548
vn 0.4752 -0.8758 0.0843
vn 0.9852 0.1424 0.0955
vn 0.9687 0.2221 0.1104
vn 0.9834 0.1459 0.1077
vn 0.9707 0.2204 0.0960
vn 0.9392 0.3222 0.1191
vn 0.9404 0.3253 0.0995
vn 0.9663 0.2211 0.1318
vn 0.9392 0.3221 0.1191
vn 0.9378 0.3139 0.1486
vn 0.7039 0.7055 0.0830
vn 0.8730 0.4829 0.0689
vn 0.7058 0.7059 0.0598
vn 0.8711 0.4837 0.0843
vn 0.8712 0.4837 0.0843
vn 0.7078 0.6969 0.1156
vn 0.8725 0.4771 0.1055
vn 0.8725 0.4770 0.1055
vn 0.9414 0.3263 0.0850
vn 0.8712 0.4836 0.0843
vn 0.9404 0.3252 0.0995
vn 0.9923 0.0751 0.0987
vn 0.9928 0.0092 0.1196
vn 0.9943 0.0039 0.1066
vn 0.9907 0.0792 0.1105
vn 0.9852 0.1425 0.0955
vn 0.9907 0.0791 0.1105
vn 0.9882 0.0838 0.1282
vn 0.9810 0.1482 0.1255
vn 0.9723 0.2177 0.0856
vn 0.9866 0.1385 0.0868
vn 0.9723 0.2176 0.0856
vn 0.9878 0.1335 0.0804
vn 0.9740 0.2129 0.0779
vn 0.9943 0.0665 0.0838
vn 0.9953 -0.0007 0.0971
vn 0.9960 -0.0060 0.0895
vn 0.9934 0.0711 0.0902
vn 0.9934 0.0710 0.0902
vn 0.9866 0.1384 0.0868
vn 0.6581 -0.4741 0.5849
vn 0.6636 -0.5038 0.5530
vn 0.6819 -0.4356 0.5875
vn 0.6746 -0.4126 0.6120
vn 0.6475 -0.5410 0.5367
vn 0.6468 -0.5761 0.4998
vn 0.6836 -0.5489 0.4811
vn 0.6548 -0.6210 0.4308
vn 0.6488 -0.5970 0.4718
vn 0.6124 -0.7377 0.2842
vn 0.6418 -0.6316 0.4351
vn 0.6425 -0.6989 0.3141
vn 0.5880 -0.7785 0.2194
vn 0.6386 -0.6737 0.3719
vn 0.6548 -0.6210 0.4307
vn 0.6417 -0.6316 0.4351
vn 0.6052 -0.4082 0.6834
vn 0.6364 -0.4403 0.6333
vn 0.6526 -0.3845 0.6528
vn 0.6239 -0.3564 0.6954
vn 0.5991 -0.4601 0.6553
vn 0.6298 -0.4998 0.5946
vn 0.6298 -0.4998 0.5947
vn 0.6476 -0.5410 0.5367
vn 0.6768 -0.3791 0.6311
vn 0.6862 -0.4000 0.6076
vn 0.6821 -0.3884 0.6196
vn 0.6709 -0.3653 0.6453
vn 0.6746 -0.4126 0.6121
vn 0.6768 -0.3790 0.6311
vn 0.7150 -0.4370 0.5457
vn 0.7075 -0.4798 0.5189
vn 0.0589 -0.9835 -0.1713
vn 0.0240 -0.9827 -0.1839
vn 0.6074 -0.5072 0.6113
vn 0.6388 -0.5991 0.4827
vn 0.6512 -0.6518 0.3887
vn 0.6363 -0.5523 0.5386
vn 0.6425 -0.6989 0.3142
vn 0.6489 -0.5970 0.4718
vn 0.6362 -0.5523 0.5386
vn 0.6320 -0.3239 0.7040
vn 0.6569 -0.3520 0.6667
vn 0.6514 -0.3389 0.6788
vn 0.6285 -0.3118 0.7126
vn 0.6569 -0.3520 0.6668
vn 0.5066 -0.3571 0.7848
vn 0.5602 -0.3791 0.7365
vn 0.5874 -0.3304 0.7388
vn 0.5445 -0.3056 0.7811
vn 0.4787 -0.3902 0.7865
vn 0.5486 -0.4215 0.7221
vn 0.6053 -0.4082 0.6834
vn -0.5971 -0.7936 -0.1174
vn -0.7369 -0.6760 -0.0041
vn -0.6987 -0.7134 -0.0544
vn -0.7165 -0.6960 -0.0473
vn 0.4692 -0.4118 0.7812
vn 0.5076 -0.4793 0.7160
vn 0.5951 -0.5417 0.5937
vn 0.5542 -0.4602 0.6936
vn 0.6388 -0.5991 0.4828
vn 0.5951 -0.5417 0.5936
vn 0.6368 -0.7306 0.2463
vn 0.6512 -0.6518 0.3886
vn 0.6542 -0.6816 0.3276
vn 0.3788 -0.4165 0.8265
vn 0.3518 -0.3732 0.8585
vn 0.2299 -0.3638 0.9027
vn 0.2375 -0.3619 0.9015
vn 0.5075 -0.4793 0.7160
vn 0.3788 -0.4166 0.8264
vn 0.3828 -0.3702 0.8464
vn 0.4788 -0.3902 0.7865
vn 0.6470 -0.6250 0.4367
vn 0.6016 -0.5630 0.5667
vn 0.5059 -0.4948 0.7066
vn 0.5075 -0.4794 0.7160
vn 0.3710 -0.4236 0.8264
vn 0.5017 -0.8582 0.1082
vn 0.5973 -0.7739 0.2105
vn 0.5879 -0.7786 0.2194
vn 0.5654 -0.2635 0.7816
vn 0.6029 -0.2956 0.7410
vn 0.6011 -0.2828 0.7474
vn 0.5645 -0.2469 0.7877
vn 0.5446 -0.3056 0.7811
vn 0.6029 -0.2955 0.7410
vn 0.4264 -0.3199 0.8461
vn 0.4653 -0.2637 0.8450
vn 0.3779 -0.3180 0.8695
vn 0.4280 -0.2577 0.8662
vn 0.2943 -0.3790 0.8773
vn 0.1546 -0.6462 0.7474
vn 0.3173 -0.5434 0.7772
vn 0.2135 -0.4738 0.8543
vn 0.0990 -0.3277 0.9396
vn 0.1328 -0.4068 0.9038
vn 0.0515 -0.4951 0.8673
vn -0.0114 -0.3179 0.9480
vn 0.1329 -0.4069 0.9038
vn 0.2375 -0.3618 0.9015
vn 0.3173 -0.5435 0.7771
vn 0.4479 -0.5237 0.7247
vn 0.3797 -0.6433 0.6648
vn 0.3558 -0.4416 0.8236
vn 0.3255 -0.7627 0.5588
vn 0.4391 -0.3099 0.8433
vn 0.4279 -0.2577 0.8663
vn 0.4018 -0.3739 0.8359
vn 0.4902 -0.3623 0.7927
vn 0.4018 -0.3740 0.8359
vn 0.4392 -0.3099 0.8433
vn 0.4777 -0.4361 0.7627
vn 0.3559 -0.4416 0.8236
vn 0.4777 -0.4361 0.7626
vn 0.4479 -0.5236 0.7247
vn 0.4642 -0.2012 0.8626
vn 0.5008 -0.2268 0.8353
vn 0.5218 -0.2035 0.8285
vn 0.4813 -0.1555 0.8626
vn 0.4280 -0.2578 0.8662
vn 0.4342 -0.1117 0.8938
vn 0.4486 -0.1654 0.8783
vn 0.4499 -0.1062 0.8867
vn 0.4280 -0.0566 0.9020
vn 0.4455 -0.2439 0.8614
vn 0.4470 -0.1976 0.8724
vn 0.4487 -0.1654 0.8783
vn 0.5005 -0.2964 0.8134
vn 0.4825 -0.2408 0.8421
vn 0.5055 -0.2497 0.8259
vn 0.4729 -0.2829 0.8345
vn 0.5005 -0.2963 0.8134
vn 0.4162 -0.0516 0.9078
vn 0.4348 -0.1243 0.8919
vn 0.4342 -0.1117 0.8939
vn 0.4280 -0.0567 0.9020
vn 0.4089 -0.0041 0.9126
vn 0.3849 0.0542 0.9213
vn 0.4090 -0.0041 0.9125
vn 0.3957 0.0094 0.9183
vn 0.5135 -0.1751 0.8400
vn 0.4966 -0.0971 0.8625
vn 0.5414 -0.1053 0.8341
vn 0.4829 -0.1648 0.8600
vn 0.4829 -0.1647 0.8600
vn 0.4825 -0.2408 0.8422
vn 0.4175 0.0126 0.9086
vn 0.3689 0.0800 0.9260
vn 0.3294 0.1767 0.9275
vn 0.3952 0.1147 0.9114
vn 0.4283 -0.0607 0.9016
vn 0.4174 0.0126 0.9086
vn 0.3958 0.0094 0.9183
vn 0.3513 0.1251 0.9279
vn 0.3849 0.0542 0.9214
vn 0.5751 -0.0038 0.8180
vn 0.5077 -0.0048 0.8615
vn 0.5322 0.0976 0.8410
vn 0.6300 0.0886 0.7715
vn 0.5414 -0.1054 0.8341
vn 0.5077 -0.0049 0.8615
vn 0.4174 0.0127 0.9086
vn 0.4966 -0.0970 0.8625
vn 0.4327 0.1826 0.8829
vn 0.3119 0.2855 0.9062
vn 0.3143 0.4469 0.8376
vn 0.4862 0.3191 0.8135
vn 0.2652 0.3418 0.9016
vn 0.3294 0.1768 0.9275
vn 0.3052 0.2253 0.9253
vn 0.6949 0.1317 0.7069
vn 0.6415 0.2323 0.7311
vn 0.7380 0.1915 0.6470
vn 0.5926 0.1403 0.7932
vn 0.5925 0.1403 0.7932
vn 0.1850 0.8227 0.5375
vn 0.3205 0.6144 0.7210
vn 0.2125 0.6650 0.7160
vn 0.3160 0.7633 0.5634
vn 0.2125 0.6649 0.7160
vn 0.3144 0.4469 0.8375
vn 0.2350 0.5036 0.8314
vn 0.3205 0.6143 0.7210
vn 0.1805 0.9629 -0.2005
vn 0.1462 0.9681 -0.2033
vn 0.1821 0.9627 -0.2004
vn 0.1451 0.9683 -0.2034
vn 0.7274 0.4607 0.5086
vn 0.6575 0.6858 0.3121
vn 0.8545 0.4504 0.2587
vn 0.5430 0.6100 0.5771
vn 0.8200 0.3782 0.4296
vn 0.8964 0.3807 0.2270
vn 0.7122 0.7009 0.0391
vn 0.8765 0.4781 0.0560
vn 0.8847 0.4634 0.0503
vn 0.7137 0.6997 0.0325
vn 0.8729 0.4829 0.0689
vn 0.9469 0.3145 0.0671
vn 0.8730 0.4828 0.0689
vn 0.9434 0.3233 0.0744
vn 0.8765 0.4780 0.0560
vn 0.9787 0.1938 0.0682
vn 0.9890 0.1269 0.0757
vn 0.9904 0.1184 0.0716
vn 0.9761 0.2049 0.0724
vn 0.9787 0.1939 0.0682
vn 0.9517 0.3008 0.0615
vn 0.9325 0.3576 0.0512
vn 0.9390 0.3256 0.1108
vn 0.9231 0.3551 0.1475
vn 0.9046 0.4051 0.1327
vn 0.9046 0.4052 0.1327
vn 0.8546 0.4504 0.2586
vn 0.8145 0.5685 0.1154
vn 0.6576 0.6857 0.3120
vn 0.8305 0.5563 0.0289
vn 0.9010 0.4312 0.0468
vn 0.9319 0.3625 0.0126
vn 0.8676 0.4967 0.0246
vn 0.9575 0.2826 0.0579
vn 0.8848 0.4633 0.0503
vn 0.9011 0.4311 0.0468
vn 0.9576 0.2754 0.0850
vn 0.9781 0.2079 0.0139
vn 0.9772 0.2008 0.0696
vn 0.9573 0.2888 0.0109
vn 0.9390 0.3257 0.1108
vn 0.9575 0.2754 0.0851
vn 0.9319 0.3624 0.0126
vn 0.9573 0.2888 0.0108
vn 0.9958 0.0535 0.0742
vn 0.9965 -0.0125 0.0830
vn 0.9968 -0.0202 0.0771
vn 0.9950 0.0606 0.0788
vn 0.9943 0.0665 0.0839
vn 0.9893 -0.1070 0.0988
vn 0.9550 -0.2669 0.1295
vn 0.9524 -0.2825 0.1150
vn 0.9891 -0.0987 0.1091
vn 0.9885 -0.0907 0.1214
vn 0.9883 0.1479 0.0374
vn 0.9946 0.0999 0.0295
vn 0.9962 0.0867 0.0042
vn 0.9875 0.1560 0.0237
vn 0.9771 0.2009 0.0698
vn 0.9781 0.2079 0.0138
vn 0.9691 0.2455 0.0260
vn 0.9854 0.1660 0.0385
vn 0.9815 0.1804 0.0648
vn 0.9918 0.1085 0.0679
vn 0.9854 0.1659 0.0385
vn 0.9931 0.1044 0.0543
vn 0.9972 0.0364 0.0649
vn 0.9971 -0.0288 0.0710
vn 0.9972 -0.0372 0.0647
vn 0.9965 0.0454 0.0696
vn 0.9918 0.1084 0.0679
vn 0.9997 0.0212 -0.0122
vn 0.9989 -0.0418 0.0200
vn 0.9982 -0.0511 -0.0321
vn 0.9991 0.0292 0.0297
vn 0.9887 -0.1259 0.0817
vn 0.9497 -0.2960 0.1025
vn 0.9473 -0.3076 0.0890
vn 0.9891 -0.1161 0.0902
vn 0.9891 -0.1160 0.0902
vn 0.9881 -0.1356 0.0727
vn 0.9860 -0.1605 0.0459
vn 0.9450 -0.3186 0.0747
vn -0.0981 -0.6649 0.7405
vn 0.0166 -0.9397 0.3416
vn -0.1939 -0.3472 0.9175
vn -0.0139 -0.5935 0.8047
vn -0.0981 -0.6648 0.7406
vn -0.0960 -0.3232 0.9415
vn 0.0515 -0.4952 0.8673
vn -0.0960 -0.3231 0.9415
vn -0.0114 -0.3180 0.9480
vn 0.1230 -0.8180 0.5619
vn 0.2413 -0.9249 0.2937
vn 0.2781 -0.9532 0.1185
vn 0.0166 -0.9397 0.3415
vn 0.0467 -0.9987 0.0189
vn 0.2471 -0.9636 -0.1020
vn 0.0465 -0.9879 -0.1481
vn 0.2513 -0.9679 -0.0035
vn 0.2513 -0.9679 -0.0036
vn 0.0467 -0.9987 0.0190
vn 0.2782 -0.9532 0.1185
vn 0.2681 -0.9607 -0.0717
vn 0.2514 -0.9679 -0.0036
vn 0.2477 -0.9643 -0.0935
vn 0.9742 -0.2248 -0.0174
vn 0.9229 -0.3827 -0.0421
vn 0.8994 -0.4370 0.0119
vn 0.9813 -0.1923 -0.0046
vn 0.9813 -0.1922 -0.0046
vn 0.9743 -0.2248 -0.0174
vn 0.9813 -0.1922 -0.0045
vn 0.8404 -0.5419 0.0035
vn 0.5771 -0.8154 -0.0464
vn 0.4461 -0.8937 -0.0486
vn 0.8390 -0.5426 -0.0410
vn 0.8994 -0.4370 0.0118
vn 0.8173 -0.5760 -0.0172
vn 0.8390 -0.5425 -0.0410
vn 0.9397 -0.3419 0.0009
vn 0.0532 -0.9829 -0.1764
vn 0.2394 -0.9691 -0.0600
vn 0.0035 -0.9939 -0.1102
vn 0.2606 -0.9585 -0.1153
vn 0.2607 -0.9585 -0.1152
vn 0.2300 -0.9669 -0.1102
vn 0.2471 -0.9636 -0.1019
vn 0.2448 -0.9638 -0.1057
vn 0.5411 -0.8408 -0.0120
vn 0.2181 -0.9743 -0.0565
vn 0.5770 -0.8154 -0.0464
vn 0.2020 -0.9791 -0.0255
vn -0.0769 -0.9965 -0.0312
vn 0.2180 -0.9743 -0.0565
vn 0.2019 -0.9791 -0.0255
vn -0.0200 -0.9980 -0.0607
vn -0.0200 -0.9980 -0.0608
vn 0.1784 -0.9818 0.0646
vn 0.5166 -0.8544 0.0560
vn 0.5197 -0.8501 0.0844
vn 0.1832 -0.9825 0.0348
vn -0.1416 -0.9888 0.0477
vn 0.1831 -0.9825 0.0348
vn 0.1783 -0.9819 0.0647
vn -0.1234 -0.9922 0.0156
vn -0.0769 -0.9966 -0.0311
vn 0.8031 -0.5885 0.0936
vn 0.7986 -0.5976 0.0714
vn 0.9449 -0.3186 0.0747
vn 0.9473 -0.3077 0.0890
vn 0.7985 -0.5977 0.0714
vn 0.5198 -0.8501 0.0844
vn 0.5167 -0.8543 0.0560
vn 0.8030 -0.5885 0.0936
vn 0.8172 -0.5761 -0.0171
vn 0.5167 -0.8544 0.0560
vn 0.5412 -0.8408 -0.0120
vn 0.1884 -0.9730 0.1331
vn 0.5263 -0.8427 0.1136
vn 0.5373 -0.8311 0.1436
vn 0.1812 -0.9786 0.0979
vn -0.1446 -0.9825 0.1171
vn 0.1811 -0.9786 0.0979
vn 0.1883 -0.9731 0.1331
vn -0.1436 -0.9863 0.0816
vn 0.1783 -0.9818 0.0647
vn 0.1812 -0.9786 0.0978
vn 0.8175 -0.5598 0.1353
vn 0.8086 -0.5770 0.1153
vn 0.9496 -0.2961 0.1025
vn 0.9523 -0.2826 0.1151
vn 0.8085 -0.5771 0.1153
vn 0.5374 -0.8310 0.1436
vn 0.5264 -0.8426 0.1135
vn 0.8174 -0.5599 0.1353
vn 0.8030 -0.5886 0.0936
vn 0.5264 -0.8426 0.1136
vn 0.8424 -0.5069 0.1828
vn 0.8304 -0.5348 0.1567
vn 0.9550 -0.2670 0.1295
vn 0.9569 -0.2505 0.1469
vn 0.8303 -0.5348 0.1567
vn 0.5838 -0.7840 0.2111
vn 0.5594 -0.8103 0.1747
vn 0.8424 -0.5070 0.1828
vn -0.0316 -0.9340 0.3559
vn 0.2721 -0.9222 0.2749
vn 0.3073 -0.8835 0.3535
vn -0.0693 -0.9599 0.2717
vn 0.2363 -0.9475 0.2154
vn -0.0693 -0.9599 0.2716
vn -0.1050 -0.9732 0.2046
vn 0.2722 -0.9221 0.2748
vn 0.5837 -0.7841 0.2111
vn 0.6097 -0.7490 0.2591
vn 0.2365 -0.9475 0.2154
vn 0.1883 -0.9731 0.1330
vn 0.2072 -0.9631 0.1716
vn -0.1284 -0.9793 0.1563
vn 0.2073 -0.9631 0.1716
vn 0.5593 -0.8103 0.1747
vn 0.5593 -0.8104 0.1747
vn 0.9575 -0.2077 0.2001
vn 0.9872 -0.0816 0.1373
vn 0.9846 -0.0679 0.1609
vn 0.9579 -0.2319 0.1690
vn 0.9569 -0.2504 0.1469
vn 0.9943 0.0040 0.1066
vn 0.9885 -0.0906 0.1214
vn 0.8610 -0.4360 0.2620
vn 0.8534 -0.4746 0.2155
vn 0.9579 -0.2320 0.1690
vn 0.9575 -0.2077 0.2002
vn 0.8534 -0.4747 0.2155
vn 0.6337 -0.7022 0.3246
vn 0.6098 -0.7490 0.2591
vn 0.8609 -0.4361 0.2620
vn 0.8423 -0.5070 0.1828
vn 0.5837 -0.7840 0.2111
vn 0.6420 -0.6475 0.4106
vn 0.3118 -0.7600 0.5703
vn 0.3257 -0.8291 0.4544
vn 0.6332 -0.5795 0.5131
vn -0.0119 -0.8299 0.5578
vn 0.3256 -0.8291 0.4544
vn 0.3117 -0.7600 0.5703
vn -0.0198 -0.8907 0.4542
vn -0.0199 -0.8907 0.4542
vn 0.9533 -0.1768 0.2450
vn 0.8527 -0.3356 0.4003
vn 0.8631 -0.3887 0.3226
vn 0.9409 -0.1419 0.3075
vn 0.8630 -0.3888 0.3226
vn 0.6332 -0.5794 0.5131
vn 0.6421 -0.6474 0.4106
vn 0.8527 -0.3357 0.4004
vn 0.9755 0.0498 0.2143
vn 0.9842 0.0882 0.1535
vn 0.9754 0.1023 0.1955
vn 0.9852 0.0296 0.1690
vn 0.9882 0.0838 0.1281
vn 0.9901 0.0173 0.1391
vn 0.9776 0.1493 0.1484
vn 0.9682 -0.0233 0.2491
vn 0.9793 -0.0484 0.1964
vn 0.9755 0.0499 0.2143
vn 0.9409 -0.1418 0.3075
vn 0.9793 -0.0484 0.1963
vn 0.9575 -0.2076 0.2001
vn 0.9158 -0.0993 0.3892
vn 0.8718 -0.0473 0.4875
vn 0.7739 -0.2125 0.5966
vn 0.8209 -0.2732 0.5014
vn 0.5396 -0.3733 0.7546
vn 0.8209 -0.2733 0.5015
vn 0.6071 -0.4858 0.6288
vn 0.8526 -0.3357 0.4004
vn 0.8209 -0.2733 0.5014
vn 0.9563 0.0861 0.2793
vn 0.9014 0.0578 0.4292
vn 0.9459 0.0114 0.3242
vn 0.9169 0.1411 0.3732
vn 0.8719 -0.0473 0.4875
vn 0.9459 0.0113 0.3242
vn 0.9682 -0.0233 0.2490
vn 0.9575 0.1993 0.2086
vn 0.9346 0.2987 0.1931
vn 0.9288 0.2695 0.2542
vn 0.9624 0.2177 0.1626
vn 0.9724 0.1485 0.1798
vn 0.9663 0.2210 0.1318
vn 0.9235 0.2139 0.3185
vn 0.9573 0.1474 0.2486
vn 0.4963 -0.1970 0.8455
vn 0.7119 -0.1355 0.6891
vn 0.7120 -0.1354 0.6890
vn 0.8718 -0.0474 0.4876
vn 0.7606 0.0026 0.6492
vn 0.6070 -0.4859 0.6289
vn 0.5395 -0.3734 0.7546
vn 0.2913 -0.5617 0.7744
vn 0.3043 -0.6627 0.6843
vn -0.0382 -0.6598 0.7505
vn 0.2912 -0.5618 0.7744
vn -0.0233 -0.7506 0.6603
vn -0.0382 -0.6597 0.7505
vn -0.0640 -0.5236 0.8496
vn 0.1755 -0.4828 0.8580
vn 0.5395 -0.3733 0.7547
vn 0.1756 -0.4828 0.8580
vn 0.2912 -0.5617 0.7744
vn 0.2451 -0.3561 0.9017
vn 0.8240 0.2165 0.5236
vn 0.6068 0.3105 0.7317
vn 0.5631 0.1553 0.8117
vn 0.7963 0.1119 0.5944
vn 0.5162 -0.0076 0.8564
vn 0.7963 0.1119 0.5945
vn 0.5631 0.1552 0.8117
vn 0.7605 0.0026 0.6493
vn 0.9013 0.0577 0.4293
vn 0.7964 0.1118 0.5944
vn -0.0930 -0.2113 0.9730
vn 0.2451 -0.0240 0.9692
vn -0.0906 -0.0331 0.9953
vn 0.2481 -0.2179 0.9439
vn 0.2451 -0.3560 0.9018
vn -0.0930 -0.2114 0.9730
vn -0.0891 -0.3527 0.9315
vn 0.2452 -0.3560 0.9018
vn 0.4962 -0.1971 0.8455
vn 0.2482 -0.2179 0.9439
vn 0.2931 0.3746 0.8796
vn 0.6067 0.3105 0.7318
vn 0.2627 0.1716 0.9495
vn -0.0859 0.3860 0.9185
vn 0.2626 0.1716 0.9495
vn 0.2931 0.3746 0.8797
vn -0.1040 0.1692 0.9801
vn 0.2626 0.1715 0.9495
vn -0.1040 0.1691 0.9801
vn 0.6456 0.4483 0.6182
vn 0.8611 0.3792 0.3387
vn 0.6820 0.5528 0.4788
vn 0.8440 0.3098 0.4379
vn 0.8439 0.3098 0.4379
vn 0.6457 0.4483 0.6182
vn 0.8240 0.2166 0.5236
vn 0.8240 0.2165 0.5235
vn 0.7112 0.6133 0.3436
vn 0.8736 0.4191 0.2473
vn 0.8736 0.4190 0.2473
vn 0.8772 0.4451 0.1799
vn 0.8737 0.4190 0.2473
vn 0.8771 0.4452 0.1799
vn 0.8751 0.4646 0.1351
vn 0.7159 0.6788 0.1635
vn 0.7211 0.6511 0.2367
vn 0.8752 0.4646 0.1351
vn -0.0823 0.5885 0.8043
vn 0.3639 0.7077 0.6056
vn -0.0608 0.7580 0.6494
vn 0.3261 0.5583 0.7629
vn 0.3261 0.5582 0.7629
vn -0.0859 0.3861 0.9185
vn 0.6067 0.3106 0.7317
vn 0.2932 0.3746 0.8796
vn -0.0246 0.8757 0.4822
vn 0.4177 0.8577 0.2999
vn 0.0029 0.9442 0.3294
vn 0.3991 0.8042 0.4405
vn -0.0609 0.7580 0.6494
vn 0.3639 0.7078 0.6056
vn -0.0247 0.8757 0.4822
vn 0.3639 0.7077 0.6055
vn 0.7111 0.6134 0.3436
vn 0.3992 0.8041 0.4405
vn 0.6819 0.5529 0.4788
vn 0.0149 0.9782 0.2069
vn 0.4092 0.9040 0.1236
vn 0.0191 0.9923 0.1223
vn 0.4142 0.8891 0.1946
vn 0.0150 0.9782 0.2069
vn 0.4178 0.8576 0.2999
vn 0.7210 0.6512 0.2367
vn -0.3230 0.9397 0.1122
vn 0.0190 0.9923 0.1223
vn -0.3355 0.9217 0.1946
vn -0.5570 0.8243 0.1012
vn -0.3356 0.9217 0.1946
vn -0.3231 0.9397 0.1122
vn -0.5662 0.8054 0.1753
vn -0.3515 0.8832 0.3104
vn -0.5662 0.8054 0.1754
vn -0.5725 0.7731 0.2729
vn 0.0260 0.9972 0.0699
vn 0.4099 0.9109 0.0475
vn 0.0332 0.9989 0.0340
vn 0.4062 0.9104 0.0788
vn 0.4063 0.9104 0.0788
vn 0.0191 0.9923 0.1222
vn 0.0260 0.9972 0.0700
vn 0.4093 0.9040 0.1236
vn 0.7077 0.6970 0.1156
vn 0.7038 0.7055 0.0830
vn 0.4063 0.9103 0.0788
vn -0.3047 0.9522 0.0228
vn 0.0331 0.9989 0.0340
vn -0.3127 0.9480 0.0592
vn -0.5404 0.8413 0.0156
vn -0.3128 0.9480 0.0592
vn -0.3048 0.9522 0.0228
vn -0.5470 0.8356 0.0508
vn -0.5470 0.8356 0.0509
vn 0.4202 0.9071 0.0225
vn 0.0345 0.9994 0.0057
vn 0.4100 0.9109 0.0475
vn 0.7057 0.7060 0.0598
vn 0.7121 0.7010 0.0391
vn 0.4203 0.9071 0.0225
vn 0.4055 0.9140 0.0092
vn 0.7136 0.6998 0.0325
vn -0.3064 0.9512 -0.0357
vn 0.0343 0.9994 0.0057
vn 0.0219 0.9996 -0.0169
vn -0.3032 0.9529 -0.0081
vn -0.3065 0.9512 -0.0357
vn -0.5380 0.8428 -0.0152
vn -0.3033 0.9529 -0.0081
vn -0.5385 0.8415 -0.0447
vn -0.3048 0.9521 0.0228
vn -0.3032 0.9529 -0.0080
vn -0.5379 0.8428 -0.0151
vn 0.2821 0.9586 -0.0387
vn 0.5805 0.8142 0.0083
vn 0.5088 0.8606 -0.0203
vn 0.3434 0.9391 -0.0091
vn 0.3433 0.9392 -0.0091
vn -0.0269 0.9976 -0.0646
vn -0.0040 0.9991 -0.0416
vn 0.2819 0.9587 -0.0387
vn 0.4054 0.9141 0.0092
vn 0.0220 0.9996 -0.0169
vn 0.5089 0.8606 -0.0204
vn 0.7270 0.6866 0.0042
vn 0.7050 0.7092 0.0055
vn 0.5806 0.8142 0.0083
vn 0.1483 0.9243 0.3516
vn 0.3160 0.7634 0.5634
vn 0.1849 0.8228 0.5375
vn 0.3386 0.8664 0.3671
vn 0.3386 0.8663 0.3672
vn 0.5193 0.8413 0.1501
vn 0.8145 0.5686 0.1154
vn 0.6575 0.6858 0.3120
vn 0.6450 0.7615 0.0640
vn 0.4460 0.8949 -0.0131
vn 0.5192 0.8414 0.1500
vn 0.3223 0.9463 0.0243
vn 0.6449 0.7616 0.0640
vn 0.6449 0.7616 0.0639
vn 0.4461 0.8949 -0.0132
vn 0.5089 0.8606 -0.0203
vn 0.2819 0.9586 -0.0387
vn -0.0257 0.9962 -0.0838
vn -0.0268 0.9976 -0.0646
vn 0.2498 0.9666 -0.0572
vn 0.5088 0.8606 -0.0204
vn 0.2499 0.9666 -0.0572
vn 0.2820 0.9586 -0.0387
vn 0.4460 0.8949 -0.0132
vn 0.1851 0.9812 -0.0548
vn 0.4459 0.8950 -0.0132
vn 0.1466 0.9883 0.0413
vn 0.0943 0.9818 0.1648
vn 0.0463 0.9987 0.0235
vn 0.2668 0.9454 0.1871
vn 0.5192 0.8414 0.1501
vn 0.3387 0.8664 0.3671
vn -0.3068 0.9479 -0.0861
vn -0.5356 0.8411 -0.0757
vn -0.3100 0.9485 -0.0660
vn -0.5251 0.8450 -0.1013
vn -0.3100 0.9485 -0.0659
vn -0.0041 0.9991 -0.0416
vn 0.0219 0.9996 -0.0170
vn -0.3099 0.9485 -0.0659
vn -0.8552 0.5180 -0.0154
vn -0.7213 0.6910 -0.0478
vn -0.8498 0.5253 -0.0445
vn -0.7245 0.6891 -0.0180
vn -0.8593 0.5112 0.0130
vn -0.7282 0.6853 0.0116
vn -0.5380 0.8428 -0.0151
vn -0.7244 0.6892 -0.0180
vn -0.7281 0.6854 0.0117
vn -0.5405 0.8412 0.0156
vn -0.0202 0.9968 -0.0770
vn -0.0737 0.9895 -0.1243
vn 0.0594 0.9965 -0.0588
vn -0.1098 0.9861 -0.1251
vn -0.0302 0.9936 -0.1086
vn -0.4999 0.8573 -0.1232
vn -0.2544 0.9577 -0.1345
vn -0.4545 0.8809 -0.1319
vn -0.2867 0.9523 -0.1042
vn -0.0258 0.9961 -0.0838
vn -0.3067 0.9479 -0.0861
vn -0.0269 0.9975 -0.0646
vn -0.2866 0.9524 -0.1042
vn -0.2153 0.9693 -0.1191
vn -0.3830 0.9179 -0.1036
vn -0.2217 0.9655 -0.1366
vn -0.3456 0.9359 -0.0677
vn -0.0303 0.9936 -0.1086
vn -0.2543 0.9577 -0.1345
vn -0.5420 0.8396 -0.0350
vn -0.7520 0.6584 -0.0299
vn -0.6289 0.7712 -0.0992
vn -0.3831 0.9179 -0.1036
vn -0.6288 0.7712 -0.0992
vn -0.4546 0.8809 -0.1319
vn -0.5419 0.8397 -0.0350
vn -0.4572 0.8893 0.0126
vn -0.7520 0.6584 -0.0300
vn -0.7917 0.6016 -0.1057
vn -0.6289 0.7711 -0.0992
vn -0.6702 0.7318 -0.1233
vn -0.8250 0.5551 -0.1059
vn -0.6703 0.7318 -0.1233
vn -0.7918 0.6016 -0.1057
vn -0.7037 0.7020 -0.1101
vn -0.5000 0.8572 -0.1232
vn -0.6702 0.7319 -0.1233
vn -0.7036 0.7020 -0.1101
vn -0.5252 0.8449 -0.1014
vn -0.8422 0.5340 -0.0746
vn -0.7037 0.7019 -0.1100
vn -0.7176 0.6920 -0.0782
vn -0.5357 0.8410 -0.0757
vn -0.7176 0.6921 -0.0782
vn -0.5386 0.8414 -0.0447
vn -0.9099 0.4049 -0.0903
vn -0.9564 0.2859 -0.0599
vn -0.9664 0.2480 -0.0676
vn -0.8882 0.4515 -0.0853
vn -0.8881 0.4516 -0.0853
vn -0.8753 0.4810 -0.0505
vn -0.7521 0.6583 -0.0300
vn -0.9748 0.2179 -0.0471
vn -0.9099 0.4048 -0.0903
vn -0.9664 0.2479 -0.0676
vn -0.9249 0.3750 -0.0633
vn -0.9795 0.2002 -0.0225
vn -0.9748 0.2178 -0.0471
vn -0.9326 0.3593 -0.0352
vn -0.8422 0.5339 -0.0746
vn -0.9325 0.3594 -0.0352
vn -0.8498 0.5252 -0.0445
vn -0.9976 0.0619 -0.0300
vn -0.9988 0.0478 -0.0090
vn -0.9955 0.0832 -0.0454
vn -0.9952 -0.0967 -0.0156
vn -0.9955 -0.0898 -0.0297
vn -0.9976 0.0619 -0.0301
vn -0.9820 0.1887 0.0018
vn -0.9373 0.3484 -0.0082
vn -0.9830 0.1814 0.0269
vn -0.9402 0.3402 0.0189
vn -0.8553 0.5180 -0.0154
vn -0.9401 0.3403 0.0189
vn -0.8594 0.5111 0.0130
vn -0.8642 0.4943 0.0941
vn -0.7333 0.6783 0.0456
vn -0.8626 0.5038 0.0464
vn -0.7397 0.6664 0.0937
vn -0.5471 0.8355 0.0509
vn -0.7333 0.6784 0.0456
vn -0.7396 0.6664 0.0937
vn -0.5571 0.8243 0.1012
vn -0.5471 0.8355 0.0508
vn -0.9992 0.0386 0.0127
vn -0.9988 0.0334 0.0356
vn -0.9992 0.0387 0.0127
vn -0.9988 0.0477 -0.0090
vn -0.9942 -0.1055 0.0228
vn -0.9947 -0.1023 0.0030
vn -0.9794 0.1729 0.1045
vn -0.9413 0.3336 0.0517
vn -0.9826 0.1763 0.0585
vn -0.9395 0.3281 0.0987
vn -0.8626 0.5037 0.0464
vn -0.8643 0.4941 0.0940
vn -0.8594 0.5111 0.0131
vn -0.9974 0.0303 0.0657
vn -0.9934 0.0285 0.1107
vn -0.9914 -0.1082 0.0733
vn -0.9932 -0.1073 0.0442
vn -0.7440 0.6252 0.2359
vn -0.7442 0.6485 0.1600
vn -0.8615 0.4823 0.1586
vn -0.8520 0.4664 0.2378
vn -0.5663 0.8054 0.1753
vn -0.7441 0.6486 0.1600
vn -0.5726 0.7731 0.2729
vn -0.7441 0.6486 0.1599
vn -0.7396 0.6665 0.0937
vn -0.4277 0.6827 0.5924
vn -0.3930 0.7997 0.4539
vn -0.6041 0.6888 0.4009
vn -0.6712 0.5543 0.4921
vn -0.4276 0.6828 0.5924
vn -0.3929 0.7998 0.4539
vn -0.3514 0.8832 0.3105
vn 0.0028 0.9442 0.3294
vn -0.3929 0.7998 0.4538
vn -0.7389 0.5889 0.3274
vn -0.7390 0.5888 0.3273
vn -0.8520 0.4664 0.2379
vn -0.8111 0.4693 0.3492
vn -0.7440 0.6251 0.2359
vn -0.9141 0.3235 0.2445
vn -0.9318 0.3242 0.1629
vn -0.9707 0.1720 0.1676
vn -0.9527 0.1757 0.2480
vn -0.9318 0.3242 0.1630
vn -0.8616 0.4822 0.1586
vn -0.9395 0.3280 0.0987
vn -0.9318 0.3243 0.1629
vn -0.8643 0.4941 0.0941
vn -0.6411 0.4555 0.6177
vn -0.4277 0.6827 0.5925
vn -0.4237 0.5371 0.7294
vn -0.4237 0.5370 0.7294
vn -0.6450 0.2748 0.7131
vn -0.4129 0.3513 0.8403
vn -0.6411 0.4554 0.6178
vn -0.4129 0.3514 0.8403
vn -0.0824 0.5885 0.8043
vn -0.4236 0.5371 0.7294
vn -0.0860 0.3861 0.9185
vn -0.8259 0.3527 0.4399
vn -0.9215 0.1834 0.3423
vn -0.8759 0.1873 0.4446
vn -0.8762 0.3363 0.3452
vn -0.8762 0.3364 0.3452
vn -0.6713 0.5543 0.4921
vn -0.8111 0.4692 0.3493
vn -0.8111 0.4692 0.3492
vn -0.9141 0.3235 0.2446
vn -0.8762 0.3364 0.3451
vn -0.8520 0.4663 0.2379
vn -0.8258 0.3528 0.4399
vn -0.6411 0.4554 0.6177
vn -0.7747 0.3399 0.5332
vn -0.8759 0.1873 0.4447
vn -0.7949 0.2005 0.5727
vn -0.9672 0.0325 0.2519
vn -0.9846 0.0285 0.1726
vn -0.9780 -0.1065 0.1796
vn -0.9604 -0.1025 0.2592
vn -0.9707 0.1721 0.1676
vn -0.8865 0.0507 0.4599
vn -0.9292 -0.0956 0.3569
vn -0.8777 -0.0865 0.4713
vn -0.9365 0.0408 0.3482
vn -0.9215 0.1833 0.3423
vn -0.8865 0.0508 0.4599
vn -0.9216 0.1833 0.3422
vn -0.9366 0.0408 0.3481
vn -0.6551 0.1052 0.7482
vn -0.7929 -0.0753 0.6047
vn -0.6489 -0.0601 0.7585
vn -0.8021 0.0676 0.5933
vn -0.6450 0.2748 0.7130
vn -0.8865 0.0508 0.4600
vn -0.8022 0.0676 0.5933
vn -0.8759 0.1872 0.4447
vn -0.4210 -0.0424 0.9061
vn -0.0907 -0.0331 0.9953
vn -0.1041 0.1691 0.9801
vn -0.4220 0.1466 0.8947
vn -0.4220 0.1467 0.8947
vn -0.1041 0.1692 0.9801
vn -0.6550 0.1052 0.7482
vn -0.4130 0.3513 0.8403
vn -0.4221 0.1467 0.8946
vn -0.7158 -0.3329 0.6138
vn -0.8490 -0.2206 0.4802
vn -0.8009 -0.3493 0.4864
vn -0.7607 -0.2174 0.6117
vn -0.7606 -0.2174 0.6117
vn -0.5622 -0.3823 0.7334
vn -0.6233 -0.2218 0.7499
vn -0.7158 -0.3329 0.6139
vn -0.7606 -0.2173 0.6117
vn -0.6489 -0.0602 0.7585
vn -0.3955 -0.3585 0.8456
vn -0.6232 -0.2219 0.7499
vn -0.5622 -0.3822 0.7334
vn -0.4171 -0.2164 0.8827
vn -0.4170 -0.2163 0.8828
vn -0.0931 -0.2114 0.9730
vn -0.3954 -0.3585 0.8457
vn -0.4210 -0.0425 0.9061
vn -0.0931 -0.2113 0.9730
vn -0.0907 -0.0332 0.9953
vn -0.8735 -0.3902 0.2912
vn -0.9003 -0.2311 0.3690
vn -0.9322 -0.2392 0.2716
vn -0.8433 -0.3745 0.3856
vn -0.8433 -0.3744 0.3857
vn -0.8490 -0.2207 0.4801
vn -0.9292 -0.0956 0.3570
vn -0.9003 -0.2310 0.3690
vn -0.8490 -0.2206 0.4801
vn -0.8777 -0.0866 0.4713
vn -0.8943 -0.3964 0.2075
vn -0.9509 -0.2441 0.1904
vn -0.9780 -0.1066 0.1796
vn -0.9607 -0.2469 0.1269
vn -0.9871 -0.1081 0.1179
vn -0.6630 -0.4449 0.6020
vn -0.5622 -0.3823 0.7333
vn -0.5294 -0.5358 0.6577
vn -0.8008 -0.3494 0.4864
vn -0.7089 -0.4904 0.5069
vn -0.7158 -0.3330 0.6138
vn -0.3530 -0.5681 0.7434
vn -0.0641 -0.5235 0.8496
vn -0.3133 -0.4909 0.8129
vn -0.0383 -0.6597 0.7505
vn -0.3133 -0.4909 0.8130
vn -0.3954 -0.3585 0.8456
vn -0.5693 -0.6826 0.4583
vn -0.7647 -0.5582 0.3219
vn -0.5856 -0.7295 0.3534
vn -0.7384 -0.5296 0.4175
vn -0.5518 -0.6216 0.5559
vn -0.7385 -0.5295 0.4175
vn -0.5693 -0.6825 0.4584
vn -0.7088 -0.4905 0.5069
vn -0.8432 -0.3745 0.3856
vn -0.8009 -0.3494 0.4864
vn -0.3264 -0.7503 0.5749
vn -0.0234 -0.7507 0.6603
vn -0.3353 -0.6629 0.6695
vn -0.0120 -0.8299 0.5578
vn -0.0383 -0.6598 0.7505
vn -0.3352 -0.6629 0.6695
vn -0.0234 -0.7506 0.6603
vn -0.5294 -0.5359 0.6577
vn -0.3353 -0.6628 0.6695
vn -0.3531 -0.5680 0.7434
vn -0.9137 -0.4017 0.0608
vn -0.9653 -0.2483 0.0816
vn -0.9670 -0.2492 0.0524
vn -0.9121 -0.3996 0.0913
vn -0.9065 -0.3985 0.1394
vn -0.9652 -0.2483 0.0816
vn -0.3349 -0.8700 0.3620
vn -0.0317 -0.9340 0.3559
vn -0.0200 -0.8907 0.4542
vn -0.3294 -0.8181 0.4714
vn -0.3294 -0.8181 0.4715
vn -0.3264 -0.7503 0.5748
vn -0.5692 -0.6826 0.4584
vn -0.3294 -0.8180 0.4715
vn -0.3265 -0.7503 0.5748
vn -0.5517 -0.6217 0.5560
vn -0.6428 -0.7459 0.1746
vn -0.7905 -0.5671 0.2313
vn -0.8089 -0.5669 0.1561
vn -0.6157 -0.7458 0.2545
vn -0.5857 -0.7295 0.3534
vn -0.7905 -0.5670 0.2313
vn -0.7906 -0.5670 0.2313
vn -0.9138 -0.4017 0.0608
vn -0.8194 -0.5688 0.0710
vn -0.8174 -0.5665 0.1039
vn -0.6618 -0.7450 0.0841
vn -0.8174 -0.5666 0.1039
vn -0.6574 -0.7439 0.1201
vn -0.8089 -0.5668 0.1560
vn -0.8174 -0.5666 0.1040
vn -0.3632 -0.8921 0.2687
vn -0.1051 -0.9732 0.2046
vn -0.0694 -0.9599 0.2716
vn -0.3982 -0.8972 0.1909
vn -0.0694 -0.9599 0.2717
vn -0.3349 -0.8700 0.3619
vn -0.6156 -0.7458 0.2545
vn -0.3350 -0.8699 0.3619
vn -0.9081 -0.4184 0.0174
vn -0.9674 -0.2514 0.0311
vn -0.9667 -0.2555 0.0118
vn -0.9124 -0.4075 0.0381
vn -0.9674 -0.2515 0.0311
vn -0.9137 -0.4017 0.0609
vn -0.8064 -0.5910 0.0208
vn -0.8158 -0.5765 0.0451
vn -0.6446 -0.7641 0.0247
vn -0.8158 -0.5766 0.0451
vn -0.8063 -0.5911 0.0208
vn -0.6574 -0.7516 0.0538
vn -0.4297 -0.8973 0.1005
vn -0.1286 -0.9793 0.1563
vn -0.4198 -0.8969 0.1392
vn -0.1447 -0.9825 0.1171
vn -0.4199 -0.8968 0.1392
vn -0.3983 -0.8972 0.1909
vn -0.6427 -0.7460 0.1746
vn -0.4175 -0.9081 0.0323
vn -0.1417 -0.9888 0.0477
vn -0.1437 -0.9862 0.0816
vn -0.4310 -0.8999 0.0668
vn -0.1437 -0.9863 0.0816
vn -0.6573 -0.7517 0.0538
vn -0.4311 -0.8998 0.0668
vn -0.4298 -0.8973 0.1005
vn -0.6617 -0.7450 0.0841
vn -0.8897 -0.4561 -0.0227
vn -0.9654 -0.2609 -0.0059
vn -0.9625 -0.2702 -0.0223
vn -0.9013 -0.4332 -0.0014
vn -0.9654 -0.2608 -0.0059
vn -0.9948 -0.1023 0.0030
vn -0.9012 -0.4333 -0.0014
vn -0.8896 -0.4562 -0.0227
vn -0.7684 -0.6394 -0.0286
vn -0.7922 -0.6102 -0.0007
vn -0.5919 -0.8053 -0.0347
vn -0.7922 -0.6103 -0.0006
vn -0.7683 -0.6395 -0.0286
vn -0.6245 -0.7811 -0.0004
vn -0.3941 -0.9191 0.0033
vn -0.0770 -0.9965 -0.0312
vn -0.1235 -0.9922 0.0156
vn -0.3593 -0.9326 -0.0331
vn -0.6244 -0.7811 -0.0004
vn -0.4176 -0.9081 0.0323
vn -0.6445 -0.7642 0.0247
vn -0.3942 -0.9190 0.0033
vn -0.2859 -0.9474 -0.1439
vn -0.5437 -0.8349 -0.0851
vn -0.4808 -0.8668 -0.1324
vn -0.3238 -0.9427 -0.0806
vn -0.3237 -0.9427 -0.0806
vn 0.0034 -0.9939 -0.1102
vn -0.0201 -0.9980 -0.0607
vn -0.2858 -0.9474 -0.1439
vn -0.8687 -0.4931 -0.0468
vn -0.6747 -0.7321 -0.0941
vn -0.7288 -0.6814 -0.0675
vn -0.8381 -0.5431 -0.0519
vn -0.4809 -0.8667 -0.1324
vn -0.7287 -0.6815 -0.0675
vn -0.6746 -0.7321 -0.0941
vn -0.5438 -0.8349 -0.0851
vn -0.7287 -0.6815 -0.0674
vn -0.9957 -0.0891 -0.0270
vn -0.9921 0.1252 -0.0098
vn -0.9964 -0.0840 -0.0065
vn -0.9936 0.1069 -0.0374
vn -0.9936 0.1070 -0.0374
vn -0.9955 0.0832 -0.0455
vn -0.9957 -0.0892 -0.0270
vn -0.9448 -0.3272 -0.0188
vn -0.9559 -0.2919 -0.0316
vn -0.9964 -0.0841 -0.0065
vn -0.8381 -0.5430 -0.0519
vn -0.9559 -0.2920 -0.0316
vn -0.9447 -0.3273 -0.0188
vn -0.8687 -0.4930 -0.0468
vn -0.8896 -0.4561 -0.0227
vn -0.1668 -0.9770 -0.1331
vn -0.4106 -0.9021 -0.1331
vn -0.3574 -0.9332 -0.0382
vn -0.2202 -0.9564 -0.1918
vn -0.2201 -0.9564 -0.1918
vn 0.0464 -0.9879 -0.1481
vn 0.0531 -0.9829 -0.1765
vn -0.1667 -0.9770 -0.1331
vn -0.6201 -0.7825 -0.0566
vn -0.3575 -0.9331 -0.0383
vn -0.4106 -0.9020 -0.1331
vn -0.5834 -0.8111 0.0431
vn -0.4107 -0.9020 -0.1331
vn -0.8089 -0.5879 0.0032
vn -0.7956 -0.6022 0.0662
vn -0.9296 -0.3674 0.0301
vn -0.9232 -0.3788 0.0651
vn -0.8090 -0.5878 0.0032
vn -0.8382 -0.5430 -0.0519
vn -0.9296 -0.3674 0.0300
vn -0.9296 -0.3673 0.0300
vn -0.9960 -0.0799 0.0389
vn -0.8158 -0.5485 0.1833
vn -0.9202 -0.3498 0.1757
vn -0.9961 -0.0798 0.0388
vn -0.9964 -0.0840 -0.0064
vn -0.9833 0.1718 0.0600
vn -0.9798 -0.1581 0.1222
vn -0.9500 -0.1895 0.2480
vn -0.9356 0.3504 0.0435
vn -0.8650 0.5008 0.0310
vn -0.9497 0.3124 -0.0225
vn -0.9665 -0.1034 0.2350
vn -0.9799 -0.1580 0.1221
vn -0.9917 0.0823 0.0983
vn -0.8222 -0.5687 0.0238
vn -0.7529 -0.6551 -0.0629
vn -0.7839 -0.6208 -0.0031
vn -0.8003 -0.5983 -0.0393
vn -0.7946 0.5490 0.2592
vn -0.8502 0.4173 0.3210
vn -0.8379 0.4984 0.2223
vn -0.9389 -0.0343 0.3425
vn -0.9406 -0.0966 0.3256
vn -0.9670 0.1818 0.1783
vn -0.9264 -0.2882 0.2423
vn -0.9165 -0.3380 0.2141
vn -0.9375 -0.1911 0.2909
vn -0.8986 -0.3907 0.1995
vn -0.9034 -0.3907 0.1765
vn -0.8821 -0.4453 0.1537
vn -0.9122 -0.3424 0.2250
vn -0.9164 -0.3381 0.2140
vn -0.8986 -0.3908 0.1995
vn -0.9153 -0.3223 0.2414
vn -0.9287 -0.2637 0.2606
vn -0.5794 -0.7847 0.2204
vn -0.3575 -0.9331 -0.0382
vn -0.5834 -0.8110 0.0431
vn -0.3304 -0.9320 0.1491
vn -0.8397 -0.5394 0.0635
vn -0.7447 -0.5817 0.3271
vn -0.5795 -0.7846 0.2205
vn -0.8158 -0.5486 0.1834
vn -0.5620 -0.7039 0.4343
vn -0.8955 -0.4009 0.1934
vn -0.9062 -0.3574 0.2261
vn -0.9500 -0.1896 0.2480
vn -0.9062 -0.3573 0.2261
vn -0.8666 -0.4447 0.2264
vn -0.8205 -0.5236 0.2293
vn -0.7448 -0.5817 0.3271
vn -0.8158 -0.5486 0.1833
vn -0.9202 -0.3498 0.1758
vn -0.8802 -0.4430 0.1705
vn -0.8692 -0.4597 0.1821
vn -0.8578 -0.4944 0.1405
vn -0.8232 -0.5571 0.1099
vn -0.8333 -0.5266 0.1681
vn -0.8802 -0.4429 0.1705
vn -0.7988 -0.5783 0.1655
vn -0.8003 -0.5823 0.1429
vn -0.7774 -0.6271 0.0502
vn -0.7843 -0.5766 0.2290
vn -0.7843 -0.5766 0.2291
vn -0.7600 -0.5390 0.3632
vn -0.7017 -0.5945 0.3928
vn -0.7988 -0.5783 0.1656
vn -0.7016 -0.5945 0.3928
vn -0.7904 -0.6071 0.0817
vn -0.7773 -0.6271 0.0502
vn -0.8232 -0.5571 0.1100
vn -0.7642 -0.6448 0.0140
vn -0.7904 -0.6072 0.0817
vn -0.7996 -0.5981 0.0537
vn 0.2317 -0.3621 0.9029
vn 0.0918 -0.3155 0.9445
vn -0.7165 -0.6960 -0.0472
vn -0.7753 -0.6316 0.0072
vn -0.3628 -0.6268 0.6895
vn -0.5416 -0.6095 0.5790
vn -0.6313 -0.4903 0.6010
vn -0.4553 -0.4288 0.7803
vn -0.3355 -0.8441 0.4182
vn -0.5620 -0.7039 0.4344
vn -0.3628 -0.6269 0.6895
vn -0.7016 -0.5945 0.3929
vn -0.7447 -0.5817 0.3272
vn -0.5416 -0.6095 0.5789
vn 0.0466 -0.9987 0.0190
vn -0.1558 -0.9863 0.0548
vn -0.1790 -0.9220 0.3433
vn 0.0165 -0.9397 0.3415
vn -0.1558 -0.9863 0.0547
vn 0.0466 -0.9987 0.0189
vn -0.7774 -0.6270 0.0502
vn -0.8135 -0.5665 0.1314
vn -0.0981 -0.6648 0.7405
vn -0.2279 -0.6581 0.7176
vn -0.3048 -0.3749 0.8755
vn -0.1940 -0.3472 0.9175
vn -0.2279 -0.6582 0.7175
vn 0.0165 -0.9397 0.3416
vn -0.1790 -0.9220 0.3434
vn -0.6529 -0.4542 0.6062
vn -0.6313 -0.4902 0.6009
vn -0.4695 -0.3833 0.7954
vn 0.7066 0.4104 0.5764
vn 0.5720 0.2346 0.7860
vn 0.7221 0.4324 0.5400
vn 0.4893 0.1397 0.8609
vn 0.7067 0.4104 0.5763
vn 0.7474 0.5240 0.4085
vn 0.7482 0.5183 0.4142
vn 0.7221 0.4325 0.5399
vn 0.7709 0.5829 0.2566
vn 0.8863 0.4630 -0.0115
vn 0.8944 0.4462 -0.0308
vn 0.7711 0.5831 0.2557
vn 0.0114 -0.4267 0.9043
vn 0.0095 -0.4616 0.8870
vn 0.0215 -0.4075 0.9130
vn 0.0076 -0.4630 0.8863
vn 0.0503 -0.4204 0.9060
vn 0.0094 -0.4616 0.8870
vn 0.0535 -0.4159 0.9079
vn 0.0675 -0.3586 0.9311
vn 0.0681 -0.3773 0.9236
vn 0.0683 -0.3793 0.9227
vn 0.0676 -0.3578 0.9313
vn 0.0880 -0.3321 0.9391
vn 0.0773 -0.3418 0.9366
vn 0.0762 -0.3432 0.9362
vn 0.0881 -0.3321 0.9391
vn 0.0966 -0.3454 0.9335
vn 0.1134 -0.3906 0.9136
vn 0.1138 -0.3915 0.9131
vn 0.0967 -0.3457 0.9334
vn 0.1510 -0.4598 0.8751
vn 0.2061 -0.5400 0.8160
vn 0.2079 -0.5424 0.8140
vn 0.1498 -0.4578 0.8764
vn 0.6431 -0.7594 0.0987
vn 0.5108 -0.7811 0.3591
vn 0.6514 -0.7546 0.0787
vn 0.5050 -0.7804 0.3688
vn 0.7407 -0.6421 -0.1979
vn 0.7690 -0.5173 -0.3754
vn 0.7338 -0.6581 -0.1687
vn 0.7709 -0.4984 -0.3967
vn 0.7635 -0.3529 -0.5409
vn 0.7191 -0.1887 -0.6687
vn 0.7155 -0.1789 -0.6753
vn 0.7625 -0.3474 -0.5458
vn 0.6328 0.1247 -0.7642
vn 0.6322 0.1340 -0.7631
vn 0.6606 -0.0098 -0.7507
vn 0.6647 -0.0236 -0.7467
vn 0.6383 0.2091 -0.7409
vn 0.6403 0.2132 -0.7380
vn 0.6614 0.2117 -0.7195
vn 0.6592 0.1523 -0.7364
vn 0.6589 0.1511 -0.7369
vn 0.6599 0.2143 -0.7201
vn 0.0319 -0.9257 0.3768
vn -0.0709 -0.9534 0.2933
vn -0.0760 -0.9245 0.3735
vn 0.0455 -0.9494 0.3106
vn 0.1246 -0.9020 0.4134
vn 0.0320 -0.9257 0.3768
vn 0.1560 -0.9305 0.3314
vn 0.2313 -0.9105 0.3428
vn 0.3007 -0.8439 0.4443
vn 0.3238 -0.8790 0.3501
vn 0.2046 -0.8730 0.4427
vn 0.3238 -0.8790 0.3500
vn 0.2369 -0.9222 0.3058
vn 0.3255 -0.8910 0.3164
vn 0.4786 -0.7625 0.4354
vn 0.4120 -0.8396 0.3539
vn 0.3924 -0.8078 0.4399
vn 0.4959 -0.7924 0.3553
vn 0.4959 -0.7924 0.3552
vn 0.4079 -0.8539 0.3231
vn 0.4120 -0.8397 0.3539
vn 0.4885 -0.8095 0.3258
vn 0.5741 -0.7387 0.3530
vn 0.6430 -0.6516 0.4025
vn 0.6487 -0.6778 0.3460
vn 0.5611 -0.7099 0.4258
vn 0.2391 -0.9282 0.2852
vn 0.3236 -0.8979 0.2983
vn 0.5678 -0.7557 0.3263
vn 0.6434 -0.6930 0.3252
vn 0.5741 -0.7388 0.3530
vn 0.7173 -0.6110 0.3349
vn 0.7843 -0.5255 0.3298
vn 0.7776 -0.5404 0.3213
vn 0.7190 -0.5900 0.3673
vn 0.4000 -0.8638 0.3064
vn 0.4776 -0.8223 0.3095
vn 0.7108 -0.6258 0.3212
vn 0.7701 -0.5558 0.3131
vn 0.8302 -0.4659 0.3062
vn 0.8849 -0.3745 0.2769
vn 0.8773 -0.3832 0.2891
vn 0.8391 -0.4548 0.2985
vn 0.5592 -0.7682 0.3116
vn 0.6371 -0.7042 0.3135
vn 0.8237 -0.4803 0.3014
vn 0.8731 -0.3939 0.2872
vn 0.9180 -0.2898 0.2706
vn 0.9425 -0.1892 0.2753
vn 0.9484 -0.1908 0.2531
vn 0.9204 -0.2852 0.2675
vn 0.7040 -0.6379 0.3123
vn 0.7630 -0.5697 0.3056
vn 0.9160 -0.2954 0.2713
vn 0.9475 -0.1942 0.2541
vn 0.9683 -0.0867 0.2342
vn 0.9617 0.0369 0.2715
vn 0.9779 0.0158 0.2086
vn 0.9541 -0.0789 0.2889
vn 0.8181 -0.4937 0.2950
vn 0.8698 -0.4037 0.2838
vn 0.8237 -0.4804 0.3014
vn 0.9676 -0.0943 0.2343
vn 0.9779 0.0158 0.2085
vn 0.9773 0.0019 0.2119
vn 0.9779 0.1140 0.1753
vn 0.9625 0.2393 0.1278
vn 0.9675 0.2122 0.1379
vn 0.9677 0.1430 0.2075
vn 0.9139 -0.3007 0.2727
vn 0.9475 -0.1941 0.2541
vn 0.9448 -0.1980 0.2610
vn 0.9160 -0.2955 0.2713
vn 0.9772 0.0987 0.1881
vn 0.9665 0.1989 0.1622
vn 0.9779 0.1139 0.1753
vn 0.9475 0.3044 0.0984
vn 0.9096 0.4144 -0.0307
vn 0.9163 0.3968 0.0547
vn 0.9423 0.3300 0.0568
vn 0.9636 -0.1023 0.2469
vn 0.9734 -0.0095 0.2288
vn 0.9455 0.2958 0.1360
vn 0.9106 0.3985 0.1092
vn 0.9476 0.3042 0.0976
vn 0.9743 0.0876 0.2073
vn 0.9665 0.1990 0.1622
vn 0.9642 0.1890 0.1859
vn 0.9421 0.2901 0.1683
vn 0.9040 0.4009 0.1489
vn 0.8674 0.4949 0.0521
vn 0.8764 0.4714 0.0983
vn 0.8794 0.4757 0.0158
vn 0.8875 0.4608 0.0073
vn 0.7749 0.6212 0.1168
vn 0.6811 0.7197 0.1349
vn 0.7454 0.6529 0.1347
vn -0.0668 -0.2772 -0.9585
vn -0.0839 -0.2593 -0.9621
vn -0.0635 -0.2807 -0.9577
vn -0.7332 0.6643 -0.1454
vn -0.6687 0.7325 -0.1276
vn -0.7382 0.6571 -0.1525
vn 0.1213 0.8994 -0.4200
vn 0.1518 0.9207 -0.3595
vn 0.1558 0.9224 -0.3536
vn 0.1209 0.8988 -0.4214
vn 0.1902 0.9428 -0.2739
vn 0.2274 0.9515 -0.2072
vn 0.2531 0.9527 -0.1684
vn 0.1836 0.9380 -0.2941
vn 0.1836 0.9380 -0.2942
vn 0.8138 0.5646 0.1375
vn 0.8121 0.5687 0.1305
vn 0.7423 0.6556 0.1389
vn 0.1248 0.7553 -0.6434
vn 0.1250 0.7552 -0.6435
vn 0.7750 0.6211 0.1168
vn 0.2998 0.9498 -0.0891
vn 0.3472 0.9370 -0.0379
vn 0.3598 0.9326 -0.0267
vn 0.2906 0.9510 -0.1059
vn 0.2532 0.9527 -0.1684
vn 0.2906 0.9510 -0.1058
vn 0.3599 0.9326 -0.0267
vn 0.4028 0.9151 0.0185
vn 0.4076 0.9128 0.0247
vn 0.3471 0.9370 -0.0379
vn 0.6801 0.7206 0.1347
vn 0.6026 0.7883 0.1244
vn 0.6048 0.7865 0.1249
vn -0.4362 0.6686 -0.6022
vn -0.4385 0.6633 -0.6065
vn -0.4385 0.6632 -0.6065
vn -0.4345 0.6726 -0.5990
vn -0.4193 0.7178 -0.5558
vn -0.4277 0.6910 -0.5827
vn -0.4289 0.6875 -0.5859
vn -0.4185 0.7203 -0.5531
vn -0.3761 0.8062 -0.4568
vn -0.3756 0.8067 -0.4562
vn -0.3912 0.7850 -0.4803
vn -0.3917 0.7842 -0.4813
vn -0.3522 0.8299 -0.4326
vn -0.3518 0.8303 -0.4323
vn -0.3761 0.8062 -0.4567
vn -0.2889 0.8777 -0.3823
vn -0.2638 0.8943 -0.3614
vn -0.2625 0.8952 -0.3602
vn -0.2906 0.8766 -0.3835
vn -0.2385 0.9106 -0.3375
vn -0.2118 0.9246 -0.3165
vn -0.2388 0.9105 -0.3377
vn -0.2096 0.9256 -0.3151
vn -0.1738 0.9385 -0.2983
vn -0.1367 0.9480 -0.2873
vn -0.1765 0.9377 -0.2992
vn -0.1340 0.9486 -0.2866
vn -0.0947 0.9564 -0.2761
vn -0.0647 0.9620 -0.2652
vn -0.0989 0.9557 -0.2773
vn -0.0609 0.9628 -0.2633
vn -0.0320 0.9684 -0.2474
vn -0.0037 0.9727 -0.2321
vn -0.0347 0.9679 -0.2491
vn -0.0020 0.9729 -0.2313
vn 0.0336 0.9752 -0.2189
vn 0.0719 0.9748 -0.2113
vn 0.0319 0.9751 -0.2194
vn 0.0738 0.9747 -0.2111
vn 0.2540 0.9456 -0.2032
vn 0.2207 0.9549 -0.1988
vn 0.2559 0.9450 -0.2038
vn 0.2185 0.9554 -0.1988
vn 0.3191 0.9179 -0.2357
vn 0.2869 0.9329 -0.2177
vn 0.3202 0.9174 -0.2363
vn 0.2855 0.9335 -0.2169
vn 0.4004 0.8790 -0.2589
vn 0.3595 0.8985 -0.2520
vn 0.4011 0.8787 -0.2589
vn 0.3586 0.8989 -0.2518
vn 0.4462 0.8570 -0.2577
vn 0.5004 0.8283 -0.2522
vn 0.4999 0.8286 -0.2523
vn 0.4465 0.8569 -0.2577
vn 0.5526 0.7957 -0.2479
vn 0.5813 0.7737 -0.2521
vn 0.5500 0.7975 -0.2480
vn 0.5835 0.7716 -0.2534
vn 0.0687 0.2588 -0.9635
vn 0.0914 0.2758 -0.9568
vn 0.0911 0.2756 -0.9569
vn 0.6209 0.6839 -0.3831
vn 0.6112 0.7091 -0.3517
vn 0.6128 0.7045 -0.3580
vn 0.6227 0.6801 -0.3870
vn 0.5959 0.7538 -0.2768
vn 0.6024 0.7359 -0.3092
vn 0.5949 0.7563 -0.2723
vn 0.6035 0.7322 -0.3158
vn -0.0709 -0.9534 0.2934
vn -0.1600 -0.9109 0.3802
vn -0.1422 -0.9488 0.2820
vn 0.8037 0.5399 -0.2502
vn 0.8795 0.4757 0.0158
vn 0.8597 0.4887 -0.1486
vn -0.0678 -0.9625 0.2628
vn -0.1416 -0.9582 0.2485
vn 0.6047 0.7866 0.1248
vn 0.5195 0.8489 0.0979
vn 0.5231 0.8463 0.1004
vn -0.2304 -0.9371 0.2622
vn -0.3329 -0.8752 0.3511
vn -0.2465 -0.8965 0.3682
vn -0.3176 -0.9174 0.2399
vn -0.3176 -0.9174 0.2398
vn -0.2290 -0.9459 0.2297
vn -0.3151 -0.9259 0.2083
vn -0.5127 -0.8020 0.3065
vn -0.4097 -0.8870 0.2129
vn -0.5014 -0.8456 0.1831
vn -0.4236 -0.8445 0.3277
vn -0.0647 -0.9669 0.2469
vn -0.1426 -0.9621 0.2325
vn 0.0438 -0.9633 0.2647
vn 0.0456 -0.9582 0.2825
vn -0.5014 -0.8456 0.1830
vn -0.4048 -0.8961 0.1823
vn -0.4944 -0.8558 0.1521
vn -0.6705 -0.6950 0.2594
vn -0.5838 -0.7973 0.1533
vn -0.6633 -0.7385 0.1210
vn -0.5927 -0.7526 0.2867
vn -0.2291 -0.9491 0.2160
vn -0.3140 -0.9288 0.1969
vn -0.2292 -0.9490 0.2164
vn -0.5776 -0.8074 0.1202
vn -0.6604 -0.7456 0.0888
vn -0.5837 -0.7974 0.1533
vn -0.8226 -0.5348 0.1931
vn -0.7453 -0.6616 0.0829
vn -0.8196 -0.5714 0.0426
vn -0.7506 -0.6214 0.2245
vn -0.4047 -0.8961 0.1823
vn -0.4008 -0.8997 0.1728
vn -0.4882 -0.8608 0.1440
vn -0.3151 -0.9259 0.2082
vn -0.8196 -0.5714 0.0425
vn -0.7437 -0.6663 0.0538
vn -0.8170 -0.5764 0.0170
vn -0.7452 -0.6616 0.0829
vn -0.9281 -0.3513 0.1237
vn -0.8761 -0.4820 0.0047
vn -0.9213 -0.3873 -0.0345
vn -0.8796 -0.4466 0.1638
vn -0.6604 -0.7457 0.0883
vn -0.5777 -0.8072 0.1209
vn -0.5732 -0.8115 0.1133
vn -0.6593 -0.7474 0.0825
vn -0.5777 -0.8074 0.1202
vn -0.5732 -0.8116 0.1134
vn -0.9213 -0.3873 -0.0346
vn -0.8712 -0.4905 -0.0178
vn -0.9139 -0.4024 -0.0535
vn -0.8761 -0.4821 0.0046
vn -0.8170 -0.5763 0.0170
vn -0.7436 -0.6666 0.0517
vn -0.8159 -0.5779 0.0206
vn -0.6593 -0.7473 0.0826
vn -0.9912 -0.1289 0.0287
vn -0.9587 -0.2736 -0.0770
vn -0.9807 -0.1587 -0.1144
vn -0.9675 -0.2417 0.0743
vn -0.9506 -0.2962 -0.0928
vn -0.9739 -0.1870 -0.1283
vn -0.9587 -0.2737 -0.0771
vn -0.8682 -0.4962 -0.0089
vn -0.9082 -0.4167 -0.0396
vn -0.8713 -0.4905 -0.0178
vn -0.9739 -0.1870 -0.1284
vn -0.9444 -0.3199 -0.0761
vn -0.9699 -0.2160 -0.1128
vn -0.9826 -0.1179 -0.1434
vn -0.9837 -0.0870 -0.1576
vn -0.9699 -0.2159 -0.1128
vn -0.9855 -0.0171 -0.1691
vn -0.9830 0.0130 -0.1832
vn -0.9951 0.0817 -0.0558
vn -0.9878 -0.0548 -0.1457
vn -0.9834 0.0460 -0.1753
vn -0.9997 -0.0218 -0.0121
vn -0.9834 0.0461 -0.1753
vn -0.9830 0.0130 -0.1833
vn -0.9878 -0.0549 -0.1457
vn -0.9415 0.2449 -0.2316
vn -0.9717 0.1158 -0.2061
vn -0.9500 0.2154 -0.2262
vn -0.9676 0.1484 -0.2043
vn -0.9473 0.2822 -0.1519
vn -0.9772 0.1851 -0.1045
vn -0.8819 0.3773 -0.2828
vn -0.9235 0.2993 -0.2401
vn -0.8945 0.3747 -0.2440
vn -0.9118 0.3198 -0.2577
vn -0.9778 0.0875 -0.1904
vn -0.9717 0.1157 -0.2061
vn -0.9854 -0.0172 -0.1691
vn -0.9595 0.1909 -0.2070
vn -0.8032 0.4996 -0.3244
vn -0.8529 0.4638 -0.2395
vn -0.8195 0.5261 -0.2272
vn -0.8357 0.4522 -0.3117
vn -0.8530 0.4295 -0.2965
vn -0.9117 0.3199 -0.2577
vn -0.8819 0.3773 -0.2827
vn -0.9069 0.3648 -0.2108
vn -0.9341 0.2852 -0.2147
vn -0.9017 0.3784 -0.2092
vn -0.8032 0.4996 -0.3245
vn -0.8079 0.5086 -0.2976
vn -0.6710 0.5670 -0.4777
vn -0.8550 0.4819 -0.1916
vn -0.8156 0.5518 -0.1742
vn 0.0154 0.8952 -0.4453
vn -0.6103 0.7843 -0.1109
vn -0.2014 0.9571 -0.2085
vn -0.2319 0.9534 -0.1928
vn -0.1268 0.9510 -0.2821
vn -0.4626 0.8810 -0.0992
vn -0.5261 0.8451 -0.0949
vn -0.4518 0.8860 -0.1047
vn -0.5501 0.8297 -0.0953
vn -0.1980 0.0564 0.9786
vn -0.1543 0.0432 0.9871
vn -0.1969 0.0562 0.9788
vn -0.1562 0.0441 0.9867
vn -0.1242 0.0365 0.9916
vn -0.1346 0.0358 0.9903
vn -0.1244 0.0363 0.9916
vn -0.1331 0.0355 0.9905
vn -0.1226 0.0427 0.9915
vn -0.1241 0.0366 0.9916
vn -0.1244 0.0361 0.9916
vn -0.1224 0.0440 0.9915
vn -0.1279 0.0579 0.9901
vn -0.1226 0.0535 0.9910
vn -0.1223 0.0524 0.9911
vn -0.1293 0.0580 0.9899
vn -0.1455 0.0552 0.9878
vn -0.1630 0.0526 0.9852
vn -0.1657 0.0527 0.9848
vn -0.1428 0.0560 0.9882
vn -0.1775 0.0586 0.9824
vn -0.1737 0.0686 0.9824
vn -0.1728 0.0694 0.9825
vn -0.1768 0.0574 0.9826
vn -0.1586 0.0783 0.9842
vn -0.1488 0.0835 0.9853
vn -0.1488 0.0836 0.9853
vn -0.1592 0.0780 0.9842
vn -0.1540 0.0828 0.9846
vn -0.1670 0.0766 0.9830
vn -0.1674 0.0764 0.9829
vn -0.1537 0.0830 0.9846
vn -0.1750 0.0766 0.9816
vn -0.1732 0.0943 0.9804
vn -0.1731 0.0949 0.9803
vn -0.1749 0.0763 0.9816
vn -0.1731 0.1475 0.9738
vn -0.1706 0.1237 0.9776
vn -0.1705 0.1231 0.9776
vn -0.1733 0.1482 0.9737
vn -0.1858 0.1774 0.9664
vn -0.1793 0.1650 0.9699
vn -0.1790 0.1643 0.9700
vn -0.1861 0.1780 0.9663
vn -0.2105 0.2021 0.9565
vn -0.1947 0.1902 0.9622
vn -0.1944 0.1900 0.9623
vn -0.2103 0.2020 0.9565
vn -0.2950 0.2360 0.9259
vn -0.2670 0.2220 0.9378
vn -0.2960 0.2366 0.9254
vn -0.2659 0.2215 0.9382
vn -0.3344 0.2354 0.9125
vn -0.3211 0.2467 0.9143
vn -0.3344 0.2353 0.9126
vn -0.3207 0.2466 0.9145
vn -0.3000 0.1451 0.9428
vn -0.3254 0.1949 0.9253
vn -0.2976 0.1412 0.9442
vn -0.3260 0.1964 0.9247
vn -0.2619 0.0891 0.9610
vn -0.2714 0.1022 0.9570
vn -0.2619 0.0885 0.9610
vn -0.2738 0.1053 0.9560
vn -0.2702 0.0895 0.9586
vn -0.2849 0.0912 0.9542
vn -0.2679 0.0889 0.9593
vn -0.2878 0.0912 0.9533
vn -0.3077 0.0875 0.9475
vn -0.3267 0.0765 0.9420
vn -0.3049 0.0882 0.9483
vn -0.3286 0.0750 0.9415
vn -0.3476 0.0508 0.9363
vn -0.3469 0.0520 0.9365
vn -0.3422 0.0029 0.9396
vn -0.3522 0.0015 0.9359
vn -0.3408 0.0042 0.9401
vn -0.3530 0.0023 0.9356
vn -0.3325 0.0174 0.9429
vn -0.3315 0.0196 0.9432
vn 0.6233 0.5965 -0.5056
vn 0.7184 0.5798 -0.3843
vn 0.6913 0.5455 -0.4739
vn 0.6482 0.6365 -0.4179
vn 0.7878 0.5093 -0.3464
vn 0.6912 0.5455 -0.4739
vn 0.7185 0.5798 -0.3843
vn 0.7597 0.4810 -0.4376
vn 0.6826 0.5368 -0.4959
vn 0.7518 0.4740 -0.4583
vn 0.8481 0.4330 -0.3053
vn 0.9206 0.3738 -0.1134
vn 0.8973 0.3557 -0.2613
vn 0.8733 0.4606 -0.1584
vn 0.8733 0.4606 -0.1585
vn 0.7879 0.5092 -0.3463
vn 0.8132 0.5457 -0.2026
vn 0.8481 0.4330 -0.3054
vn 0.8132 0.5456 -0.2025
vn 0.8774 0.4796 0.0094
vn 0.8194 0.5722 -0.0357
vn 0.6695 0.6881 -0.2798
vn 0.7493 0.6575 -0.0791
vn 0.7427 0.6236 -0.2439
vn 0.6741 0.7293 -0.1173
vn 0.8193 0.5722 -0.0357
vn 0.7428 0.6235 -0.2439
vn 0.8131 0.5457 -0.2026
vn 0.7185 0.5797 -0.3843
vn 0.7878 0.5093 -0.3463
vn 0.8141 0.4764 0.3322
vn 0.8966 0.3852 0.2184
vn 0.8566 0.4846 0.1769
vn 0.8500 0.3768 0.3681
vn 0.9215 0.3848 0.0538
vn 0.8566 0.4847 0.1769
vn 0.8774 0.4796 0.0095
vn 0.8023 0.5822 0.1319
vn 0.8194 0.5722 -0.0356
vn 0.7659 0.4577 0.4516
vn 0.8075 0.3650 0.4634
vn 0.7751 0.4614 0.4317
vn 0.7973 0.3613 0.4835
vn 0.7751 0.4613 0.4317
vn 0.7299 0.5610 0.3905
vn 0.7650 0.5759 0.2884
vn 0.8759 0.2734 0.3976
vn 0.9394 0.1803 0.2914
vn 0.9244 0.2821 0.2567
vn 0.8893 0.1711 0.4241
vn 0.9733 0.1855 0.1351
vn 0.9244 0.2821 0.2566
vn 0.9395 0.1803 0.2914
vn 0.9535 0.2855 0.0967
vn 0.9244 0.2822 0.2566
vn 0.9535 0.2855 0.0966
vn 0.9215 0.3847 0.0538
vn 0.8127 0.4055 -0.4185
vn 0.8689 0.3408 -0.3588
vn 0.8617 0.3341 -0.3820
vn 0.8193 0.4120 -0.3988
vn 0.7879 0.5093 -0.3463
vn 0.9384 0.2685 -0.2176
vn 0.9825 0.1836 -0.0309
vn 0.9670 0.1759 -0.1842
vn 0.9574 0.2805 -0.0690
vn 0.8974 0.3556 -0.2613
vn 0.9206 0.3737 -0.1134
vn 0.9535 0.2856 0.0966
vn 0.9574 0.2805 -0.0689
vn 0.9215 0.3847 0.0537
vn 0.8223 0.2613 0.5055
vn 0.8477 0.1616 0.5052
vn 0.8329 0.2642 0.4863
vn 0.8380 0.1572 0.5226
vn 0.8893 0.1711 0.4240
vn 0.8500 0.3767 0.3682
vn 0.8906 0.0736 0.4488
vn 0.9367 -0.0163 0.3497
vn 0.9429 0.0813 0.3229
vn 0.8830 -0.0194 0.4690
vn 0.9808 -0.0139 0.1945
vn 0.9821 0.0860 0.1677
vn 0.9394 0.1803 0.2915
vn 0.9821 0.0861 0.1676
vn 0.9733 0.1854 0.1351
vn 0.9027 0.2527 -0.3482
vn 0.9416 0.1691 -0.2912
vn 0.9323 0.1675 -0.3206
vn 0.9116 0.2576 -0.3204
vn 0.9384 0.2685 -0.2177
vn 0.9835 0.0833 -0.1603
vn 0.9996 -0.0130 0.0234
vn 0.9899 -0.0119 -0.1410
vn 0.9963 0.0861 -0.0008
vn 0.9670 0.1759 -0.1841
vn 0.9963 0.0862 -0.0008
vn 0.9835 0.0833 -0.1604
vn 0.9963 0.0862 -0.0007
vn 0.9825 0.1836 -0.0308
vn 0.8399 0.0588 0.5396
vn 0.8421 -0.0234 0.5388
vn 0.8496 0.0647 0.5235
vn 0.8315 -0.0273 0.5549
vn 0.8477 0.1615 0.5052
vn 0.8906 0.0735 0.4488
vn 0.8893 0.1710 0.4241
vn 0.8683 -0.1108 0.4835
vn 0.8140 -0.1879 0.5496
vn 0.8478 -0.1981 0.4920
vn 0.8295 -0.1078 0.5480
vn 0.8295 -0.1077 0.5480
vn 0.8191 -0.1067 0.5636
vn 0.9696 -0.1148 0.2162
vn 0.8992 -0.2078 0.3850
vn 0.9486 -0.2152 0.2321
vn 0.9218 -0.1134 0.3708
vn 0.9696 -0.1147 0.2162
vn 0.9367 -0.0163 0.3498
vn 0.9498 0.0835 -0.3017
vn 0.9666 -0.0081 -0.2563
vn 0.9580 -0.0043 -0.2867
vn 0.9588 0.0822 -0.2719
vn 0.9588 0.0822 -0.2720
vn 0.9498 0.0834 -0.3016
vn 0.9416 0.1691 -0.2913
vn 0.9835 0.0834 -0.1604
vn 0.9715 -0.2107 -0.1090
vn 0.9925 -0.1140 0.0433
vn 0.9744 -0.2167 0.0592
vn 0.9862 -0.1097 -0.1238
vn 0.9925 -0.1140 0.0432
vn 0.9862 -0.1097 -0.1239
vn 0.9900 -0.0118 -0.1409
vn 0.9696 -0.1147 0.2161
vn 0.9531 -0.1988 -0.2283
vn 0.9649 -0.1017 -0.2421
vn 0.9715 -0.2106 -0.1091
vn 0.9467 -0.1916 -0.2591
vn 0.9571 -0.0961 -0.2732
vn 0.9665 -0.0081 -0.2564
vn 0.9571 -0.0962 -0.2732
vn 0.8275 -0.2692 0.4928
vn 0.7818 -0.3101 0.5409
vn 0.8087 -0.3297 0.4872
vn 0.7981 -0.2544 0.5462
vn 0.7919 -0.2479 0.5581
vn 0.8064 -0.1821 0.5626
vn 0.9489 -0.2996 -0.0990
vn 0.9034 -0.3679 -0.2203
vn 0.9324 -0.2877 -0.2188
vn 0.9213 -0.3772 -0.0947
vn 0.8945 -0.3663 -0.2562
vn 0.9324 -0.2877 -0.2187
vn 0.9264 -0.2821 -0.2493
vn 0.9467 -0.1915 -0.2591
vn 0.9230 -0.3005 0.2404
vn 0.8509 -0.3534 0.3887
vn 0.8955 -0.3738 0.2417
vn 0.8748 -0.2864 0.3907
vn 0.9497 -0.3055 0.0694
vn 0.8955 -0.3738 0.2416
vn 0.9211 -0.3824 0.0735
vn 0.9230 -0.3005 0.2403
vn 0.9213 -0.3772 -0.0946
vn 0.9211 -0.3824 0.0734
vn 0.9489 -0.2996 -0.0989
vn 0.9489 -0.2995 -0.0989
vn 0.9497 -0.3054 0.0693
vn 0.7813 -0.4042 0.4757
vn 0.7395 -0.4383 0.5110
vn 0.7550 -0.4728 0.4543
vn 0.7608 -0.3747 0.5299
vn 0.8087 -0.3296 0.4872
vn 0.7563 -0.3602 0.5461
vn 0.7746 -0.3023 0.5555
vn 0.8532 -0.4659 0.2347
vn 0.7807 -0.5145 0.3546
vn 0.8063 -0.5506 0.2162
vn 0.8162 -0.4368 0.3781
vn 0.8954 -0.3739 0.2416
vn 0.8531 -0.4659 0.2348
vn 0.8509 -0.3534 0.3888
vn 0.7812 -0.4042 0.4757
vn 0.8747 -0.4753 -0.0950
vn 0.8202 -0.5688 0.0619
vn 0.8192 -0.5652 -0.0972
vn 0.8745 -0.4798 0.0715
vn 0.9213 -0.3773 -0.0946
vn 0.8745 -0.4797 0.0715
vn 0.9211 -0.3825 0.0734
vn 0.8745 -0.4797 0.0716
vn 0.9210 -0.3825 0.0735
vn 0.8955 -0.3739 0.2416
vn 0.8747 -0.4753 -0.0951
vn 0.8087 -0.5438 -0.2244
vn 0.8577 -0.4607 -0.2281
vn 0.8019 -0.5359 -0.2640
vn 0.8087 -0.5438 -0.2243
vn 0.8464 -0.4581 -0.2715
vn 0.8465 -0.4580 -0.2715
vn 0.7807 -0.6168 -0.1004
vn 0.7469 -0.6642 0.0320
vn 0.7413 -0.6632 -0.1032
vn 0.7837 -0.6194 0.0470
vn 0.8201 -0.5688 0.0619
vn 0.7767 -0.6003 0.1907
vn 0.7331 -0.6496 -0.2014
vn 0.7733 -0.5976 -0.2121
vn 0.7413 -0.6632 -0.1031
vn 0.7278 -0.6467 -0.2282
vn 0.7732 -0.5976 -0.2121
vn 0.7694 -0.5904 -0.2437
vn 0.5895 -0.7901 -0.1683
vn 0.6641 -0.7235 -0.1882
vn 0.6697 -0.7359 -0.0995
vn 0.5898 -0.8022 -0.0929
vn 0.5902 -0.7851 -0.1881
vn 0.6594 -0.7212 -0.2124
vn 0.6789 -0.7339 0.0211
vn 0.6209 -0.7754 0.1155
vn 0.6020 -0.7984 0.0095
vn 0.6874 -0.7123 0.1417
vn 0.7468 -0.6642 0.0320
vn 0.7381 -0.6086 0.2914
vn 0.7458 -0.6453 0.1651
vn 0.7606 -0.5627 0.3238
vn 0.8063 -0.5506 0.2161
vn 0.7767 -0.6003 0.1908
vn 0.7427 -0.5172 0.4252
vn 0.7807 -0.5145 0.3547
vn 0.6378 -0.7370 0.2238
vn 0.6209 -0.7753 0.1155
vn 0.6919 -0.6741 0.2587
vn 0.6919 -0.6740 0.2588
vn 0.6874 -0.7123 0.1418
vn 0.7381 -0.6086 0.2913
vn 0.6920 -0.6288 0.3545
vn 0.7277 -0.5629 0.3920
vn 0.7237 -0.5202 0.4535
vn 0.7277 -0.5629 0.3919
vn 0.7334 -0.4748 0.4864
vn 0.7335 -0.4748 0.4864
vn 0.7395 -0.4382 0.5110
vn 0.7190 -0.4146 0.5578
vn 0.6920 -0.6289 0.3545
vn 0.6591 -0.6543 0.3708
vn 0.6483 -0.6936 0.3139
vn 0.6944 -0.5881 0.4146
vn 0.7276 -0.5629 0.3920
vn 0.7237 -0.5201 0.4535
vn 0.5321 -0.8299 0.1675
vn 0.5916 -0.7840 0.1880
vn 0.6093 -0.7465 0.2675
vn 0.5086 -0.8515 0.1273
vn 0.4914 -0.8683 0.0676
vn 0.5710 -0.8160 0.0905
vn 0.6378 -0.7370 0.2237
vn 0.5653 -0.8043 0.1830
vn 0.6386 -0.6736 0.3719
vn 0.6289 -0.7115 0.3136
vn 0.5322 -0.8299 0.1676
vn -0.2101 -0.2837 0.9356
vn -0.3174 -0.3198 0.8927
vn 0.5491 -0.8357 -0.0042
vn 0.4767 -0.8791 -0.0016
vn 0.4615 -0.8838 -0.0771
vn 0.5367 -0.8389 -0.0907
vn 0.4868 -0.8589 -0.1590
vn 0.5365 -0.8294 -0.1555
vn 0.4861 -0.8562 -0.1750
vn 0.5388 -0.8244 -0.1735
vn 0.5895 -0.7901 -0.1684
vn 0.5901 -0.7851 -0.1881
vn 0.5366 -0.8294 -0.1555
vn 0.4753 -0.8758 0.0843
vn 0.4914 -0.8683 0.0677
vn 0.4044 -0.9132 0.0499
vn 0.3714 -0.9063 -0.2018
vn 0.4007 -0.9086 -0.1179
vn 0.3451 -0.9267 -0.1491
vn 0.4291 -0.8856 -0.1778
vn 0.3740 -0.9036 -0.2089
vn 0.4284 -0.8834 -0.1896
vn 0.4284 -0.8834 -0.1897
vn 0.4045 -0.9132 0.0498
vn 0.2560 -0.9364 -0.2399
vn 0.2922 -0.9403 -0.1743
vn 0.2411 -0.9499 -0.1988
vn 0.3144 -0.9229 -0.2224
vn 0.2606 -0.9344 -0.2430
vn 0.3145 -0.9228 -0.2224
vn 0.3195 -0.9199 -0.2276
vn 0.3713 -0.9063 -0.2018
vn 0.1495 -0.9493 -0.2765
vn 0.1937 -0.9554 -0.2227
vn 0.1454 -0.9589 -0.2438
vn 0.2006 -0.9455 -0.2566
vn 0.1466 -0.9482 -0.2818
vn 0.2014 -0.9448 -0.2583
vn 0.2005 -0.9455 -0.2566
vn 0.2292 -0.9683 -0.0996
vn 0.1860 -0.9756 -0.1162
vn 0.0899 -0.9510 -0.2960
vn 0.0137 -0.9523 -0.3049
vn 0.0073 -0.9586 -0.2847
vn 0.0354 -0.9957 -0.0857
vn -0.0472 -0.9506 -0.3068
vn 0.0154 -0.9508 -0.3095
vn -0.0507 -0.9507 -0.3059
vn 0.0136 -0.9523 -0.3049
vn 0.1208 0.8988 -0.4214
vn 0.1213 0.8994 -0.4201
vn 0.1455 -0.9589 -0.2438
vn 0.1464 -0.9803 -0.1325
vn 0.1052 -0.9830 -0.1506
vn -0.1874 -0.9302 -0.3155
vn -0.1186 -0.9442 -0.3074
vn -0.1846 -0.9310 -0.3151
vn -0.1182 -0.9440 -0.3081
vn -0.0471 -0.9506 -0.3068
vn -0.1206 -0.9459 -0.3013
vn -0.0559 -0.9539 -0.2948
vn -0.0636 -0.9779 -0.1990
vn -0.0558 -0.9539 -0.2948
vn -0.1192 -0.9711 -0.2070
vn -0.3112 -0.8947 -0.3203
vn -0.2489 -0.9140 -0.3205
vn -0.3090 -0.8970 -0.3162
vn -0.2454 -0.9156 -0.3187
vn -0.2458 -0.9215 -0.3006
vn -0.1846 -0.9309 -0.3151
vn -0.1846 -0.9349 -0.3031
vn -0.3756 -0.8703 -0.3186
vn -0.4403 -0.8428 -0.3094
vn -0.4353 -0.8415 -0.3199
vn -0.3781 -0.8721 -0.3106
vn -0.3755 -0.8703 -0.3186
vn -0.3788 -0.8825 -0.2787
vn -0.3099 -0.9046 -0.2926
vn -0.4904 -0.8071 -0.3287
vn -0.5518 -0.7622 -0.3384
vn -0.5441 -0.7627 -0.3496
vn -0.4945 -0.8091 -0.3175
vn -0.5163 -0.8121 -0.2720
vn -0.4538 -0.8536 -0.2558
vn -0.6117 -0.7016 -0.3655
vn -0.6014 -0.7029 -0.3798
vn -0.6387 -0.7070 -0.3037
vn -0.5736 -0.7675 -0.2862
vn -0.6470 -0.6432 -0.4094
vn -0.7245 -0.5465 -0.4200
vn -0.7125 -0.5457 -0.4410
vn -0.6614 -0.6392 -0.3924
vn -0.3533 0.0650 0.9332
vn -0.3403 0.0451 0.9392
vn -0.3533 0.0650 0.9333
vn -0.7635 -0.5487 -0.3404
vn -0.8443 -0.4807 -0.2367
vn -0.8004 -0.4793 -0.3599
vn -0.8054 -0.5477 -0.2268
vn -0.7893 -0.3803 -0.4821
vn -0.7933 -0.2844 -0.5383
vn -0.7757 -0.3821 -0.5022
vn -0.8097 -0.2822 -0.5146
vn -0.7633 -0.4688 -0.4446
vn -0.7511 -0.4716 -0.4619
vn -0.7892 -0.3803 -0.4821
vn -0.8343 -0.3920 -0.3877
vn -0.7632 -0.4688 -0.4446
vn -0.9165 -0.2893 -0.2763
vn -0.8835 -0.3939 -0.2537
vn -0.9150 -0.3848 -0.1208
vn -0.9496 -0.2828 -0.1348
vn -0.8835 -0.3939 -0.2536
vn -0.8621 -0.2879 -0.4171
vn -0.8005 -0.4793 -0.3599
vn -0.8343 -0.3921 -0.3876
vn -0.8444 -0.4807 -0.2367
vn -0.8230 -0.0945 -0.5602
vn -0.8222 -0.1890 -0.5369
vn -0.8770 -0.1936 -0.4398
vn -0.8809 -0.0995 -0.4627
vn -0.8222 -0.1890 -0.5368
vn -0.8064 -0.0942 -0.5838
vn -0.8062 -0.1910 -0.5599
vn -0.9421 -0.1007 -0.3200
vn -0.9347 -0.1950 -0.2973
vn -0.9699 -0.1911 -0.1511
vn -0.9804 -0.0987 -0.1707
vn -0.9165 -0.2893 -0.2764
vn -0.8770 -0.1937 -0.4397
vn -0.7873 0.0859 -0.6105
vn -0.8101 -0.0008 -0.5863
vn -0.8726 -0.0050 -0.4884
vn -0.8533 0.0857 -0.5143
vn -0.8101 -0.0009 -0.5862
vn -0.7682 0.0855 -0.6345
vn -0.7918 0.0004 -0.6108
vn -0.9241 0.0877 -0.3719
vn -0.9385 -0.0054 -0.3453
vn -0.9810 -0.0049 -0.1942
vn -0.9715 0.0881 -0.2200
vn -0.8726 -0.0050 -0.4883
vn -0.9241 0.0877 -0.3720
vn -0.9421 -0.1006 -0.3200
vn -0.8727 -0.0050 -0.4883
vn -0.7219 0.2481 -0.6460
vn -0.7584 0.1674 -0.6299
vn -0.8256 0.1725 -0.5372
vn -0.7898 0.2577 -0.5567
vn -0.7016 0.2455 -0.6689
vn -0.7392 0.1653 -0.6529
vn -0.8656 0.2692 -0.4221
vn -0.8997 0.1790 -0.3981
vn -0.9521 0.1814 -0.2463
vn -0.9224 0.2750 -0.2712
vn -0.7898 0.2577 -0.5566
vn -0.8656 0.2692 -0.4222
vn -0.8257 0.1725 -0.5372
vn -0.6231 0.3966 -0.6742
vn -0.6754 0.3268 -0.6611
vn -0.7441 0.3408 -0.5746
vn -0.6911 0.4168 -0.5905
vn -0.6021 0.3908 -0.6962
vn -0.6541 0.3233 -0.6839
vn -0.6230 0.3966 -0.6742
vn -0.7693 0.4408 -0.4624
vn -0.8216 0.3577 -0.4439
vn -0.8822 0.3680 -0.2937
vn -0.8327 0.4567 -0.3130
vn -0.6912 0.4168 -0.5904
vn -0.7693 0.4409 -0.4624
vn -0.8656 0.2693 -0.4222
vn -0.5094 0.5172 -0.6877
vn -0.5682 0.4586 -0.6832
vn -0.6334 0.4861 -0.6021
vn -0.5705 0.5508 -0.6092
vn -0.4912 0.5067 -0.7085
vn -0.5486 0.4501 -0.7046
vn -0.6445 0.5896 -0.4869
vn -0.7102 0.5180 -0.4767
vn -0.7748 0.5400 -0.3289
vn -0.7089 0.6173 -0.3410
vn -0.7102 0.5179 -0.4768
vn -0.7693 0.4409 -0.4625
vn -0.6335 0.4860 -0.6021
vn -0.6911 0.4168 -0.5904
vn -0.3786 0.6170 -0.6900
vn -0.4458 0.5712 -0.6892
vn -0.5032 0.6092 -0.6130
vn -0.4336 0.6587 -0.6149
vn -0.3605 0.6053 -0.7097
vn -0.4283 0.5600 -0.7092
vn -0.3786 0.6169 -0.6900
vn -0.4282 0.5600 -0.7092
vn -0.5008 0.7086 -0.4970
vn -0.5738 0.6538 -0.4933
vn -0.6372 0.6867 -0.3498
vn -0.5626 0.7463 -0.3557
vn -0.5737 0.6538 -0.4933
vn -0.5032 0.6092 -0.6129
vn -0.6444 0.5896 -0.4869
vn -0.2415 0.6855 -0.6869
vn -0.3098 0.6539 -0.6902
vn -0.3614 0.7005 -0.6154
vn -0.2863 0.7366 -0.6127
vn -0.2273 0.6701 -0.7066
vn -0.2924 0.6407 -0.7099
vn -0.3438 0.7970 -0.4965
vn -0.4246 0.7560 -0.4982
vn -0.4836 0.7985 -0.3585
vn -0.3988 0.8445 -0.3576
vn -0.5007 0.7086 -0.4971
vn -0.4247 0.7560 -0.4982
vn -0.1017 0.7389 -0.6661
vn -0.1728 0.7144 -0.6781
vn -0.2089 0.7680 -0.6054
vn -0.1295 0.7954 -0.5921
vn -0.1727 0.7144 -0.6781
vn -0.0931 0.7215 -0.6862
vn -0.1624 0.6976 -0.6978
vn -0.1623 0.6977 -0.6978
vn -0.1656 0.8626 -0.4780
vn -0.3072 0.8836 -0.3533
vn -0.2055 0.9157 -0.3455
vn -0.2577 0.8320 -0.4913
vn -0.1296 0.7954 -0.5921
vn -0.2088 0.7680 -0.6054
vn -0.1656 0.8625 -0.4781
vn -0.3438 0.7970 -0.4966
vn -0.2578 0.8320 -0.4913
vn 0.0249 0.8324 -0.5537
vn -0.0280 0.7559 -0.6541
vn -0.0510 0.8179 -0.5731
vn 0.0463 0.7646 -0.6429
vn -0.0196 0.7366 -0.6761
vn 0.0463 0.7645 -0.6429
vn 0.0542 0.7428 -0.6673
vn 0.4864 0.6771 -0.5523
vn 0.5767 0.6842 -0.4464
vn 0.5568 0.6383 -0.5316
vn 0.5000 0.7271 -0.4705
vn 0.6482 0.6365 -0.4180
vn 0.6233 0.5965 -0.5055
vn 0.5495 0.6262 -0.5532
vn 0.6234 0.5965 -0.5055
vn 0.6149 0.5863 -0.5274
vn 0.1250 0.7437 -0.6568
vn 0.1192 0.7665 -0.6311
vn 0.1910 0.7630 -0.6176
vn 0.1942 0.7411 -0.6427
vn 0.0464 0.7645 -0.6429
vn 0.1003 0.8368 -0.5383
vn 0.0464 0.7646 -0.6429
vn 0.0250 0.8324 -0.5537
vn 0.4175 0.7641 -0.4918
vn 0.3357 0.7376 -0.5858
vn 0.3352 0.7930 -0.5087
vn 0.4104 0.7121 -0.5697
vn 0.5000 0.7271 -0.4704
vn 0.4863 0.6771 -0.5523
vn 0.4072 0.6967 -0.5906
vn 0.4810 0.6630 -0.5737
vn 0.2548 0.8157 -0.5193
vn 0.1764 0.8310 -0.5276
vn 0.2634 0.7538 -0.6020
vn 0.2548 0.8157 -0.5194
vn 0.2640 0.7345 -0.6251
vn 0.3343 0.7210 -0.6070
vn 0.5942 0.7900 -0.1514
vn 0.5105 0.7898 -0.3400
vn 0.5089 0.8410 -0.1837
vn 0.5929 0.7427 -0.3112
vn 0.6740 0.7294 -0.1173
vn 0.5930 0.7427 -0.3111
vn 0.5942 0.7899 -0.1513
vn 0.6695 0.6881 -0.2799
vn 0.5929 0.7427 -0.3111
vn 0.7339 0.6736 0.0874
vn 0.6240 0.7538 0.2059
vn 0.6994 0.6721 0.2432
vn 0.6583 0.7512 0.0484
vn 0.7650 0.5759 0.2883
vn 0.7340 0.6735 0.0874
vn 0.8193 0.5722 -0.0356
vn 0.7493 0.6575 -0.0790
vn 0.5886 0.7460 0.3115
vn 0.6653 0.6613 0.3466
vn 0.5747 0.7469 0.3344
vn 0.6532 0.6617 0.3681
vn 0.7199 0.5595 0.4107
vn 0.4156 0.8834 -0.2163
vn 0.3269 0.8612 -0.3892
vn 0.3143 0.9163 -0.2483
vn 0.4211 0.8292 -0.3676
vn 0.4157 0.8834 -0.2163
vn 0.5105 0.7898 -0.3401
vn 0.5780 0.8159 0.0133
vn 0.4624 0.8753 0.1414
vn 0.5449 0.8202 0.1742
vn 0.4927 0.8700 -0.0207
vn 0.6583 0.7512 0.0483
vn 0.6740 0.7294 -0.1172
vn 0.4320 0.8647 0.2562
vn 0.5104 0.8116 0.2843
vn 0.5448 0.8202 0.1742
vn 0.4623 0.8753 0.1415
vn 0.5104 0.8116 0.2844
vn 0.4199 0.8619 0.2844
vn 0.4964 0.8110 0.3096
vn 0.4963 0.8110 0.3096
vn 0.5747 0.7469 0.3345
vn 0.2155 0.9367 -0.2759
vn 0.1519 0.9011 -0.4060
vn 0.1318 0.9459 -0.2965
vn 0.2345 0.8858 -0.4004
vn 0.2155 0.9367 -0.2758
vn 0.4000 0.9148 -0.0564
vn 0.2802 0.9576 0.0668
vn 0.3734 0.9217 0.1051
vn 0.3009 0.9488 -0.0960
vn 0.4927 0.8700 -0.0208
vn 0.3734 0.9217 0.1052
vn 0.4623 0.8754 0.1414
vn 0.4157 0.8834 -0.2162
vn 0.4000 0.9148 -0.0565
vn 0.5089 0.8410 -0.1836
vn 0.3482 0.9107 0.2224
vn 0.2590 0.9475 0.1874
vn 0.3389 0.9062 0.2528
vn 0.3481 0.9107 0.2224
vn 0.2515 0.9427 0.2190
vn 0.0561 0.9484 -0.3121
vn 0.0017 0.9017 -0.4324
vn -0.0204 0.9457 -0.3244
vn 0.0760 0.9065 -0.4154
vn 0.0760 0.9064 -0.4154
vn 0.1519 0.9011 -0.4061
vn -0.0764 0.8869 -0.4557
vn -0.1050 0.9363 -0.3350
vn -0.0764 0.8869 -0.4556
vn 0.0249 0.8324 -0.5536
vn 0.1871 0.9820 0.0275
vn 0.1173 0.9777 -0.1744
vn 0.0961 0.9953 -0.0079
vn 0.2039 0.9692 -0.1382
vn 0.2801 0.9576 0.0667
vn 0.3008 0.9488 -0.0960
vn 0.3008 0.9488 -0.0961
vn 0.3143 0.9163 -0.2482
vn 0.0960 0.9953 -0.0078
vn 0.1677 0.9735 0.1557
vn 0.1871 0.9820 0.0276
vn 0.0746 0.9890 0.1280
vn 0.1609 0.9686 0.1895
vn 0.0747 0.9890 0.1280
vn 0.0681 0.9840 0.1649
vn 0.2589 0.9475 0.1874
vn 0.1608 0.9686 0.1895
vn 0.0024 0.9995 -0.0323
vn -0.0526 0.9773 -0.2054
vn -0.0951 0.9946 -0.0423
vn 0.0342 0.9797 -0.1974
vn 0.0960 0.9954 -0.0079
vn 0.0341 0.9797 -0.1974
vn 0.1173 0.9776 -0.1745
vn -0.2500 0.9473 -0.2001
vn -0.1463 0.9682 -0.2029
vn -0.2054 0.9157 -0.3454
vn -0.2921 0.9555 -0.0420
vn -0.1464 0.9682 -0.2029
vn -0.2500 0.9474 -0.2000
vn -0.1932 0.9802 -0.0424
vn -0.0527 0.9773 -0.2054
vn -0.1931 0.9803 -0.0423
vn -0.0952 0.9946 -0.0423
vn -0.0294 0.9892 0.1435
vn -0.0234 0.9942 0.1054
vn -0.1244 0.9882 0.0897
vn -0.1295 0.9837 0.1250
vn -0.0293 0.9892 0.1435
vn -0.3073 0.8836 -0.3532
vn -0.4450 0.8715 -0.2062
vn -0.3518 0.9140 -0.2021
vn -0.3988 0.8445 -0.3575
vn -0.4795 0.8760 -0.0516
vn -0.3519 0.9140 -0.2021
vn -0.3879 0.9206 -0.0457
vn -0.2500 0.9473 -0.2000
vn -0.2266 0.9677 0.1104
vn -0.2217 0.9719 0.0796
vn -0.3164 0.9460 0.0711
vn -0.3212 0.9419 0.0985
vn -0.2217 0.9719 0.0797
vn -0.0952 0.9946 -0.0422
vn -0.6116 0.7646 -0.2032
vn -0.4836 0.7985 -0.3584
vn -0.5321 0.8209 -0.2073
vn -0.6448 0.7626 -0.0519
vn -0.5322 0.8209 -0.2072
vn -0.6117 0.7646 -0.2032
vn -0.5668 0.8221 -0.0549
vn -0.5667 0.8221 -0.0549
vn -0.5038 0.8600 0.0811
vn -0.4135 0.9062 0.0886
vn -0.4984 0.8652 0.0556
vn -0.4084 0.9106 0.0629
vn -0.3213 0.9418 0.0985
vn -0.2921 0.9555 -0.0419
vn -0.4085 0.9106 0.0629
vn -0.7555 0.6287 -0.1840
vn -0.6373 0.6867 -0.3497
vn -0.7089 0.6174 -0.3409
vn -0.6856 0.7014 -0.1950
vn -0.7817 0.6230 -0.0298
vn -0.7555 0.6288 -0.1839
vn -0.7159 0.6969 -0.0426
vn -0.6117 0.7646 -0.2031
vn -0.6855 0.7015 -0.1949
vn -0.7158 0.6970 -0.0426
vn -0.5849 0.8095 0.0512
vn -0.6690 0.7389 0.0804
vn -0.5908 0.8031 0.0771
vn -0.6623 0.7473 0.0537
vn -0.5038 0.8600 0.0812
vn -0.5667 0.8221 -0.0548
vn -0.4796 0.8760 -0.0515
vn -0.8734 0.4618 -0.1544
vn -0.7748 0.5400 -0.3288
vn -0.8327 0.4568 -0.3129
vn -0.8189 0.5481 -0.1704
vn -0.8898 0.4564 -0.0018
vn -0.8735 0.4618 -0.1544
vn -0.8401 0.5421 -0.0161
vn -0.7556 0.6287 -0.1840
vn -0.8401 0.5422 -0.0161
vn -0.7368 0.6698 0.0926
vn -0.7309 0.6794 0.0646
vn -0.7915 0.6059 0.0794
vn -0.7945 0.5975 0.1084
vn -0.6449 0.7625 -0.0518
vn -0.7158 0.6970 -0.0425
vn -0.9545 0.2753 -0.1150
vn -0.8823 0.3679 -0.2936
vn -0.9224 0.2751 -0.2711
vn -0.9189 0.3702 -0.1360
vn -0.9620 0.2713 0.0314
vn -0.9545 0.2753 -0.1149
vn -0.9307 0.3656 0.0137
vn -0.8735 0.4617 -0.1544
vn -0.9189 0.3703 -0.1360
vn -0.8898 0.4563 -0.0018
vn -0.8438 0.5226 0.1221
vn -0.8441 0.5281 0.0930
vn -0.8890 0.4458 0.1049
vn -0.8864 0.4434 0.1329
vn -0.8438 0.5227 0.1221
vn -0.9939 0.0875 -0.0676
vn -0.9793 0.1806 -0.0918
vn -0.9937 0.0869 0.0705
vn -0.9793 0.1806 -0.0917
vn -0.9827 0.1779 0.0509
vn -0.9506 0.2681 0.1566
vn -0.9264 0.3578 0.1173
vn -0.9549 0.2664 0.1311
vn -0.9227 0.3575 0.1442
vn -0.9847 0.0900 0.1492
vn -0.9827 0.1778 0.0510
vn -0.9738 0.1774 0.1424
vn -0.9823 0.0963 0.1607
vn -0.9697 0.1820 0.1631
vn -0.9953 -0.0931 -0.0255
vn -0.9810 -0.0050 -0.1941
vn -0.9990 -0.0034 -0.0447
vn -0.9916 -0.0845 0.0984
vn -0.9962 0.0001 0.0871
vn -0.9939 0.0874 -0.0676
vn -0.9962 -0.0000 0.0870
vn -0.9832 -0.0787 0.1648
vn -0.9878 0.0039 0.1558
vn -0.9821 -0.0770 0.1719
vn -0.9870 0.0078 0.1605
vn -0.9632 -0.2687 -0.0020
vn -0.9699 -0.1911 -0.1510
vn -0.9833 -0.1814 -0.0112
vn -0.9624 -0.2499 0.1066
vn -0.9833 -0.1814 -0.0113
vn -0.9632 -0.2687 -0.0019
vn -0.9802 -0.1679 0.1048
vn -0.9573 -0.2328 0.1716
vn -0.9624 -0.2499 0.1067
vn -0.9725 -0.1570 0.1719
vn -0.9560 -0.2260 0.1870
vn -0.9725 -0.1570 0.1718
vn -0.9708 -0.1531 0.1848
vn -0.8751 -0.4699 -0.1159
vn -0.9306 -0.3659 0.0014
vn -0.9150 -0.3849 -0.1207
vn -0.8936 -0.4488 -0.0067
vn -0.9355 -0.3395 0.0976
vn -0.9624 -0.2500 0.1066
vn -0.9356 -0.3394 0.0975
vn -0.9375 -0.3105 0.1572
vn -0.9207 -0.3595 0.1521
vn -0.9389 -0.2976 0.1731
vn -0.9389 -0.2975 0.1731
vn -0.7246 -0.5465 -0.4199
vn -0.7326 -0.6451 -0.2171
vn -0.8371 -0.5344 -0.1171
vn -0.8053 -0.5477 -0.2268
vn -0.7687 -0.6273 -0.1244
vn -0.8053 -0.5477 -0.2269
vn -0.6916 -0.6495 -0.3161
vn -0.7635 -0.5488 -0.3404
vn 0.8647 0.4829 0.1382
vn -0.8821 -0.4453 0.1536
vn -0.8951 -0.4323 0.1091
vn -0.8665 -0.4914 0.0876
vn -0.9069 -0.3861 0.1685
vn -0.8951 -0.4323 0.1092
vn -0.8595 -0.5108 -0.0176
vn -0.8595 -0.5109 -0.0176
vn -0.8371 -0.5343 -0.1171
vn -0.7172 -0.6835 -0.1356
vn -0.6125 -0.7613 -0.2129
vn -0.6534 -0.7427 -0.1465
vn -0.6784 -0.7021 -0.2162
vn -0.6471 -0.6432 -0.4093
vn -0.5554 -0.8050 -0.2086
vn -0.6125 -0.7613 -0.2128
vn -0.5983 -0.7867 -0.1522
vn -0.5162 -0.8121 -0.2720
vn -0.5045 -0.8392 -0.2033
vn -0.4538 -0.8536 -0.2559
vn -0.6934 -0.7154 -0.0863
vn -0.7325 -0.6799 -0.0335
vn -0.6784 -0.7021 -0.2161
vn -0.8665 -0.4913 0.0876
vn -0.6808 -0.7300 -0.0604
vn -0.5859 -0.8002 -0.1284
vn -0.6389 -0.7623 -0.1031
vn -0.7325 -0.6800 -0.0335
vn -0.6808 -0.7300 -0.0603
vn -0.7664 -0.6424 0.0023
vn 0.6801 0.7207 0.1347
vn 0.6811 0.7196 0.1349
vn -0.6603 -0.7451 -0.0934
vn -0.6987 -0.7133 -0.0544
vn -0.7228 -0.6902 -0.0345
vn -0.5112 -0.8490 -0.1334
vn -0.0360 -0.9984 -0.0437
vn -0.0178 -0.9938 -0.1095
vn -0.0359 -0.9984 -0.0436
vn -0.0586 -0.9982 0.0091
vn -0.1007 -0.9928 0.0653
vn -0.0987 -0.9930 0.0645
vn -0.0932 -0.9939 0.0594
vn -0.0979 -0.9932 0.0633
vn -0.1939 -0.3471 0.9176
vn -0.1095 -0.2725 0.9559
vn -0.0761 -0.9963 0.0391
vn -0.0866 -0.9949 0.0527
vn 0.0158 -0.9969 0.0768
vn 0.0070 -0.9983 0.0579
vn -0.0010 -0.9781 -0.2082
vn 0.0159 -0.9967 0.0794
vn 0.0190 -0.9964 0.0825
vn -0.0420 -0.8954 -0.4433
vn -0.0210 -0.9301 -0.3667
vn 0.0041 -0.9976 0.0689
vn 0.0089 -0.9973 0.0727
vn 0.1052 -0.9830 -0.1505
vn 0.1002 -0.9937 -0.0500
vn 0.0679 -0.9956 -0.0653
vn 0.1463 -0.9803 -0.1324
vn 0.0573 -0.1012 0.9932
vn -0.1043 -0.0656 0.9924
vn 0.0571 -0.1024 0.9931
vn 0.2025 -0.1376 0.9696
vn 0.3173 -0.1660 0.9337
vn 0.2027 -0.1377 0.9695
vn 0.3168 -0.1659 0.9339
vn 0.5052 -0.2269 0.8326
vn 0.4164 -0.1941 0.8882
vn 0.4156 -0.1938 0.8887
vn 0.5042 -0.2265 0.8334
vn 0.5850 -0.2643 0.7667
vn 0.6521 -0.3017 0.6955
vn 0.5862 -0.2649 0.7657
vn 0.6511 -0.3010 0.6968
vn 0.7096 -0.3354 0.6197
vn 0.7741 -0.3699 0.5138
vn 0.7108 -0.3361 0.6179
vn 0.7732 -0.3694 0.5155
vn 0.8733 -0.4143 0.2562
vn 0.8320 -0.3977 0.3867
vn 0.8317 -0.3976 0.3876
vn 0.8732 -0.4143 0.2567
vn 0.0021 -0.9977 0.0680
vn 0.0038 -0.9976 0.0685
vn 0.9140 -0.4050 0.0243
vn 0.8981 -0.4173 0.1391
vn 0.8980 -0.4173 0.1394
vn 0.9140 -0.4050 0.0241
vn 0.3744 0.1410 -0.9165
vn 0.5486 0.1079 -0.8291
vn 0.3798 0.1406 -0.9143
vn 0.5442 0.1094 -0.8318
vn 0.5487 0.1080 -0.8290
vn 0.7160 0.0221 -0.6977
vn 0.7173 0.0211 -0.6965
vn 0.5443 0.1093 -0.8318
vn 0.8334 -0.1050 -0.5426
vn 0.8875 -0.2142 -0.4080
vn 0.8879 -0.2152 -0.4067
vn 0.8326 -0.1036 -0.5441
vn 0.0102 -0.9818 -0.1897
vn 0.0401 -0.9661 -0.2552
vn 0.1085 -0.9299 -0.3515
vn 0.0751 -0.9474 -0.3112
vn -0.0032 -0.9996 0.0274
vn -0.0116 -0.9998 -0.0149
vn 0.9222 -0.3663 -0.1244
vn 0.9127 -0.2992 -0.2783
vn 0.9127 -0.2992 -0.2784
vn 0.9222 -0.3660 -0.1251
vn -0.9299 -0.3407 -0.1387
vn -0.9053 -0.3447 -0.2483
vn -0.9301 -0.3405 -0.1373
vn -0.9050 -0.3447 -0.2493
vn -0.9302 -0.3405 -0.1373
vn -0.9452 -0.3257 -0.0229
vn -0.9299 -0.3406 -0.1387
vn -0.9453 -0.3254 -0.0213
vn -0.9481 -0.3029 0.0966
vn -0.9370 -0.2762 0.2137
vn -0.9373 -0.2762 0.2128
vn -0.9481 -0.3026 0.0981
vn -0.9139 -0.2502 0.3197
vn -0.8766 -0.2247 0.4255
vn -0.8767 -0.2239 0.4257
vn -0.9139 -0.2499 0.3198
vn -0.8195 -0.1982 0.5377
vn -0.7486 -0.1730 0.6401
vn -0.7490 -0.1731 0.6395
vn -0.8193 -0.1981 0.5381
vn -0.6725 -0.1528 0.7241
vn -0.5799 -0.1322 0.8039
vn -0.5797 -0.1322 0.8040
vn -0.6723 -0.1527 0.7244
vn -0.3574 -0.0698 0.9313
vn -0.3569 -0.0696 0.9316
vn -0.2463 -0.0519 0.9678
vn -0.3573 -0.0698 0.9314
vn -0.4679 -0.1035 0.8777
vn -0.3568 -0.0696 0.9316
vn -0.4680 -0.1035 0.8777
vn 0.0936 0.1574 -0.9831
vn 0.2269 0.1521 -0.9620
vn 0.0929 0.1574 -0.9832
vn 0.2262 0.1522 -0.9621
vn -0.1504 0.0996 -0.9836
vn -0.0274 0.1423 -0.9894
vn -0.1501 0.0997 -0.9836
vn -0.4717 -0.0882 -0.8773
vn -0.3796 -0.0246 -0.9248
vn -0.4714 -0.0879 -0.8775
vn -0.3795 -0.0245 -0.9249
vn -0.6548 -0.2174 -0.7238
vn -0.5665 -0.1551 -0.8094
vn -0.6551 -0.2176 -0.7235
vn -0.5666 -0.1552 -0.8092
vn -0.7197 -0.2625 -0.6428
vn -0.7193 -0.2623 -0.6432
vn -0.0630 -0.8696 -0.4897
vn -0.0719 -0.8606 -0.5042
vn -0.0143 -0.9976 -0.0682
vn -0.0076 -0.9919 -0.1271
vn 0.1422 -0.9130 -0.3823
vn 0.1741 -0.8979 -0.4044
vn -0.0676 -0.9961 0.0559
vn -0.0757 -0.9955 0.0573
vn -0.0086 -0.9836 -0.1802
vn -0.0089 -0.9630 -0.2695
vn -0.8430 0.4145 -0.3430
vn -0.8367 0.4785 -0.2663
vn -0.8430 0.4125 -0.3454
vn -0.8361 0.4808 -0.2643
vn -0.8382 0.3470 -0.4208
vn -0.8211 0.2770 -0.4991
vn -0.8217 0.2791 -0.4969
vn -0.8378 0.3449 -0.4232
vn -0.8176 0.5450 -0.1857
vn -0.7891 0.6043 -0.1102
vn -0.8183 0.5431 -0.1880
vn -0.7878 0.6063 -0.1082
vn -0.7537 0.1439 -0.6413
vn -0.7939 0.2118 -0.5700
vn -0.7929 0.2098 -0.5722
vn -0.7550 0.1459 -0.6392
vn -0.7470 0.6640 -0.0330
vn -0.6977 0.7154 0.0373
vn -0.7484 0.6623 -0.0352
vn -0.6959 0.7171 0.0391
vn -0.6443 0.0200 -0.7645
vn -0.7056 0.0823 -0.7038
vn -0.7039 0.0804 -0.7057
vn -0.6463 0.0218 -0.7628
vn -0.5650 0.8073 0.1701
vn -0.6369 0.7638 0.1051
vn -0.6349 0.7651 0.1071
vn -0.5672 0.8062 0.1683
vn -0.4172 -0.1334 -0.8990
vn -0.4988 -0.0887 -0.8622
vn -0.4145 -0.1347 -0.9000
vn -0.5011 -0.0867 -0.8610
vn -0.4871 0.8433 0.2273
vn -0.4895 0.8423 0.2257
vn -0.2320 -0.2083 -0.9502
vn -0.3244 -0.1757 -0.9295
vn -0.2290 -0.2093 -0.9507
vn -0.3271 -0.1741 -0.9288
vn -0.3112 0.8944 0.3214
vn -0.4046 0.8716 0.2766
vn -0.4021 0.8724 0.2780
vn -0.3138 0.8938 0.3203
vn -0.1163 0.9157 0.3846
vn -0.2183 0.9086 0.3562
vn -0.2155 0.9089 0.3571
vn -0.1191 0.9156 0.3839
vn 0.0706 -0.2682 -0.9608
vn -0.0288 -0.2567 -0.9661
vn 0.0737 -0.2685 -0.9605
vn -0.0319 -0.2557 -0.9662
vn 0.0874 0.9063 0.4135
vn 0.1865 0.8905 0.4150
vn 0.0846 0.9066 0.4133
vn 0.1893 0.8901 0.4146
vn 0.1728 -0.2730 -0.9464
vn 0.0736 -0.2689 -0.9603
vn 0.1759 -0.2731 -0.9458
vn 0.3839 0.8366 0.3907
vn 0.2895 0.8665 0.4067
vn 0.3866 0.8358 0.3899
vn 0.2867 0.8672 0.4070
vn 0.3741 -0.2590 -0.8905
vn 0.2734 -0.2701 -0.9232
vn 0.2764 -0.2699 -0.9224
vn 0.3712 -0.2594 -0.8916
vn 0.5643 0.7559 0.3319
vn 0.4794 0.7984 0.3644
vn 0.5666 0.7548 0.3306
vn 0.4768 0.7995 0.3652
vn 0.5557 -0.2147 -0.8032
vn 0.4649 -0.2412 -0.8519
vn 0.4676 -0.2405 -0.8506
vn 0.5532 -0.2156 -0.8047
vn 0.6450 0.7070 0.2901
vn 0.7200 0.6512 0.2398
vn 0.7181 0.6528 0.2413
vn 0.6471 0.7055 0.2889
vn 0.7113 -0.1428 -0.6882
vn 0.7748 -0.0984 -0.6245
vn 0.7092 -0.1437 -0.6902
vn 0.7766 -0.0970 -0.6225
vn 0.7841 0.5927 0.1840
vn 0.7825 0.5944 0.1857
vn 0.8326 -0.0464 -0.5519
vn 0.8771 0.0080 -0.4803
vn 0.8310 -0.0476 -0.5542
vn 0.8783 0.0096 -0.4781
vn 0.8374 0.5323 0.1240
vn 0.8832 0.4657 0.0552
vn 0.8821 0.4675 0.0572
vn 0.8388 0.5305 0.1222
vn 0.9134 0.0692 -0.4012
vn 0.9365 0.1307 -0.3254
vn 0.9124 0.0677 -0.4036
vn 0.9370 0.1325 -0.3231
vn 0.9160 0.4008 -0.0140
vn 0.9392 0.3312 -0.0908
vn 0.9387 0.3331 -0.0887
vn 0.9168 0.3989 -0.0161
vn 0.9498 0.2652 -0.1657
vn 0.9500 0.2633 -0.1679
vn 0.9494 0.1978 -0.2440
vn 0.9491 0.1962 -0.2465
vn 0.5460 0.7570 0.3589
vn 0.4514 0.8011 0.3930
vn 0.5462 0.7569 0.3588
vn 0.4511 0.8012 0.3931
vn 0.1375 0.8891 0.4366
vn 0.2453 0.8678 0.4322
vn 0.1374 0.8891 0.4366
vn 0.2455 0.8677 0.4322
vn 0.6338 0.7062 0.3154
vn 0.6335 0.7064 0.3156
vn 0.5460 0.7571 0.3589
vn -0.0807 0.9065 0.4145
vn 0.0282 0.9021 0.4306
vn 0.7822 0.5887 0.2039
vn 0.7126 0.6501 0.2637
vn 0.7129 0.6499 0.2635
vn 0.7819 0.5890 0.2042
vn -0.1876 0.9022 0.3883
vn -0.1877 0.9022 0.3883
vn 0.8879 0.4554 0.0653
vn 0.8406 0.5239 0.1378
vn 0.8408 0.5236 0.1375
vn 0.8877 0.4558 0.0656
vn -0.2912 0.8893 0.3526
vn -0.3894 0.8681 0.3079
vn -0.3896 0.8680 0.3078
vn -0.2910 0.8894 0.3526
vn 0.9226 0.3856 -0.0114
vn 0.9448 0.3142 -0.0925
vn 0.9448 0.3145 -0.0921
vn 0.9227 0.3853 -0.0118
vn -0.4815 0.8387 0.2545
vn -0.5653 0.8018 0.1939
vn -0.5656 0.8016 0.1937
vn -0.4813 0.8388 0.2547
vn 0.9329 0.1057 -0.3442
vn 0.9499 0.1732 -0.2601
vn 0.9328 0.1054 -0.3445
vn 0.9500 0.1736 -0.2597
vn -0.7590 0.6506 -0.0250
vn -0.7051 0.7071 0.0532
vn -0.7588 0.6509 -0.0246
vn -0.7054 0.7069 0.0529
vn 0.8609 -0.0197 -0.5084
vn 0.9029 0.0407 -0.4278
vn 0.8607 -0.0199 -0.5087
vn 0.9031 0.0410 -0.4275
vn -0.8403 0.4900 -0.2320
vn -0.8109 0.5703 -0.1309
vn -0.8401 0.4905 -0.2314
vn 0.7421 -0.1256 -0.6584
vn 0.8068 -0.0757 -0.5860
vn 0.7419 -0.1258 -0.6586
vn 0.8070 -0.0755 -0.5857
vn 0.6672 -0.1693 -0.7254
vn 0.6671 -0.1694 -0.7255
vn 0.5835 -0.2059 -0.7856
vn 0.4919 -0.2349 -0.8383
vn 0.4920 -0.2349 -0.8383
vn 0.5833 -0.2059 -0.7857
vn 0.3942 -0.2559 -0.8827
vn 0.2914 -0.2687 -0.9181
vn 0.3941 -0.2559 -0.8827
vn -0.8502 0.4067 -0.3343
vn -0.8502 0.4077 -0.3331
vn -0.0315 -0.2558 -0.9662
vn 0.0771 -0.2686 -0.9602
vn -0.0313 -0.2559 -0.9662
vn 0.0770 -0.2686 -0.9602
vn -0.8398 0.3153 -0.4419
vn -0.8397 0.3148 -0.4425
vn -0.1386 -0.2348 -0.9621
vn -0.2435 -0.2056 -0.9479
vn -0.1389 -0.2347 -0.9621
vn -0.2431 -0.2058 -0.9479
vn -0.7814 0.1742 -0.5992
vn -0.8168 0.2438 -0.5229
vn -0.8169 0.2442 -0.5225
vn -0.7811 0.1738 -0.5997
vn -0.3434 -0.1691 -0.9238
vn -0.4384 -0.1253 -0.8900
vn -0.3438 -0.1690 -0.9237
vn -0.4380 -0.1254 -0.8902
vn -0.6747 0.0415 -0.7369
vn -0.7335 0.1060 -0.6714
vn -0.7338 0.1063 -0.6710
vn -0.6743 0.0412 -0.7373
vn -0.6051 -0.0192 -0.7959
vn -0.5259 -0.0751 -0.8472
vn -0.5255 -0.0753 -0.8474
vn -0.6047 -0.0195 -0.7962
vn 0.3865 0.8419 0.3766
vn 0.4676 0.8094 0.3553
vn 0.3881 0.8413 0.3762
vn 0.4660 0.8101 0.3557
vn 0.6794 0.6876 0.2564
vn 0.6126 0.7330 0.2957
vn 0.6782 0.6884 0.2571
vn 0.6139 0.7322 0.2950
vn 0.2189 0.8905 0.3989
vn 0.3055 0.8683 0.3908
vn 0.2206 0.8901 0.3988
vn 0.3039 0.8688 0.3910
vn 0.6794 0.6876 0.2563
vn 0.7379 0.6404 0.2132
vn 0.7388 0.6397 0.2121
vn 0.0470 0.9174 0.3952
vn 0.0453 0.9176 0.3950
vn 0.1325 0.9068 0.4003
vn 0.1342 0.9067 0.3999
vn 0.7918 0.5884 0.1636
vn 0.8369 0.5358 0.1115
vn 0.8376 0.5350 0.1102
vn 0.7909 0.5894 0.1645
vn -0.1260 0.9223 0.3654
vn -0.1277 0.9222 0.3650
vn -0.0417 0.9227 0.3832
vn -0.0399 0.9228 0.3832
vn 0.8760 0.4794 0.0535
vn 0.9059 0.4234 -0.0057
vn 0.9063 0.4225 -0.0070
vn 0.8754 0.4803 0.0545
vn -0.1276 0.9222 0.3650
vn -0.2102 0.9162 0.3411
vn -0.2118 0.9160 0.3406
vn -0.1259 0.9224 0.3651
vn 0.9423 0.3064 -0.1348
vn 0.9421 0.3073 -0.1338
vn 0.9474 0.2494 -0.2003
vn 0.9474 0.2486 -0.2014
vn -0.2934 0.9043 0.3102
vn -0.3701 0.8874 0.2748
vn -0.3715 0.8871 0.2740
vn -0.2917 0.9047 0.3105
vn 0.9267 0.1189 -0.3566
vn 0.9443 0.1919 -0.2675
vn 0.9271 0.1202 -0.3550
vn 0.9440 0.1915 -0.2687
vn -0.4455 0.8645 0.2326
vn -0.5135 0.8375 0.1870
vn -0.5146 0.8369 0.1862
vn -0.4441 0.8651 0.2331
vn -0.5783 0.8045 0.1353
vn -0.6350 0.7683 0.0813
vn -0.6359 0.7676 0.0804
vn -0.5772 0.8052 0.1360
vn 0.8014 -0.0628 -0.5949
vn 0.8583 -0.0039 -0.5131
vn 0.8019 -0.0623 -0.5942
vn 0.8577 -0.0036 -0.5141
vn -0.7671 0.6333 -0.1025
vn -0.7299 0.6824 -0.0383
vn -0.7663 0.6343 -0.1019
vn -0.7305 0.6817 -0.0393
vn 0.6914 -0.1409 -0.7086
vn 0.7504 -0.1038 -0.6528
vn 0.6920 -0.1405 -0.7080
vn 0.7497 -0.1040 -0.6535
vn -0.8156 0.5290 -0.2345
vn -0.7948 0.5833 -0.1673
vn -0.8152 0.5299 -0.2338
vn -0.7951 0.5826 -0.1683
vn 0.6921 -0.1407 -0.7080
vn 0.6269 -0.1733 -0.7596
vn 0.6276 -0.1729 -0.7591
vn -0.8309 0.4171 -0.3683
vn -0.8272 0.4747 -0.3008
vn -0.8307 0.4180 -0.3677
vn -0.8273 0.4739 -0.3017
vn 0.5570 -0.2007 -0.8059
vn 0.4829 -0.2227 -0.8469
vn 0.4822 -0.2232 -0.8471
vn 0.5577 -0.2004 -0.8055
vn -0.8256 0.3599 -0.4345
vn -0.8258 0.3605 -0.4337
vn -0.8123 0.3029 -0.4984
vn -0.8121 0.3022 -0.4991
vn 0.4034 -0.2398 -0.8830
vn 0.3220 -0.2510 -0.9129
vn 0.3213 -0.2514 -0.9130
vn -0.7906 0.2454 -0.5610
vn -0.8124 0.3028 -0.4984
vn -0.7903 0.2448 -0.5617
vn 0.0637 -0.2511 -0.9659
vn 0.0630 -0.2514 -0.9658
vn 0.1502 -0.2567 -0.9547
vn 0.1509 -0.2568 -0.9546
vn -0.7230 0.1336 -0.6778
vn -0.7604 0.1882 -0.6216
vn -0.7608 0.1886 -0.6210
vn -0.7226 0.1330 -0.6784
vn -0.0235 -0.2398 -0.9705
vn -0.1106 -0.2228 -0.9686
vn -0.0242 -0.2397 -0.9705
vn -0.1099 -0.2230 -0.9686
vn -0.6255 0.0293 -0.7797
vn -0.6773 0.0797 -0.7313
vn -0.6779 0.0800 -0.7308
vn -0.1947 -0.2009 -0.9601
vn -0.2776 -0.1733 -0.9449
vn -0.1953 -0.2006 -0.9600
vn -0.2769 -0.1735 -0.9451
vn 0.3829 -0.7310 0.5648
vn 0.5049 -0.7803 0.3689
vn 0.3851 -0.7326 0.5613
vn 0.1229 0.7552 -0.6438
vn 0.1231 0.7552 -0.6438
vn 0.1230 0.7552 -0.6438
vn 0.1236 0.7552 -0.6438
vn 0.1237 0.7552 -0.6437
vn 0.1247 0.7548 -0.6440
vn 0.1249 0.7549 -0.6438
vn 0.1245 0.7550 -0.6438
vn 0.1237 0.7552 -0.6438
vn 0.1238 0.7551 -0.6438
vn 0.1246 0.7551 -0.6437
vn 0.1243 0.7543 -0.6447
vn -0.4316 -0.1044 -0.8960
vn -0.3566 -0.1411 -0.9235
vn -0.3560 -0.1414 -0.9237
vn -0.4310 -0.1047 -0.8963
vn -0.2005 0.9499 -0.2399
vn -0.2015 0.9495 -0.2406
vn -0.1582 0.9639 -0.2143
vn -0.1574 0.9641 -0.2139
vn 0.1243 0.7549 -0.6440
vn 0.1242 0.7555 -0.6432
vn 0.1248 0.7554 -0.6433
vn 0.1245 0.7555 -0.6433
vn -0.1118 0.9750 -0.1919
vn -0.1573 0.9641 -0.2139
vn -0.1112 0.9751 -0.1917
vn -0.0627 0.9828 -0.1735
vn -0.0123 0.9871 -0.1598
vn -0.0125 0.9871 -0.1598
vn -0.0629 0.9828 -0.1736
vn 0.1433 0.9789 -0.1459
vn 0.1419 0.9791 -0.1458
vn 0.0906 0.9852 -0.1459
vn 0.0915 0.9851 -0.1458
vn 0.1244 0.7555 -0.6432
vn 0.1940 0.9694 -0.1506
vn 0.2412 0.9573 -0.1593
vn 0.1924 0.9697 -0.1504
vn 0.2431 0.9568 -0.1597
vn 0.1247 0.7554 -0.6433
vn 0.1238 0.7557 -0.6431
vn 0.2899 0.9413 -0.1732
vn 0.3316 0.9242 -0.1895
vn 0.2878 0.9420 -0.1724
vn 0.3339 0.9231 -0.1906
vn 0.1249 0.7552 -0.6435
vn 0.1250 0.7551 -0.6436
vn 0.1247 0.7553 -0.6434
vn 0.1251 0.7550 -0.6437
vn 0.3746 0.9027 -0.2116
vn 0.4093 0.8818 -0.2342
vn 0.3723 0.9040 -0.2103
vn 0.4116 0.8803 -0.2359
vn 0.4446 0.8562 -0.2631
vn 0.4714 0.8328 -0.2904
vn 0.4424 0.8580 -0.2611
vn 0.4734 0.8308 -0.2927
vn 0.5161 0.7797 -0.3547
vn 0.4977 0.8045 -0.3242
vn 0.5175 0.7775 -0.3574
vn 0.4959 0.8066 -0.3217
vn 0.5430 0.7250 -0.4238
vn 0.5329 0.7501 -0.3917
vn 0.5437 0.7227 -0.4267
vn 0.5318 0.7524 -0.3888
vn 0.5525 0.6709 -0.4946
vn 0.5502 0.6954 -0.4622
vn 0.5525 0.6687 -0.4976
vn 0.5498 0.6978 -0.4591
vn 0.5456 0.6193 -0.5646
vn 0.5507 0.6425 -0.5328
vn 0.5450 0.6172 -0.5675
vn 0.5510 0.6447 -0.5298
vn 0.5239 0.5716 -0.6316
vn 0.5356 0.5929 -0.6013
vn 0.5227 0.5698 -0.6341
vn 0.5365 0.5949 -0.5986
vn 0.4889 0.5287 -0.6939
vn 0.5066 0.5479 -0.6658
vn 0.4874 0.5273 -0.6960
vn 0.5079 0.5495 -0.6634
vn 0.4669 0.5094 -0.7228
vn 0.4653 0.5082 -0.7247
vn 0.4407 0.4905 -0.7518
vn 0.4150 0.4756 -0.7756
vn 0.4422 0.4917 -0.7501
vn 0.4134 0.4747 -0.7771
vn 0.3839 0.4604 -0.8004
vn 0.3538 0.4484 -0.8208
vn 0.3855 0.4611 -0.7992
vn 0.3523 0.4479 -0.8218
vn 0.3188 0.4372 -0.8410
vn 0.2848 0.4287 -0.8574
vn 0.3202 0.4376 -0.8402
vn 0.2835 0.4284 -0.8580
vn 0.2086 0.4166 -0.8848
vn 0.1701 0.4139 -0.8943
vn 0.2095 0.4167 -0.8845
vn 0.1694 0.4139 -0.8944
vn 0.0887 0.4147 -0.9056
vn 0.1293 0.4132 -0.9014
vn 0.0885 0.4148 -0.9056
vn 0.1297 0.4132 -0.9014
vn 0.0472 0.4185 -0.9070
vn 0.0886 0.4147 -0.9056
vn 0.0059 0.4246 -0.9054
vn -0.0352 0.4329 -0.9008
vn -0.0357 0.4330 -0.9007
vn 0.0056 0.4246 -0.9054
vn -0.0766 0.4437 -0.8929
vn -0.1156 0.4564 -0.8822
vn -0.1166 0.4566 -0.8820
vn -0.0758 0.4435 -0.8931
vn -0.1552 0.4720 -0.8678
vn -0.1910 0.4889 -0.8512
vn -0.1921 0.4897 -0.8505
vn -0.1541 0.4715 -0.8683
vn -0.2273 0.5091 -0.8301
vn -0.2585 0.5298 -0.8078
vn -0.2599 0.5308 -0.8067
vn -0.2260 0.5083 -0.8310
vn -0.2896 0.5543 -0.7803
vn -0.3148 0.5782 -0.7527
vn -0.3160 0.5795 -0.7512
vn -0.2883 0.5532 -0.7816
vn -0.3389 0.6062 -0.7195
vn -0.3568 0.6327 -0.6874
vn -0.3577 0.6342 -0.6855
vn -0.3378 0.6048 -0.7212
vn -0.3721 0.6631 -0.6495
vn -0.3815 0.6911 -0.6139
vn -0.3819 0.6927 -0.6118
vn -0.3715 0.6615 -0.6515
vn -0.3868 0.7227 -0.5728
vn -0.3868 0.7511 -0.5351
vn -0.3866 0.7527 -0.5329
vn -0.3867 0.7210 -0.5750
vn -0.3711 0.8098 -0.4544
vn -0.3812 0.7823 -0.4926
vn -0.3816 0.7808 -0.4947
vn -0.3704 0.8113 -0.4523
vn -0.3341 0.8644 -0.3756
vn -0.3543 0.8392 -0.4126
vn -0.3552 0.8379 -0.4145
vn -0.3331 0.8656 -0.3739
vn 0.1244 0.7556 -0.6431
vn 0.1246 0.7556 -0.6431
vn 0.1253 0.7541 -0.6446
vn 0.1245 0.7544 -0.6445
vn 0.1252 0.7541 -0.6447
vn 0.1250 0.7547 -0.6440
vn 0.1247 0.7545 -0.6444
vn 0.1250 0.7548 -0.6439
vn 0.5263 0.4720 0.7073
vn 0.6835 0.3555 0.6375
vn 0.7380 0.1916 0.6470
vn 0.7665 0.3019 0.5669
vn -0.5013 -0.0639 -0.8629
vn -0.5018 -0.0635 -0.8626
vn 0.1239 0.7545 -0.6445
vn 0.1249 0.7544 -0.6444
vn 0.1247 0.7544 -0.6444
vn 0.1238 0.7545 -0.6446
vn 0.1237 0.7545 -0.6446
vn -0.0318 -0.2557 -0.9662
vn -0.1302 -0.2368 -0.9628
vn -0.0287 -0.2562 -0.9662
vn -0.1331 -0.2356 -0.9627
vn 0.1251 0.7533 -0.6456
vn 0.1250 0.7533 -0.6457
vn 0.1252 0.7534 -0.6455
vn 0.1225 0.7553 -0.6438
vn 0.1231 0.7551 -0.6439
vn 0.1239 0.7548 -0.6441
vn 0.1227 0.7553 -0.6438
vn 0.0914 0.2758 -0.9569
vn 0.0910 0.2756 -0.9569
vn 0.2447 -0.3140 -0.9173
vn 0.2446 -0.3140 -0.9174
vn 0.2485 -0.3130 -0.9166
vn 0.2781 -0.3154 -0.9073
vn 0.2746 -0.3152 -0.9084
vn 0.2493 -0.3133 -0.9164
vn 0.3446 -0.2953 -0.8911
vn 0.3886 -0.1882 -0.9020
vn 0.3895 -0.1877 -0.9017
vn 0.4170 -0.1798 -0.8909
vn 0.4977 -0.0658 -0.8648
vn 0.4955 0.0540 -0.8669
vn 0.4672 0.0740 -0.8811
vn 0.4067 0.0915 -0.9089
vn 0.3935 0.1099 -0.9127
vn 0.3934 0.1100 -0.9128
vn 0.2374 0.2386 -0.9417
vn 0.1498 -0.3224 -0.9347
vn 0.1499 -0.3224 -0.9347
vn 0.1376 -0.3261 -0.9353
vn 0.1374 -0.3262 -0.9353
vn 0.1202 -0.3392 -0.9330
vn 0.1375 -0.3261 -0.9353
vn 0.0578 -0.3406 -0.9384
vn 0.0058 -0.3237 -0.9462
vn 0.0087 -0.3239 -0.9461
vn -0.1041 -0.2056 -0.9731
vn -0.1040 -0.2067 -0.9729
vn -0.1375 -0.0957 -0.9859
vn -0.1113 -0.0020 -0.9938
vn -0.1113 0.0003 -0.9938
vn -0.1113 -0.0019 -0.9938
vn -0.0868 0.1669 -0.9822
vn -0.0740 0.1957 -0.9779
vn -0.0277 0.2288 -0.9731
vn 0.0419 0.2417 -0.9695
vn -0.8692 -0.3374 -0.3614
vn -0.8200 -0.3182 -0.4757
vn -0.8695 -0.3375 -0.3607
vn 0.2538 -0.9486 -0.1890
vn 0.3137 -0.9299 -0.1922
vn 0.3859 -0.9072 -0.1677
vn 0.3802 -0.9135 -0.1449
vn 0.3639 -0.9240 -0.1171
vn -0.1868 -0.9257 -0.3290
vn -0.1895 -0.9247 -0.3303
vn 0.1622 -0.3280 -0.9306
vn -0.1740 -0.9617 -0.2116
vn -0.1614 -0.9811 -0.1066
vn -0.3736 -0.9204 -0.1158
vn -0.3416 -0.9324 -0.1182
vn -0.4778 -0.8656 -0.1497
vn -0.3735 -0.9204 -0.1158
vn -0.4777 -0.8657 -0.1497
vn -0.5426 -0.8308 -0.1240
vn 0.2380 -0.9712 0.0088
vn 0.3708 -0.9282 -0.0299
vn 0.2449 -0.9694 0.0149
vn 0.1324 -0.9903 -0.0416
vn 0.1463 -0.9803 -0.1325
vn 0.1001 -0.9937 -0.0501
vn -0.2756 0.9127 -0.3018
vn -0.2412 0.9321 -0.2703
vn -0.2401 0.9326 -0.2694
vn -0.8382 0.3470 -0.4209
vn -0.8432 0.4121 -0.3451
vn -0.8430 0.4145 -0.3429
vn -0.7929 0.2098 -0.5721
vn -0.7939 0.2118 -0.5699
vn -0.8210 0.2770 -0.4991
vn -0.8361 0.4808 -0.2642
vn -0.8186 0.5428 -0.1877
vn -0.8365 0.4788 -0.2666
vn -0.8176 0.5450 -0.1856
vn -0.7486 0.6621 -0.0349
vn -0.7889 0.6046 -0.1105
vn -0.7471 0.6639 -0.0330
vn -0.5756 -0.0364 -0.8169
vn -0.5778 -0.0348 -0.8154
vn -0.6371 0.7636 0.1055
vn -0.6975 0.7156 0.0370
vn -0.5779 -0.0348 -0.8154
vn -0.5758 -0.0369 -0.8168
vn -0.4986 -0.0883 -0.8623
vn -0.4047 0.8716 0.2766
vn -0.4146 -0.1352 -0.8999
vn -0.3242 -0.1752 -0.9296
vn -0.3111 0.8944 0.3214
vn -0.2291 -0.2097 -0.9505
vn -0.1301 -0.2364 -0.9629
vn -0.1332 -0.2356 -0.9627
vn -0.0178 0.9149 0.4034
vn -0.1192 0.9156 0.3839
vn -0.0148 0.9149 0.4035
vn 0.1105 0.9722 -0.2064
vn 0.1119 0.9721 -0.2063
vn 0.0845 0.9065 0.4137
vn -0.0177 0.9150 0.4031
vn 0.2867 0.8671 0.4073
vn 0.1894 0.8901 0.4146
vn 0.1865 0.8906 0.4147
vn 0.4793 0.7984 0.3644
vn 0.4768 0.7994 0.3655
vn 0.3839 0.8367 0.3905
vn 0.6373 -0.1819 -0.7489
vn 0.6350 -0.1829 -0.7506
vn 0.6472 0.7055 0.2889
vn 0.6451 0.7068 0.2904
vn 0.5642 0.7561 0.3317
vn 0.6374 -0.1822 -0.7487
vn 0.7112 -0.1425 -0.6884
vn 0.7842 0.5927 0.1840
vn 0.7767 -0.0973 -0.6223
vn 0.8325 -0.0461 -0.5521
vn 0.8784 0.0093 -0.4779
vn 0.8771 0.0080 -0.4802
vn 0.9133 0.0694 -0.4014
vn 0.9499 0.2650 -0.1655
vn 0.9387 0.3331 -0.0886
vn 0.9371 0.1323 -0.3229
vn 0.9493 0.1981 -0.2442
vn 0.3507 0.8382 0.4176
vn 0.3504 0.8383 0.4177
vn 0.3506 0.8382 0.4176
vn 0.6339 0.7062 0.3154
vn 0.6336 0.7064 0.3155
vn 0.8406 0.5239 0.1379
vn 0.7822 0.5887 0.2040
vn 0.9540 0.2432 -0.1756
vn 0.9539 0.2435 -0.1753
vn -0.6403 0.7577 0.1264
vn -0.6406 0.7575 0.1262
vn 0.9540 0.2431 -0.1757
vn -0.6403 0.7577 0.1265
vn 0.9328 0.1054 -0.3446
vn 0.8070 -0.0755 -0.5858
vn 0.6670 -0.1694 -0.7255
vn 0.4919 -0.2350 -0.8384
vn 0.1852 -0.2729 -0.9440
vn 0.1852 -0.2729 -0.9441
vn 0.0772 -0.2686 -0.9602
vn -0.8397 0.3149 -0.4424
vn -0.0313 -0.2558 -0.9662
vn -0.7812 0.1738 -0.5996
vn -0.7337 0.1063 -0.6710
vn -0.2431 -0.2057 -0.9479
vn -0.4380 -0.1255 -0.8902
vn -0.4384 -0.1252 -0.8900
vn 0.5431 0.7729 0.3281
vn 0.5416 0.7737 0.3287
vn 0.7389 0.6395 0.2124
vn 0.7918 0.5886 0.1633
vn 0.7378 0.6404 0.2133
vn 0.1342 0.9065 0.4003
vn 0.8377 0.5349 0.1105
vn 0.8759 0.4795 0.0533
vn 0.8369 0.5359 0.1115
vn -0.0400 0.9227 0.3835
vn -0.0416 0.9227 0.3832
vn 0.0471 0.9176 0.3948
vn 0.9064 0.4224 -0.0068
vn 0.9283 0.3655 -0.0687
vn 0.9285 0.3647 -0.0699
vn -0.2919 0.9046 0.3108
vn -0.2933 0.9043 0.3102
vn -0.2102 0.9164 0.3408
vn 0.9286 0.3646 -0.0697
vn 0.9421 0.3074 -0.1338
vn 0.9422 0.3066 -0.1349
vn -0.4442 0.8650 0.2334
vn -0.4455 0.8646 0.2326
vn -0.3700 0.8876 0.2745
vn 0.9475 0.2486 -0.2013
vn 0.9441 0.1923 -0.2677
vn 0.9440 0.1915 -0.2688
vn 0.9474 0.2494 -0.2004
vn -0.5147 0.8369 0.1862
vn -0.5773 0.8051 0.1362
vn -0.5134 0.8376 0.1868
vn 0.8981 0.0555 -0.4363
vn 0.8986 0.0563 -0.4352
vn -0.6870 0.7263 0.0225
vn -0.6349 0.7683 0.0814
vn -0.6860 0.7272 0.0230
vn -0.6358 0.7676 0.0804
vn 0.8981 0.0554 -0.4363
vn 0.8986 0.0563 -0.4351
vn 0.8581 -0.0032 -0.5135
vn -0.6868 0.7266 0.0220
vn -0.7308 0.6814 -0.0389
vn 0.8020 -0.0625 -0.5941
vn 0.7503 -0.1036 -0.6529
vn -0.7668 0.6336 -0.1029
vn -0.7663 0.6343 -0.1020
vn -0.7954 0.5823 -0.1680
vn 0.5570 -0.2009 -0.8058
vn 0.6276 -0.1730 -0.7591
vn -0.8154 0.5292 -0.2348
vn -0.8275 0.4737 -0.3015
vn -0.8257 0.3606 -0.4338
vn -0.8307 0.4173 -0.3686
vn -0.8307 0.4180 -0.3676
vn -0.8256 0.3599 -0.4346
vn 0.3212 -0.2511 -0.9131
vn 0.2373 -0.2567 -0.9369
vn 0.2366 -0.2571 -0.9370
vn 0.3219 -0.2510 -0.9129
vn -0.7607 0.1888 -0.6210
vn -0.7907 0.2453 -0.5610
vn 0.2366 -0.2568 -0.9371
vn 0.1502 -0.2571 -0.9546
vn 0.2373 -0.2568 -0.9369
vn -0.6778 0.0802 -0.7309
vn -0.7231 0.1334 -0.6777
vn 0.0630 -0.2510 -0.9659
vn -0.1947 -0.2008 -0.9601
vn -0.4310 -0.1048 -0.8963
vn -0.5013 -0.0638 -0.8629
vn 0.1241 0.7550 -0.6439
vn 0.1242 0.7553 -0.6434
vn 0.1266 0.7537 -0.6450
vn 0.1270 0.7539 -0.6446
vn 0.1269 0.7539 -0.6446
vn 0.1270 0.7537 -0.6448
vn 0.1242 0.7547 -0.6443
vn 0.1273 0.7536 -0.6449
vn 0.1271 0.7537 -0.6448
vn 0.1268 0.7535 -0.6451
vn 0.1266 0.7535 -0.6452
vn 0.1275 0.7537 -0.6448
vn 0.1269 0.7536 -0.6450
vn 0.1251 0.7533 -0.6457
vn 0.1237 0.7543 -0.6447
vn 0.1254 0.7553 -0.6432
vn -0.2770 -0.1736 -0.9451
vn -0.3566 -0.1411 -0.9236
vn 0.1241 0.7556 -0.6432
vn 0.1244 0.7555 -0.6433
vn 0.1239 0.7556 -0.6432
vn -0.2401 0.9326 -0.2693
vn -0.2006 0.9499 -0.2397
vn 0.1246 0.7554 -0.6433
vn 0.1249 0.7553 -0.6434
vn -0.1113 0.9751 -0.1917
vn -0.0627 0.9828 -0.1736
vn 0.0394 0.9878 -0.1505
vn 0.0389 0.9878 -0.1505
vn 0.0388 0.9878 -0.1505
vn 0.0905 0.9852 -0.1459
vn 0.1433 0.9789 -0.1457
vn 0.1241 0.7557 -0.6431
vn 0.1240 0.7557 -0.6431
vn 0.1249 0.7550 -0.6437
vn 0.1250 0.7554 -0.6433
vn 0.4734 0.8308 -0.2926
vn 0.4977 0.8045 -0.3243
vn 0.5161 0.7797 -0.3546
vn 0.5502 0.6955 -0.4622
vn 0.5430 0.7250 -0.4237
vn 0.5450 0.6173 -0.5674
vn 0.4652 0.5083 -0.7247
vn 0.4406 0.4906 -0.7518
vn 0.3203 0.4374 -0.8403
vn 0.2478 0.4217 -0.8722
vn 0.2848 0.4286 -0.8574
vn 0.2467 0.4215 -0.8726
vn 0.2479 0.4217 -0.8722
vn 0.1297 0.4132 -0.9013
vn 0.1292 0.4132 -0.9014
vn 0.0473 0.4185 -0.9070
vn 0.0060 0.4245 -0.9054
vn -0.0767 0.4434 -0.8930
vn -0.1165 0.4567 -0.8820
vn -0.1552 0.4721 -0.8678
vn -0.1155 0.4564 -0.8823
vn -0.1923 0.4895 -0.8505
vn -0.2598 0.5308 -0.8067
vn -0.2585 0.5298 -0.8077
vn -0.3714 0.6615 -0.6515
vn -0.3568 0.6326 -0.6874
vn 0.1251 0.7550 -0.6436
vn 0.1236 0.7556 -0.6433
vn 0.1235 0.7556 -0.6433
vn 0.1240 0.7555 -0.6433
vn 0.1249 0.7533 -0.6458
vn 0.1250 0.7547 -0.6441
vn 0.1248 0.7545 -0.6443
vn 0.1244 0.7542 -0.6448
vn 0.1271 0.7540 -0.6445
vn 0.1268 0.7539 -0.6446
vn 0.1267 0.7542 -0.6443
vn 0.1270 0.7543 -0.6442
vn 0.1274 0.7536 -0.6449
vn 0.1264 0.7533 -0.6454
vn 0.1270 0.7534 -0.6451
vn 0.4861 0.3192 0.8135
vn 0.3205 0.6143 0.7211
vn 0.1240 0.7548 -0.6442
vn 0.1235 0.7545 -0.6445
vn 0.1239 0.7545 -0.6446
vn 0.1242 0.7544 -0.6446
vn 0.1241 0.7543 -0.6447
vn 0.1241 0.7541 -0.6450
vn 0.1245 0.7543 -0.6446
vn 0.1244 0.7541 -0.6448
vn 0.1245 0.7541 -0.6449
vn 0.1243 0.7542 -0.6448
vn 0.1238 0.7546 -0.6444
vn 0.1247 0.7546 -0.6443
vn 0.1244 0.7545 -0.6444
vn 0.1247 0.7545 -0.6443
vn 0.1249 0.7533 -0.6457
vn 0.1248 0.7533 -0.6457
vn 0.1240 0.7547 -0.6443
vn 0.1238 0.7545 -0.6445
vn 0.1240 0.7545 -0.6444
vn 0.1241 0.7546 -0.6443
vn 0.1251 0.7547 -0.6441
vn 0.1246 0.7546 -0.6442
vn 0.1241 0.7545 -0.6444
vn 0.1249 0.7548 -0.6439
vn 0.1237 0.7547 -0.6443
vn 0.1242 0.7552 -0.6437
vn 0.1241 0.7551 -0.6438
vn 0.1241 0.7549 -0.6440
vn 0.1241 0.7548 -0.6442
vn 0.1239 0.7543 -0.6447
vn 0.9433 0.3233 0.0744
vn 0.6526 -0.3846 0.6528
vn 0.6821 -0.3885 0.6195
vn -0.5685 -0.8124 -0.1293
vn 0.6074 -0.5072 0.6114
vn 0.6239 -0.3564 0.6955
vn 0.6368 -0.7307 0.2462
vn 0.4691 -0.4118 0.7812
vn 0.6471 -0.6250 0.4366
vn 0.6542 -0.6817 0.3276
vn 0.5076 -0.4794 0.7160
vn 0.5060 -0.4948 0.7065
vn 0.3710 -0.4235 0.8264
vn 0.3787 -0.4166 0.8265
vn 0.2318 -0.3621 0.9029
vn 0.0917 -0.3155 0.9445
vn -0.0189 -0.2841 0.9586
vn 0.6011 -0.2828 0.7475
vn 0.3567 -0.4406 0.8238
vn 0.5218 -0.2034 0.8285
vn 0.4499 -0.1063 0.8867
vn 0.4729 -0.2829 0.8344
vn 0.3052 0.2253 0.9252
vn 0.3689 0.0801 0.9260
vn 0.3512 0.1252 0.9279
vn 0.3119 0.2856 0.9062
vn 0.2651 0.3418 0.9016
vn 0.9046 0.4052 0.1326
vn 0.8146 0.5685 0.1154
vn 0.9690 0.2455 0.0260
vn 0.9011 0.4312 0.0468
vn 0.9575 0.2826 0.0578
vn 0.9971 -0.0288 0.0709
vn 0.9524 -0.2825 0.1151
vn 0.9450 -0.3185 0.0747
vn 0.9398 -0.3418 0.0010
vn 0.2477 -0.9643 -0.0934
vn 0.2176 -0.9691 0.1163
vn 0.2514 -0.9679 -0.0035
vn 0.2680 -0.9607 -0.0717
vn 0.8172 -0.5761 -0.0172
vn 0.4460 -0.8937 -0.0486
vn 0.5770 -0.8154 -0.0463
vn 0.9397 -0.3419 0.0010
vn 0.8173 -0.5760 -0.0171
vn 0.5197 -0.8502 0.0844
vn 0.5263 -0.8427 0.1135
vn 0.1784 -0.9818 0.0647
vn 0.9523 -0.2825 0.1151
vn 0.8304 -0.5347 0.1567
vn 0.3074 -0.8835 0.3535
vn 0.6336 -0.7022 0.3246
vn 0.2722 -0.9221 0.2749
vn 0.2364 -0.9475 0.2154
vn 0.9846 -0.0679 0.1608
vn 0.3075 -0.8835 0.3535
vn 0.8527 -0.3356 0.4004
vn 0.9563 0.0860 0.2793
vn 0.7119 -0.1354 0.6891
vn 0.3044 -0.6627 0.6843
vn 0.6070 -0.4859 0.6288
vn -0.0890 -0.3527 0.9315
vn 0.1755 -0.4827 0.8580
vn 0.2450 -0.3561 0.9018
vn -0.0640 -0.5235 0.8496
vn 0.7964 0.1119 0.5944
vn 0.9170 0.1411 0.3732
vn 0.9013 0.0578 0.4292
vn 0.5161 -0.0077 0.8565
vn 0.2482 -0.2178 0.9439
vn 0.4962 -0.1970 0.8456
vn 0.2627 0.1715 0.9495
vn 0.5161 -0.0076 0.8565
vn 0.8611 0.3791 0.3387
vn 0.8772 0.4452 0.1799
vn 0.8751 0.4647 0.1351
vn 0.6820 0.5529 0.4788
vn 0.6456 0.4484 0.6182
vn 0.7210 0.6512 0.2368
vn 0.4177 0.8576 0.2999
vn -0.3514 0.8832 0.3104
vn 0.0190 0.9923 0.1222
vn 0.4054 0.9141 0.0093
vn 0.0220 0.9996 -0.0170
vn 0.4202 0.9072 0.0225
vn 0.0344 0.9994 0.0057
vn 0.4055 0.9140 0.0093
vn 0.8675 0.4968 0.0246
vn 0.7051 0.7091 0.0055
vn 0.6835 0.3556 0.6375
vn 0.7050 0.7091 0.0055
vn 0.6450 0.7615 0.0639
vn 0.2667 0.9454 0.1871
vn -0.0041 0.9991 -0.0417
vn -0.7212 0.6910 -0.0478
vn 0.0463 0.9986 0.0236
vn -0.2216 0.9655 -0.1366
vn -0.5754 0.8097 0.1148
vn -0.5420 0.8397 -0.0350
vn -0.7175 0.6921 -0.0782
vn -0.5252 0.8449 -0.1013
vn -0.7036 0.7020 -0.1100
vn -0.9564 0.2860 -0.0599
vn -0.9248 0.3750 -0.0633
vn -0.9948 -0.1023 0.0029
vn -0.9373 0.3485 -0.0082
vn -0.7282 0.6853 0.0117
vn -0.8593 0.5112 0.0131
vn -0.9914 -0.1083 0.0733
vn -0.8616 0.4823 0.1586
vn -0.8642 0.4942 0.0941
vn -0.7442 0.6486 0.1599
vn -0.3930 0.7998 0.4538
vn -0.3515 0.8832 0.3105
vn -0.6040 0.6888 0.4009
vn -0.6041 0.6887 0.4009
vn -0.6713 0.5543 0.4920
vn -0.7390 0.5888 0.3274
vn -0.4276 0.6827 0.5925
vn -0.9527 0.1758 0.2480
vn -0.8762 0.3363 0.3451
vn -0.9216 0.1834 0.3422
vn -0.7948 0.2005 0.5727
vn -0.9934 0.0284 0.1107
vn -0.8865 0.0507 0.4600
vn -0.7929 -0.0753 0.6046
vn -0.4220 0.1466 0.8946
vn -0.4211 -0.0424 0.9060
vn -0.6550 0.1051 0.7483
vn -0.4171 -0.2163 0.8827
vn -0.4211 -0.0425 0.9060
vn -0.6232 -0.2218 0.7499
vn -0.9065 -0.3984 0.1394
vn -0.9509 -0.2442 0.1904
vn -0.7088 -0.4905 0.5070
vn -0.5518 -0.6216 0.5560
vn -0.6630 -0.4450 0.6020
vn -0.3134 -0.4909 0.8129
vn -0.5621 -0.3823 0.7334
vn -0.3955 -0.3586 0.8456
vn -0.7385 -0.5295 0.4174
vn -0.3354 -0.6629 0.6694
vn -0.3295 -0.8180 0.4714
vn -0.3350 -0.8699 0.3620
vn -0.5692 -0.6826 0.4583
vn -0.8090 -0.5668 0.1560
vn -0.8175 -0.5665 0.1040
vn -0.9121 -0.3997 0.0913
vn -0.6427 -0.7459 0.1746
vn -0.9942 -0.1054 0.0228
vn -0.9138 -0.4017 0.0609
vn -0.8194 -0.5687 0.0710
vn -0.6617 -0.7451 0.0841
vn -0.9626 -0.2702 -0.0223
vn -0.9013 -0.4333 -0.0014
vn -0.5918 -0.8053 -0.0347
vn -0.3594 -0.9326 -0.0331
vn -0.3941 -0.9190 0.0033
vn -0.5437 -0.8350 -0.0850
vn -0.8687 -0.4931 -0.0467
vn -0.9497 0.3123 -0.0225
vn -0.9921 0.1253 -0.0098
vn -0.5835 -0.8110 0.0431
vn -0.6202 -0.7824 -0.0566
vn -0.7955 -0.6023 0.0662
vn -0.9296 -0.3673 0.0301
vn -0.9833 0.1719 0.0600
vn -0.8650 0.5009 0.0310
vn -0.7521 0.6583 -0.0299
vn -0.9449 0.2907 0.1504
vn -0.9961 -0.0798 0.0389
vn -0.9915 -0.1058 0.0763
vn -0.7000 0.6892 0.1872
vn -0.6999 0.6892 0.1871
vn -0.5755 0.8097 0.1148
vn -0.7497 0.6443 0.1511
vn -0.9355 -0.2169 0.2790
vn -0.9034 -0.3907 0.1766
vn -0.3304 -0.9320 0.1492
vn -0.5794 -0.7846 0.2205
vn -0.3355 -0.8442 0.4181
vn -0.5795 -0.7846 0.2204
vn -0.8157 -0.5486 0.1833
vn -0.8802 -0.4430 0.1706
vn -0.8003 -0.5822 0.1429
vn 0.0073 -0.9586 -0.2848
vn -0.0190 -0.2841 0.9586
vn -0.1094 -0.2725 0.9559
vn -0.3354 -0.8442 0.4181
vn -0.7840 -0.5133 0.3492
vn -0.2280 -0.6581 0.7175
vn -0.3628 -0.6268 0.6896
vn -0.3048 -0.3750 0.8755
vn -0.6529 -0.4542 0.6061
vn -0.7600 -0.5389 0.3633
vn -0.7840 -0.5133 0.3493
vn 0.6463 0.0709 -0.7598
vn 0.6769 0.0073 -0.7360
vn 0.6457 0.0596 -0.7613
vn 0.3698 0.0155 0.9290
vn 0.4892 0.1396 0.8609
vn 0.5720 0.2345 0.7860
vn 0.7711 0.5831 0.2558
vn 0.9307 0.3317 -0.1540
vn 0.8944 0.4462 -0.0309
vn 0.9307 0.3316 -0.1540
vn 0.0536 -0.3444 0.9373
vn 0.0538 -0.3444 0.9373
vn 0.0683 -0.3794 0.9227
vn 0.0680 -0.3773 0.9236
vn 0.0772 -0.3418 0.9366
vn 0.0964 -0.3455 0.9334
vn 0.0879 -0.3321 0.9391
vn 0.1138 -0.3914 0.9131
vn 0.1498 -0.4578 0.8763
vn 0.1134 -0.3905 0.9136
vn 0.2850 -0.6401 0.7135
vn 0.2888 -0.6446 0.7079
vn 0.3851 -0.7325 0.5613
vn 0.3829 -0.7310 0.5649
vn 0.5263 0.4721 0.7072
vn 0.6515 -0.7546 0.0786
vn 0.7337 -0.6582 -0.1687
vn 0.7406 -0.6421 -0.1978
vn 0.7635 -0.3530 -0.5409
vn 0.7690 -0.5173 -0.3755
vn 0.7155 -0.1788 -0.6754
vn 0.7191 -0.1887 -0.6688
vn 0.6606 -0.0099 -0.7507
vn 0.6599 0.2144 -0.7201
vn 0.6404 0.2132 -0.7379
vn 0.6383 0.2093 -0.7408
vn 0.6589 0.1510 -0.7369
vn 0.6592 0.1523 -0.7363
vn 0.6457 0.0595 -0.7613
vn -0.7336 0.5327 -0.4221
vn 0.1579 -0.9419 0.2964
vn 0.3239 -0.8789 0.3501
vn -0.4013 0.9075 -0.1243
vn -0.3705 0.9192 -0.1334
vn 0.3256 -0.8910 0.3164
vn 0.3239 -0.8790 0.3500
vn 0.5611 -0.7098 0.4258
vn 0.1552 -0.9486 0.2757
vn 0.2390 -0.9281 0.2856
vn 0.3236 -0.8980 0.2983
vn 0.7776 -0.5405 0.3213
vn 0.4775 -0.8222 0.3098
vn 0.5595 -0.7683 0.3109
vn 0.9180 -0.2898 0.2707
vn 0.6371 -0.7042 0.3134
vn 0.7107 -0.6259 0.3212
vn 0.9677 0.1430 0.2076
vn 0.8698 -0.4037 0.2837
vn 0.9475 0.3043 0.0985
vn 0.9625 0.2394 0.1278
vn 0.9674 0.2122 0.1379
vn -0.7921 0.5767 -0.1998
vn -0.8156 0.5518 -0.1743
vn -0.7765 0.6098 -0.1588
vn 0.1560 -0.9305 0.3313
vn 0.0457 -0.9582 0.2825
vn 0.8647 0.4830 0.1382
vn -0.1040 -0.2066 -0.9729
vn 0.4610 0.8852 0.0618
vn 0.4703 0.8800 0.0671
vn 0.4028 0.9151 0.0184
vn 0.4076 0.9128 0.0246
vn 0.8765 0.4713 0.0983
vn 0.8674 0.4948 0.0521
vn 0.8121 0.5688 0.1305
vn -0.4363 0.6686 -0.6022
vn -0.4278 0.6910 -0.5826
vn -0.4185 0.7204 -0.5531
vn -0.4059 0.7549 -0.5152
vn -0.4055 0.7559 -0.5139
vn -0.3917 0.7842 -0.4812
vn -0.3912 0.7850 -0.4804
vn -0.4059 0.7548 -0.5152
vn -0.3214 0.8552 -0.4067
vn -0.3202 0.8561 -0.4058
vn -0.2888 0.8778 -0.3822
vn -0.3213 0.8552 -0.4067
vn -0.2385 0.9106 -0.3374
vn -0.2637 0.8943 -0.3614
vn -0.8246 0.5578 0.0940
vn -0.1339 0.9486 -0.2866
vn -0.1366 0.9481 -0.2873
vn -0.0609 0.9628 -0.2634
vn -0.0037 0.9727 -0.2322
vn 0.0718 0.9748 -0.2113
vn 0.7665 0.3020 0.5669
vn 0.7274 0.4606 0.5086
vn 0.2541 0.9456 -0.2032
vn 0.4465 0.8569 -0.2576
vn 0.4463 0.8570 -0.2577
vn 0.4998 0.8286 -0.2523
vn 0.5959 0.7538 -0.2769
vn 0.6035 0.7322 -0.3157
vn 0.6300 0.6666 -0.3985
vn 0.6319 0.6636 -0.4004
vn -0.8981 -0.4245 0.1148
vn 0.9162 0.3969 0.0546
vn 0.8597 0.4886 -0.1486
vn 0.9096 0.4143 -0.0312
vn 0.8765 0.4714 0.0983
vn 0.9163 0.3969 0.0547
vn 0.4610 0.8852 0.0619
vn 0.5231 0.8464 0.1003
vn -0.2303 -0.9371 0.2622
vn -0.4236 -0.8445 0.3278
vn -0.3328 -0.8754 0.3506
vn -0.4097 -0.8870 0.2130
vn -0.5015 -0.8456 0.1831
vn -0.5928 -0.7526 0.2867
vn -0.5837 -0.7973 0.1533
vn -0.4944 -0.8557 0.1525
vn -0.6706 -0.6950 0.2594
vn -0.7452 -0.6616 0.0828
vn -0.8761 -0.4821 0.0047
vn -0.9587 -0.2737 -0.0770
vn -0.9675 -0.2418 0.0743
vn -0.9280 -0.3513 0.1237
vn -0.9807 -0.1586 -0.1144
vn -0.9997 -0.0219 -0.0121
vn -0.9676 0.1483 -0.2042
vn -0.9473 0.2821 -0.1519
vn -0.7335 0.5327 -0.4221
vn 0.0438 -0.9633 0.2648
vn -0.8550 0.4819 -0.1917
vn 0.6320 0.6636 -0.4003
vn 0.6354 0.6584 -0.4035
vn 0.6300 0.6666 -0.3984
vn -0.2232 0.0613 0.9728
vn -0.1224 0.0438 0.9915
vn -0.1224 0.0522 0.9911
vn -0.1294 0.0580 0.9899
vn -0.1427 0.0560 0.9882
vn -0.1454 0.0552 0.9878
vn -0.1280 0.0580 0.9901
vn -0.1657 0.0526 0.9848
vn -0.1769 0.0572 0.9826
vn -0.1774 0.0586 0.9824
vn -0.1629 0.0527 0.9852
vn -0.1591 0.0781 0.9842
vn -0.1585 0.0783 0.9842
vn -0.1750 0.0765 0.9816
vn -0.1731 0.0950 0.9803
vn -0.1706 0.1231 0.9776
vn -0.1705 0.1237 0.9776
vn -0.1732 0.1482 0.9737
vn -0.1948 0.1905 0.9622
vn -0.1863 0.1781 0.9662
vn -0.1945 0.1900 0.9623
vn -0.2359 0.2116 0.9485
vn -0.2365 0.2117 0.9483
vn -0.2106 0.2021 0.9565
vn -0.2360 0.2115 0.9485
vn -0.2946 0.2362 0.9260
vn -0.2738 0.1054 0.9560
vn -0.2713 0.1022 0.9570
vn -0.2619 0.0884 0.9610
vn -0.2619 0.0889 0.9610
vn -0.3050 0.0883 0.9482
vn -0.2849 0.0913 0.9542
vn -0.3076 0.0875 0.9475
vn -0.3569 0.0210 0.9339
vn -0.3568 0.0219 0.9339
vn -0.3523 0.0015 0.9359
vn -0.1543 0.0433 0.9871
vn -0.1562 0.0442 0.9867
vn -0.1346 0.0357 0.9903
vn 0.6234 0.5965 -0.5056
vn 0.9215 0.3848 0.0537
vn 0.8734 0.4606 -0.1584
vn 0.8775 0.4796 0.0095
vn 0.7427 0.6236 -0.2440
vn 0.6695 0.6880 -0.2799
vn 0.8141 0.4764 0.3321
vn 0.8023 0.5822 0.1320
vn 0.8759 0.2734 0.3975
vn 0.8966 0.3851 0.2184
vn 0.8689 0.3409 -0.3588
vn 0.9116 0.2576 -0.3203
vn 0.9963 0.0861 -0.0007
vn 0.9821 0.0860 0.1676
vn 0.9217 -0.1134 0.3708
vn 0.9588 0.0821 -0.2720
vn 0.9899 -0.0118 -0.1410
vn 0.9486 -0.2152 0.2320
vn 0.9744 -0.2167 0.0593
vn 0.9696 -0.1148 0.2161
vn 0.9862 -0.1096 -0.1239
vn 0.9714 -0.2107 -0.1091
vn 0.9489 -0.2995 -0.0990
vn 0.9497 -0.3054 0.0694
vn 0.8163 -0.4368 0.3781
vn 0.8745 -0.4798 0.0716
vn 0.8531 -0.4659 0.2347
vn 0.9212 -0.3773 -0.0947
vn 0.8192 -0.5652 -0.0973
vn 0.7414 -0.6631 -0.1031
vn 0.6919 -0.6740 0.2587
vn 0.6591 -0.6542 0.3709
vn -0.4694 -0.3833 0.7954
vn -0.3175 -0.3198 0.8927
vn 0.5895 -0.7900 -0.1684
vn 0.5368 -0.8388 -0.0907
vn 0.4472 -0.8894 0.0942
vn 0.3709 -0.9282 -0.0299
vn 0.3927 -0.9196 0.0084
vn 0.3451 -0.9266 -0.1491
vn 0.1454 -0.9588 -0.2438
vn -0.0559 -0.9539 -0.2949
vn -0.2453 -0.9156 -0.3187
vn -0.2266 -0.9501 -0.2143
vn -0.4945 -0.8091 -0.3176
vn -0.6916 -0.6494 -0.3161
vn -0.9385 -0.0054 -0.3452
vn -0.9810 -0.0050 -0.1942
vn -0.8533 0.0857 -0.5144
vn -0.8997 0.1790 -0.3980
vn -0.7897 0.2577 -0.5567
vn -0.9224 0.2751 -0.2712
vn -0.8216 0.3577 -0.4438
vn -0.8823 0.3679 -0.2937
vn -0.6911 0.4169 -0.5904
vn -0.8327 0.4568 -0.3130
vn -0.7103 0.5179 -0.4767
vn -0.7089 0.6174 -0.3410
vn -0.6373 0.6867 -0.3498
vn -0.4335 0.6587 -0.6149
vn -0.3785 0.6170 -0.6900
vn -0.5625 0.7463 -0.3557
vn -0.4247 0.7560 -0.4981
vn -0.5008 0.7087 -0.4970
vn -0.3073 0.8836 -0.3533
vn 0.4809 0.6630 -0.5737
vn 0.7339 0.6736 0.0873
vn 0.6740 0.7293 -0.1172
vn 0.6994 0.6721 0.2433
vn 0.4211 0.8292 -0.3677
vn 0.5942 0.7900 -0.1512
vn 0.4156 0.8834 -0.2162
vn 0.4623 0.8754 0.1415
vn 0.3735 0.9217 0.1052
vn -0.2054 0.9157 -0.3455
vn -0.0763 0.8869 -0.4557
vn -0.1656 0.8626 -0.4781
vn 0.2039 0.9692 -0.1383
vn 0.2801 0.9576 0.0668
vn 0.0024 0.9995 -0.0322
vn -0.2055 0.9157 -0.3454
vn -0.3072 0.8837 -0.3532
vn -0.1932 0.9803 -0.0423
vn -0.3989 0.8445 -0.3575
vn -0.4450 0.8714 -0.2063
vn -0.4795 0.8760 -0.0515
vn -0.4983 0.8652 0.0556
vn -0.6855 0.7014 -0.1950
vn -0.6623 0.7473 0.0538
vn -0.5668 0.8220 -0.0548
vn -0.8188 0.5481 -0.1705
vn -0.7090 0.6173 -0.3409
vn -0.7159 0.6969 -0.0425
vn -0.8890 0.4458 0.1048
vn -0.8401 0.5421 -0.0160
vn -0.9224 0.2750 -0.2711
vn -0.9521 0.1814 -0.2462
vn -0.9307 0.3655 0.0138
vn -0.9620 0.2713 0.0315
vn -0.9990 -0.0033 -0.0448
vn -0.9715 0.0881 -0.2199
vn -0.9810 -0.0049 -0.1941
vn -0.9832 -0.0786 0.1648
vn -0.9375 -0.3104 0.1572
vn -0.9356 -0.3395 0.0976
vn -0.7635 -0.5487 -0.3405
vn -0.6614 -0.6392 -0.3923
vn -0.9042 -0.4205 0.0748
vn -0.6784 -0.7022 -0.2161
vn -0.6387 -0.7070 -0.3036
vn -0.5471 -0.8213 -0.1618
vn -0.5044 -0.8392 -0.2033
vn -0.4001 -0.8943 -0.2003
vn -0.6934 -0.7153 -0.0863
vn -0.5983 -0.7867 -0.1521
vn -0.6807 -0.7300 -0.0603
vn -0.5112 -0.8491 -0.1334
vn -0.0893 -0.9941 0.0610
vn -0.0986 -0.9930 0.0644
vn -0.1006 -0.9928 0.0652
vn -0.0866 -0.9949 0.0526
vn 0.0159 -0.9969 0.0768
vn 0.0193 -0.9964 0.0829
vn 0.0589 -0.9835 -0.1712
vn 0.0355 -0.9957 -0.0857
vn 0.1051 -0.9830 -0.1505
vn 0.2024 -0.1376 0.9696
vn 0.0572 -0.1012 0.9932
vn 0.4156 -0.1938 0.8886
vn 0.5041 -0.2265 0.8334
vn 0.5861 -0.2649 0.7657
vn 0.5051 -0.2269 0.8327
vn 0.5850 -0.2643 0.7668
vn 0.6511 -0.3011 0.6968
vn 0.8317 -0.3976 0.3877
vn 0.0033 -0.9977 0.0683
vn 0.0039 -0.9976 0.0687
vn 0.0403 -0.9661 -0.2552
vn 0.2268 0.1521 -0.9620
vn 0.7173 0.0210 -0.6964
vn 0.8325 -0.1036 -0.5442
vn 0.8338 -0.1039 -0.5422
vn 0.7161 0.0220 -0.6977
vn 0.9127 -0.2991 -0.2785
vn 0.0160 -0.9967 0.0794
vn 0.9222 -0.3663 -0.1243
vn -0.9481 -0.3026 0.0982
vn -0.9482 -0.3027 0.0966
vn -0.9455 -0.3249 -0.0213
vn -0.9372 -0.2764 0.2128
vn -0.9139 -0.2501 0.3198
vn -0.9140 -0.2501 0.3196
vn -0.8765 -0.2247 0.4257
vn -0.8195 -0.1981 0.5378
vn -0.8767 -0.2242 0.4255
vn -0.7490 -0.1732 0.6395
vn -0.6726 -0.1523 0.7241
vn -0.5798 -0.1322 0.8040
vn -0.0273 0.1423 -0.9894
vn -0.2752 0.0386 -0.9606
vn -0.2746 0.0389 -0.9608
vn -0.3797 -0.0239 -0.9248
vn -0.5665 -0.1551 -0.8093
vn -0.6549 -0.2174 -0.7238
vn 0.0102 -0.9818 -0.1898
vn -0.0723 -0.8603 -0.5046
vn -0.0010 -0.9780 -0.2084
vn 0.2000 -0.8864 -0.4175
vn -0.0210 -0.9301 -0.3668
vn 0.9001 0.2137 0.3798
vn 0.9873 0.0103 0.1588
vn 0.9003 0.2134 0.3795
vn -0.8910 -0.1607 -0.4247
vn -0.8912 -0.1604 -0.4243
vn -0.9781 0.0427 -0.2038
vn -0.9781 0.0426 -0.2039
vn -0.8911 -0.1605 -0.4244
vn -0.7163 -0.3457 -0.6062
vn -0.7169 -0.3452 -0.6057
vn -0.8909 -0.1608 -0.4247
vn -0.9690 0.2446 0.0350
vn -0.9691 0.2443 0.0347
vn -0.8645 0.4252 0.2682
vn -0.8648 0.4248 0.2676
vn -0.9691 0.2443 0.0346
vn -0.9690 0.2445 0.0349
vn -0.4711 -0.4943 -0.7306
vn -0.1808 -0.5916 -0.7857
vn -0.4721 -0.4939 -0.7302
vn -0.1794 -0.5920 -0.7858
vn -0.7162 -0.3458 -0.6062
vn -0.4722 -0.4938 -0.7302
vn -0.7168 -0.3453 -0.6058
vn -0.4711 -0.4943 -0.7305
vn -0.6754 0.5663 0.4724
vn -0.4182 0.6552 0.6291
vn -0.6746 0.5667 0.4731
vn -0.4194 0.6550 0.6286
vn -0.8644 0.4252 0.2682
vn -0.8648 0.4248 0.2677
vn -0.6746 0.5666 0.4731
vn -0.1793 -0.5920 -0.7858
vn 0.1290 -0.6291 -0.7665
vn -0.1807 -0.5917 -0.7857
vn 0.1304 -0.6292 -0.7662
vn 0.1291 -0.6292 -0.7665
vn 0.4281 -0.6021 -0.6739
vn 0.4268 -0.6024 -0.6745
vn 0.1305 -0.6292 -0.7662
vn -0.1203 0.6820 0.7214
vn 0.1880 0.6450 0.7407
vn 0.1894 0.6447 0.7406
vn -0.1217 0.6820 0.7211
vn -0.4193 0.6550 0.6286
vn -0.1204 0.6820 0.7214
vn -0.4181 0.6553 0.6292
vn -0.1218 0.6820 0.7211
vn 0.4269 -0.6024 -0.6744
vn 0.6843 -0.5136 -0.5177
vn 0.6835 -0.5140 -0.5183
vn 0.4282 -0.6021 -0.6739
vn 0.8739 -0.3720 -0.3130
vn 0.8735 -0.3725 -0.3135
vn 0.6843 -0.5136 -0.5176
vn 0.1895 0.6447 0.7406
vn 0.4798 0.5473 0.6857
vn 0.4809 0.5469 0.6853
vn 0.1881 0.6450 0.7407
vn 0.4810 0.5468 0.6853
vn 0.7251 0.3988 0.5613
vn 0.7258 0.3983 0.5609
vn 0.4799 0.5473 0.6857
vn 0.9782 -0.1917 -0.0801
vn 0.9873 0.0102 0.1587
vn 0.9782 -0.1915 -0.0798
vn 0.8735 -0.3724 -0.3135
vn 0.9782 -0.1916 -0.0799
vn 0.9782 -0.1918 -0.0802
vn 0.8739 -0.3720 -0.3129
vn 0.7252 0.3988 0.5613
vn 0.9002 0.2134 0.3795
vn 0.7258 0.3983 0.5608
vn 0.9000 0.2137 0.3798
vn 0.2913 0.8904 -0.3499
vn 0.1699 0.8962 -0.4097
vn 0.1830 0.9297 -0.3196
vn 0.2306 0.8584 -0.4582
vn 0.3031 0.9010 -0.3105
vn 0.1868 0.9390 -0.2888
vn 0.2913 0.8904 -0.3498
vn 0.4005 0.8424 -0.3605
vn 0.3710 0.8392 -0.3976
vn 0.3030 0.9010 -0.3104
vn 0.2851 0.8208 -0.4950
vn 0.2194 0.7066 -0.6727
vn 0.3513 0.6849 -0.6383
vn 0.3188 0.6453 -0.6942
vn 0.2604 0.7459 -0.6130
vn 0.2031 0.7919 -0.5759
vn 0.1239 0.7549 -0.6441
vn 0.3337 0.7772 -0.5335
vn 0.2031 0.7919 -0.5758
vn 0.2851 0.8208 -0.4949
vn 0.3899 0.7228 -0.5706
vn 0.3336 0.7772 -0.5335
vn 0.0763 0.8196 -0.5679
vn 0.0244 0.8776 -0.4787
vn 0.0935 0.8883 -0.4497
vn 0.1485 0.8342 -0.5311
vn 0.1485 0.8342 -0.5310
vn 0.1699 0.8963 -0.4097
vn 0.1239 0.7549 -0.6440
vn 0.4705 0.7691 -0.4326
vn 0.4768 0.6982 -0.5341
vn 0.4351 0.7770 -0.4549
vn 0.5048 0.6884 -0.5208
vn 0.4351 0.7770 -0.4548
vn 0.4767 0.6982 -0.5341
vn -0.0332 0.9273 -0.3728
vn -0.0541 0.9414 -0.3328
vn 0.0638 0.9531 -0.2960
vn 0.0655 0.9396 -0.3361
vn -0.0331 0.9273 -0.3728
vn 0.4231 0.5671 -0.7066
vn 0.5014 0.6079 -0.6156
vn 0.4592 0.5363 -0.7082
vn 0.4643 0.6250 -0.6276
vn 0.3187 0.6453 -0.6942
vn 0.3514 0.6849 -0.6383
vn 0.4768 0.6981 -0.5341
vn 0.5014 0.6079 -0.6157
vn -0.2029 0.8468 -0.4918
vn -0.1557 0.9058 -0.3941
vn -0.1234 0.8989 -0.4203
vn -0.2303 0.8492 -0.4751
vn -0.1234 0.8989 -0.4204
vn -0.0420 0.8591 -0.5100
vn -0.1195 0.8340 -0.5386
vn 0.0143 0.7515 -0.6596
vn -0.1088 0.7855 -0.6092
vn 0.0011 0.8026 -0.5966
vn -0.1028 0.7376 -0.6674
vn 0.0143 0.7514 -0.6596
vn 0.1238 0.7549 -0.6440
vn 0.1528 0.5787 -0.8011
vn 0.1027 0.6816 -0.7244
vn 0.1819 0.6598 -0.7291
vn 0.0786 0.5941 -0.8005
vn 0.2790 0.6057 -0.7452
vn 0.2355 0.5535 -0.7988
vn 0.1819 0.6597 -0.7291
vn 0.1527 0.5788 -0.8011
vn 0.0055 0.6111 -0.7915
vn 0.1027 0.6817 -0.7244
vn 0.0217 0.6948 -0.7188
vn 0.0217 0.6948 -0.7189
vn -0.0790 0.6226 -0.7785
vn -0.0899 0.6865 -0.7215
vn 0.1238 0.7549 -0.6441
vn -0.2301 0.7105 -0.6651
vn -0.2720 0.7775 -0.5670
vn -0.2333 0.7778 -0.5836
vn -0.2753 0.6977 -0.6614
vn -0.2303 0.8492 -0.4752
vn -0.2029 0.8468 -0.4917
vn -0.1195 0.8341 -0.5386
vn -0.1089 0.7855 -0.6092
vn 0.3839 0.4794 -0.7892
vn 0.2816 0.4443 -0.8505
vn 0.2706 0.4724 -0.8388
vn 0.3633 0.5144 -0.7767
vn 0.3633 0.5144 -0.7768
vn 0.2790 0.6056 -0.7452
vn 0.4232 0.5671 -0.7066
vn -0.1489 0.5648 -0.8117
vn -0.1720 0.5443 -0.8210
vn -0.2414 0.6171 -0.7489
vn -0.2069 0.6398 -0.7402
vn -0.1028 0.7376 -0.6673
vn -0.2300 0.7105 -0.6651
vn -0.0899 0.6865 -0.7216
vn 0.1634 0.4328 -0.8866
vn 0.0509 0.4880 -0.8713
vn 0.1553 0.4703 -0.8687
vn 0.0405 0.4475 -0.8934
vn 0.1528 0.5788 -0.8011
vn 0.0509 0.4881 -0.8713
vn 0.2817 0.4443 -0.8505
vn 0.1552 0.4703 -0.8687
vn 0.0404 0.4475 -0.8934
vn -0.0500 0.5155 -0.8554
vn -0.0753 0.4855 -0.8710
vn -0.1489 0.5647 -0.8117
vn -0.1720 0.5444 -0.8210
vn 0.0054 0.6111 -0.7916
vn -0.0501 0.5155 -0.8554
vn 0.0061 -0.9852 -0.1712
vn 0.1963 -0.9661 -0.1675
vn 0.1688 -0.9733 -0.1553
vn 0.0307 -0.9812 -0.1905
vn 0.9990 -0.0266 0.0355
vn 0.9925 -0.1161 0.0384
vn 0.9886 -0.0582 0.1387
vn 0.9815 -0.1423 0.1281
vn 0.8396 -0.5203 0.1560
vn -0.0971 -0.4136 0.9053
vn 0.6744 -0.7308 0.1053
vn -0.0796 -0.3640 0.9280
vn 0.0493 -0.9857 0.1612
vn -0.1892 -0.5194 0.8333
vn 0.9615 -0.2222 0.1615
vn -0.0780 -0.3370 0.9383
vn 0.9129 -0.3702 0.1719
vn -0.0807 -0.3036 0.9494
vn 0.9129 -0.3703 0.1719
vn -0.0780 -0.3371 0.9382
vn 0.9820 -0.1317 0.1356
vn -0.0985 -0.0991 0.9902
vn -0.0798 -0.2407 0.9673
vn 0.9790 -0.0203 0.2029
vn 0.9820 -0.1318 0.1355
vn -0.0799 -0.2407 0.9673
vn 0.9627 0.2058 0.1756
vn -0.0902 0.0939 0.9915
vn 0.9396 0.1361 0.3141
vn -0.0348 0.3303 0.9432
vn 0.9790 -0.0203 0.2030
vn 0.9595 0.2737 0.0673
vn 0.1029 0.7781 0.6196
vn 0.0346 0.5967 0.8017
vn 0.9610 0.2580 0.0998
vn -0.0347 0.3303 0.9432
vn 0.2713 0.9592 0.0800
vn 0.9596 0.2691 0.0818
vn 0.9583 0.2619 0.1142
vn 0.1905 0.9108 0.3663
vn 0.1905 0.9108 0.3664
vn 0.9534 0.2686 0.1372
vn 0.3539 0.8563 -0.3763
vn 0.3171 0.9383 -0.1383
vn 0.9519 0.2765 0.1318
vn 0.2712 0.9592 0.0800
vn 0.9887 0.1215 0.0879
vn 0.3730 0.7259 -0.5779
vn 0.9523 0.3000 0.0566
vn 0.4004 0.5631 -0.7230
vn 0.3730 0.7258 -0.5780
vn 0.9522 0.3000 0.0566
vn 0.3539 0.8563 -0.3762
vn 0.9921 -0.0434 0.1178
vn 0.9899 -0.1084 0.0916
vn 0.4242 0.4177 -0.8035
vn 0.4235 0.3428 -0.8385
vn 0.4004 0.5631 -0.7229
vn 0.9921 -0.0434 0.1179
vn 0.9887 0.1214 0.0879
vn 0.9752 -0.2072 0.0775
vn 0.4295 0.2549 -0.8664
vn 0.4245 0.2958 -0.8558
vn 0.9431 -0.3211 0.0866
vn 0.4245 0.2957 -0.8558
vn 0.4294 0.2548 -0.8664
vn 0.8508 -0.5227 0.0544
vn 0.4448 0.1779 -0.8778
vn 0.9946 0.0696 -0.0767
vn 0.9610 0.2579 0.0997
vn 0.9627 0.2058 0.1755
vn 0.9981 0.0328 -0.0515
vn 0.9396 0.1361 0.3140
vn 0.9969 -0.0591 -0.0526
vn 0.9820 -0.1317 0.1354
vn 0.9970 -0.0283 -0.0716
vn 0.9978 0.0608 0.0270
vn 0.9597 0.2690 0.0818
vn 0.9595 0.2736 0.0673
vn 0.9952 0.0783 -0.0583
vn 0.9986 -0.0118 -0.0511
vn 0.9990 -0.0265 0.0355
vn 0.9886 -0.0582 0.1388
vn 0.9746 -0.0861 0.2070
vn 0.9789 0.0397 0.2005
vn 0.9904 0.0444 0.1311
vn 0.9904 0.0445 0.1311
vn 0.9534 0.2685 0.1373
vn 0.9583 0.2618 0.1142
vn 0.9596 0.2690 0.0818
vn 0.9978 0.0608 0.0269
vn 0.9714 0.0265 0.2359
vn 0.9646 -0.1030 0.2429
vn 0.9921 -0.0434 0.1180
vn 0.9887 0.1214 0.0880
vn 0.9523 0.2999 0.0567
vn 0.9520 0.2764 0.1318
vn 0.9670 -0.1652 0.1942
vn 0.9334 -0.2809 0.2235
vn 0.9558 -0.1767 0.2348
vn 0.9425 -0.2846 0.1752
vn 0.9752 -0.2072 0.0776
vn 0.9885 -0.1489 -0.0277
vn 0.9516 -0.3073 -0.0068
vn 0.9913 -0.1222 -0.0494
vn 0.9574 -0.2872 -0.0313
vn 0.9646 -0.1031 0.2429
vn 0.9559 -0.1766 0.2348
vn 0.9615 -0.2222 0.1614
vn 0.9129 -0.3702 0.1718
vn 0.8908 -0.4542 -0.0104
vn 0.7381 -0.6728 -0.0503
vn 0.9046 -0.4252 -0.0308
vn 0.7637 -0.6431 -0.0566
vn 0.9046 -0.4251 -0.0308
vn 0.8397 -0.5203 0.1559
vn 0.9516 -0.3074 -0.0068
vn 0.8396 -0.5203 0.1559
vn 0.6745 -0.7308 0.1053
vn 0.7636 -0.6432 -0.0567
vn 0.7381 -0.6728 -0.0504
vn 0.1138 -0.9902 -0.0811
vn 0.8931 -0.3855 0.2321
vn 0.7950 -0.5725 0.2007
vn 0.9430 -0.3212 0.0867
vn 0.8507 -0.5227 0.0545
vn 0.9030 -0.3901 0.1803
vn 0.9029 -0.3901 0.1803
vn 0.8033 -0.5754 0.1539
vn 0.7950 -0.5725 0.2006
vn 0.1138 -0.9902 -0.0810
vn 0.0493 -0.9857 0.1611
vn 0.7381 -0.6729 -0.0503
vn 0.7949 -0.5726 0.2006
vn 0.2609 -0.9650 -0.0280
vn 0.8507 -0.5228 0.0544
vn 0.3457 -0.9293 -0.1299
vn 0.3932 -0.1251 -0.9109
vn 0.3288 0.2213 -0.9181
vn 0.4447 0.1779 -0.8778
vn 0.3065 -0.4781 -0.8231
vn 0.2375 -0.9684 -0.0766
vn 0.2609 -0.9650 -0.0279
vn -0.1806 -0.3031 0.9357
vn -0.0797 -0.3639 0.9280
vn -0.0781 -0.3371 0.9382
vn -0.1837 -0.3111 0.9324
vn -0.1837 -0.3111 0.9325
vn -0.0972 -0.4136 0.9053
vn -0.2011 -0.3362 0.9201
vn -0.1713 -0.2376 0.9561
vn -0.0808 -0.3036 0.9494
vn -0.1767 -0.2876 0.9413
vn -0.1805 -0.3030 0.9357
vn -0.1298 0.0960 0.9869
vn -0.0985 -0.0990 0.9902
vn -0.1603 -0.1032 0.9817
vn -0.1298 0.0961 0.9869
vn -0.0349 0.3303 0.9432
vn -0.0787 0.3499 0.9335
vn -0.0902 0.0940 0.9915
vn 0.0345 0.5966 0.8018
vn -0.0096 0.6221 0.7829
vn 0.0660 0.8022 0.5934
vn 0.1904 0.9108 0.3664
vn 0.1557 0.9299 0.3332
vn 0.2711 0.9527 -0.1373
vn 0.2266 0.9714 0.0709
vn 0.3171 0.9383 -0.1382
vn 0.1558 0.9299 0.3331
vn 0.2266 0.9714 0.0710
vn 0.3539 0.8562 -0.3763
vn 0.3369 0.7479 -0.5720
vn 0.3106 0.8786 -0.3628
vn 0.3730 0.7259 -0.5778
vn 0.3171 0.9382 -0.1383
vn 0.3106 0.8786 -0.3627
vn 0.3401 0.4363 -0.8331
vn 0.3444 0.5884 -0.7316
vn 0.3444 0.5885 -0.7315
vn 0.3401 0.4364 -0.8330
vn 0.3331 0.3605 -0.8713
vn 0.4244 0.2958 -0.8558
vn 0.3306 0.3205 -0.8877
vn 0.4294 0.2549 -0.8664
vn 0.3350 0.2888 -0.8969
vn 0.3289 0.2213 -0.9181
vn 0.0757 -0.9883 -0.1322
vn 0.3065 -0.4780 -0.8232
vn 0.4448 0.1778 -0.8778
vn 0.3457 -0.9293 -0.1298
vn 0.3932 -0.1252 -0.9109
vn 0.9646 -0.1030 0.2428
vn 0.9921 -0.0435 0.1179
vn 0.9899 -0.1085 0.0916
vn 0.9938 -0.1051 -0.0360
vn 0.9618 -0.2724 -0.0260
vn 0.9611 -0.2743 0.0309
vn 0.9969 -0.0591 -0.0525
vn 0.9938 -0.1050 -0.0360
vn 0.9537 -0.2812 0.1064
vn 0.9746 -0.0860 0.2070
vn 0.9670 -0.1651 0.1942
vn 0.9139 -0.3913 0.1076
vn 0.8032 -0.5955 0.0125
vn 0.8081 -0.5830 0.0841
vn 0.9190 -0.3928 0.0328
vn 0.8033 -0.5753 0.1539
vn 0.9139 -0.3914 0.1076
vn 0.9157 -0.4011 -0.0231
vn 0.7885 -0.6135 -0.0425
vn 0.8032 -0.5956 0.0125
vn 0.9158 -0.4011 -0.0231
vn 0.9158 -0.4010 -0.0231
vn 0.7885 -0.6136 -0.0426
vn 0.1964 -0.9661 -0.1674
vn 0.2108 -0.9655 -0.1529
vn 0.1963 -0.9661 -0.1674
vn 0.0453 -0.9814 -0.1866
vn 0.2108 -0.9655 -0.1530
vn 0.0517 -0.9928 -0.1078
vn 0.2374 -0.9684 -0.0766
vn 0.0520 -0.9884 -0.1429
vn 0.8081 -0.5831 0.0840
vn 0.2220 -0.9673 -0.1223
vn 0.8081 -0.5830 0.0840
vn 0.2608 -0.9650 -0.0280
vn 0.3456 -0.9293 -0.1298
vn -0.1276 -0.9793 0.1572
vn -0.1891 -0.5194 0.8333
vn -0.2307 -0.5726 0.7867
vn -0.1892 -0.5193 0.8334
vn 0.0515 -0.9841 -0.1699
vn 0.2219 -0.9674 -0.1223
vn 0.0519 -0.9884 -0.1429
vn 0.0514 -0.9841 -0.1699
vn -0.0383 -0.9954 -0.0878
vn 0.1137 -0.9902 -0.0811
vn -0.1275 -0.9793 0.1573
vn 0.1137 -0.9902 -0.0810
vn -0.0384 -0.9954 -0.0878
vn 0.4610 0.8712 0.1688
vn 0.6587 0.7521 0.0194
vn 0.4533 0.8818 0.1301
vn 0.6737 0.7370 0.0547
vn 0.3865 -0.5632 -0.7304
vn 0.5071 -0.1471 -0.8493
vn 0.5144 -0.5430 -0.6637
vn 0.3806 -0.2020 -0.9024
vn 0.6856 0.0727 -0.7244
vn 0.4769 -0.0222 -0.8787
vn 0.4686 0.0175 -0.8833
vn 0.6703 0.1098 -0.7340
vn 0.2205 -0.0194 -0.9752
vn -0.0039 0.1997 -0.9799
vn 0.2114 0.1794 -0.9608
vn -0.0439 0.0056 -0.9990
vn 0.0100 0.2644 -0.9643
vn 0.2066 0.2458 -0.9471
vn -0.0039 0.1997 -0.9798
vn 0.4135 0.2099 -0.8860
vn 0.2115 0.1795 -0.9608
vn 0.2067 0.2458 -0.9470
vn 0.3910 0.2740 -0.8787
vn 0.4685 0.0176 -0.8833
vn 0.2115 0.1794 -0.9608
vn 0.2205 -0.0193 -0.9752
vn 0.8201 0.2163 -0.5298
vn 0.6703 0.1098 -0.7339
vn 0.8003 0.2485 -0.5456
vn 0.6857 0.0728 -0.7243
vn 0.2204 -0.0604 -0.9735
vn -0.0527 -0.0341 -0.9980
vn 0.2204 -0.0194 -0.9752
vn -0.3725 0.3714 -0.8504
vn -0.2931 0.0870 -0.9521
vn -0.4964 0.2169 -0.8406
vn -0.2071 0.2656 -0.9416
vn -0.3265 0.4210 -0.8462
vn -0.2070 0.2657 -0.9416
vn -0.3725 0.3715 -0.8504
vn -0.1756 0.3243 -0.9295
vn -0.0040 0.1997 -0.9798
vn 0.0099 0.2645 -0.9643
vn -0.2070 0.2656 -0.9416
vn -0.2930 0.0869 -0.9522
vn 0.2205 -0.0604 -0.9735
vn 0.4685 0.0175 -0.8833
vn 0.4768 -0.0222 -0.8787
vn -0.3100 0.0499 -0.9494
vn -0.5197 0.1845 -0.8342
vn -0.2931 0.0869 -0.9521
vn -0.6794 0.5525 -0.4829
vn -0.4824 0.5025 -0.7175
vn -0.6310 0.3780 -0.6774
vn -0.5215 0.6446 -0.5590
vn -0.4271 0.5405 -0.7248
vn -0.4823 0.5025 -0.7175
vn -0.4626 0.6704 -0.5802
vn -0.3266 0.4211 -0.8462
vn -0.4823 0.5025 -0.7176
vn -0.4271 0.5405 -0.7249
vn -0.3726 0.3715 -0.8504
vn -0.6310 0.3779 -0.6775
vn -0.4964 0.2170 -0.8405
vn -0.4824 0.5024 -0.7176
vn -0.3099 0.0498 -0.9494
vn -0.7085 0.5309 -0.4650
vn -0.6311 0.3779 -0.6774
vn -0.6588 0.3506 -0.6656
vn -0.6794 0.5524 -0.4829
vn -0.4875 0.7797 -0.3930
vn -0.5081 0.8564 -0.0919
vn -0.3821 0.8922 -0.2407
vn -0.6374 0.7182 -0.2791
vn -0.4317 0.7937 -0.4284
vn -0.3820 0.8922 -0.2408
vn -0.3352 0.8965 -0.2896
vn -0.4874 0.7797 -0.3931
vn -0.4626 0.6704 -0.5801
vn -0.4318 0.7937 -0.4285
vn -0.5216 0.6446 -0.5590
vn -0.6374 0.7182 -0.2792
vn -0.4875 0.7796 -0.3931
vn -0.6588 0.3505 -0.6657
vn -0.4965 0.2169 -0.8405
vn -0.5198 0.1845 -0.8341
vn -0.5320 0.8445 -0.0613
vn -0.5082 0.8563 -0.0918
vn -0.6653 0.7019 -0.2544
vn -0.0612 0.9867 0.1505
vn -0.2195 0.9684 -0.1186
vn -0.3085 0.9494 0.0581
vn -0.0181 0.9989 -0.0436
vn -0.1869 0.9661 -0.1779
vn -0.0028 0.9939 -0.1098
vn -0.3352 0.8966 -0.2895
vn -0.2196 0.9683 -0.1187
vn -0.1870 0.9661 -0.1779
vn -0.3820 0.8923 -0.2407
vn -0.2196 0.9684 -0.1186
vn -0.5081 0.8564 -0.0918
vn -0.7085 0.5309 -0.4649
vn -0.6654 0.7018 -0.2545
vn -0.6794 0.5525 -0.4828
vn -0.3085 0.9494 0.0582
vn -0.0708 0.9793 0.1894
vn -0.0612 0.9867 0.1506
vn -0.3261 0.9407 0.0940
vn 0.2033 0.9631 0.1764
vn 0.4011 0.9140 -0.0605
vn 0.1975 0.9800 -0.0225
vn 0.4532 0.8819 0.1301
vn 0.4011 0.9140 -0.0606
vn 0.1939 0.9768 -0.0904
vn 0.1975 0.9801 -0.0225
vn 0.3797 0.9166 -0.1255
vn 0.1974 0.9801 -0.0226
vn -0.0028 0.9940 -0.1098
vn -0.0180 0.9989 -0.0436
vn 0.1938 0.9769 -0.0904
vn 0.1974 0.9801 -0.0225
vn 0.2032 0.9631 0.1764
vn 0.5413 0.3425 -0.7679
vn 0.6838 0.3983 -0.6113
vn 0.5780 0.2852 -0.7646
vn 0.6376 0.4461 -0.6281
vn 0.5781 0.2851 -0.7646
vn 0.8003 0.2486 -0.5456
vn 0.6839 0.3983 -0.6113
vn 0.4136 0.2099 -0.8860
vn 0.4686 0.0176 -0.8833
vn 0.5780 0.2851 -0.7646
vn 0.5412 0.3425 -0.7680
vn 0.8437 0.4149 -0.3405
vn 0.7195 0.5339 -0.4442
vn 0.6789 0.6767 -0.2848
vn 0.7941 0.5903 -0.1448
vn 0.6839 0.3983 -0.6112
vn 0.7195 0.5338 -0.4442
vn 0.6377 0.4461 -0.6280
vn 0.6704 0.5696 -0.4755
vn 0.6839 0.3984 -0.6113
vn 0.6789 0.6768 -0.2848
vn 0.6704 0.5697 -0.4755
vn 0.6331 0.7001 -0.3302
vn 0.5688 0.8086 -0.1508
vn 0.7940 0.5904 -0.1448
vn 0.6789 0.6768 -0.2847
vn 0.6587 0.7521 0.0193
vn 0.5687 0.8086 -0.1508
vn 0.6331 0.7002 -0.3301
vn 0.5328 0.8203 -0.2077
vn 0.3798 0.9165 -0.1255
vn 0.5328 0.8204 -0.2076
vn 0.4012 0.9140 -0.0605
vn 0.6587 0.7522 0.0193
vn -0.3261 0.9406 0.0940
vn -0.3086 0.9494 0.0581
vn -0.5319 0.8446 -0.0612
vn 0.2026 0.9550 0.2167
vn 0.2033 0.9631 0.1765
vn -0.0707 0.9793 0.1895
vn 0.2032 0.9631 0.1765
vn 0.2025 0.9550 0.2167
vn 0.8201 0.2163 -0.5297
vn 0.8004 0.2486 -0.5456
vn 0.8652 0.3881 -0.3175
vn 0.8438 0.4148 -0.3406
vn 0.8438 0.4149 -0.3405
vn 0.8137 0.5697 -0.1153
vn 0.6588 0.7521 0.0193
vn 0.8137 0.5698 -0.1152
vn 0.6738 0.7369 0.0546
vn -0.0666 -0.9963 0.0538
vn 0.0189 -0.8118 -0.5837
vn 0.0076 -0.8378 -0.5459
vn -0.0673 -0.9905 0.1195
vn -0.2290 -0.6429 -0.7309
vn 0.0077 -0.8378 -0.5460
vn 0.0190 -0.8117 -0.5838
vn -0.2242 -0.7749 -0.5910
vn -0.2216 -0.9736 0.0547
vn -0.7620 -0.4908 -0.4224
vn -0.4354 -0.9001 0.0155
vn -0.5103 -0.6574 -0.5544
vn -0.5964 -0.7960 0.1033
vn -0.2216 -0.9736 0.0546
vn -0.2243 -0.7749 -0.5910
vn -0.4355 -0.9001 0.0155
vn -0.2291 -0.6428 -0.7309
vn -0.5103 -0.6574 -0.5545
vn -0.4971 -0.5234 -0.6920
vn -0.4972 -0.5234 -0.6920
vn -0.7620 -0.4907 -0.4225
vn -0.5103 -0.6573 -0.5545
vn -0.7519 -0.3465 -0.5608
vn -0.1411 -0.9411 0.3073
vn -0.0972 -0.9904 0.0983
vn -0.0977 -0.9474 0.3049
vn -0.1596 -0.9867 0.0316
vn -0.0809 -0.9857 0.1475
vn -0.0883 -0.9503 0.2984
vn -0.0971 -0.9904 0.0983
vn -0.0883 -0.9504 0.2984
vn -0.0673 -0.9905 0.1196
vn -0.0977 -0.9474 0.3048
vn -0.2284 -0.9268 0.2982
vn -0.3073 -0.9516 0.0003
vn -0.2852 -0.9051 0.3155
vn -0.3073 -0.9516 0.0002
vn -0.4067 -0.9081 0.0992
vn -0.2285 -0.9268 0.2982
vn -0.1884 -0.8965 -0.4010
vn -0.0055 -0.5720 -0.8202
vn -0.0796 -0.9250 -0.3716
vn -0.1500 -0.5578 -0.8163
vn -0.0446 -0.9336 -0.3555
vn 0.0515 -0.5684 -0.8212
vn -0.0971 -0.9904 0.0982
vn -0.0446 -0.9336 -0.3554
vn -0.0809 -0.9858 0.1474
vn -0.0796 -0.9250 -0.3715
vn -0.1596 -0.9867 0.0315
vn -0.0972 -0.9904 0.0982
vn -0.3460 -0.8819 0.3202
vn -0.4190 -0.8331 0.3611
vn -0.4588 -0.8738 0.1612
vn -0.5294 -0.8213 0.2127
vn -0.3461 -0.8819 0.3202
vn -0.4587 -0.8738 0.1612
vn -0.4354 -0.9001 0.0156
vn -0.5963 -0.7961 0.1033
vn -0.4991 -0.7971 -0.3399
vn -0.3170 -0.5129 -0.7978
vn -0.3508 -0.8476 -0.3981
vn -0.4733 -0.4507 -0.7568
vn -0.3169 -0.5130 -0.7978
vn -0.1884 -0.8965 -0.4009
vn -0.4068 -0.9081 0.0991
vn -0.3508 -0.8476 -0.3980
vn -0.4991 -0.7972 -0.3398
vn -0.0055 -0.5719 -0.8203
vn 0.2176 -0.1290 -0.9675
vn 0.0515 -0.5683 -0.8212
vn 0.0676 -0.1160 -0.9909
vn -0.0699 -0.1635 -0.9841
vn -0.3170 -0.5128 -0.7978
vn -0.4734 -0.4507 -0.7569
vn -0.3469 -0.0303 -0.9374
vn -0.2343 -0.1578 -0.9593
vn -0.7384 -0.2825 -0.6123
vn -0.6160 -0.7405 -0.2688
vn -0.7234 -0.6627 -0.1936
vn -0.6152 -0.3733 -0.6944
vn -0.6159 -0.7405 -0.2688
vn -0.4734 -0.4507 -0.7568
vn -0.4588 -0.8738 0.1611
vn -0.4991 -0.7971 -0.3398
vn -0.4068 -0.9081 0.0992
vn -0.6159 -0.7406 -0.2687
vn -0.7234 -0.6627 -0.1935
vn -0.5294 -0.8213 0.2126
vn -0.7289 -0.5434 0.4164
vn -0.9340 -0.2931 -0.2044
vn -0.9957 -0.0777 0.0512
vn -0.7083 -0.6662 0.2334
vn -0.7621 -0.4907 -0.4224
vn -0.9339 -0.2931 -0.2045
vn -0.9274 -0.1357 -0.3487
vn -0.9340 -0.2931 -0.2045
vn -0.7520 -0.3465 -0.5608
vn -0.9274 -0.1357 -0.3486
vn -0.9913 0.0916 -0.0945
vn -0.9957 -0.0777 0.0511
vn -0.4812 -0.7390 0.4716
vn -0.4701 -0.7764 0.4198
vn -0.4701 -0.7764 0.4199
vn -0.6492 -0.7011 0.2950
vn -0.5907 -0.7612 0.2677
vn -0.7083 -0.6662 0.2335
vn -0.1501 -0.5578 -0.8163
vn -0.3169 -0.5129 -0.7978
vn -0.2342 -0.1578 -0.9593
vn -0.0699 -0.1634 -0.9841
vn -0.4734 -0.4506 -0.7569
vn -0.4521 0.0479 -0.8907
vn -0.9132 -0.0720 -0.4011
vn -0.8131 -0.5717 -0.1099
vn -0.8832 -0.4681 -0.0302
vn -0.8388 -0.1808 -0.5135
vn -0.8388 -0.1808 -0.5136
vn -0.7235 -0.6627 -0.1936
vn -0.8130 -0.5718 -0.1098
vn -0.5908 -0.7611 0.2676
vn -0.7235 -0.6627 -0.1935
vn -0.5908 -0.7612 0.2676
vn -0.6492 -0.7011 0.2949
vn -0.7319 -0.5888 0.3430
vn -0.5000 -0.6958 0.5156
vn -0.5001 -0.6958 0.5156
vn -0.4981 -0.6432 0.5816
vn -0.7120 -0.5145 0.4779
vn -0.4981 -0.6431 0.5816
vn -0.7384 -0.2824 -0.6124
vn -0.6152 -0.3732 -0.6944
vn -0.5829 0.0728 -0.8093
vn -0.9132 -0.0720 -0.4012
vn -0.6954 0.1370 -0.7054
vn -0.8388 -0.1807 -0.5136
vn -0.7166 0.2910 -0.6338
vn -0.9770 0.1541 -0.1476
vn -0.9351 -0.3468 0.0730
vn -0.9460 -0.2469 0.2100
vn -0.9597 0.0405 -0.2779
vn -0.9597 0.0405 -0.2780
vn -0.9351 -0.3468 0.0729
vn -0.9351 -0.3469 0.0730
vn -0.7319 -0.5888 0.3429
vn -0.9460 -0.2470 0.2101
vn -0.7121 -0.5145 0.4778
vn -0.7768 0.3166 0.5444
vn -0.7200 -0.3639 0.5909
vn -0.9401 0.1433 0.3092
vn -0.5696 -0.2982 0.7659
vn -0.9402 0.1432 0.3092
vn -0.7289 -0.5433 0.4164
vn -0.9402 0.1433 0.3091
vn -0.9913 0.0916 -0.0944
vn -0.9359 0.3079 0.1713
vn -0.9957 -0.0776 0.0512
vn -0.9358 0.3080 0.1714
vn -0.7675 0.4873 0.4165
vn -0.5696 -0.2983 0.7659
vn -0.4556 -0.5520 0.6984
vn -0.4917 -0.5926 0.6380
vn -0.6404 -0.4434 0.6271
vn -0.6629 -0.4909 0.5653
vn -0.7120 -0.5145 0.4778
vn -0.6954 0.1370 -0.7055
vn -0.9597 0.0406 -0.2780
vn -0.7167 0.2910 -0.6338
vn -0.7251 0.4126 -0.5514
vn -0.9640 0.2653 -0.0145
vn -0.8937 -0.0762 0.4422
vn -0.9216 0.3701 0.1170
vn -0.9265 -0.1690 0.3363
vn -0.9770 0.1541 -0.1475
vn -0.9641 0.2653 -0.0145
vn -0.9264 -0.1690 0.3364
vn -0.7121 -0.5144 0.4778
vn -0.6630 -0.4908 0.5653
vn -0.6404 -0.4433 0.6271
vn -0.8936 -0.0763 0.4422
vn -0.9770 0.1542 -0.1476
vn -0.7325 0.5118 -0.4490
vn -0.9640 0.2654 -0.0145
vn -0.9216 0.3702 0.1169
vn -0.7236 0.6601 -0.2016
vn -0.7286 0.5975 -0.3348
vn -0.8510 0.4653 0.2437
vn -0.7572 0.1599 0.6333
vn -0.7539 0.5486 0.3616
vn -0.8455 0.0388 0.5325
vn -0.8510 0.4653 0.2436
vn -0.8937 -0.0763 0.4422
vn -0.6271 -0.3638 0.6888
vn -0.8455 0.0387 0.5325
vn -0.8455 0.0388 0.5326
vn -0.6405 -0.1727 0.7483
vn -0.7572 0.1598 0.6333
vn -0.3506 -0.4786 0.8050
vn -0.3921 -0.2703 0.8793
vn -0.4832 -0.2638 0.8348
vn -0.4199 -0.4997 0.7576
vn -0.4200 -0.4997 0.7576
vn -0.4833 -0.2638 0.8348
vn -0.6270 -0.3638 0.6888
vn -0.4200 -0.4998 0.7575
vn -0.6270 -0.3639 0.6888
vn -0.6404 -0.4434 0.6272
vn -0.5697 -0.2983 0.7658
vn -0.9769 0.1542 -0.1476
vn -0.9640 0.2654 -0.0146
vn -0.9216 0.3702 0.1170
vn -0.7061 0.7071 -0.0377
vn -0.4936 0.6690 0.5557
vn -0.6271 0.1906 0.7553
vn -0.5005 0.1972 0.8430
vn -0.6333 0.6173 0.4667
vn -0.6334 0.6173 0.4667
vn -0.4832 -0.2637 0.8348
vn -0.7572 0.1598 0.6334
vn -0.6271 0.1905 0.7553
vn -0.3922 -0.2702 0.8793
vn -0.5005 0.1971 0.8430
vn -0.8509 0.4654 0.2436
vn -0.5964 0.8015 0.0442
vn -0.4672 0.8801 0.0841
vn -0.4936 0.6691 0.5556
vn -0.3640 0.9156 0.1707
vn -0.6333 0.6174 0.4667
vn -0.2148 -0.4451 0.8693
vn -0.2477 -0.1905 0.9499
vn -0.3207 -0.2522 0.9130
vn -0.2869 -0.4494 0.8460
vn -0.3506 -0.4785 0.8050
vn -0.4234 -0.1575 0.8921
vn -0.1855 -0.1648 0.9687
vn -0.1726 0.7157 0.6767
vn -0.3707 0.2177 0.9029
vn -0.2302 0.2514 0.9401
vn -0.3386 0.7020 0.6265
vn -0.3387 0.7020 0.6265
vn -0.3708 0.2177 0.9029
vn -0.3208 -0.2521 0.9130
vn -0.3707 0.2176 0.9029
vn -0.3207 -0.2521 0.9130
vn -0.2477 -0.1904 0.9499
vn -0.2302 0.2513 0.9401
vn -0.1332 -0.4389 0.8886
vn -0.1025 -0.1495 0.9834
vn -0.1331 -0.4389 0.8886
vn -0.0699 -0.4509 0.8898
vn -0.1024 -0.1495 0.9834
vn 0.0154 -0.2365 0.9715
vn -0.5064 0.6079 0.6116
vn -0.2071 0.4713 0.8573
vn -0.5253 0.4320 0.7331
vn -0.1843 0.6550 0.7328
vn -0.4235 -0.1575 0.8921
vn -0.2071 0.4712 0.8573
vn -0.5253 0.4319 0.7331
vn -0.5254 0.4319 0.7331
vn -0.7675 0.4873 0.4166
vn -0.5254 0.4320 0.7331
vn -0.7767 0.3166 0.5444
vn 0.4508 0.3548 0.8191
vn 0.2323 -0.2165 0.9482
vn 0.0332 -0.1486 0.9883
vn 0.1306 0.4483 0.8843
vn 0.1305 0.4483 0.8843
vn -0.2071 0.4712 0.8574
vn 0.1600 0.6232 0.7655
vn -0.2070 0.4713 0.8573
vn -0.1842 0.6550 0.7328
vn 0.4849 0.5162 0.7060
vn 0.4509 0.3549 0.8190
vn 0.1306 0.4484 0.8843
vn 0.1601 0.6232 0.7655
vn -0.5963 0.8015 0.0442
vn -0.7538 0.5486 0.3616
vn -0.3640 0.9156 0.1708
vn -0.3387 0.7021 0.6264
vn -0.2555 0.9171 0.3060
vn 0.0980 0.2157 0.9715
vn 0.1705 0.6843 0.7090
vn -0.0010 0.7098 0.7044
vn -0.0626 0.2608 0.9634
vn -0.1025 -0.1494 0.9835
vn -0.0626 0.2607 0.9634
vn -0.2476 -0.1904 0.9500
vn 0.0155 -0.2364 0.9715
vn 0.0980 0.2156 0.9715
vn -0.1024 -0.1494 0.9835
vn 0.0827 -0.2900 0.9535
vn 0.0838 -0.4805 0.8730
vn 0.1728 -0.3295 0.9282
vn -0.0054 -0.4508 0.8926
vn 0.0827 -0.2900 0.9534
vn 0.0332 -0.1487 0.9883
vn -0.2555 0.9171 0.3061
vn -0.1726 0.7158 0.6766
vn -0.0975 0.9360 0.3384
vn -0.3386 0.7021 0.6264
vn -0.0009 0.7098 0.7044
vn 0.2024 0.9316 0.3018
vn 0.0594 0.9479 0.3131
vn 0.1705 0.6843 0.7089
vn 0.3698 0.1004 0.9237
vn 0.4942 0.5774 0.6500
vn 0.3371 0.6396 0.6908
vn 0.2338 0.1584 0.9593
vn 0.3370 0.6396 0.6909
vn 0.0827 -0.2899 0.9535
vn 0.2337 0.1583 0.9593
vn 0.2338 0.1583 0.9593
vn 0.1728 -0.3294 0.9282
vn 0.3698 0.1003 0.9237
vn -0.0975 0.9360 0.3383
vn 0.0593 0.9479 0.3131
vn -0.1726 0.7158 0.6767
vn 0.1706 0.6843 0.7089
vn 0.3430 0.8946 0.2865
vn 0.3370 0.6397 0.6908
vn 0.4956 0.0359 0.8678
vn 0.7597 0.4091 0.5055
vn 0.6367 0.4997 0.5873
vn 0.6083 -0.0230 0.7933
vn 0.4955 0.0359 0.8678
vn 0.6366 0.4997 0.5873
vn 0.4942 0.5773 0.6499
vn 0.4955 0.0358 0.8679
vn 0.1729 -0.3294 0.9282
vn 0.2579 -0.3714 0.8919
vn 0.6083 -0.0231 0.7934
vn 0.3373 -0.3863 0.8585
vn 0.4955 0.0358 0.8678
vn 0.3371 0.6397 0.6908
vn 0.4778 0.8463 0.2355
vn 0.4942 0.5774 0.6499
vn 0.5924 0.7895 0.1605
vn 0.7597 0.4091 0.5054
vn 0.6929 0.7149 0.0938
vn 0.6367 0.4998 0.5873
vn 0.3981 -0.3189 0.8601
vn 0.4839 -0.4770 0.7337
vn 0.1889 -0.5711 0.7989
vn 0.1587 -0.5270 0.8349
vn 0.3372 -0.3864 0.8585
vn 0.2578 -0.3715 0.8919
vn 0.7141 -0.1027 0.6924
vn 0.9336 0.1831 0.3080
vn 0.8524 0.3081 0.4226
vn 0.7777 -0.2201 0.5889
vn 0.6084 -0.0230 0.7933
vn 0.8523 0.3081 0.4226
vn 0.7141 -0.1028 0.6925
vn 0.4613 -0.4121 0.7857
vn 0.4614 -0.4122 0.7857
vn 0.4868 -0.5323 0.6925
vn 0.4613 -0.4122 0.7857
vn 0.2277 -0.6063 0.7620
vn 0.2277 -0.6063 0.7619
vn 0.2537 -0.6623 0.7050
vn 0.4868 -0.5324 0.6925
vn 0.4779 0.8463 0.2355
vn 0.6366 0.4998 0.5873
vn 0.8523 0.3082 0.4225
vn 0.7842 0.6178 0.0577
vn 0.8053 -0.3286 0.4935
vn 0.9988 -0.0280 0.0402
vn 0.9835 0.0683 0.1673
vn 0.8279 -0.4129 0.3795
vn 0.7777 -0.2201 0.5888
vn 0.9336 0.1830 0.3079
vn 0.8052 -0.3286 0.4936
vn 0.4658 -0.6087 0.6423
vn 0.8279 -0.4130 0.3795
vn 0.8052 -0.3286 0.4935
vn 0.4917 -0.6457 0.5843
vn 0.9336 0.1831 0.3079
vn 0.8834 0.4683 0.0151
vn 0.8524 0.3082 0.4225
vn 0.8963 0.4134 -0.1603
vn 0.9988 -0.0279 0.0401
vn 0.8885 0.3582 -0.2867
vn 0.9835 0.0683 0.1672
vn 0.2695 -0.7421 0.6137
vn 0.2737 -0.7023 0.6572
vn 0.5715 -0.6051 0.5542
vn 0.5072 -0.7603 0.4058
vn 0.4916 -0.6457 0.5843
vn 0.4657 -0.6087 0.6423
vn 0.5716 -0.6051 0.5542
vn 0.5422 -0.7034 0.4596
vn 0.2670 -0.7818 0.5634
vn 0.5072 -0.7603 0.4057
vn 0.2361 -0.8314 0.5030
vn 0.2669 -0.7819 0.5634
vn 0.4662 -0.8035 0.3702
vn 0.5421 -0.7034 0.4596
vn 0.7778 -0.6163 0.1232
vn 0.9859 -0.1390 -0.0927
vn 0.8280 -0.5062 0.2413
vn 0.9433 -0.2442 -0.2248
vn 0.8280 -0.5061 0.2414
vn 0.9988 -0.0280 0.0401
vn 0.8279 -0.4129 0.3794
vn 0.8279 -0.5062 0.2414
vn 0.4663 -0.8035 0.3701
vn 0.7778 -0.6163 0.1233
vn 0.8835 0.4682 0.0151
vn 0.9835 0.0684 0.1673
vn 0.8847 0.2587 -0.3878
vn 0.9860 -0.1389 -0.0927
vn 0.6290 -0.7741 -0.0715
vn 0.8722 -0.3397 -0.3519
vn 0.7054 -0.7081 0.0311
vn 0.7751 -0.4227 -0.4696
vn 0.7053 -0.7082 0.0312
vn 0.3855 -0.8579 0.3397
vn 0.6290 -0.7741 -0.0714
vn 0.7053 -0.7082 0.0311
vn 0.3381 -0.8963 0.2868
vn 0.9859 -0.1390 -0.0928
vn 0.8772 0.1156 -0.4660
vn 0.9433 -0.2441 -0.2248
vn 0.8722 -0.3397 -0.3520
vn 0.7134 -0.0093 -0.7007
vn 0.8232 -0.0055 -0.5677
vn 0.7751 -0.4227 -0.4697
vn 0.5144 -0.5431 -0.6637
vn 0.5444 -0.8165 -0.1925
vn 0.4188 -0.8508 -0.3174
vn 0.6547 -0.4913 -0.5744
vn 0.5443 -0.8165 -0.1924
vn 0.2978 -0.9331 0.2017
vn 0.4188 -0.8508 -0.3173
vn 0.2784 -0.9604 0.0044
vn 0.9433 -0.2442 -0.2249
vn 0.6120 -0.0468 -0.7895
vn 0.6547 -0.4912 -0.5745
vn 0.7134 -0.0094 -0.7007
vn 0.5071 -0.1471 -0.8492
vn 0.3354 -0.5638 -0.7547
vn 0.3806 -0.2019 -0.9024
vn 0.2177 -0.1290 -0.9675
vn 0.2879 -0.8966 -0.3366
vn 0.2784 -0.9605 0.0044
vn 0.1271 -0.9863 0.1052
vn 0.2541 -0.9020 -0.3490
vn 0.1096 -0.9923 0.0578
vn 0.3355 -0.5639 -0.7547
vn 0.2879 -0.8965 -0.3367
vn 0.2541 -0.9020 -0.3491
vn 0.3864 -0.5633 -0.7303
vn 0.3865 -0.5633 -0.7303
vn 0.2977 -0.9331 0.2017
vn 0.3381 -0.8963 0.2869
vn 0.1613 -0.9046 0.3946
vn 0.1082 -0.9380 0.3292
vn 0.2550 -0.9593 0.1212
vn 0.0618 -0.9399 0.3358
vn 0.1271 -0.9863 0.1053
vn 0.1081 -0.9381 0.3292
vn 0.0619 -0.9399 0.3358
vn 0.1096 -0.9923 0.0579
vn 0.2784 -0.9605 0.0045
vn 0.1082 -0.9381 0.3291
vn 0.7077 0.1780 0.6837
vn 0.4839 -0.4769 0.7337
vn 0.8757 -0.0356 0.4816
vn 0.4509 0.3548 0.8190
vn 0.7513 0.3470 0.5613
vn 0.7514 0.3470 0.5613
vn 0.8757 -0.0356 0.4815
vn 0.9272 0.1360 0.3490
vn 0.4113 -0.8869 0.2103
vn 0.2056 -0.8725 0.4432
vn 0.3854 -0.8579 0.3398
vn 0.5073 -0.7603 0.4057
vn 0.4113 -0.8869 0.2104
vn 0.9382 -0.2542 0.2350
vn 0.8834 -0.4679 -0.0250
vn 0.5716 -0.6050 0.5542
vn 0.9382 -0.2541 0.2350
vn 0.9272 0.1359 0.3489
vn 0.9913 -0.0916 0.0944
vn 0.9357 -0.3083 -0.1718
vn 0.9382 -0.2541 0.2349
vn 0.9913 -0.0917 0.0943
vn 0.8835 -0.4678 -0.0251
vn 0.7760 -0.4922 -0.3944
vn 0.5339 -0.6384 -0.5544
vn 0.5489 -0.7220 -0.4212
vn 0.7235 -0.6298 -0.2826
vn 0.5489 -0.7221 -0.4211
vn 0.7235 -0.6299 -0.2826
vn 0.7235 -0.6299 -0.2825
vn 0.7761 -0.4921 -0.3944
vn 0.8834 -0.4679 -0.0251
vn 0.9356 -0.3084 -0.1719
vn 0.1512 -0.6731 -0.7239
vn 0.1425 -0.7580 -0.6365
vn 0.2539 -0.7643 -0.5927
vn 0.0602 -0.6526 -0.7553
vn 0.2551 -0.9593 0.1211
vn 0.2539 -0.7644 -0.5927
vn 0.5488 -0.7221 -0.4212
vn 0.5338 -0.6384 -0.5545
vn 0.1513 -0.6731 -0.7239
vn 0.5488 -0.7220 -0.4213
vn 0.1275 0.9277 -0.3508
vn 0.1491 0.8498 -0.5056
vn 0.1226 0.8575 -0.4997
vn 0.1699 0.9187 -0.3565
vn 0.0662 0.9379 -0.3405
vn 0.1275 0.9277 -0.3507
vn 0.0520 0.8812 -0.4698
vn 0.1699 0.9187 -0.3566
vn 0.1042 0.7886 -0.6060
vn 0.1237 0.7556 -0.6433
vn 0.0995 0.7674 -0.6333
vn 0.1289 0.7753 -0.6183
vn 0.0995 0.7675 -0.6333
vn 0.0331 0.8351 -0.5491
vn 0.0115 0.8100 -0.5863
vn 0.0520 0.8812 -0.4699
vn 0.1226 0.8574 -0.4998
vn 0.1491 0.8497 -0.5057
vn 0.1018 0.7581 -0.6441
vn 0.1015 0.7619 -0.6397
vn 0.1019 0.7581 -0.6441
vn 0.0165 0.7794 -0.6264
vn 0.0086 0.7623 -0.6472
vn 0.0559 0.6831 -0.7282
vn 0.1191 0.7385 -0.6636
vn 0.0981 0.6661 -0.7393
vn 0.0952 0.7412 -0.6646
vn -0.0182 0.6855 -0.7278
vn 0.0050 0.7381 -0.6747
vn 0.0085 0.7623 -0.6472
vn 0.0952 0.7412 -0.6645
vn 0.0519 0.8812 -0.4699
vn -0.0097 0.9424 -0.3345
vn -0.0424 0.9153 -0.4005
vn -0.2554 0.9171 0.3061
vn -0.0424 0.9153 -0.4004
vn -0.0096 0.9424 -0.3345
vn 0.4778 0.8463 0.2354
vn 0.2213 0.9085 -0.3545
vn 0.2963 0.8808 -0.3692
vn 0.1796 0.8475 -0.4995
vn 0.2525 0.8457 -0.4701
vn 0.2539 0.7977 -0.5470
vn 0.1529 0.7573 -0.6349
vn 0.1573 0.7764 -0.6102
vn 0.2729 0.7643 -0.5842
vn 0.1795 0.8475 -0.4996
vn 0.1574 0.7765 -0.6102
vn 0.3841 0.7991 -0.4624
vn 0.2730 0.7643 -0.5842
vn 0.2540 0.7977 -0.5469
vn 0.3490 0.8368 -0.4218
vn 0.5924 0.7895 0.1604
vn 0.2964 0.8808 -0.3692
vn 0.6928 0.7150 0.0937
vn -0.1117 0.8799 -0.4618
vn -0.0698 0.8968 -0.4368
vn -0.1403 0.8159 -0.5609
vn -0.1741 0.8544 -0.4895
vn -0.7236 0.6602 -0.2016
vn 0.4017 0.7236 -0.5613
vn 0.4116 0.7613 -0.5009
vn 0.4116 0.7615 -0.5007
vn 0.3842 0.7991 -0.4624
vn 0.6929 0.7149 0.0937
vn 0.8835 0.4683 0.0151
vn 0.2356 0.7391 -0.6310
vn 0.1463 0.7487 -0.6466
vn 0.1483 0.7526 -0.6416
vn 0.2383 0.7121 -0.6604
vn -0.1545 0.7518 -0.6410
vn -0.7286 0.5975 -0.3349
vn -0.1433 0.7894 -0.5969
vn -0.7324 0.5118 -0.4490
vn 0.0165 0.7794 -0.6263
vn 0.0114 0.8100 -0.5863
vn 0.0164 0.7794 -0.6264
vn -0.1613 0.6695 -0.7251
vn -0.1554 0.7102 -0.6866
vn -0.0182 0.6856 -0.7278
vn -0.1555 0.7102 -0.6866
vn -0.7167 0.2909 -0.6338
vn -0.1052 0.5856 -0.8037
vn -0.1849 0.6049 -0.7745
vn -0.5829 0.0727 -0.8093
vn -0.7166 0.2910 -0.6339
vn 0.0558 0.6831 -0.7282
vn -0.0117 0.5615 -0.8274
vn -0.0480 0.5756 -0.8163
vn -0.0480 0.5757 -0.8163
vn -0.3470 -0.0303 -0.9374
vn -0.1053 0.5856 -0.8037
vn 0.4027 0.6492 -0.6453
vn 0.3948 0.6904 -0.6062
vn 0.2383 0.7121 -0.6603
vn 0.8847 0.2588 -0.3878
vn 0.4175 0.5824 -0.6975
vn 0.3536 0.5883 -0.7272
vn 0.8772 0.1156 -0.4659
vn 0.4028 0.6491 -0.6453
vn 0.3537 0.5882 -0.7273
vn 0.2051 0.6325 -0.7469
vn 0.1429 0.7315 -0.6667
vn 0.2166 0.6884 -0.6923
vn 0.1401 0.6673 -0.7315
vn 0.0981 0.6662 -0.7393
vn 0.0981 0.6661 -0.7394
vn 0.0170 0.5051 -0.8629
vn 0.0944 0.5222 -0.8476
vn 0.0943 0.5221 -0.8476
vn -0.0117 0.5614 -0.8274
vn 0.1856 0.5176 -0.8353
vn 0.1425 0.5281 -0.8372
vn 0.0677 -0.1160 -0.9909
vn 0.1425 0.5280 -0.8372
vn -0.0700 -0.1634 -0.9841
vn 0.3057 0.5283 -0.7921
vn 0.3310 0.5679 -0.7536
vn 0.2166 0.6883 -0.6923
vn 0.2167 0.6883 -0.6923
vn 0.6120 -0.0469 -0.7894
vn 0.3311 0.5679 -0.7536
vn 0.3536 0.5883 -0.7273
vn 0.2051 0.6324 -0.7470
vn 0.2565 0.4746 -0.8420
vn 0.2566 0.4746 -0.8420
vn -0.9653 -0.1156 -0.2341
vn -0.9545 -0.2779 -0.1082
vn -0.9868 -0.1537 -0.0500
vn -0.9144 -0.2855 -0.2869
vn -0.4508 -0.8404 -0.3008
vn -0.4913 -0.8060 -0.3301
vn -0.9545 -0.2779 -0.1081
vn -0.9144 -0.2855 -0.2870
vn -0.1785 -0.9366 -0.3014
vn -0.4647 -0.2939 -0.8352
vn -0.2623 -0.3158 -0.9118
vn -0.2588 -0.9303 -0.2598
vn -0.6665 -0.2415 -0.7053
vn -0.5239 -0.0462 -0.8505
vn -0.4648 -0.2939 -0.8352
vn -0.7062 -0.0764 -0.7039
vn -0.6666 -0.2415 -0.7052
vn -0.2589 -0.9303 -0.2598
vn -0.3436 -0.9064 -0.2455
vn -0.3678 -0.8999 -0.2342
vn -0.7642 -0.2780 -0.5820
vn -0.3437 -0.9064 -0.2455
vn -0.2885 0.0028 -0.9575
vn -0.5238 -0.0462 -0.8506
vn -0.8381 -0.2812 -0.4674
vn -0.8013 -0.0777 -0.5932
vn -0.8908 -0.0863 -0.4461
vn -0.7641 -0.2780 -0.5821
vn -0.4090 -0.8726 -0.2670
vn -0.5308 -0.7662 -0.3623
vn -0.9567 -0.2873 0.0464
vn -0.9869 -0.1537 -0.0500
vn -0.9747 -0.2001 0.0998
vn -0.9242 -0.3300 0.1924
vn -0.8646 -0.3073 0.3976
vn -0.9358 -0.2513 0.2473
vn -0.8571 -0.3801 0.3478
vn -0.5308 -0.7662 -0.3622
vn -0.5461 -0.7325 -0.4066
vn -0.9242 -0.3300 0.1923
vn -0.5460 -0.7325 -0.4066
vn -0.5615 -0.7101 -0.4248
vn -0.9567 -0.2873 0.0465
vn -0.9358 -0.2513 0.2472
vn -0.5521 -0.4663 0.6912
vn -0.7141 -0.4481 0.5378
vn -0.5375 -0.5159 0.6670
vn -0.7310 -0.3850 0.5634
vn -0.5784 -0.7008 -0.4174
vn -0.7142 -0.4480 0.5378
vn -0.5784 -0.7009 -0.4174
vn -0.5604 -0.7256 -0.3992
vn -0.8645 -0.3073 0.3977
vn -0.2666 -0.5477 0.7931
vn -0.3984 -0.5736 0.7157
vn -0.2614 -0.6044 0.7526
vn -0.4029 -0.5203 0.7529
vn -0.3985 -0.7772 -0.4869
vn -0.3985 -0.5736 0.7157
vn -0.5604 -0.7257 -0.3992
vn -0.3985 -0.5736 0.7156
vn -0.2281 -0.8060 -0.5462
vn -0.3985 -0.7772 -0.4870
vn -0.4030 -0.5203 0.7529
vn -0.5520 -0.4663 0.6913
vn -0.2614 -0.6043 0.7526
vn -0.1252 -0.5535 0.8234
vn -0.1184 -0.6101 0.7834
vn -0.2613 -0.6043 0.7526
vn -0.0574 -0.8441 -0.5331
vn 0.0443 -0.5936 0.8036
vn 0.1232 -0.8620 -0.4917
vn -0.1183 -0.6101 0.7835
vn 0.0345 -0.5402 0.8408
vn 0.0442 -0.5935 0.8036
vn 0.2145 -0.5030 0.8373
vn 0.0443 -0.5935 0.8036
vn 0.2205 -0.5531 0.8034
vn 0.0346 -0.5402 0.8408
vn 0.1233 -0.8620 -0.4917
vn 0.2206 -0.5531 0.8034
vn 0.2452 -0.8454 -0.4745
vn 0.3819 -0.4962 0.7797
vn 0.3127 -0.8254 -0.4701
vn 0.3819 -0.4961 0.7797
vn 0.3841 -0.4507 0.8058
vn 0.5447 -0.4286 0.7208
vn 0.5544 -0.3881 0.7362
vn 0.3820 -0.4961 0.7797
vn 0.3805 -0.8165 -0.4343
vn 0.5448 -0.4286 0.7208
vn 0.3745 -0.7925 -0.4813
vn 0.3806 -0.8165 -0.4342
vn 0.7125 -0.3696 0.5964
vn 0.7125 -0.3696 0.5965
vn 0.7141 -0.3142 0.6256
vn 0.5448 -0.4285 0.7208
vn 0.8423 -0.2357 0.4848
vn 0.9344 -0.2374 0.2657
vn 0.9326 -0.1618 0.3227
vn 0.8455 -0.3029 0.4397
vn 0.3817 -0.7920 -0.4766
vn 0.8454 -0.3031 0.4397
vn 0.3887 -0.7996 -0.4577
vn 0.8455 -0.3030 0.4397
vn 0.9344 -0.2374 0.2656
vn 0.7141 -0.3142 0.6255
vn 0.8454 -0.3030 0.4398
vn 0.8422 -0.2358 0.4849
vn 0.7126 -0.3695 0.5964
vn 0.9985 -0.0360 -0.0416
vn 0.9797 -0.1836 0.0806
vn 0.9832 -0.1502 -0.1039
vn 0.9848 -0.0953 0.1449
vn 0.3911 -0.8136 -0.4303
vn 0.3886 -0.7996 -0.4577
vn 0.3823 -0.8335 -0.3989
vn 0.3910 -0.8136 -0.4304
vn 0.9848 -0.0954 0.1449
vn 0.9344 -0.2373 0.2656
vn 0.9797 -0.1836 0.0807
vn 0.8873 0.0338 -0.4599
vn 0.9496 -0.1333 -0.2837
vn 0.8752 -0.1198 -0.4688
vn 0.9710 0.0096 -0.2388
vn 0.9832 -0.1503 -0.1039
vn 0.3714 -0.8564 -0.3587
vn 0.9496 -0.1333 -0.2836
vn 0.3823 -0.8335 -0.3988
vn 0.8752 -0.1197 -0.4688
vn 0.3642 -0.8744 -0.3205
vn 0.9985 -0.0360 -0.0417
vn 0.7697 0.0280 -0.6378
vn 0.6397 -0.2019 -0.7416
vn 0.6364 0.0125 -0.7712
vn 0.7737 -0.1073 -0.6244
vn 0.3759 -0.8659 -0.3300
vn 0.8751 -0.1197 -0.4688
vn 0.2995 -0.8980 -0.3224
vn 0.6397 -0.2019 -0.7417
vn 0.8873 0.0338 -0.4600
vn 0.8751 -0.1197 -0.4689
vn 0.2994 0.0036 -0.9541
vn 0.4809 -0.2907 -0.8272
vn 0.3019 -0.3360 -0.8921
vn 0.4790 0.0018 -0.8778
vn 0.2254 -0.9157 -0.3327
vn 0.1363 -0.9292 -0.3434
vn 0.3018 -0.3360 -0.8922
vn 0.0281 -0.9364 -0.3498
vn 0.3018 -0.3361 -0.8922
vn 0.1362 -0.9292 -0.3434
vn 0.0986 -0.3361 -0.9366
vn -0.0944 -0.3205 -0.9425
vn -0.0856 -0.9373 -0.3379
vn -0.1784 -0.9366 -0.3014
vn 0.2993 0.0036 -0.9541
vn 0.0985 -0.3361 -0.9366
vn 0.0922 0.0190 -0.9956
vn 0.3019 -0.3360 -0.8922
vn -0.1060 0.0253 -0.9940
vn 0.2994 -0.7862 -0.5405
vn 0.2897 -0.7786 -0.5566
vn 0.3816 -0.7920 -0.4766
vn 0.3805 -0.8164 -0.4343
vn 0.2352 -0.7849 -0.5733
vn 0.3126 -0.8253 -0.4702
vn 0.2452 -0.8454 -0.4746
vn 0.2413 -0.7831 -0.5732
vn 0.2351 -0.7849 -0.5733
vn 0.3086 -0.8319 -0.4612
vn 0.3886 -0.7996 -0.4578
vn 0.3064 -0.8055 -0.5072
vn 0.2469 -0.8029 -0.5425
vn 0.2413 -0.7831 -0.5731
vn 0.2484 -0.8395 -0.4833
vn 0.2469 -0.8030 -0.5425
vn 0.2383 -0.8781 -0.4148
vn 0.2877 -0.8928 -0.3466
vn 0.3011 -0.8614 -0.4090
vn 0.2214 -0.9123 -0.3446
vn 0.3822 -0.8336 -0.3989
vn 0.2876 -0.8928 -0.3466
vn 0.2484 -0.8394 -0.4834
vn 0.2054 -0.9335 -0.2939
vn 0.2704 -0.9176 -0.2913
vn 0.3758 -0.8660 -0.3300
vn 0.2995 -0.8980 -0.3223
vn 0.3714 -0.8564 -0.3588
vn 0.0059 -0.9511 -0.3089
vn 0.1184 -0.9452 -0.3042
vn 0.1230 -0.9290 -0.3491
vn -0.0139 -0.9364 -0.3507
vn 0.1363 -0.9293 -0.3434
vn -0.1655 -0.9263 -0.3385
vn -0.2821 -0.9071 -0.3123
vn -0.2229 -0.9391 -0.2616
vn -0.1188 -0.9478 -0.2959
vn -0.1785 -0.9367 -0.3014
vn -0.0856 -0.9373 -0.3378
vn -0.3478 -0.8942 -0.2819
vn -0.2945 -0.9274 -0.2306
vn -0.3678 -0.9000 -0.2342
vn -0.0561 -0.7698 -0.6358
vn -0.0573 -0.8440 -0.5332
vn 0.1162 -0.7906 -0.6012
vn -0.0596 -0.7648 -0.6415
vn 0.1171 -0.7791 -0.6159
vn 0.1171 -0.7791 -0.6158
vn -0.4655 -0.7871 -0.4047
vn -0.4711 -0.7535 -0.4585
vn -0.4655 -0.7870 -0.4048
vn -0.4332 -0.8163 -0.3820
vn -0.4332 -0.8163 -0.3821
vn -0.4655 -0.7871 -0.4048
vn -0.3760 -0.8031 -0.4622
vn -0.3478 -0.8942 -0.2820
vn -0.3309 -0.8618 -0.3845
vn -0.3975 -0.8499 -0.3460
vn -0.4508 -0.8405 -0.3007
vn -0.4090 -0.8726 -0.2669
vn -0.3974 -0.8499 -0.3460
vn -0.1997 -0.7343 -0.6487
vn -0.2281 -0.8059 -0.5463
vn -0.3277 -0.7036 -0.6305
vn -0.2116 -0.7409 -0.6374
vn -0.3501 -0.7160 -0.6040
vn -0.0562 -0.7698 -0.6358
vn -0.0574 -0.8440 -0.5332
vn -0.1998 -0.7343 -0.6487
vn -0.5784 -0.7009 -0.4175
vn -0.4756 -0.7239 -0.4998
vn -0.4746 -0.6953 -0.5397
vn -0.4757 -0.7239 -0.4998
vn -0.3761 -0.8031 -0.4622
vn -0.3678 -0.7500 -0.5498
vn -0.4746 -0.6954 -0.5397
vn -0.3677 -0.7500 -0.5498
vn -0.3502 -0.7160 -0.6039
vn -0.5603 -0.7256 -0.3994
vn -0.4610 -0.6732 -0.5782
vn -0.5604 -0.7256 -0.3993
vn -0.5784 -0.7008 -0.4175
vn 0.4791 0.0018 -0.8778
vn 0.6396 -0.2019 -0.7417
vn 0.0921 0.0190 -0.9956
vn -0.0943 -0.3205 -0.9425
vn -0.1059 0.0254 -0.9940
vn 0.0985 -0.3361 -0.9367
vn -0.8382 -0.2812 -0.4673
vn -0.0855 -0.9373 -0.3379
vn 0.1413 -0.8482 -0.5104
vn 0.1306 -0.7993 -0.5866
vn 0.1305 -0.7992 -0.5867
vn 0.1170 -0.7791 -0.6159
vn -0.0524 -0.7918 -0.6085
vn -0.0412 -0.8508 -0.5239
vn 0.1305 -0.7993 -0.5867
vn 0.1412 -0.8482 -0.5105
vn -0.0298 -0.9052 -0.4239
vn 0.1346 -0.8966 -0.4219
vn 0.2214 -0.9123 -0.3445
vn -0.2378 -0.8304 -0.5039
vn -0.2120 -0.8871 -0.4099
vn -0.2120 -0.8871 -0.4100
vn -0.0299 -0.9052 -0.4239
vn -0.0413 -0.8508 -0.5239
vn -0.2377 -0.8304 -0.5039
vn -0.2308 -0.7736 -0.5902
vn -0.3760 -0.8031 -0.4623
vn -0.2307 -0.7736 -0.5902
vn -0.0525 -0.7918 -0.6085
vn -0.0597 -0.7648 -0.6415
vn -0.3502 -0.7160 -0.6040
s 1
f 1//1 2//2 3//3
f 2//2 1//1 4//4
f 5//5 6//6 7//7
f 6//6 5//5 8//8
f 9//9 10//10 11//11
f 10//10 9//9 12//12
f 13//13 14//14 15//15
f 14//14 13//13 16//16
f 17//17 18//18 19//19
f 18//18 17//17 20//6
f 21//20 22//21 23//22
f 22//21 21//20 24//23
f 25//24 26//25 27//26
f 26//25 25//24 28//27
f 29//26 30//16 31//28
f 30//16 29//26 32//25
f 33//29 34//30 35//31
f 34//30 33//29 36//32
f 37//33 38//34 39//35
f 38//34 37//33 40//36
f 41//37 42//38 43//39
f 42//38 41//37 44//40
f 45//41 46//42 47//43
f 46//42 45//41 48//44
f 49//45 50//46 51//47
f 50//46 49//45 52//48
f 53//49 54//50 55//51
f 54//50 53//49 56//52
f 57//53 58//54 59//55
f 58//54 57//53 60//56
f 61//57 62//58 63//59
f 62//58 61//57 64//60
f 65//61 66//62 67//63
f 66//62 65//61 68//64
f 69//65 70//66 71//67
f 70//66 69//65 72//68
f 73//69 74//70 75//71
f 74//70 73//69 76//72
f 77//73 78//74 79//75
f 78//74 77//73 80//76
f 81//77 82//75 83//78
f 82//75 81//77 84//73
f 85//79 86//73 87//77
f 86//73 85//79 88//80
f 89//80 90//81 91//73
f 90//81 89//80 92//82
f 93//83 94//84 95//85
f 94//84 93//83 96//86
f 97//87 98//84 99//88
f 98//84 97//87 100//85
f 101//76 102//89 103//90
f 102//89 101//76 104//85
f 105//82 106//85 107//76
f 108//83 106//85 105//82
f 109//91 110//92 111//93
f 109//91 111//93 112//94
f 113//94 114//86 115//83
f 116//93 114//86 113//94
f 117//95 118//94 119//83
f 118//94 117//95 120//80
f 121//80 122//96 123//94
f 122//96 121//80 124//79
f 125//97 126//98 127//99
f 125//97 128//100 126//98
f 129//100 130//97 131//78
f 132//75 129//100 131//78
f 133//100 134//74 135//101
f 134//74 133//100 136//75
f 137//100 138//102 139//98
f 140//103 138//102 137//100
f 141//104 142//105 143//106
f 142//105 141//104 144//107
f 145//106 146//108 147//101
f 146//108 145//106 148//109
f 149//87 150//110 151//111
f 152//106 150//110 149//87
f 153//89 154//104 155//106
f 154//104 153//89 156//112
f 157//113 158//114 159//115
f 158//114 157//113 160//116
f 161//115 162//117 163//118
f 162//117 161//115 164//119
f 165//86 166//115 167//120
f 166//115 165//86 168//121
f 169//92 170//115 171//93
f 170//115 169//92 172//113
f 173//122 174//123 175//124
f 176//125 173//122 175//124
f 177//84 178//124 179//126
f 178//124 177//84 180//125
f 181//127 182//84 183//86
f 181//127 184//125 182//84
f 185//117 186//128 187//125
f 188//118 185//117 187//125
f 189//129 190//130 191//131
f 190//130 189//129 192//132
f 193//133 194//134 195//98
f 194//134 193//133 196//135
f 197//136 198//98 199//108
f 198//98 197//136 200//137
f 201//107 202//138 203//109
f 202//138 201//107 204//129
f 205//139 206//140 207//141
f 207//141 208//142 205//139
f 209//142 210//143 211//144
f 209//142 212//145 210//143
f 213//146 214//104 215//147
f 214//104 213//146 216//107
f 217//148 218//104 219//149
f 218//104 217//148 220//147
f 221//150 222//139 223//151
f 222//139 221//150 224//152
f 225//153 226//139 227//149
f 226//139 225//153 228//151
f 229//124 230//154 231//151
f 229//124 232//155 230//154
f 233//151 234//154 235//156
f 233//151 235//156 236//150
f 237//157 238//158 239//159
f 240//160 238//158 237//157
f 241//159 242//161 243//129
f 244//158 242//161 241//159
f 245//107 246//162 247//163
f 246//162 245//107 248//144
f 249//164 250//162 251//146
f 252//157 250//162 249//164
f 253//165 254//166 255//167
f 255//167 256//168 253//165
f 257//169 258//167 259//123
f 259//123 260//122 257//169
f 261//119 262//169 263//170
f 261//119 263//170 264//117
f 265//169 266//116 267//165
f 266//116 265//169 268//114
f 269//171 270//172 271//173
f 270//172 269//171 272//174
f 273//157 274//174 275//160
f 274//174 273//157 276//175
f 277//172 278//164 279//145
f 278//164 277//172 280//157
f 281//152 282//176 283//175
f 284//145 281//152 283//175
f 285//177 286//178 287//179
f 285//177 288//180 286//178
f 289//181 290//178 291//182
f 292//183 289//181 291//182
f 293//181 294//123 295//167
f 294//123 293//181 296//154
f 297//184 298//177 299//185
f 299//185 300//167 297//184
f 301//186 302//180 303//187
f 302//180 301//186 304//178
f 305//188 306//173 307//186
f 306//173 305//188 308//171
f 309//186 310//152 311//150
f 310//152 309//186 312//176
f 313//182 314//186 315//150
f 314//186 313//182 316//189
f 317//190 318//191 319//71
f 318//191 317//190 320//192
f 321//193 322//194 323//193
f 322//194 321//193 324//195
f 325//196 326//197 327//198
f 326//197 325//196 328//196
f 329//199 330//200 331//200
f 331//200 332//199 329//199
f 333//199 334//201 335//202
f 333//199 336//201 334//201
f 337//203 338//204 339//205
f 338//204 337//203 340//203
f 341//206 342//204 343//204
f 342//204 341//206 344//206
f 345//207 346//208 347//208
f 346//208 345//207 348//207
f 349//209 350//210 351//211
f 350//210 349//209 352//212
f 353//213 354//214 355//215
f 356//216 353//213 355//215
f 357//217 358//218 359//219
f 358//218 357//217 360//217
f 361//220 362//221 363//222
f 364//220 361//220 363//222
f 365//223 366//220 367//220
f 368//207 365//223 367//220
f 369//224 370//225 371//225
f 370//225 369//224 372//224
f 373//224 374//226 375//226
f 376//224 373//224 375//226
f 377//227 378//228 379//229
f 378//228 377//227 380//230
f 381//231 382//227 383//227
f 384//232 381//231 383//227
f 385//233 386//226 387//226
f 385//233 387//226 388//233
f 389//234 390//235 391//235
f 389//234 391//235 392//234
f 393//236 394//237 395//236
f 396//237 394//237 393//236
f 397//238 398//239 399//240
f 398//239 397//238 400//241
f 401//242 402//241 403//238
f 401//242 403//238 404//243
f 405//244 406//245 407//243
f 406//245 405//244 408//246
f 409//247 410//248 411//249
f 410//248 409//247 412//250
f 413//244 414//251 415//252
f 414//251 413//244 416//253
f 417//248 418//251 419//254
f 418//251 417//248 420//250
f 421//255 422//256 423//257
f 422//256 421//255 424//258
f 425//259 426//260 427//261
f 426//260 425//259 428//262
f 429//255 430//263 431//264
f 430//263 429//255 432//265
f 433//266 434//267 435//268
f 434//267 433//266 436//269
f 437//256 438//258 439//259
f 440//261 437//256 439//259
f 441//270 442//271 443//272
f 442//271 441//270 444//273
f 445//267 446//260 447//262
f 446//260 445//267 448//269
f 449//266 450//271 451//273
f 450//271 449//266 452//268
f 453//274 454//270 455//275
f 454//270 453//274 456//276
f 457//277 458//274 459//278
f 457//277 460//276 458//274
f 461//277 462//279 463//280
f 462//279 461//277 464//281
f 465//279 466//282 467//280
f 466//282 465//279 468//283
f 469//282 470//284 471//285
f 470//284 469//282 472//286
f 473//284 474//287 475//240
f 474//287 473//284 476//283
f 477//288 478//253 479//289
f 480//243 477//288 479//289
f 481//290 482//287 483//264
f 482//287 481//290 484//254
f 485//284 486//240 487//239
f 488//285 485//284 487//239
f 489//264 490//287 491//291
f 491//291 490//287 492//292
f 493//238 494//288 495//243
f 494//288 493//238 496//240
f 497//288 498//262 499//259
f 500//258 497//288 499//259
f 501//288 502//286 503//279
f 501//288 503//279 504//278
f 505//275 506//288 507//274
f 507//274 506//288 508//281
f 509//271 510//288 511//275
f 510//288 509//271 512//268
f 513//288 514//267 515//262
f 513//288 516//268 514//267
f 517//293 518//294 519//294
f 518//294 517//293 520//293
s 0
f 521//295 522//295 523//295
f 524//295 525//295 526//295
f 527//295 528//295 529//295
f 530//295 531//295 532//295
f 533//295 534//295 535//295
f 536//295 537//295 538//295
f 539//295 540//295 541//295
f 542//295 543//295 544//295
f 545//295 546//295 547//295
f 548//295 549//295 550//295
s 1
f 551//295 552//295 553//295
s 0
f 554//295 555//295 556//295
f 557//295 558//295 559//295
s 1
f 560//295 561//295 562//295
s 0
f 563//295 564//295 565//295
f 566//295 567//295 568//295
f 569//295 570//295 571//295
f 572//295 573//295 574//295
f 575//295 576//295 577//295
f 578//295 579//295 580//295
f 581//295 582//295 583//295
f 584//295 585//295 586//295
f 587//295 588//295 589//295
f 590//295 591//295 592//295
s 1
f 593//295 594//295 595//295
s 0
f 596//295 597//295 598//295
s 1
f 599//295 600//295 601//295
s 0
f 602//295 603//295 604//295
s 1
f 605//295 606//295 607//295
s 0
f 608//295 609//295 610//295
f 611//295 612//295 613//295
f 614//295 615//295 616//295
f 617//295 618//295 619//295
s 1
f 620//295 621//295 622//295
s 0
f 623//295 624//295 625//295
f 626//295 627//295 628//295
f 629//295 630//295 631//295
f 632//295 633//295 634//295
s 1
f 635//295 636//295 637//295
s 0
f 638//295 639//295 640//295
f 641//295 642//295 643//295
f 644//295 645//295 646//295
f 647//295 648//295 649//295
s 1
f 650//295 651//295 652//295
s 0
f 653//295 654//295 655//295
f 656//295 657//295 658//295
f 659//295 660//295 661//295
f 662//295 663//295 664//295
f 665//296 666//296 667//296
f 668//296 669//296 670//296
f 671//296 672//296 673//296
s 1
f 674//296 675//296 676//296
s 0
f 677//296 678//296 679//296
s 1
f 680//296 681//296 682//296
s 0
f 683//296 684//296 685//296
s 1
f 686//296 687//296 688//296
s 0
f 689//296 690//296 691//296
s 1
f 692//296 693//296 694//296
s 0
f 695//296 696//296 697//296
s 1
f 698//296 699//296 700//296
s 0
f 701//296 702//296 703//296
f 704//296 705//296 706//296
f 707//296 708//296 709//296
s 1
f 710//296 711//296 712//296
s 0
f 713//296 714//296 715//296
f 716//296 717//296 718//296
f 719//296 720//296 721//296
f 722//296 723//296 724//296
f 725//296 726//296 727//296
f 728//296 729//296 730//296
f 731//296 732//296 733//296
f 734//296 735//296 736//296
f 737//296 738//296 739//296
f 740//296 741//296 742//296
s 1
f 743//296 744//296 745//296
s 0
f 746//296 747//296 748//296
f 749//296 750//296 751//296
f 752//296 753//296 754//296
f 755//296 756//296 757//296
f 758//296 759//296 760//296
f 761//296 762//296 763//296
f 764//296 765//296 766//296
f 767//296 768//296 769//296
f 770//296 771//296 772//296
f 773//296 774//296 775//296
f 776//296 777//296 778//296
f 779//296 780//296 781//296
f 782//296 783//296 784//296
f 785//296 786//296 787//296
f 788//296 789//296 790//296
f 791//296 792//296 793//296
f 794//296 795//296 796//296
s 1
f 797//296 798//296 799//296
s 0
f 800//296 801//296 802//296
f 803//296 804//296 805//296
f 806//296 807//296 808//296
s 1
f 809//296 810//296 811//296
s 0
f 812//296 813//296 814//296
f 815//296 816//296 817//296
f 818//296 819//296 820//296
f 821//297 822//297 823//297
f 824//298 825//298 826//298
f 827//298 828//298 829//298
f 830//297 831//297 832//297
f 833//298 834//298 835//298
f 836//298 837//298 838//298
f 839//298 840//298 841//298
s 1
f 842//298 843//298 844//298
s 0
f 845//298 846//298 847//298
f 848//298 849//298 850//298
s 1
f 851//297 852//297 853//297
f 854//297 855//297 856//297
s 0
f 857//298 858//298 859//298
f 860//298 861//298 862//298
f 863//298 864//298 865//298
s 1
f 866//297 867//297 868//297
s 0
f 869//298 870//298 871//298
f 872//298 873//298 874//298
f 875//298 876//298 877//298
s 1
f 878//298 879//298 880//298
f 881//298 882//298 883//298
s 0
f 884//298 885//298 886//298
f 887//298 888//298 889//298
s 1
f 890//298 891//298 892//298
s 0
f 893//298 894//298 895//298
s 1
f 896//298 897//298 898//298
f 899//298 900//298 901//298
f 902//298 903//298 904//298
f 905//298 906//298 907//298
f 908//298 909//298 910//298
s 0
f 911//298 912//298 913//298
f 914//298 915//298 916//298
f 917//298 918//298 919//298
f 920//298 921//298 922//298
f 923//298 924//298 925//298
f 926//298 927//298 928//298
f 929//298 930//298 931//298
f 932//298 933//298 934//298
s 1
f 935//298 936//298 937//298
s 0
f 938//298 939//298 940//298
f 941//298 942//298 943//298
f 944//298 945//298 946//298
f 947//298 948//298 949//298
f 950//298 951//298 952//298
f 953//298 954//298 955//298
f 956//298 957//298 958//298
f 959//298 960//298 961//298
f 962//298 963//298 964//298
f 965//298 966//298 967//298
f 968//298 969//298 970//298
f 971//298 972//298 973//298
s 1
f 974//298 975//298 976//298
s 0
f 977//298 978//298 979//298
f 980//298 981//298 982//298
f 983//298 984//298 985//298
f 986//297 987//297 988//297
f 989//298 990//298 991//298
s 1
f 992//297 993//297 994//297
s 0
f 995//298 996//298 997//298
f 998//298 999//298 1000//298
f 1001//298 1002//298 1003//298
f 1004//299 1005//299 1006//299
s 1
f 1007//299 1008//299 1009//299
s 0
f 1010//299 1011//299 1012//299
f 1013//299 1014//299 1015//299
f 1016//299 1017//299 1018//299
f 1019//299 1020//299 1021//299
f 1022//299 1023//299 1024//299
s 1
f 1025//299 1026//299 1027//299
s 0
f 1028//299 1029//299 1030//299
f 1031//299 1032//299 1033//299
f 1034//299 1035//299 1036//299
f 1037//299 1038//299 1039//299
f 1040//299 1041//299 1042//299
s 1
f 1043//299 1044//299 1045//299
s 0
f 1046//299 1047//299 1048//299
f 1049//299 1050//299 1051//299
f 1052//299 1053//299 1054//299
f 1055//299 1056//299 1057//299
f 1058//299 1059//299 1060//299
f 1061//299 1062//299 1063//299
f 1064//299 1065//299 1066//299
f 1067//299 1068//299 1069//299
f 1070//299 1071//299 1072//299
f 1073//299 1074//299 1075//299
s 1
f 1076//299 1077//299 1078//299
s 0
f 1079//299 1080//299 1081//299
f 1082//299 1083//299 1084//299
s 1
f 1085//299 1086//299 1087//299
s 0
f 1088//299 1089//299 1090//299
f 1091//299 1092//299 1093//299
s 1
f 1094//299 1095//299 1096//299
f 1097//299 1098//299 1099//299
s 0
f 1100//299 1101//299 1102//299
f 1103//299 1104//299 1105//299
f 1106//299 1107//299 1108//299
f 1109//299 1110//299 1111//299
f 1112//299 1113//299 1114//299
f 1115//299 1116//299 1117//299
f 1118//299 1119//299 1120//299
f 1121//299 1122//299 1123//299
s 1
f 1124//299 1125//299 1126//299
f 1127//299 1128//299 1129//299
f 1130//299 1131//299 1132//299
s 0
f 1133//299 1134//299 1135//299
f 1136//299 1137//299 1138//299
f 1139//299 1140//299 1141//299
f 1142//299 1143//299 1144//299
s 1
f 1145//299 1146//299 1147//299
s 0
f 1148//299 1149//299 1150//299
f 1151//299 1152//299 1153//299
s 1
f 1154//299 1155//299 1156//299
s 0
f 1157//299 1158//299 1159//299
f 1160//300 1161//300 1162//300
s 1
f 1163//299 1164//299 1165//299
s 0
f 1166//299 1167//299 1168//299
f 1169//299 1170//299 1171//299
f 1172//299 1173//299 1174//299
f 1175//299 1176//299 1177//299
f 1178//299 1179//299 1180//299
f 1181//299 1182//299 1183//299
s 1
f 1184//299 1185//299 1186//299
s 0
f 1187//299 1188//299 1189//299
s 1
f 1190//301 1191//302 1192//303
f 1193//304 1190//301 1192//303
f 1194//305 1195//306 1196//307
f 1195//306 1194//305 1197//308
f 1198//309 1199//305 1200//310
f 1198//309 1200//310 1201//311
f 1202//312 1203//313 1204//314
f 1205//315 1203//313 1202//312
f 1206//316 1207//317 1208//318
f 1207//317 1206//316 1209//319
f 1210//320 1211//321 1212//322
f 1213//323 1211//321 1210//320
f 1214//324 1215//325 1216//326
f 1214//324 1217//327 1215//325
f 1218//328 1219//327 1220//324
f 1221//329 1219//327 1218//328
f 1222//329 1223//330 1224//331
f 1225//332 1223//330 1222//329
f 1226//333 1227//334 1228//335
f 1226//333 1229//336 1227//334
f 1230//337 1231//338 1232//339
f 1233//340 1232//339 1231//338
f 1234//341 1235//342 1236//343
f 1237//344 1235//342 1234//341
f 1238//345 1239//346 1240//347
f 1238//345 1241//341 1239//346
f 1242//348 1243//341 1244//345
f 1245//349 1246//309 1247//350
f 1245//349 1247//350 1248//351
f 1249//352 1250//353 1251//354
f 1250//353 1249//352 1252//355
f 1253//356 1254//309 1255//357
f 1253//356 1256//343 1254//309
f 1257//358 1258//359 1259//360
f 1258//359 1257//358 1260//361
f 1261//362 1262//360 1263//363
f 1262//360 1261//362 1264//364
s 0
f 1265//365 1266//365 1267//365
s 1
f 1268//366 1269//367 1270//368
f 1271//369 1272//370 1273//371
f 1274//372 1275//373 1276//374
f 1277//375 1278//376 1279//377
f 1280//378 1281//379 1282//380
f 1283//381 1284//373 1285//382
f 1286//383 1287//384 1288//373
f 1289//373 1290//384 1291//385
f 1292//386 1293//387 1294//388
f 1295//388 1296//373 1297//389
f 1298//387 1299//390 1300//391
f 1301//392 1302//393 1303//394
f 1304//395 1303//394 1302//393
f 1305//396 1306//397 1307//398
f 1306//397 1305//396 1308//399
f 1309//400 1310//401 1311//402
f 1310//401 1309//400 1312//403
f 1313//404 1314//405 1315//406
f 1314//405 1313//404 1316//407
f 1317//408 1318//409 1319//408
f 1320//410 1321//410 1322//411
s 0
f 1323//412 1324//412 1325//412
s 1
f 1326//408 1327//413 1328//414
s 0
f 1329//415 1330//415 1331//415
f 1332//416 1333//416 1334//416
f 1335//417 1336//417 1337//417
s 1
f 1338//418 1339//419 1340//419
s 0
f 1341//420 1342//420 1343//420
f 1344//421 1345//421 1346//421
f 1347//422 1348//422 1349//422
f 1350//423 1351//423 1352//423
f 1353//422 1354//422 1355//422
f 1356//424 1357//424 1358//424
f 1359//425 1360//425 1361//425
s 1
f 1362//426 1363//426 1364//427
s 0
f 1365//426 1366//426 1367//426
s 1
f 1368//423 1369//428 1370//423
f 1371//429 1372//430 1373//431
f 1373//431 1372//430 1374//432
f 1375//433 1376//434 1377//430
f 1378//435 1379//436 1380//435
f 1381//437 1382//438 1383//439
f 1384//436 1385//440 1386//440
f 1387//441 1388//442 1389//443
s 0
f 1390//436 1391//444 1392//445
s 1
f 1393//446 1394//447 1395//446
f 1396//448 1397//419 1398//449
f 1399//450 1400//451 1401//452
f 1400//451 1399//450 1402//453
f 1403//454 1404//455 1405//456
f 1404//455 1403//454 1406//457
f 1407//458 1408//456 1409//459
f 1408//456 1407//458 1410//454
f 1411//460 1412//461 1413//462
f 1412//461 1411//460 1414//460
f 1415//460 1416//463 1417//434
f 1418//464 1419//464 1420//465
f 1421//466 1422//467 1423//468
f 1424//465 1425//469 1426//470
f 1426//470 1427//471 1424//465
f 1428//470 1429//472 1430//473
f 1431//474 1432//475 1433//476
f 1434//477 1432//475 1431//474
f 1435//478 1436//479 1437//480
f 1438//464 1439//465 1440//481
f 1441//480 1442//482 1443//406
f 1443//406 1442//482 1444//483
f 1445//484 1446//485 1447//486
f 1448//487 1449//487 1450//488
s 0
f 1451//489 1452//489 1453//489
f 1454//490 1455//490 1456//490
f 1457//486 1458//486 1459//486
f 1460//490 1461//490 1462//490
f 1463//491 1464//491 1465//491
s 1
f 1466//492 1467//491 1468//493
f 1469//485 1470//494 1471//495
f 1470//494 1469//485 1472//496
f 1473//496 1474//497 1475//498
f 1474//497 1476//499 1477//500
f 1476//499 1474//497 1473//496
f 1478//501 1479//502 1480//503
f 1481//504 1482//505 1483//506
f 1484//507 1485//503 1486//508
f 1485//503 1484//507 1487//509
f 1488//510 1489//511 1490//512
f 1491//513 1492//514 1493//515
f 1494//516 1495//517 1496//517
f 1497//518 1498//519 1499//520
f 1500//518 1501//475 1502//521
f 1503//522 1504//523 1505//524
f 1506//525 1505//524 1504//523
f 1507//526 1508//527 1509//528
f 1510//529 1509//528 1508//527
f 1511//530 1512//528 1513//531
f 1514//532 1513//531 1512//528
f 1515//531 1516//531 1517//533
f 1518//534 1517//533 1516//531
f 1519//533 1520//535 1521//536
f 1522//537 1521//536 1520//535
f 1523//538 1524//539 1525//540
f 1524//539 1523//538 1526//541
f 1527//536 1528//542 1529//543
f 1528//542 1527//536 1530//544
f 1531//545 1532//546 1533//547
f 1534//548 1532//546 1531//545
f 1535//548 1536//549 1537//550
f 1536//549 1535//548 1538//551
f 1539//552 1540//553 1541//554
s 0
f 1540//555 1539//555 1542//555
s 1
f 1543//556 1544//557 1545//557
s 0
f 1546//558 1547//555 1548//555
s 1
f 1549//559 1550//560 1551//560
f 1550//560 1549//559 1552//561
f 1553//557 1554//562 1555//563
s 0
f 1556//560 1557//560 1558//560
s 1
f 1559//564 1560//565 1561//566
f 1560//565 1559//564 1562//567
f 1563//472 1564//469 1565//568
f 1564//469 1566//569 1567//570
f 1564//469 1563//472 1566//569
f 1568//571 1569//572 1570//573
f 1570//573 1569//572 1571//574
f 1572//575 1573//576 1574//577
f 1573//576 1572//575 1575//578
f 1576//579 1577//580 1578//581
f 1577//580 1576//579 1579//576
f 1580//582 1581//583 1582//584
f 1581//583 1580//582 1583//585
s 0
f 1584//586 1585//586 1586//586
s 1
f 1587//587 1588//587 1589//587
f 1590//588 1591//589 1592//590
f 1593//591 1594//592 1595//592
f 1596//593 1597//594 1598//571
f 1597//594 1596//593 1599//595
f 1600//596 1601//477 1602//477
f 1601//477 1600//596 1603//597
f 1604//598 1605//599 1606//599
f 1605//599 1604//598 1607//600
f 1608//601 1609//602 1610//602
f 1609//602 1608//601 1611//601
f 1612//603 1613//604 1614//605
f 1613//604 1612//603 1615//606
f 1616//607 1617//608 1618//609
f 1617//608 1616//607 1619//610
f 1620//609 1621//611 1622//612
f 1621//611 1620//609 1623//613
f 1624//602 1625//614 1626//615
f 1624//602 1627//611 1628//616
f 1626//615 1627//611 1624//602
f 1627//611 1626//615 1629//617
f 1630//618 1631//619 1632//620
f 1631//619 1630//618 1633//621
f 1634//622 1635//623 1636//624
f 1635//623 1634//622 1637//625
f 1638//626 1639//627 1640//628
f 1639//627 1638//626 1641//629
f 1642//630 1643//631 1644//632
f 1643//631 1642//630 1645//633
f 1646//634 1647//635 1648//636
f 1647//635 1646//634 1649//637
s 0
f 1650//638 1651//638 1652//638
s 1
f 1653//638 1654//639 1655//640
f 1656//641 1657//641 1658//641
f 1659//641 1660//641 1661//641
s 0
f 1662//642 1663//642 1664//642
s 1
f 1665//642 1666//638 1667//642
f 1668//643 1669//644 1670//645
f 1671//646 1672//647 1673//647
f 1674//647 1675//648 1676//649
f 1676//649 1675//648 1677//650
f 1678//651 1679//649 1680//652
f 1681//653 1679//649 1682//653
s 0
f 1683//654 1684//654 1685//654
s 1
f 1679//649 1681//653 1680//652
f 1686//655 1687//656 1688//657
f 1687//656 1686//655 1689//658
f 1690//428 1691//428 1692//428
s 0
f 1693//659 1694//659 1695//659
f 1696//660 1697//660 1698//660
s 1
f 1699//661 1700//662 1701//662
f 1702//663 1703//664 1704//665
f 1705//666 1706//431 1707//667
s 0
f 1708//668 1709//668 1710//668
s 1
f 1711//669 1712//670 1713//671
f 1712//670 1711//669 1714//672
f 1715//673 1716//674 1717//675
f 1716//674 1715//673 1718//676
f 1719//453 1720//677 1721//678
f 1720//677 1719//453 1722//679
s 0
f 1723//433 1724//433 1725//433
s 1
f 1726//680 1727//667 1728//681
f 1729//682 1730//683 1731//684
f 1731//684 1732//685 1729//682
f 1733//686 1734//499 1735//687
f 1735//687 1734//499 1736//687
f 1737//688 1738//689 1739//690
f 1740//691 1738//689 1737//688
f 1741//692 1742//693 1743//694
f 1742//693 1741//692 1744//695
f 1745//696 1746//697 1747//698
f 1746//697 1745//696 1748//699
f 1749//700 1750//701 1751//702
f 1750//701 1749//700 1752//703
f 1753//704 1754//705 1755//706
f 1754//705 1753//704 1756//707
f 1757//694 1758//708 1759//709
f 1757//694 1760//693 1758//708
f 1761//710 1762//711 1763//687
f 1762//711 1761//710 1764//433
s 0
f 1765//712 1766//712 1767//712
s 1
f 1768//713 1769//714 1770//715
f 1769//714 1768//713 1771//716
f 1772//717 1773//718 1774//719
f 1775//720 1776//713 1777//721
f 1778//722 1779//723 1780//724
s 0
f 1781//725 1782//713 1783//713
s 1
f 1784//726 1785//727 1786//728
f 1785//727 1784//726 1787//729
f 1788//730 1789//731 1790//732
f 1789//731 1788//730 1791//733
f 1792//734 1793//735 1794//736
f 1795//737 1792//734 1794//736
f 1796//738 1797//739 1798//740
f 1799//741 1796//738 1798//740
f 1800//742 1801//743 1802//744
f 1801//743 1800//742 1803//743
f 1804//745 1805//746 1806//747
f 1805//746 1804//745 1807//748
f 1808//749 1809//750 1810//751
f 1809//750 1808//749 1811//752
f 1812//753 1813//754 1814//754
f 1813//754 1812//753 1815//755
f 1816//756 1817//757 1818//758
f 1817//757 1816//756 1819//759
f 1820//760 1821//761 1822//762
f 1822//762 1823//763 1820//760
f 1824//761 1825//764 1826//764
f 1825//764 1824//761 1827//760
f 1828//765 1829//766 1830//767
f 1829//766 1828//765 1831//768
f 1832//769 1833//770 1834//771
f 1835//772 1833//770 1832//769
f 1836//773 1837//774 1838//775
f 1837//774 1836//773 1839//776
f 1840//777 1841//778 1842//779
f 1841//778 1840//777 1843//780
f 1844//781 1845//782 1846//783
f 1845//782 1844//781 1847//784
f 1848//785 1849//786 1850//787
f 1849//786 1848//785 1851//788
f 1852//789 1853//790 1854//791
f 1853//790 1852//789 1855//792
f 1856//793 1857//794 1858//793
f 1857//794 1856//793 1859//795
f 1860//796 1861//797 1862//798
f 1861//797 1860//796 1863//799
f 1864//800 1865//801 1866//801
f 1866//801 1867//802 1864//800
f 1868//803 1869//804 1870//805
f 1869//804 1868//803 1871//806
f 1872//807 1873//808 1874//809
f 1873//808 1872//807 1875//810
f 1876//811 1877//750 1878//752
f 1876//811 1878//752 1879//812
f 1880//813 1881//814 1882//815
f 1881//814 1880//813 1883//816
f 1884//817 1885//818 1886//819
f 1885//818 1884//817 1887//820
f 1888//821 1889//822 1890//823
f 1889//822 1888//821 1891//824
f 1892//825 1893//826 1894//827
f 1893//826 1892//825 1895//828
f 1896//829 1897//830 1898//831
f 1897//830 1896//829 1899//832
f 1900//833 1901//834 1902//835
f 1901//834 1900//833 1903//836
f 1904//836 1905//837 1906//834
f 1905//837 1904//836 1907//838
f 1908//839 1909//840 1910//841
f 1909//840 1908//839 1911//842
f 1912//843 1913//844 1914//845
f 1913//844 1912//843 1915//846
f 1916//845 1917//847 1918//848
f 1917//847 1916//845 1919//849
f 1920//850 1921//851 1922//852
f 1921//851 1920//850 1923//853
f 1924//854 1925//855 1926//856
f 1925//855 1924//854 1927//857
f 1928//858 1929//859 1930//860
f 1929//859 1928//858 1931//861
f 1932//862 1933//863 1934//864
f 1935//865 1932//862 1934//864
f 1936//866 1937//867 1938//868
f 1937//867 1936//866 1939//869
f 1940//870 1941//871 1942//868
f 1943//867 1940//870 1942//868
f 1944//872 1945//873 1946//874
f 1945//873 1944//872 1947//875
f 1948//876 1949//877 1950//878
f 1948//876 1951//879 1949//877
f 1952//880 1953//881 1954//877
f 1953//881 1952//880 1955//882
f 1956//883 1957//884 1958//885
f 1957//884 1956//883 1959//886
f 1960//887 1961//888 1962//889
f 1961//888 1960//887 1963//890
f 1964//891 1965//869 1966//866
f 1965//869 1964//891 1967//892
f 1968//893 1969//894 1970//895
f 1969//894 1968//893 1971//896
f 1972//897 1973//898 1974//899
f 1975//900 1972//897 1974//899
f 1976//901 1977//902 1978//903
f 1977//902 1976//901 1979//904
f 1980//905 1981//706 1982//906
f 1981//706 1980//905 1983//704
f 1984//907 1985//908 1986//909
f 1984//907 1986//909 1987//910
f 1988//911 1989//912 1990//913
f 1988//911 1991//914 1989//912
f 1992//915 1993//916 1994//917
f 1993//916 1992//915 1995//918
f 1996//919 1997//920 1998//921
f 1997//920 1996//919 1999//922
f 2000//904 2001//923 2002//924
f 2002//924 2003//925 2000//904
f 2004//926 2005//927 2006//928
f 2005//927 2004//926 2007//929
f 2008//930 2009//931 2010//932
f 2009//931 2008//930 2011//933
f 2012//934 2013//935 2014//936
f 2013//935 2012//934 2015//937
f 2016//938 2017//939 2018//940
f 2017//939 2016//938 2019//941
f 2020//942 2021//943 2022//944
f 2021//943 2020//942 2023//945
f 2024//946 2025//947 2026//948
f 2025//947 2024//946 2027//949
f 2028//950 2029//951 2030//952
f 2029//951 2028//950 2031//953
f 2032//954 2033//953 2034//955
f 2035//951 2033//953 2032//954
f 2036//956 2037//951 2038//957
f 2039//958 2036//956 2038//957
f 2040//959 2041//960 2042//961
f 2043//962 2041//960 2040//959
f 2044//963 2045//964 2046//965
f 2045//964 2044//963 2047//959
f 2048//966 2049//967 2050//968
f 2049//967 2048//966 2051//969
f 2052//970 2053//971 2054//972
f 2053//971 2052//970 2055//973
f 2056//974 2057//975 2058//970
f 2057//975 2056//974 2059//952
f 2060//976 2061//975 2062//952
f 2062//952 2063//977 2060//976
f 2064//978 2065//969 2066//953
f 2065//969 2064//978 2067//967
f 2068//953 2069//979 2070//980
f 2069//979 2068//953 2071//950
f 2072//981 2073//978 2074//979
f 2073//978 2072//981 2075//982
f 2076//983 2077//984 2078//985
f 2077//984 2076//983 2079//986
f 2080//981 2081//987 2082//983
f 2081//987 2080//981 2083//988
f 2084//970 2085//986 2086//988
f 2086//988 2087//974 2084//970
f 2088//989 2089//990 2090//991
f 2091//992 2088//989 2090//991
f 2092//990 2093//993 2094//994
f 2093//993 2092//990 2095//989
f 2096//995 2097//994 2098//996
f 2097//994 2096//995 2099//990
f 2100//997 2101//998 2102//999
f 2101//998 2100//997 2103//1000
f 2104//1001 2105//999 2106//998
f 2105//999 2104//1001 2107//1002
f 2108//1003 2109//1004 2110//1002
f 2109//1004 2108//1003 2111//994
f 2112//1005 2113//1006 2114//1007
f 2115//1008 2112//1005 2114//1007
f 2116//1006 2117//1009 2118//1010
f 2117//1009 2116//1006 2119//1005
f 2120//989 2121//1011 2122//1012
f 2121//1011 2120//989 2123//1006
f 2124//1013 2125//1014 2126//1015
f 2127//1016 2124//1013 2126//1015
f 2128//1014 2129//1017 2130//991
f 2129//1017 2128//1014 2131//1018
f 2132//1019 2133//991 2134//1020
f 2135//1014 2133//991 2132//1019
f 2136//709 2137//1021 2138//1022
f 2137//1021 2136//709 2139//708
f 2140//1023 2141//1024 2142//1025
f 2140//1023 2142//1025 2143//1026
f 2144//1027 2145//1026 2146//1025
f 2145//1026 2144//1027 2147//1028
f 2148//1011 2149//1029 2150//1028
f 2148//1011 2150//1028 2151//1012
f 2152//1030 2153//1031 2154//1032
f 2155//1033 2152//1030 2154//1032
f 2156//1034 2157//1008 2158//1007
f 2157//1008 2156//1034 2159//1030
f 2160//1013 2161//1007 2162//992
f 2163//1034 2161//1007 2160//1013
f 2164//1035 2165//1036 2166//1037
f 2167//1038 2164//1035 2166//1037
f 2168//1036 2169//1039 2170//1040
f 2169//1039 2168//1036 2171//1035
f 2172//1041 2173//1040 2174//1009
f 2173//1040 2172//1041 2175//1036
f 2176//1042 2177//1043 2178//1044
f 2177//1043 2176//1042 2179//1045
f 2180//1046 2181//1047 2182//1048
f 2180//1046 2182//1048 2183//1049
f 2184//1050 2185//1049 2186//1051
f 2185//1049 2184//1050 2187//1023
f 2188//1040 2189//1049 2190//1023
f 2188//1040 2190//1023 2191//1009
f 2192//1052 2193//1053 2194//1054
f 2193//1053 2192//1052 2195//1027
f 2196//1055 2197//1056 2198//1057
f 2198//1057 2199//1058 2196//1055
f 2200//1056 2201//1059 2202//1046
f 2201//1059 2200//1056 2203//1060
f 2204//1061 2205//1046 2206//1062
f 2207//1056 2205//1046 2204//1061
f 2208//1063 2209//1051 2210//1064
f 2209//1051 2208//1063 2211//1024
f 2212//1060 2213//1065 2214//1066
f 2213//1065 2212//1060 2215//1067
f 2216//1068 2217//998 2218//1069
f 2217//998 2216//1068 2219//1070
f 2220//1071 2221//1072 2222//1073
f 2223//1074 2220//1071 2222//1073
f 2224//1072 2225//1075 2226//1037
f 2225//1075 2224//1072 2227//1071
f 2228//1030 2229//1037 2230//1008
f 2231//1076 2229//1037 2228//1030
f 2232//1038 2233//1077 2234//1035
f 2233//1077 2232//1038 2235//1078
f 2236//1079 2237//1077 2238//1078
f 2239//1080 2236//1079 2238//1078
f 2240//1079 2241//1081 2242//1061
f 2240//1079 2242//1061 2243//1077
f 2244//1082 2245//1083 2246//321
f 2245//1083 2244//1082 2247//1084
f 2248//1085 2249//1086 2250//1087
f 2251//1088 2248//1085 2250//1087
f 2252//1089 2253//1090 2254//1057
f 2253//1090 2252//1089 2255//1085
f 2256//1091 2257//1092 2258//1093
f 2257//1092 2256//1091 2259//1094
f 2260//321 2261//1093 2262//1095
f 2261//1093 2260//321 2263//1091
f 2264//1096 2265//1079 2266//1097
f 2265//1079 2264//1096 2267//1098
f 2268//1099 2269//1100 2270//1101
f 2269//1100 2268//1099 2271//1102
f 2272//1103 2273//1100 2274//1104
f 2275//1105 2272//1103 2274//1104
f 2276//1106 2277//1107 2278//1108
f 2279//1109 2276//1106 2278//1108
f 2280//1106 2281//1078 2282//1107
f 2281//1078 2280//1106 2283//1110
f 2284//1071 2285//1078 2286//1038
f 2285//1078 2284//1071 2287//1107
f 2288//1111 2289//1112 2290//1113
f 2291//1114 2288//1111 2290//1113
f 2292//1115 2293//1111 2294//1116
f 2293//1111 2292//1115 2295//1117
f 2296//1080 2297//1112 2298//1115
f 2297//1112 2296//1080 2299//1106
f 2300//1118 2301//1119 2302//1120
f 2300//1118 2303//1121 2301//1119
f 2304//1099 2305//1121 2306//1122
f 2305//1121 2304//1099 2307//1101
f 2308//1096 2309//1115 2310//1121
f 2308//1096 2311//1110 2309//1115
f 2312//1116 2313//1123 2314//1124
f 2313//1123 2312//1116 2315//1125
f 2316//1126 2317//1123 2318//1111
f 2317//1123 2316//1126 2319//1127
f 2320//1128 2321//1123 2322//1129
f 2321//1123 2320//1128 2323//1130
f 2324//1131 2325//1132 2326//1133
f 2324//1131 2327//1134 2325//1132
f 2328//1120 2329//1135 2330//1131
f 2329//1135 2328//1120 2331//1119
f 2332//1124 2333//1134 2334//1136
f 2334//1136 2335//1116 2332//1124
f 2336//1137 2337//1138 2338//1139
f 2338//1139 2339//1140 2336//1137
f 2340//1141 2341//1138 2342//1142
f 2341//1138 2340//1141 2343//1143
f 2344//1144 2345//1143 2346//1145
f 2345//1143 2344//1144 2347//1138
f 2348//1146 2349//1147 2350//1148
f 2350//1148 2351//1149 2348//1146
f 2352//1150 2353//1151 2354//1146
f 2353//1151 2352//1150 2355//1132
f 2356//1152 2357//1151 2358//1153
f 2358//1153 2359//1141 2356//1152
f 2360//1154 2361//1155 2362//1156
f 2362//1156 2363//1157 2360//1154
f 2364//1155 2365//1140 2366//1139
f 2365//1140 2364//1155 2367//1154
f 2368//1158 2369//1159 2370//1160
f 2369//1159 2368//1158 2371//1155
f 2372//1161 2373//1162 2374//1163
f 2372//1161 2375//1164 2373//1162
f 2376//1165 2377//1149 2378//1148
f 2377//1149 2376//1165 2379//1161
f 2380//1154 2381//1148 2382//1140
f 2380//1154 2383//1164 2381//1148
f 2384//1166 2385//1167 2386//1168
f 2385//1167 2384//1166 2387//1169
f 2388//1170 2389//1171 2390//1172
f 2389//1171 2388//1170 2391//1173
f 2392//1174 2393//1175 2394//1176
f 2393//1175 2392//1174 2395//1177
f 2396//1178 2397//1179 2398//1180
f 2397//1179 2396//1178 2399//1181
f 2400//1182 2401//1180 2402//1183
f 2401//1180 2400//1182 2403//1178
f 2404//1184 2405//1185 2406//1186
f 2407//1187 2404//1184 2406//1186
f 2408//1185 2409//961 2410//1188
f 2409//961 2408//1185 2411//1184
f 2412//1189 2413//1190 2414//1191
f 2413//1190 2412//1189 2415//1192
f 2416//1193 2417//1194 2418//1195
f 2417//1194 2416//1193 2419//1196
f 2420//1189 2421//1196 2422//1197
f 2423//1198 2420//1189 2422//1197
f 2424//1196 2425//1191 2426//982
f 2425//1191 2424//1196 2427//1189
f 2428//1199 2429//1200 2430//1201
f 2428//1199 2430//1201 2431//1202
f 2432//1183 2433//1203 2434//1201
f 2433//1203 2432//1183 2435//1204
f 2436//1205 2437//1203 2438//1180
f 2439//1206 2436//1205 2438//1180
f 2440//1207 2441//1208 2442//1209
f 2443//1210 2440//1207 2442//1209
f 2444//1208 2445//1187 2446//1186
f 2445//1187 2444//1208 2447//1207
f 2448//1211 2449//1212 2450//1198
f 2449//1212 2448//1211 2451//1213
f 2452//1214 2453//1215 2454//1216
f 2452//1214 2455//1217 2453//1215
f 2456//1217 2457//1218 2458//1199
f 2457//1218 2456//1217 2459//1219
f 2460//1220 2461//1199 2462//1210
f 2461//1199 2460//1220 2463//1221
f 2464//1222 2465//1223 2466//1224
f 2465//1223 2464//1222 2467//1225
f 2468//1195 2469//1225 2470//1222
f 2469//1225 2468//1195 2471//1194
f 2472//1226 2473//1225 2474//1194
f 2474//1194 2475//981 2472//1226
f 2476//1227 2477//1228 2478//1229
f 2477//1228 2476//1227 2479//1230
f 2480//985 2481//1230 2482//1227
f 2481//1230 2480//985 2483//984
f 2484//1231 2485//1230 2486//984
f 2486//984 2487//972 2484//1231
f 2488//1232 2489//1233 2490//1234
f 2491//1235 2489//1233 2488//1232
f 2492//1235 2493//1236 2494//1237
f 2493//1236 2492//1235 2495//1232
f 2496//1215 2497//1238 2498//1239
f 2496//1215 2498//1239 2499//1235
f 2500//1240 2501//1198 2502//1197
f 2501//1198 2500//1240 2503//1211
f 2504//1240 2505//1195 2506//1241
f 2505//1195 2504//1240 2507//1197
f 2508//1242 2509//1241 2510//1243
f 2511//1240 2509//1241 2508//1242
f 2512//1244 2513//1245 2514//1246
f 2513//1245 2512//1244 2515//1247
f 2516//1243 2517//1247 2518//1244
f 2517//1247 2516//1243 2519//1248
f 2520//1222 2521//1247 2522//1241
f 2522//1241 2523//1195 2520//1222
f 2524//1249 2525//1250 2526//1251
f 2525//1250 2524//1249 2527//1252
f 2528//1234 2529//1252 2530//1249
f 2529//1252 2528//1234 2531//1233
f 2532//1244 2533//1252 2534//1233
f 2534//1233 2535//1243 2532//1244
f 2536//1253 2537//1254 2538//1255
f 2537//1254 2536//1253 2539//1256
f 2540//1224 2541//1256 2542//1253
f 2541//1256 2540//1224 2543//1223
f 2544//1227 2545//1257 2546//1223
f 2546//1223 2547//985 2544//1227
f 2548//1246 2549//1258 2550//1259
f 2549//1258 2548//1246 2551//1245
f 2552//1253 2553//1258 2554//1245
f 2554//1245 2555//1224 2552//1253
f 2556//1258 2557//1255 2558//1260
f 2557//1255 2556//1258 2559//1253
f 2560//1261 2561//324 2562//1262
f 2561//324 2560//1261 2563//328
f 2564//1263 2565//1264 2566//1265
f 2565//1264 2564//1263 2567//1266
f 2568//1267 2569//1264 2570//1268
f 2570//1268 2571//1269 2568//1267
f 2572//1270 2573//1271 2574//1272
f 2575//1273 2572//1270 2574//1272
f 2576//1274 2577//1275 2578//1276
f 2577//1275 2576//1274 2579//1277
f 2580//1273 2581//1278 2582//1279
f 2581//1278 2580//1273 2583//1280
f 2584//1281 2585//1282 2586//1272
f 2587//1283 2584//1281 2586//1272
f 2588//1284 2589//1285 2590//1286
f 2589//1285 2588//1284 2591//1287
f 2592//1251 2593//1288 2594//1289
f 2593//1288 2592//1251 2595//1250
f 2596//1259 2597//1290 2598//1250
f 2599//1246 2596//1259 2598//1250
f 2600//1291 2601//1292 2602//1293
f 2601//1292 2600//1291 2603//1294
f 2604//1295 2605//1294 2606//1291
f 2605//1294 2604//1295 2607//1285
f 2608//1296 2609//1297 2610//1285
f 2611//1298 2608//1296 2610//1285
f 2612//1299 2613//1300 2614//1301
f 2613//1300 2612//1299 2615//1302
f 2616//1276 2617//1303 2618//1299
f 2617//1303 2616//1276 2619//1275
f 2620//1304 2621//1303 2622//1305
f 2622//1305 2623//1306 2620//1304
f 2624//1307 2625//1308 2626//1309
f 2625//1308 2624//1307 2627//1310
f 2628//1311 2629//1312 2630//1313
f 2629//1312 2628//1311 2631//1314
f 2632//1300 2633//1308 2634//1315
f 2635//1301 2632//1300 2634//1315
f 2636//1316 2637//1317 2638//1318
f 2637//1317 2636//1316 2639//1319
f 2640//1320 2641//1321 2642//1322
f 2641//1321 2640//1320 2643//1323
f 2644//1313 2645//1321 2646//1323
f 2647//1324 2644//1313 2646//1323
f 2648//1325 2649//1326 2650//1327
f 2650//1327 2651//1328 2648//1325
f 2652//1329 2653//1330 2654//1331
f 2653//1330 2652//1329 2655//1332
f 2656//1333 2657//1334 2658//1335
f 2657//1334 2656//1333 2659//1329
f 2660//1336 2661//1337 2662//1338
f 2661//1337 2660//1336 2663//1339
f 2664//1340 2665//1341 2666//1342
f 2665//1341 2664//1340 2667//1343
f 2668//1344 2669//1345 2670//1343
f 2671//1320 2668//1344 2670//1343
f 2672//1346 2673//1347 2674//1348
f 2674//1348 2675//1349 2672//1346
f 2676//1350 2677//1351 2678//1352
f 2677//1351 2676//1350 2679//1353
f 2680//1354 2681//1355 2682//1330
f 2681//1355 2680//1354 2683//1350
f 2684//1356 2685//1357 2686//1358
f 2686//1358 2687//1359 2684//1356
f 2688//1360 2689//1361 2690//1362
f 2689//1361 2688//1360 2691//1363
f 2692//1353 2693//1362 2694//1351
f 2693//1362 2692//1353 2695//1360
f 2696//1364 2697//1365 2698//1366
f 2697//1365 2696//1364 2699//1367
f 2700//1368 2701//1365 2702//1369
f 2703//1370 2700//1368 2702//1369
f 2704//1371 2705//1372 2706//1373
f 2705//1372 2704//1371 2707//1374
f 2708//1375 2709//1376 2710//1377
f 2711//1340 2708//1375 2710//1377
f 2712//1378 2713//1338 2714//1379
f 2713//1338 2712//1378 2715//1336
f 2716//1374 2717//1380 2718//1372
f 2717//1380 2716//1374 2719//1378
f 2720//1381 2721//1382 2722//1383
f 2721//1382 2720//1381 2723//1384
f 2724//1231 2725//1384 2726//1385
f 2725//1384 2724//1231 2727//1382
f 2728//1382 2729//1386 2730//971
f 2729//1386 2728//1382 2731//1387
f 2732//1388 2733//1389 2734//1390
f 2734//1390 2735//1391 2732//1388
f 2736//1392 2737//1393 2738//1394
f 2737//1393 2736//1392 2739//1395
f 2740//1396 2741//1394 2742//1397
f 2743//1392 2741//1394 2740//1396
f 2744//1398 2745//1399 2746//1400
f 2744//1398 2747//1401 2745//1399
f 2748//1402 2749//1403 2750//1404
f 2749//1403 2748//1402 2751//1405
f 2752//1366 2753//1403 2754//1406
f 2755//1364 2752//1366 2754//1406
f 2756//1407 2757//1408 2758//1409
f 2756//1407 2759//1410 2757//1408
f 2760//1411 2761//1412 2762//1413
f 2761//1412 2760//1411 2763//1414
f 2764//1395 2765//1413 2766//1393
f 2767//1411 2765//1413 2764//1395
f 2768//1415 2769//1416 2770//1417
f 2769//1416 2768//1415 2771//1418
f 2772//1419 2773//1418 2774//1420
f 2773//1418 2772//1419 2775//1416
f 2776//977 2777//1416 2778//1419
f 2777//1416 2776//977 2779//1421
f 2780//1418 2781//1422 2782//1423
f 2780//1418 2783//1424 2781//1422
f 2784//1425 2785//1426 2786//1422
f 2785//1426 2784//1425 2787//1407
f 2788//1383 2789//1407 2790//1427
f 2791//1423 2789//1407 2788//1383
f 2792//1428 2793//1429 2794//1430
f 2792//1428 2794//1430 2795//1431
f 2796//1432 2797//1433 2798//1430
f 2797//1433 2796//1432 2799//1434
f 2800//1412 2801//1435 2802//1434
f 2803//1436 2802//1434 2801//1435
f 2804//1437 2805//1438 2806//1439
f 2805//1438 2804//1437 2807//1440
f 2808//1441 2809//1442 2810//1438
f 2809//1442 2808//1441 2811//1428
f 2812//1443 2813//1428 2814//1425
f 2815//1439 2813//1428 2812//1443
f 2816//1444 2817//1445 2818//1446
f 2816//1444 2819//1447 2817//1445
f 2820//1448 2821//1447 2822//1444
f 2821//1447 2820//1448 2823//1421
f 2824//1449 2825//1421 2826//977
f 2825//1421 2824//1449 2827//1447
f 2828//1450 2829//1444 2830//1446
f 2829//1444 2828//1450 2831//1451
f 2832//1440 2833//1451 2834//1450
f 2833//1451 2832//1440 2835//1437
f 2836//1417 2837//1451 2838//1437
f 2836//1417 2838//1437 2839//1415
f 2840//1452 2841//1432 2842//1430
f 2840//1452 2842//1430 2843//1453
f 2844//1454 2845//1455 2846//1456
f 2845//1455 2844//1454 2847//1430
f 2848//1457 2849//1458 2850//1459
f 2848//1457 2850//1459 2851//1460
f 2852//1461 2853//1460 2854//1462
f 2853//1460 2852//1461 2855//1463
f 2856//1402 2857//1404 2858//1463
f 2859//1460 2858//1463 2857//1404
f 2860//1464 2861//1462 2862//1465
f 2862//1465 2861//1462 2863//1466
f 2864//1467 2865//1468 2866//1469
f 2865//1468 2864//1467 2867//1470
f 2868//1471 2869//1472 2870//1473
f 2868//1471 2870//1473 2871//1474
f 2872//1475 2873//1476 2874//1477
f 2873//1476 2872//1475 2875//1478
f 2876//1479 2877//1456 2878//1429
f 2879//1480 2877//1456 2876//1479
f 2880//1481 2881//1482 2882//1483
f 2883//1484 2881//1482 2880//1481
f 2884//1485 2885//1484 2886//1486
f 2887//1487 2884//1485 2886//1486
f 2888//1488 2889//1489 2890//1490
f 2888//1488 2891//1467 2889//1489
f 2892//1491 2893//1473 2894//1492
f 2893//1473 2892//1491 2895//1493
f 2896//1494 2897//1495 2898//1496
f 2897//1495 2896//1494 2899//1497
f 2900//1482 2901//1498 2902//1499
f 2903//1483 2900//1482 2902//1499
f 2904//1500 2905//1501 2906//1502
f 2905//1501 2904//1500 2907//1503
f 2908//1472 2909//1504 2910//1505
f 2909//1504 2908//1472 2911//1506
f 2912//1450 2913//1507 2914//1440
f 2912//1450 2915//1503 2913//1507
f 2916//1501 2917//1508 2918//1502
f 2916//1501 2919//1509 2917//1508
f 2920//1510 2921//1446 2922//1445
f 2921//1446 2920//1510 2923//1501
f 2924//1511 2925//1445 2926//958
f 2925//1445 2924//1511 2927//1512
f 2928//1513 2929//1514 2930//1515
f 2931//1516 2928//1513 2930//1515
f 2932//1517 2933//958 2934//957
f 2933//958 2932//1517 2935//1511
f 2936//965 2937//954 2938//969
f 2937//954 2936//965 2939//1517
f 2940//1518 2941//1519 2942//1520
f 2943//1521 2941//1519 2940//1518
f 2944//1522 2945//1523 2946//1491
f 2945//1523 2944//1522 2947//1518
f 2948//1522 2949//1524 2950//1500
f 2949//1524 2948//1522 2951//1525
f 2952//1526 2953//1527 2954//1528
f 2955//1529 2953//1527 2952//1526
f 2956//1529 2957//1530 2958//1531
f 2957//1530 2956//1529 2959//1532
f 2960//1533 2961//1534 2962//1535
f 2960//1533 2963//1536 2961//1534
f 2964//1537 2965//1538 2966//1539
f 2967//1540 2965//1538 2964//1537
f 2968//1540 2969//1528 2970//1527
f 2969//1528 2968//1540 2971//1541
f 2972//1542 2973//1515 2974//1540
f 2972//1542 2975//1543 2973//1515
f 2976//1544 2977//1537 2978//1545
f 2977//1537 2976//1544 2979//1546
f 2980//1547 2981//1548 2982//1549
f 2981//1548 2980//1547 2983//1550
f 2984//1551 2985//1548 2986//1552
f 2987//1553 2984//1551 2986//1552
f 2988//1554 2989//1555 2990//1556
f 2991//1557 2989//1555 2988//1554
f 2992//1558 2993//1559 2994//1538
f 2993//1559 2992//1558 2995//1560
f 2996//1561 2997//1562 2998//1563
f 2996//1561 2998//1563 2999//1564
f 3000//1565 3001//1554 3002//1566
f 3001//1554 3000//1565 3003//1567
f 3004//1568 3005//1569 3006//1570
f 3005//1569 3004//1568 3007//1571
f 3008//1544 3009//1569 3010//1572
f 3011//1547 3008//1544 3010//1572
f 3012//1573 3013//1556 3014//1555
f 3013//1556 3012//1573 3015//1574
f 3016//1575 3017//1576 3018//1577
f 3016//1575 3018//1577 3019//1578
f 3020//1579 3021//1577 3022//1580
f 3021//1577 3020//1579 3023//1578
f 3024//1581 3025//1582 3026//1583
f 3025//1582 3024//1581 3027//1584
f 3028//1585 3029//1586 3030//1587
f 3028//1585 3031//1588 3029//1586
f 3032//1589 3033//1590 3034//1591
f 3035//1568 3032//1589 3034//1591
f 3036//1592 3037//1593 3038//1594
f 3036//1592 3039//1595 3037//1593
f 3040//1596 3041//1597 3042//1598
f 3041//1597 3040//1596 3043//1599
f 3044//1600 3045//1598 3046//1601
f 3045//1598 3044//1600 3047//1596
f 3048//1602 3049//1603 3050//1604
f 3049//1603 3048//1602 3051//1605
f 3052//1207 3053//1603 3054//1605
f 3055//1580 3052//1207 3054//1605
f 3056//1606 3057//1607 3058//1608
f 3057//1607 3056//1606 3059//1609
f 3060//1181 3061//1169 3062//1610
f 3062//1610 3063//1179 3060//1181
f 3064//1611 3065//1612 3066//1613
f 3065//1612 3064//1611 3067//1614
f 3068//1615 3069//1616 3070//1617
f 3071//1618 3069//1616 3068//1615
f 3072//1604 3073//1619 3074//1620
f 3074//1620 3075//1621 3072//1604
f 3076//1622 3077//1623 3078//1624
f 3077//1623 3076//1622 3079//1625
f 3080//1626 3081//1627 3082//1628
f 3081//1627 3080//1626 3083//1629
f 3084//1630 3085//1627 3086//1631
f 3087//1617 3084//1630 3086//1631
f 3088//1632 3089//1633 3090//1634
f 3091//1635 3089//1633 3088//1632
f 3092//1635 3093//1617 3094//1636
f 3093//1617 3092//1635 3095//1632
f 3096//1636 3097//1637 3098//1635
f 3096//1636 3099//1179 3097//1637
f 3100//1638 3101//1639 3102//1640
f 3100//1638 3103//1641 3101//1639
f 3104//1588 3105//1642 3106//1639
f 3105//1642 3104//1588 3107//1585
f 3108//1643 3109//1581 3110//1644
f 3111//1645 3109//1581 3108//1643
f 3112//1646 3113//1647 3114//1648
f 3113//1647 3112//1646 3115//1649
f 3116//1650 3117//1649 3118//1646
f 3117//1649 3116//1650 3119//1651
f 3120//1652 3121//1653 3122//1654
f 3123//1655 3120//1652 3122//1654
f 3124//1656 3125//1657 3126//1658
f 3124//1656 3127//1659 3125//1657
f 3128//1660 3129//1658 3130//1657
f 3129//1658 3128//1660 3131//1630
f 3132//1630 3133//1632 3134//1658
f 3132//1630 3135//1617 3133//1632
f 3136//1661 3137//1662 3138//1663
f 3137//1662 3136//1661 3139//1664
f 3140//1641 3141//1664 3142//1661
f 3141//1664 3140//1641 3143//1638
f 3144//1665 3145//1666 3146//1667
f 3147//1668 3145//1666 3144//1665
f 3148//1669 3149//1670 3150//1671
f 3148//1669 3151//1672 3149//1670
f 3152//1663 3153//1671 3154//1670
f 3153//1671 3152//1663 3155//1662
f 3156//1673 3157//1657 3158//1674
f 3159//1671 3158//1674 3157//1657
f 3160//1675 3161//1676 3162//1677
f 3161//1676 3160//1675 3163//362
f 3164//1678 3165//1675 3166//1679
f 3167//1680 3164//1678 3166//1679
f 3168//1681 3169//1672 3170//1682
f 3169//1672 3168//1681 3171//1678
f 3172//1683 3173//1684 3174//1685
f 3175//1686 3174//1685 3173//1684
f 3176//1687 3177//1688 3178//1689
f 3177//1688 3176//1687 3179//1690
f 3180//1691 3181//1692 3182//1693
f 3183//1694 3180//1691 3182//1693
f 3184//1695 3185//1696 3186//1687
f 3185//1696 3184//1695 3187//1697
f 3188//1648 3189//1697 3190//1695
f 3189//1697 3188//1648 3191//1647
f 3192//1698 3193//1699 3194//1647
f 3195//1700 3192//1698 3194//1647
f 3196//1701 3197//1702 3198//1703
f 3196//1701 3199//1704 3197//1702
f 3200//1689 3201//1705 3202//1701
f 3203//1687 3200//1689 3202//1701
f 3204//1689 3205//1706 3206//1705
f 3204//1689 3207//1707 3205//1706
f 3208//1708 3209//1709 3210//1710
f 3209//1709 3208//1708 3211//1711
f 3212//1712 3213//1711 3214//1713
f 3213//1711 3212//1712 3215//1714
f 3216//1715 3217//1711 3218//1716
f 3219//1717 3216//1715 3218//1716
f 3220//1713 3221//1718 3222//1719
f 3223//1712 3220//1713 3222//1719
f 3224//1718 3225//1710 3226//1720
f 3225//1710 3224//1718 3227//1708
f 3228//1721 3229//1720 3230//1722
f 3229//1720 3228//1721 3231//1723
f 3232//1724 3233//1714 3234//1712
f 3233//1714 3232//1724 3235//1725
f 3236//1726 3237//1725 3238//1724
f 3237//1725 3236//1726 3239//1727
f 3240//1728 3241//1725 3242//1729
f 3243//1730 3240//1728 3242//1729
f 3244//1731 3245//1732 3246//1733
f 3245//1732 3244//1731 3247//1734
f 3248//1735 3249//1736 3250//1737
f 3251//1738 3248//1735 3250//1737
f 3252//1736 3253//1655 3254//1654
f 3253//1655 3252//1736 3255//1739
f 3256//1724 3257//1740 3258//1741
f 3259//1726 3256//1724 3258//1741
f 3260//1742 3261//1712 3262//1743
f 3261//1712 3260//1742 3263//1724
f 3264//1744 3265//1743 3266//1745
f 3265//1743 3264//1744 3267//1742
f 3268//1746 3269//1747 3270//1748
f 3269//1747 3268//1746 3271//1749
f 3272//1750 3273//1747 3274//1749
f 3275//1751 3272//1750 3274//1749
f 3276//1747 3277//1752 3278//1727
f 3277//1752 3276//1747 3279//1750
f 3280//1748 3281//1753 3282//1754
f 3283//1746 3280//1748 3282//1754
f 3284//1753 3285//1726 3286//1741
f 3285//1726 3284//1753 3287//1748
f 3288//1755 3289//1741 3290//1756
f 3289//1741 3288//1755 3291//1753
f 3292//1757 3293//1758 3294//1759
f 3292//1757 3294//1759 3295//1760
f 3296//1757 3297//1761 3298//1762
f 3299//1763 3297//1761 3296//1757
f 3300//1764 3301//1738 3302//1765
f 3301//1738 3300//1764 3303//1761
f 3304//1766 3305//1767 3306//1768
f 3307//1769 3304//1766 3306//1768
f 3308//1770 3309//1530 3310//1532
f 3308//1770 3310//1532 3311//1771
f 3312//1772 3313//1532 3314//1773
f 3313//1532 3312//1772 3315//1774
f 3316//1775 3317//1763 3318//1757
f 3317//1763 3316//1775 3319//1768
f 3320//1776 3321//1777 3322//1778
f 3321//1777 3320//1776 3323//1779
f 3324//1780 3325//1781 3326//1782
f 3324//1780 3326//1782 3327//1783
f 3328//1784 3329//1777 3330//1785
f 3329//1777 3328//1784 3331//1780
f 3332//1785 3333//1786 3334//1787
f 3333//1786 3332//1785 3335//1788
f 3336//1789 3337//1790 3338//1769
f 3339//1791 3337//1790 3336//1789
f 3340//1792 3341//1793 3342//1794
f 3341//1793 3340//1792 3343//1795
f 3344//1796 3345//1797 3346//1798
f 3344//1796 3347//1799 3345//1797
f 3348//1800 3349//1801 3350//1802
f 3351//1803 3349//1801 3348//1800
f 3352//1804 3353//1805 3354//1806
f 3353//1805 3352//1804 3355//1800
f 3356//1807 3357//1808 3358//1809
f 3357//1808 3356//1807 3359//1810
f 3360//1811 3361//1812 3362//1805
f 3361//1812 3360//1811 3363//1813
f 3364//1814 3365//1813 3366//1800
f 3365//1813 3364//1814 3367//1815
f 3368//1816 3369//1817 3370//1818
f 3368//1816 3370//1818 3371//1819
f 3372//1817 3373//1783 3374//1782
f 3373//1783 3372//1817 3375//1816
f 3376//1820 3377//1754 3378//1817
f 3377//1754 3376//1820 3379//1746
f 3380//1821 3381//1822 3382//1823
f 3383//1824 3381//1822 3380//1821
f 3384//1824 3385//1802 3386//1825
f 3385//1802 3384//1824 3387//1826
f 3388//1827 3389//1816 3390//1828
f 3389//1816 3388//1827 3391//1783
f 3392//1829 3393//1830 3394//1831
f 3395//1832 3393//1830 3392//1829
f 3396//1832 3397//1833 3398//1815
f 3397//1833 3396//1832 3399//1829
f 3400//1815 3401//1834 3402//1835
f 3401//1834 3400//1815 3403//1836
f 3404//1837 3405//1838 3406//1839
f 3404//1837 3406//1839 3407//1840
f 3408//1494 3409//1841 3410//1842
f 3409//1841 3408//1494 3411//1794
f 3412//1843 3413//1844 3414//1793
f 3415//1845 3413//1844 3412//1843
f 3416//1846 3417//1847 3418//1848
f 3417//1847 3416//1846 3419//1849
f 3420//1850 3421//1851 3422//1852
f 3421//1851 3420//1850 3423//1853
f 3424//1830 3425//1854 3426//1852
f 3426//1852 3427//1855 3424//1830
f 3428//1856 3429//1857 3430//1858
f 3431//1859 3429//1857 3428//1856
f 3432//1860 3433//1487 3434//1861
f 3433//1487 3432//1860 3435//1862
f 3436//1863 3437//1864 3438//1865
f 3437//1864 3436//1863 3439//1860
f 3440//1866 3441//1867 3442//1868
f 3441//1867 3440//1866 3443//1869
f 3444//1848 3445//1867 3446//1870
f 3445//1867 3444//1848 3447//1871
f 3448//1872 3449//1873 3450//1874
f 3451//1875 3448//1872 3450//1874
f 3452//1868 3453//1876 3454//1866
f 3455//1877 3453//1876 3452//1868
f 3456//1877 3457//1819 3458//1878
f 3457//1819 3456//1877 3459//1868
f 3460//1818 3461//1879 3462//1877
f 3461//1879 3460//1818 3463//1880
f 3464//1881 3465//1882 3466//1853
f 3465//1882 3464//1881 3467//1883
f 3468//1881 3469//1884 3470//1885
f 3469//1884 3468//1881 3471//1886
f 3472//1887 3473//1888 3474//1889
f 3472//1887 3475//1890 3473//1888
f 3476//1891 3477//1487 3478//1892
f 3477//1487 3476//1891 3479//1888
f 3480//1893 3481//1894 3482//1895
f 3481//1894 3480//1893 3483//1896
f 3484//1897 3485//1898 3486//1899
f 3485//1898 3484//1897 3487//1900
f 3488//1901 3489//1898 3490//1885
f 3491//1902 3488//1901 3490//1885
f 3492//1903 3493//1904 3494//1905
f 3492//1903 3495//1906 3493//1904
f 3496//1907 3497//1908 3498//1909
f 3497//1908 3496//1907 3499//1887
f 3500//1910 3501//1911 3502//1912
f 3503//1851 3500//1910 3502//1912
f 3504//1913 3505//1914 3506//1915
f 3505//1914 3504//1913 3507//1916
f 3508//1879 3509//1916 3510//1917
f 3508//1879 3511//1918 3509//1916
f 3512//1914 3513//1880 3514//1755
f 3513//1880 3512//1914 3515//1879
f 3516//1919 3517//1920 3518//1921
f 3516//1919 3518//1921 3519//1922
f 3520//1906 3521//1923 3522//1921
f 3521//1923 3520//1906 3523//1924
f 3524//1925 3525//1926 3526//1927
f 3527//1928 3524//1925 3526//1927
f 3528//1929 3529//1930 3530//1931
f 3529//1930 3528//1929 3531//1932
f 3532//1933 3533//1934 3534//1932
f 3533//1934 3532//1933 3535//1894
f 3536//1935 3537//1866 3538//1876
f 3537//1866 3536//1935 3539//1894
f 3540//1916 3541//1936 3542//1937
f 3540//1916 3542//1937 3543//1938
f 3544//1939 3545//1940 3546//1937
f 3545//1940 3544//1939 3547//1941
f 3548//1942 3549//1941 3550//1929
f 3548//1942 3551//1943 3549//1941
f 3552//1944 3553//1945 3554//1946
f 3553//1945 3552//1944 3555//1947
f 3556//1920 3557//1944 3558//1948
f 3557//1944 3556//1920 3559//1949
f 3560//1950 3561//1944 3562//1951
f 3563//1895 3560//1950 3562//1951
f 3564//1952 3565//1953 3566//1954
f 3565//1953 3564//1952 3567//1955
f 3568//1915 3569//1956 3570//1955
f 3568//1915 3570//1955 3571//1957
f 3572//1744 3573//1953 3574//1915
f 3575//1756 3572//1744 3574//1915
f 3576//1955 3577//1958 3578//1959
f 3576//1955 3579//1952 3577//1958
f 3580//1960 3581//1961 3582//1962
f 3581//1961 3580//1960 3583//1963
f 3584//1937 3585//1963 3586//1939
f 3584//1937 3587//1961 3585//1963
f 3588//1964 3589//1965 3590//1966
f 3588//1964 3591//1967 3589//1965
f 3592//1947 3593//1965 3594//1945
f 3593//1965 3592//1947 3595//1966
f 3596//1941 3597//1968 3598//1969
f 3596//1941 3598//1969 3599//1970
f 3600//1971 3601//1972 3602//1973
f 3600//1971 3602//1973 3603//1974
f 3604//1967 3605//1974 3606//1975
f 3605//1974 3604//1967 3607//1964
f 3608//1976 3609//1977 3610//1978
f 3608//1976 3610//1978 3611//1979
f 3612//1980 3613//1981 3614//1982
f 3613//1981 3612//1980 3615//1983
f 3616//1954 3617//1984 3618//1983
f 3616//1954 3618//1983 3619//1952
f 3620//1984 3621//1985 3622//1721
f 3621//1985 3620//1984 3623//1954
f 3624//1986 3625//1987 3626//1988
f 3624//1986 3626//1988 3627//1989
f 3628//1990 3629//1991 3630//1992
f 3629//1991 3628//1990 3631//1993
f 3632//1962 3633//1993 3634//1960
f 3632//1962 3635//1991 3633//1993
f 3636//1994 3637//1995 3638//1996
f 3637//1995 3636//1994 3639//1997
f 3640//1972 3641//1994 3642//1996
f 3641//1994 3640//1972 3643//1971
f 3644//1998 3645//1999 3646//2000
f 3647//2001 3645//1999 3644//1998
f 3648//2002 3649//2003 3650//2004
f 3651//2005 3649//2003 3648//2002
f 3652//2006 3653//2007 3654//2008
f 3653//2007 3652//2006 3655//2009
f 3656//1997 3657//2008 3658//1995
f 3657//2008 3656//1997 3659//2006
f 3660//2010 3661//2011 3662//2012
f 3660//2010 3663//2013 3661//2011
f 3664//2014 3665//2015 3666//2016
f 3665//2015 3664//2014 3667//2017
f 3668//1992 3669//2017 3670//1990
f 3668//1992 3671//2018 3669//2017
f 3672//2019 3673//2020 3674//2021
f 3673//2020 3672//2019 3675//2022
f 3676//1722 3677//2022 3678//2019
f 3677//2022 3676//1722 3679//1720
f 3680//1702 3681//2023 3682//2024
f 3683//1710 3680//1702 3682//2024
f 3684//2025 3685//2026 3686//2027
f 3685//2026 3684//2025 3687//2028
f 3688//2029 3689//2030 3690//2031
f 3689//2030 3688//2029 3691//2032
f 3692//1982 3693//2030 3694//2010
f 3692//1982 3694//2010 3695//2033
f 3696//2034 3697//2035 3698//2036
f 3699//2037 3697//2035 3696//2034
f 3700//2038 3701//2039 3702//2040
f 3701//2039 3700//2038 3703//2041
f 3704//1299 3705//2009 3706//2037
f 3705//2009 3704//1299 3707//2007
f 3708//2042 3709//2043 3710//2044
f 3709//2043 3708//2042 3711//2045
f 3712//2016 3713//2042 3714//2046
f 3714//2046 3715//2004 3712//2016
f 3716//2042 3717//2029 3718//2047
f 3717//2029 3716//2042 3719//2011
f 3720//2048 3721//2049 3722//2050
f 3721//2049 3720//2048 3723//2051
f 3724//2031 3725//2051 3726//2052
f 3724//2031 3727//2053 3725//2051
f 3728//2054 3729//2028 3730//2055
f 3729//2028 3728//2054 3731//2026
f 3732//2056 3733//303 3734//2057
f 3733//303 3732//2056 3735//2048
f 3736//2020 3737//2058 3738//2059
f 3736//2020 3739//2060 3737//2058
f 3740//2061 3741//2062 3742//302
f 3741//2062 3740//2061 3743//344
f 3744//2063 3745//1706 3746//2064
f 3745//1706 3744//2063 3747//2065
f 3748//2066 3749//306 3750//342
f 3749//306 3748//2066 3751//301
f 3752//304 3753//306 3754//2067
f 3753//306 3752//304 3755//2068
f 3756//2069 3757//2070 3758//2071
f 3759//2072 3757//2070 3756//2069
f 3760//311 3761//361 3762//2073
f 3763//2074 3760//311 3762//2073
f 3764//2075 3765//310 3766//359
f 3765//310 3764//2075 3767//350
f 3768//316 3769//341 3770//2076
f 3771//2077 3768//316 3770//2076
f 3772//343 3773//2078 3774//309
f 3775//308 3773//2078 3772//343
f 3776//2079 3777//317 3778//319
f 3777//317 3776//2079 3779//2080
f 3780//2081 3781//316 3782//2077
f 3783//319 3781//316 3780//2081
f 3784//2082 3785//2083 3786//2084
f 3785//2083 3784//2082 3787//2085
f 3788//2086 3789//2085 3790//2087
f 3789//2085 3788//2086 3791//2079
f 3792//2088 3793//2079 3794//2089
f 3795//2085 3793//2079 3792//2088
f 3796//2090 3797//2091 3798//2092
f 3797//2091 3796//2090 3799//2093
f 3800//2094 3801//2071 3802//334
f 3801//2071 3800//2094 3803//2069
f 3804//2095 3805//2096 3806//2097
f 3805//2096 3804//2095 3807//2098
f 3808//2099 3809//2100 3810//317
f 3810//317 3811//2080 3808//2099
f 3812//2101 3813//2102 3814//302
f 3813//2102 3812//2101 3815//317
f 3816//2103 3817//2104 3818//2105
f 3819//2106 3816//2103 3818//2105
f 3820//2107 3821//2103 3822//2056
f 3821//2103 3820//2107 3823//2100
f 3824//2087 3825//2108 3826//2099
f 3827//2080 3824//2087 3826//2099
f 3828//2109 3829//2110 3830//2111
f 3828//2109 3830//2111 3831//2112
f 3832//2100 3833//2099 3834//2109
f 3832//2100 3834//2109 3835//2103
f 3836//2099 3837//2110 3838//2109
f 3839//2113 3837//2110 3836//2099
f 3840//2114 3841//2115 3842//2116
f 3843//2117 3841//2115 3840//2114
f 3844//2118 3845//2119 3846//2120
f 3845//2119 3844//2118 3847//2121
f 3848//2104 3849//2118 3850//2122
f 3850//2122 3851//2095 3848//2104
f 3852//2115 3853//2123 3854//1043
f 3855//2124 3852//2115 3854//1043
f 3856//2123 3857//2112 3858//2111
f 3857//2112 3856//2123 3859//2115
f 3860//2125 3861//2126 3862//2127
f 3860//2125 3863//2128 3861//2126
f 3864//1085 3865//2129 3866//1090
f 3865//2129 3864//1085 3867//2130
f 3868//2131 3869//2124 3870//1043
f 3869//2124 3868//2131 3871//2132
f 3872//2133 3873//2134 3874//2135
f 3875//2136 3872//2133 3874//2135
f 3876//2134 3877//2137 3878//2138
f 3877//2137 3876//2134 3879//2139
f 3880//2140 3881//2138 3882//2141
f 3881//2138 3880//2140 3883//2142
f 3884//2143 3885//2144 3886//2145
f 3886//2145 3887//2146 3884//2143
f 3888//2147 3889//2039 3890//2034
f 3889//2039 3888//2147 3891//2148
f 3892//2036 3893//2147 3894//2034
f 3893//2147 3892//2036 3895//2093
f 3896//2149 3897//2150 3898//2114
f 3897//2150 3896//2149 3899//2132
f 3900//2151 3901//2152 3902//2153
f 3902//2153 3903//2154 3900//2151
f 3904//2155 3905//2156 3906//2157
f 3905//2156 3904//2155 3907//1261
f 3908//2139 3909//2157 3910//2137
f 3909//2157 3908//2139 3911//2155
f 3912//2158 3913//2136 3914//2159
f 3913//2136 3912//2158 3915//2160
f 3916//2161 3917//2162 3918//2163
f 3917//2162 3916//2161 3919//2164
f 3920//2165 3921//2166 3922//2167
f 3921//2166 3920//2165 3923//2168
f 3924//2169 3925//2170 3926//2171
f 3925//2170 3924//2169 3927//2172
f 3928//2173 3929//2174 3930//2175
f 3929//2174 3928//2173 3931//2176
f 3932//2177 3933//2178 3934//2176
f 3933//2178 3932//2177 3935//2179
f 3936//2180 3937//2181 3938//2182
f 3937//2181 3936//2180 3939//2183
f 3940//2184 3941//2185 3942//2186
f 3941//2185 3940//2184 3943//2187
f 3944//2188 3945//2189 3946//2190
f 3945//2189 3944//2188 3947//2191
f 3948//2192 3949//2193 3950//2194
f 3949//2193 3948//2192 3951//2195
f 3952//2196 3953//2197 3954//2198
f 3953//2197 3952//2196 3955//2199
f 3956//2200 3957//2201 3958//2202
f 3957//2201 3956//2200 3959//2203
f 3960//2204 3961//2205 3962//2206
f 3961//2205 3960//2204 3963//2207
f 3964//2208 3965//2209 3966//2210
f 3966//2210 3967//2211 3964//2208
f 3968//2209 3969//2212 3970//2213
f 3969//2212 3968//2209 3971//2208
f 3972//2214 3973//2215 3974//2216
f 3973//2215 3972//2214 3975//2217
f 3976//2218 3977//2219 3978//2220
f 3977//2219 3976//2218 3979//2221
f 3980//2222 3981//2221 3982//2223
f 3981//2221 3980//2222 3983//2224
f 3984//2225 3985//2226 3986//2227
f 3987//2228 3985//2226 3984//2225
f 3988//2229 3989//2230 3990//2225
f 3989//2230 3988//2229 3991//2231
f 3992//2232 3993//2233 3994//2234
f 3993//2233 3992//2232 3995//2235
f 3996//2236 3997//2237 3998//2238
f 3997//2237 3996//2236 3999//2239
f 4000//2240 4001//2241 4002//2242
f 4001//2241 4000//2240 4003//2243
f 4004//2244 4005//2230 4006//2231
f 4004//2244 4006//2231 4007//2245
f 4008//2246 4009//2242 4010//2247
f 4009//2242 4008//2246 4011//2248
f 4012//2249 4013//2250 4014//2251
f 4013//2250 4012//2249 4015//2252
f 4016//2253 4017//2237 4018//2239
f 4016//2253 4018//2239 4019//2254
f 4020//2255 4021//2251 4022//2256
f 4021//2251 4020//2255 4023//2249
f 4024//2257 4025//2258 4026//2259
f 4025//2258 4024//2257 4027//2260
f 4028//2261 4029//2247 4030//2262
f 4029//2247 4028//2261 4031//2246
f 4032//2263 4033//2259 4034//2264
f 4033//2259 4032//2263 4035//2257
f 4036//2265 4037//2266 4038//2267
f 4039//2268 4037//2266 4036//2265
f 4040//2269 4041//2256 4042//2270
f 4041//2256 4040//2269 4043//2255
f 4044//2271 4045//2267 4046//2272
f 4045//2267 4044//2271 4047//2265
f 4048//2273 4049//2274 4050//2275
f 4049//2274 4048//2273 4051//2276
f 4052//2277 4053//2264 4054//2278
f 4053//2264 4052//2277 4055//2279
f 4056//2280 4057//2281 4058//2282
f 4057//2281 4056//2280 4059//2273
f 4060//2283 4061//2284 4062//2285
f 4061//2284 4060//2283 4063//2286
f 4064//2287 4065//2288 4066//2289
f 4065//2288 4064//2287 4067//2290
f 4068//2291 4069//2285 4070//2292
f 4069//2285 4068//2291 4071//2293
f 4072//2294 4073//2295 4074//2296
f 4073//2295 4072//2294 4075//2297
f 4076//2298 4077//2282 4078//2299
f 4077//2282 4076//2298 4079//2280
f 4080//2300 4081//2296 4082//2301
f 4081//2296 4080//2300 4083//2302
f 4084//2303 4085//2304 4086//2305
f 4085//2304 4084//2303 4087//2291
f 4088//2306 4089//2301 4090//2307
f 4089//2301 4088//2306 4091//2300
f 4092//2308 4093//2309 4094//2310
f 4094//2310 4093//2309 4095//2311
f 4096//2312 4097//2313 4098//2314
f 4099//2315 4100//2316 4101//2317
f 4102//830 4100//2316 4099//2315
f 4103//366 4104//2318 4105//2319
f 4104//2318 4103//366 4106//2320
f 4107//2321 4108//2322 4109//2323
f 4108//2322 4107//2321 4110//2324
f 4111//2325 4112//2326 4113//2327
f 4112//2326 4111//2325 4114//2328
f 4115//2323 4116//2329 4117//2325
f 4116//2329 4115//2323 4118//2322
f 4119//2330 4120//2331 4121//2332
f 4122//2314 4121//2332 4120//2331
s 0
f 4123//2333 4124//2333 4125//2333
f 4126//2334 4127//2334 4128//2334
s 1
f 4129//2331 4130//2335 4131//2314
f 4130//2335 4129//2331 4132//2308
f 4133//2336 4134//2337 4135//2338
f 4134//2337 4133//2336 4136//2339
f 4137//2340 4138//2341 4139//2336
f 4138//2341 4137//2340 4140//2326
f 4141//2342 4142//2343 4143//2344
f 4142//2343 4141//2342 4144//2345
f 4145//2346 4146//2313 4147//2347
f 4148//2348 4147//2347 4146//2313
f 4149//2349 4150//2350 4151//2351
f 4150//2350 4149//2349 4152//2352
f 4153//2353 4154//2354 4155//2355
f 4154//2354 4153//2353 4156//2356
f 4157//2357 4158//2358 4159//2359
f 4159//2359 4160//2360 4157//2357
f 4161//2358 4162//2361 4163//2362
f 4162//2361 4161//2358 4164//2363
f 4165//2364 4166//2365 4167//2366
f 4166//2365 4165//2364 4168//2367
f 4169//2368 4170//2369 4171//2370
f 4170//2369 4169//2368 4172//2371
f 4173//2372 4174//2373 4175//2374
f 4174//2373 4173//2372 4176//2375
f 4177//2376 4178//2377 4179//2378
f 4178//2377 4177//2376 4180//2379
f 4181//2380 4182//2381 4183//2382
f 4182//2381 4181//2380 4184//2383
f 4185//2384 4186//2385 4187//2386
f 4186//2385 4185//2384 4188//2387
f 4189//2388 4190//2389 4191//2390
f 4190//2389 4189//2388 4192//2391
f 4193//2392 4194//2393 4195//2394
f 4194//2393 4193//2392 4196//2395
f 4197//2396 4198//2397 4199//2398
f 4198//2397 4197//2396 4200//2399
f 4201//2400 4202//2401 4203//2402
f 4202//2401 4201//2400 4204//2403
f 4205//2404 4206//2405 4207//2406
f 4205//2404 4208//2407 4206//2405
f 4209//2408 4210//2408 4211//2409
f 4212//2410 4209//2408 4211//2409
f 4213//2411 4214//2412 4215//2413
f 4216//2414 4213//2411 4215//2413
f 4217//2415 4218//2416 4219//2417
f 4218//2416 4217//2415 4220//2418
f 4221//2419 4222//2420 4223//2220
f 4222//2420 4221//2419 4224//2421
f 4225//2311 4226//2422 4227//2423
f 4226//2422 4225//2311 4228//2424
f 4229//2421 4230//2425 4231//2426
f 4230//2425 4229//2421 4232//2419
f 4233//2347 4234//2427 4235//2428
f 4236//2429 4235//2428 4234//2427
f 4237//2430 4238//2431 4239//2432
f 4238//2431 4237//2430 4240//2433
f 4241//2434 4242//2435 4243//2436
f 4242//2435 4241//2434 4244//2430
f 4245//2437 4246//2438 4247//2439
f 4246//2438 4245//2437 4248//2440
f 4249//2426 4250//2425 4251//2441
f 4252//2442 4249//2426 4251//2441
f 4253//2443 4254//2425 4255//2444
f 4254//2425 4253//2443 4256//2441
f 4257//2445 4258//2446 4259//2447
f 4258//2446 4257//2445 4260//2438
f 4261//2448 4262//2449 4263//2450
f 4262//2449 4261//2448 4264//2451
f 4265//2436 4266//2452 4267//2453
f 4266//2452 4265//2436 4268//2435
f 4269//2435 4270//2442 4271//2454
f 4270//2442 4269//2435 4272//2426
f 4273//2450 4274//2455 4275//2456
f 4274//2455 4273//2450 4276//2457
f 4277//2458 4278//2459 4279//2460
f 4278//2459 4277//2458 4280//2461
f 4281//2447 4282//2462 4283//2463
f 4284//2464 4281//2447 4283//2463
f 4285//2462 4286//2453 4287//2463
f 4286//2453 4285//2462 4288//2465
f 4289//2466 4290//2467 4291//2468
f 4290//2467 4289//2466 4292//2469
f 4293//2470 4294//2471 4295//2472
f 4294//2471 4293//2470 4296//2473
f 4297//2474 4298//2475 4299//2476
f 4300//2477 4297//2474 4299//2476
f 4301//2478 4302//2464 4303//2479
f 4302//2464 4301//2478 4304//2447
f 4305//2480 4306//2481 4307//2482
f 4306//2481 4305//2480 4308//2483
f 4309//2484 4310//2485 4311//2486
f 4310//2485 4309//2484 4312//2467
f 4313//2467 4314//2487 4315//2485
f 4314//2487 4313//2467 4316//2456
f 4317//2488 4318//2489 4319//2490
f 4318//2489 4317//2488 4320//2491
f 4321//2490 4322//2492 4323//2493
f 4322//2492 4321//2490 4324//2494
f 4325//2482 4326//2495 4327//2496
f 4326//2495 4325//2482 4328//2497
f 4329//2481 4330//2486 4331//2495
f 4330//2486 4329//2481 4332//2484
f 4333//2498 4334//2499 4335//2500
f 4334//2499 4333//2498 4336//2492
f 4337//2492 4338//2496 4339//2499
f 4338//2496 4337//2492 4340//2482
f 4341//2493 4342//2501 4343//2502
f 4342//2501 4341//2493 4344//2503
f 4345//2502 4346//2504 4347//2505
f 4346//2504 4345//2502 4348//2501
f 4349//2506 4350//2507 4351//2508
f 4350//2507 4349//2506 4352//2509
f 4353//2510 4354//2502 4355//2511
f 4354//2502 4353//2510 4356//2512
f 4357//2513 4358//2514 4359//2515
f 4358//2514 4357//2513 4360//2516
f 4361//2517 4362//2516 4363//2513
f 4362//2516 4361//2517 4364//2518
f 4365//2519 4366//2520 4367//2521
f 4366//2520 4365//2519 4368//2522
f 4369//2505 4370//2523 4371//2524
f 4370//2523 4369//2505 4372//2525
f 4373//2515 4374//2523 4375//2526
f 4374//2523 4373//2515 4376//2514
f 4377//2527 4378//2528 4379//2529
f 4378//2528 4377//2527 4380//2530
f 4381//2531 4382//2532 4383//2533
f 4382//2532 4381//2531 4384//2534
f 4385//2521 4386//2535 4387//2536
f 4386//2535 4385//2521 4388//2520
f 4389//2520 4390//2526 4391//2535
f 4390//2526 4389//2520 4392//2515
f 4393//371 4394//2529 4395//369
f 4394//2529 4393//371 4396//2527
f 4397//2537 4398//2538 4399//2539
f 4400//2529 4401//2540 4402//2541
f 4401//2540 4400//2529 4403//2528
f 4404//690 4405//2542 4406//688
f 4407//366 4408//2319 4409//2543
f 4410//393 4409//2543 4408//2319
f 4411//397 4412//2542 4413//690
f 4412//2542 4411//397 4414//399
f 4415//2544 4416//398 4417//2545
f 4416//398 4415//2544 4418//2546
f 4419//2547 4420//2548 4421//2549
f 4420//2548 4419//2547 4422//2550
f 4423//2551 4424//2552 4425//2553
f 4424//2552 4423//2551 4426//2554
f 4427//2555 4428//2556 4429//2557
f 4428//2556 4427//2555 4430//2558
f 4431//2559 4432//2560 4433//2561
f 4432//2560 4431//2559 4434//2562
f 4435//2563 4436//2564 4437//2565
f 4436//2564 4435//2563 4438//2566
f 4439//2567 4440//2568 4441//2569
f 4440//2568 4439//2567 4442//2570
f 4443//2571 4444//2572 4445//2573
f 4444//2572 4443//2571 4446//2574
f 4447//2575 4448//2576 4449//2577
f 4448//2576 4447//2575 4450//2578
f 4451//2579 4452//2580 4453//2581
f 4452//2580 4451//2579 4454//2582
f 4455//2583 4456//2584 4457//2585
f 4456//2584 4455//2583 4458//2586
f 4459//2587 4460//2588 4461//2589
f 4460//2588 4459//2587 4462//2590
f 4463//2591 4464//2592 4465//2593
f 4464//2592 4463//2591 4466//2594
f 4467//2595 4468//2596 4469//2597
f 4467//2595 4469//2597 4470//2598
f 4471//2599 4472//2600 4473//2601
f 4472//2600 4471//2599 4474//2602
f 4475//2603 4476//2604 4477//2605
f 4476//2604 4475//2603 4478//2606
f 4479//2607 4480//2608 4481//2609
f 4480//2608 4479//2607 4482//2610
f 4483//2611 4484//2612 4485//2613
f 4484//2612 4483//2611 4486//2614
f 4487//2615 4488//2616 4489//2617
f 4488//2616 4487//2615 4490//2618
f 4491//2619 4492//2620 4493//2621
f 4492//2620 4491//2619 4494//2622
f 4495//2620 4496//2623 4497//2624
f 4496//2623 4495//2620 4498//2622
f 4499//2625 4500//2626 4501//2627
f 4502//2628 4500//2626 4499//2625
f 4503//2629 4504//2627 4505//2630
f 4504//2627 4503//2629 4506//2625
f 4507//2631 4508//2632 4509//2633
f 4507//2631 4510//2634 4508//2632
f 4511//2635 4512//2636 4513//2637
f 4512//2636 4511//2635 4514//2638
f 4515//2639 4516//2638 4517//2640
f 4518//2633 4516//2638 4515//2639
f 4519//2641 4520//2642 4521//2643
f 4522//2644 4520//2642 4519//2641
f 4523//2645 4524//2646 4525//2647
f 4524//2646 4523//2645 4526//2648
f 4527//2649 4528//2650 4529//2645
f 4527//2649 4530//2651 4528//2650
f 4531//2652 4532//2653 4533//2654
f 4531//2652 4534//2655 4532//2653
f 4535//2656 4536//2657 4537//2653
f 4536//2657 4535//2656 4538//2658
f 4539//2659 4540//2658 4541//2660
f 4542//2657 4540//2658 4539//2659
f 4543//2661 4544//2662 4545//2663
f 4544//2662 4543//2661 4546//2664
f 4547//2665 4548//2666 4549//2662
f 4548//2666 4547//2665 4550//2667
f 4551//2668 4552//2666 4553//2667
f 4554//2669 4551//2668 4553//2667
f 4555//2670 4556//2671 4557//2672
f 4556//2671 4555//2670 4558//2673
f 4559//2664 4560//2674 4561//2671
f 4560//2674 4559//2664 4562//2661
f 4563//2675 4564//2672 4565//2661
f 4566//2676 4563//2675 4565//2661
f 4567//2677 4568//2678 4569//2679
f 4568//2678 4567//2677 4570//2680
f 4571//2681 4572//2682 4573//2683
f 4572//2682 4571//2681 4574//2684
f 4575//2662 4576//2685 4577//2686
f 4575//2662 4577//2686 4578//2687
f 4579//2688 4580//2689 4581//2690
f 4582//2691 4580//2689 4579//2688
f 4583//2640 4584//2691 4585//2688
f 4584//2691 4583//2640 4586//2638
f 4587//2638 4588//2648 4589//2691
f 4587//2638 4590//2692 4588//2648
f 4591//2693 4592//2694 4593//2695
f 4592//2694 4591//2693 4594//2696
f 4595//2697 4596//2696 4597//2693
f 4596//2696 4595//2697 4598//2698
f 4599//2699 4600//2700 4601//2698
f 4601//2698 4602//2701 4599//2699
f 4603//2702 4604//2703 4605//2704
f 4604//2703 4603//2702 4606//2705
f 4607//2706 4608//2704 4609//2703
f 4608//2704 4607//2706 4610//2677
f 4611//2671 4612//2704 4613//2677
f 4611//2671 4613//2677 4614//2707
f 4615//2708 4616//2709 4617//2710
f 4616//2709 4615//2708 4618//2711
f 4619//2712 4620//2710 4621//2709
f 4620//2710 4619//2712 4622//2713
f 4623//2714 4624//2710 4625//2715
f 4623//2714 4625//2715 4626//2716
f 4627//2717 4628//2718 4629//2719
f 4630//2720 4628//2718 4627//2717
f 4631//2690 4632//2720 4633//2717
f 4632//2720 4631//2690 4634//2689
f 4635//2721 4636//2720 4637//2689
f 4637//2689 4638//2697 4635//2721
f 4639//2722 4640//2723 4641//2724
f 4640//2723 4639//2722 4642//2725
f 4643//2726 4644//2727 4645//2728
f 4644//2727 4643//2726 4646//2694
f 4647//2715 4648//2729 4649//2730
f 4650//2716 4647//2715 4649//2730
f 4651//2731 4652//2732 4653//2733
f 4652//2732 4651//2731 4654//2734
f 4655//2711 4656//2733 4657//2732
f 4656//2733 4655//2711 4658//2708
f 4659//2735 4660//2736 4661//2737
f 4659//2735 4662//2733 4660//2736
f 4663//2738 4664//2739 4665//2740
f 4664//2739 4663//2738 4666//2741
f 4667//2711 4668//2742 4669//2738
f 4668//2742 4667//2711 4670//2732
f 4671//2743 4672//2741 4673//2732
f 4674//2734 4671//2743 4673//2732
f 4675//2744 4676//2745 4677//2746
f 4676//2745 4675//2744 4678//2747
f 4679//2712 4680//2747 4681//2748
f 4680//2747 4679//2712 4682//2709
f 4683//2738 4684//2747 4685//2749
f 4686//2711 4683//2738 4685//2749
f 4687//2750 4688//2751 4689//2752
f 4688//2751 4687//2750 4690//2753
f 4691//2719 4692//2754 4693//2755
f 4692//2754 4691//2719 4694//2756
f 4695//2757 4696//2754 4697//2756
f 4698//2695 4695//2757 4697//2756
f 4699//2758 4700//2759 4701//2760
f 4700//2759 4699//2758 4702//2761
f 4703//2723 4704//2762 4705//2763
f 4703//2723 4705//2763 4706//2764
f 4707//2765 4708//2759 4709//2723
f 4710//2712 4707//2765 4709//2723
f 4711//2763 4712//2766 4713//2767
f 4712//2766 4711//2763 4714//2768
f 4715//2769 4716//2767 4717//2766
f 4716//2767 4715//2769 4718//2770
f 4719//2771 4720//2767 4721//2772
f 4719//2771 4721//2772 4722//2752
f 4723//2773 4724//2774 4725//2775
f 4726//2776 4724//2774 4723//2773
f 4727//2740 4728//2776 4729//2773
f 4728//2776 4727//2740 4730//2739
f 4731//2777 4732//2776 4733//2739
f 4734//2778 4731//2777 4733//2739
f 4735//2779 4736//2780 4737//2781
f 4736//2780 4735//2779 4738//2782
f 4739//2783 4740//2784 4741//2780
f 4740//2784 4739//2783 4742//2785
f 4743//2766 4744//2781 4745//2785
f 4743//2766 4745//2785 4746//2786
f 4747//2787 4748//2788 4749//2789
f 4748//2788 4747//2787 4750//2790
f 4751//2746 4752//2790 4753//2787
f 4752//2790 4751//2746 4754//2745
f 4755//2773 4756//2790 4757//2745
f 4758//2740 4755//2773 4757//2745
f 4759//2791 4760//2792 4761//2793
f 4760//2792 4759//2791 4762//2794
f 4763//2795 4764//2791 4765//2796
f 4764//2791 4763//2795 4766//2797
f 4767//2760 4768//2798 4769//2758
f 4767//2760 4770//2799 4768//2798
f 4771//2800 4772//2801 4773//2802
f 4774//2803 4772//2801 4771//2800
f 4775//2804 4776//2803 4777//2800
f 4776//2803 4775//2804 4778//2774
f 4779//2805 4780//2803 4781//2774
f 4781//2774 4782//2806 4779//2805
f 4783//2807 4784//2808 4785//2809
f 4784//2808 4783//2807 4786//2810
f 4787//2811 4788//2810 4789//2812
f 4788//2810 4787//2811 4790//2813
f 4791//2814 4792//2810 4793//2788
f 4793//2788 4794//2775 4791//2814
f 4795//2815 4796//2816 4797//2817
f 4796//2816 4795//2815 4798//2818
f 4799//2819 4800//2820 4801//2815
f 4800//2820 4799//2819 4802//2821
f 4803//2807 4804//2822 4805//2823
f 4805//2823 4806//2824 4803//2807
f 4807//2825 4808//2826 4809//2827
f 4808//2826 4807//2825 4810//2817
f 4811//2828 4812//2827 4813//2829
f 4812//2827 4811//2828 4814//2830
f 4815//2780 4816//2831 4817//2783
f 4818//2827 4816//2831 4815//2780
f 4819//2832 4820//2833 4821//2834
f 4820//2833 4819//2832 4822//2835
f 4823//2817 4824//2835 4825//2832
f 4824//2835 4823//2817 4826//2836
f 4827//2837 4828//2835 4829//2836
f 4829//2836 4830//2809 4827//2837
f 4831//2832 4832//2838 4833//2839
f 4832//2838 4831//2832 4834//2840
f 4835//2841 4836//2842 4837//2838
f 4836//2842 4835//2841 4838//2843
f 4839//2829 4840//2843 4841//2828
f 4842//2839 4840//2843 4839//2829
f 4843//2844 4844//2845 4845//2846
f 4846//2847 4843//2844 4845//2846
f 4847//2845 4848//2848 4849//2849
f 4848//2848 4847//2845 4850//2844
f 4851//2838 4852//2849 4853//2841
f 4854//2845 4852//2849 4851//2838
f 4855//2850 4856//2851 4857//2852
f 4856//2851 4855//2850 4858//2853
f 4859//2846 4860//2852 4861//2847
f 4860//2852 4859//2846 4862//2850
f 4863//2840 4864//2850 4865//2846
f 4864//2850 4863//2840 4866//2854
f 4867//2837 4868//2855 4869//2856
f 4868//2855 4867//2837 4870//2857
f 4871//2858 4872//2857 4873//2859
f 4872//2857 4871//2858 4874//2808
f 4875//2860 4876//2857 4877//2861
f 4877//2861 4878//2802 4875//2860
f 4879//2853 4880//2862 4881//2863
f 4880//2862 4879//2853 4882//2864
f 4883//2856 4884//2865 4885//2866
f 4884//2865 4883//2856 4886//2867
f 4887//2868 4888//2865 4889//2867
f 4889//2867 4890//2869 4887//2868
f 4891//2860 4892//2870 4893//2871
f 4894//2872 4892//2870 4891//2860
f 4895//2802 4896//2873 4897//2860
f 4896//2873 4895//2802 4898//2801
f 4899//1019 4900//2872 4901//2874
f 4901//2874 4902//2875 4899//1019
f 4903//2876 4904//2877 4905//2878
f 4906//2879 4904//2877 4903//2876
f 4907//2880 4908//2879 4909//2876
f 4908//2879 4907//2880 4910//2881
f 4911//995 4912//2879 4913//2870
f 4913//2870 4914//1020 4911//995
f 4915//2882 4916//2883 4917//2884
f 4916//2883 4915//2882 4918//2885
f 4919//2886 4920//2887 4921//2885
f 4922//2883 4921//2885 4920//2887
f 4923//2883 4924//2851 4925//2888
f 4924//2851 4923//2883 4926//2887
f 4927//2889 4928//2890 4929//1001
f 4928//2890 4927//2889 4930//2891
f 4931//2884 4932//2889 4933//2892
f 4934//2891 4932//2889 4931//2884
f 4935//2891 4936//2878 4937//2877
f 4936//2878 4935//2891 4938//2884
f 4939//2153 4940//2893 4941//2154
f 4940//2893 4939//2153 4942//2894
f 4943//2886 4944//2895 4945//2887
f 4944//2895 4943//2886 4946//2896
f 4947//2895 4948//2897 4949//2898
f 4948//2897 4947//2895 4950//2896
f 4951//2852 4952//2898 4953//2847
f 4952//2898 4951//2852 4954//2895
f 4955//2899 4956//2898 4957//2897
f 4955//2899 4958//2900 4956//2898
f 4959//2900 4960//2901 4961//2902
f 4960//2901 4959//2900 4962//2899
f 4963//2903 4964//2902 4965//2904
f 4964//2902 4963//2903 4966//2905
f 4967//2882 4968//2906 4969//930
f 4968//2906 4967//2882 4970//2889
f 4971//932 4972//2907 4973//2885
f 4972//2907 4971//932 4974//2908
f 4975//2909 4976//2910 4977//2911
f 4978//2912 4976//2910 4975//2909
f 4979//2913 4980//2912 4981//2909
f 4980//2912 4979//2913 4982//2914
f 4983//2915 4984//2899 4985//2912
f 4983//2915 4986//2901 4984//2899
f 4987//2916 4988//2896 4989//2907
f 4988//2896 4987//2916 4990//936
f 4991//2917 4992//2918 4993//2919
f 4994//2920 4992//2918 4991//2917
f 4995//2921 4996//2922 4997//2917
f 4996//2922 4995//2921 4998//2923
f 4999//2924 5000//2922 5001//2923
f 5001//2923 5002//2913 4999//2924
f 5003//2911 5004//941 5005//938
f 5004//941 5003//2911 5006//2910
f 5007//2925 5008//2926 5009//2927
f 5008//2926 5007//2925 5010//2928
f 5011//2929 5012//2928 5013//2925
f 5012//2928 5011//2929 5014//2930
f 5015//2917 5016//2931 5017//2930
f 5017//2930 5018//2921 5015//2917
f 5019//2919 5020//2932 5021//2933
f 5020//2932 5019//2919 5022//2918
f 5023//695 5024//2929 5025//2925
f 5023//695 5025//2925 5026//2934
f 5027//2935 5028//709 5029//2936
f 5027//2935 5030//694 5028//709
f 5031//707 5032//2937 5033//705
f 5032//2937 5031//707 5034//1021
f 5035//2938 5036//2939 5037//2940
f 5038//2941 5037//2940 5036//2939
f 5039//689 5040//2942 5041//2943
f 5040//2942 5039//689 5042//691
f 5043//2944 5044//2945 5045//2946
f 5044//2945 5043//2944 5046//2926
f 5047//2947 5048//2948 5049//2949
f 5050//2950 5049//2949 5048//2948
f 5051//2950 5052//2951 5053//2940
f 5052//2951 5051//2950 5054//2948
f 5055//2952 5056//2940 5057//2953
f 5056//2940 5055//2952 5058//2950
f 5059//2954 5060//2952 5061//2955
f 5060//2952 5059//2954 5062//2956
f 5063//2957 5064//2958 5065//2959
f 5066//2960 5065//2959 5064//2958
f 5067//2960 5068//2947 5069//2949
f 5068//2947 5067//2960 5070//2958
f 5071//2961 5072//2962 5073//2963
f 5072//2962 5071//2961 5074//2960
f 5075//911 5076//2963 5077//914
f 5076//2963 5075//911 5078//2961
f 5079//2964 5080//2965 5081//2966
f 5079//2964 5082//2967 5080//2965
f 5083//2967 5084//2957 5085//2959
f 5084//2957 5083//2967 5086//2968
f 5087//2969 5088//2959 5089//2970
f 5088//2959 5087//2969 5090//2967
f 5091//2971 5092//2972 5093//2973
f 5094//2974 5092//2972 5091//2971
f 5095//2974 5096//2966 5097//2965
f 5096//2966 5095//2974 5098//2971
f 5099//2965 5100//2975 5101//2974
f 5099//2965 5102//2976 5100//2975
f 5103//2973 5104//2977 5105//2978
f 5104//2977 5103//2973 5106//2972
f 5107//2979 5108//2977 5109//2972
f 5109//2972 5110//2980 5107//2979
f 5111//2981 5112//2982 5113//2983
f 5112//2982 5111//2981 5114//2984
f 5115//335 5116//2108 5117//333
f 5116//2108 5115//335 5118//2110
f 5119//2985 5120//2986 5121//740
f 5120//2986 5119//2985 5122//2987
f 5123//2988 5124//2989 5125//2990
f 5124//2989 5123//2988 5126//2991
f 5127//2992 5128//2993 5129//2994
f 5128//2993 5127//2992 5130//2995
f 5131//2996 5132//2994 5133//2997
f 5132//2994 5131//2996 5134//2998
f 5135//2999 5136//3000 5137//2990
f 5138//2998 5136//3000 5135//2999
f 5139//3001 5140//3002 5141//3003
f 5142//3004 5139//3001 5141//3003
f 5143//3001 5144//2999 5145//3005
f 5144//2999 5143//3001 5146//3006
f 5147//3007 5148//3005 5149//3008
f 5148//3005 5147//3007 5150//3009
f 5151//3010 5152//3011 5153//3012
f 5153//3012 5154//3013 5151//3010
f 5155//3014 5156//3015 5157//3016
f 5156//3015 5155//3014 5158//3010
f 5159//2995 5160//3016 5161//2993
f 5160//3016 5159//2995 5162//3011
f 5163//3017 5164//3018 5165//3019
f 5165//3019 5166//3020 5163//3017
f 5167//3018 5168//3013 5169//3012
f 5168//3013 5167//3018 5170//3017
f 5171//3021 5172//3022 5173//3006
f 5172//3022 5171//3021 5174//3018
f 5175//3023 5176//3024 5177//3025
f 5177//3025 5178//3026 5175//3023
f 5179//3027 5180//3028 5181//3029
f 5180//3028 5179//3027 5182//3023
f 5183//3010 5184//3029 5185//3015
f 5184//3029 5183//3010 5186//3024
f 5187//3030 5188//3031 5189//3032
f 5189//3032 5190//3033 5187//3030
f 5191//3031 5192//3026 5193//3034
f 5192//3026 5191//3031 5194//3035
f 5195//3036 5196//3037 5197//3013
f 5196//3037 5195//3036 5198//3031
f 5199//3038 5200//3039 5201//3040
f 5201//3040 5202//3041 5199//3038
f 5203//3039 5204//3042 5205//3043
f 5204//3042 5203//3039 5206//3038
f 5207//3023 5208//3043 5209//3028
f 5208//3043 5207//3023 5210//3039
f 5211//3044 5212//3045 5213//3046
f 5213//3046 5214//3047 5211//3044
f 5215//3045 5216//3048 5217//3040
f 5216//3048 5215//3045 5218//3049
f 5219//3035 5220//3050 5221//3026
f 5220//3050 5219//3035 5222//3045
f 5223//3051 5224//3052 5225//3053
f 5225//3053 5226//3054 5223//3051
f 5227//3052 5228//3055 5229//3056
f 5228//3055 5227//3052 5230//3057
f 5231//3038 5232//3056 5233//3042
f 5232//3056 5231//3038 5234//3052
f 5235//3058 5236//3059 5237//3060
f 5237//3060 5238//3061 5235//3058
f 5239//3059 5240//3062 5241//3053
f 5240//3062 5239//3059 5242//3063
f 5243//3064 5244//3053 5245//3041
f 5244//3053 5243//3064 5246//3059
f 5247//3065 5248//3066 5249//3067
f 5250//3068 5247//3065 5249//3067
f 5251//3066 5252//3069 5253//3070
f 5252//3069 5251//3066 5254//3065
f 5255//3051 5256//3070 5257//3055
f 5256//3070 5255//3051 5258//3066
f 5259//3071 5260//3072 5261//3073
f 5262//3074 5259//3071 5261//3073
f 5263//3075 5264//3068 5265//3067
f 5264//3068 5263//3075 5266//3071
f 5267//3076 5268//3077 5269//3078
f 5268//3077 5267//3076 5270//3075
f 5271//3079 5272//3080 5273//3081
f 5274//3082 5271//3079 5273//3081
f 5275//3080 5276//3083 5277//3084
f 5276//3083 5275//3080 5278//3085
f 5279//3065 5280//3086 5281//3069
f 5280//3086 5279//3065 5282//3080
f 5283//3087 5284//3088 5285//3089
f 5286//3090 5283//3087 5285//3089
f 5287//3091 5288//3082 5289//3092
f 5288//3082 5287//3091 5290//3087
f 5291//3093 5292//3092 5293//3068
f 5292//3092 5291//3093 5294//3088
f 5295//3094 5296//3095 5297//3096
f 5298//3097 5295//3094 5297//3096
f 5299//3095 5300//3098 5301//3099
f 5300//3098 5299//3095 5302//3094
f 5303//3079 5304//3099 5305//3083
f 5304//3099 5303//3079 5306//3095
f 5307//3100 5308//3101 5309//3102
f 5310//3103 5307//3100 5309//3102
f 5311//3101 5312//3097 5313//3096
f 5312//3097 5311//3101 5314//3100
f 5315//3104 5316//3096 5317//3082
f 5316//3096 5315//3104 5318//3105
f 5319//3106 5320//3107 5321//3108
f 5319//3106 5321//3108 5322//3109
f 5323//3110 5324//3111 5325//3112
f 5324//3111 5323//3110 5326//3106
f 5327//3094 5328//3113 5329//3098
f 5328//3113 5327//3094 5330//3110
f 5331//3114 5332//3115 5333//3116
f 5331//3114 5334//3117 5332//3115
f 5335//3117 5336//3118 5337//3119
f 5336//3118 5335//3117 5338//3120
f 5339//3119 5340//3121 5341//3122
f 5340//3121 5339//3119 5342//3097
f 5343//3123 5344//3124 5345//3125
f 5344//3124 5343//3123 5346//3126
f 5347//3127 5348//3124 5349//3128
f 5350//3129 5347//3127 5349//3128
f 5351//3127 5352//3106 5353//3124
f 5352//3106 5351//3127 5354//3111
f 5355//3130 5356//3131 5357//3132
f 5356//3131 5355//3130 5358//3133
f 5359//3134 5360//3132 5361//3131
f 5360//3132 5359//3134 5362//3135
f 5363//3136 5364//3137 5365//3138
f 5366//3132 5364//3137 5363//3136
f 5367//3139 5368//3140 5369//3141
f 5370//3142 5367//3139 5369//3141
f 5371//3140 5372//3129 5373//3143
f 5372//3129 5371//3140 5374//3139
f 5375//3144 5376//3145 5377//3146
f 5376//3145 5375//3144 5378//3140
f 5379//3147 5380//3148 5381//3149
f 5380//3148 5379//3147 5382//3150
f 5383//3151 5384//3150 5385//3147
f 5384//3150 5383//3151 5386//3152
f 5387//3153 5388//3130 5389//3154
f 5390//3150 5388//3130 5387//3153
f 5391//3155 5392//3141 5393//3156
f 5392//3141 5391//3155 5394//3157
f 5395//3149 5396//3157 5397//3158
f 5396//3157 5395//3149 5398//3148
f 5399//3159 5400//3157 5401//3148
f 5402//3160 5399//3159 5401//3148
f 5403//3161 5404//3162 5405//3163
f 5404//3162 5403//3161 5406//3164
f 5407//3165 5408//3166 5409//3167
f 5408//3166 5407//3165 5410//3168
f 5411//2634 5412//3131 5413//3168
f 5414//3169 5413//3168 5412//3131
f 5415//3170 5416//3171 5417//3172
f 5416//3171 5415//3170 5418//3173
f 5419//2668 5420//3172 5421//3174
f 5420//3172 5419//2668 5422//3175
f 5423//3176 5424//3175 5425//2668
f 5424//3175 5423//3176 5426//3177
f 5427//3178 5428//3179 5429//3172
f 5429//3172 5430//3171 5427//3178
f 5431//3179 5432//3180 5433//3181
f 5432//3180 5431//3179 5434//3178
f 5435//2675 5436//3181 5437//3182
f 5436//3181 5435//2675 5438//3179
f 5439//3183 5440//3184 5441//3185
f 5440//3184 5439//3183 5442//3186
f 5443//3163 5444//3186 5445//3187
f 5444//3186 5443//3163 5446//3188
f 5447//3133 5448//3147 5449//3188
f 5450//3186 5449//3188 5448//3147
f 5451//3189 5452//3190 5453//3191
f 5452//3190 5451//3189 5454//3192
f 5455//3193 5456//3191 5457//3171
f 5456//3191 5455//3193 5458//3189
f 5459//3194 5460//3189 5461//3193
f 5460//3189 5459//3194 5462//3167
f 5463//3195 5464//3196 5465//3197
f 5466//3198 5463//3195 5465//3197
f 5467//3199 5468//3200 5469//3201
f 5468//3200 5467//3199 5470//3195
f 5471//3178 5472//3202 5473//3203
f 5472//3202 5471//3178 5474//3199
f 5475//3204 5476//3205 5477//3206
f 5476//3205 5475//3204 5478//3207
f 5479//3185 5480//3207 5481//3208
f 5480//3207 5479//3185 5482//3184
f 5483//3158 5484//3207 5485//3184
f 5486//3149 5483//3158 5485//3184
f 5487//3209 5488//3210 5489//3211
f 5488//3210 5487//3209 5490//3212
f 5491//3213 5492//3214 5493//3215
f 5492//3214 5491//3213 5494//3209
f 5495//3216 5496//3217 5497//3213
f 5498//3218 5495//3216 5497//3213
f 5499//3210 5500//3219 5501//3214
f 5500//3219 5499//3210 5502//3220
f 5503//3221 5504//3222 5505//3220
f 5506//3223 5503//3221 5505//3220
f 5507//3200 5508//3219 5509//3221
f 5508//3219 5507//3200 5510//3195
f 5511//3224 5512//3225 5513//3226
f 5512//3225 5511//3224 5514//3227
f 5515//3206 5516//3227 5517//3224
f 5516//3227 5515//3206 5518//3205
f 5519//3144 5520//3228 5521//3229
f 5522//3156 5519//3144 5521//3229
f 5523//3226 5524//3230 5525//3231
f 5524//3230 5523//3226 5526//3225
f 5527//3125 5528//3232 5529//3225
f 5530//3233 5527//3125 5529//3225
f 5531//3125 5532//3114 5533//3232
f 5532//3114 5531//3125 5534//3109
f 5535//3234 5536//3235 5537//3236
f 5536//3235 5535//3234 5538//3237
f 5539//3238 5540//3237 5541//3234
f 5540//3237 5539//3238 5542//3239
f 5543//3204 5544//3237 5545//3240
f 5546//3241 5543//3204 5545//3240
f 5547//3242 5548//3243 5549//3244
f 5548//3243 5547//3242 5550//3245
f 5551//3246 5552//3243 5553//3247
f 5554//3248 5551//3246 5553//3247
f 5555//3243 5556//3223 5557//3249
f 5556//3223 5555//3243 5558//3250
f 5559//3251 5560//3252 5561//3253
f 5560//3252 5559//3251 5562//3254
f 5563//3255 5564//3256 5565//3251
f 5564//3256 5563//3255 5566//3235
f 5567//3224 5568//3254 5569//3257
f 5570//3206 5567//3224 5569//3257
f 5571//3231 5572//3258 5573//3259
f 5572//3258 5571//3231 5574//3260
f 5575//3261 5576//3262 5577//3263
f 5576//3262 5575//3261 5578//3264
f 5579//3265 5580//3266 5581//3267
f 5579//3265 5582//3262 5580//3266
f 5583//3268 5584//3269 5585//3270
f 5586//3271 5583//3268 5585//3270
f 5587//3269 5588//3248 5589//3247
f 5588//3248 5587//3269 5590//3272
f 5591//3251 5592//3247 5593//3255
f 5592//3247 5591//3251 5594//3269
f 5595//3273 5596//3274 5597//3275
f 5596//3274 5595//3273 5598//3276
f 5599//3277 5600//3278 5601//3274
f 5600//3278 5599//3277 5602//3279
f 5603//3280 5604//3279 5605//3261
f 5603//3280 5606//3275 5604//3279
f 5607//3281 5608//3282 5609//3283
f 5610//3284 5607//3281 5609//3283
f 5611//3285 5612//3271 5613//3270
f 5612//3271 5611//3285 5614//3281
f 5615//3266 5616//3270 5617//3286
f 5616//3270 5615//3266 5618//3282
f 5619//3287 5620//3288 5621//3090
f 5620//3288 5619//3287 5622//3289
f 5623//3290 5624//3291 5625//3292
f 5624//3291 5623//3290 5626//3293
f 5627//3274 5628//3289 5629//3294
f 5630//3277 5627//3274 5629//3294
f 5631//3295 5632//3296 5633//3297
f 5634//3298 5633//3297 5632//3296
f 5635//3298 5636//3299 5637//3283
f 5636//3299 5635//3298 5638//3296
f 5639//3279 5640//3283 5641//3300
f 5640//3283 5639//3279 5642//3301
f 5643//3302 5644//3303 5645//3304
f 5644//3303 5643//3302 5646//3305
f 5647//3306 5648//3305 5649//3307
f 5648//3305 5647//3306 5650//3308
f 5651//3309 5652//3310 5653//3311
f 5654//3290 5651//3309 5653//3311
f 5655//3312 5656//3313 5657//3314
f 5656//3313 5655//3312 5658//3315
f 5659//3312 5660//3316 5661//3297
f 5660//3316 5659//3312 5662//3314
f 5663//3317 5664//3297 5665//3318
f 5664//3297 5663//3317 5666//3312
f 5667//3319 5668//3320 5669//3321
f 5668//3320 5667//3319 5670//3322
f 5671//3323 5672//3322 5673//3324
f 5672//3322 5671//3323 5674//3325
f 5675//3326 5676//3322 5677//3327
f 5677//3327 5678//3306 5675//3326
f 5679//3328 5680//3329 5681//3330
f 5679//3328 5681//3330 5682//3331
f 5683//3329 5684//3313 5685//3315
f 5684//3313 5683//3329 5686//3328
f 5687//3329 5688//3332 5689//3333
f 5688//3332 5687//3329 5690//3315
f 5691//3334 5692//3335 5693//3336
f 5692//3335 5691//3334 5694//3337
f 5695//3338 5696//3337 5697//3339
f 5696//3337 5695//3338 5698//3340
f 5699//3341 5700//3342 5701//3340
f 5701//3340 5702//3343 5699//3341
f 5703//3344 5704//3345 5705//3346
f 5703//3344 5705//3346 5706//3347
f 5707//3345 5708//3331 5709//3330
f 5708//3331 5707//3345 5710//3348
f 5711//3330 5712//3327 5713//3345
f 5712//3327 5711//3330 5714//3306
f 5715//3349 5716//3046 5717//3033
f 5716//3046 5715//3349 5718//3350
f 5719//3351 5720//3352 5721//3349
f 5720//3352 5719//3351 5722//3353
f 5723//3339 5724//3350 5725//3353
f 5725//3353 5726//3338 5723//3339
f 5727//3354 5728//3355 5729//3356
f 5728//3355 5727//3354 5730//3357
f 5731//3346 5732//3355 5733//3357
f 5733//3357 5734//3347 5731//3346
f 5735//3355 5736//3343 5737//3340
f 5736//3343 5735//3355 5738//3346
f 5739//3358 5740//3359 5741//3351
f 5740//3359 5739//3358 5742//3360
f 5743//3361 5744//3360 5745//3358
f 5744//3360 5743//3361 5746//3362
f 5747//3356 5748//3360 5749//3362
f 5749//3362 5750//3354 5747//3356
f 5751//3363 5752//3364 5753//3020
f 5752//3364 5751//3363 5754//3365
f 5755//3366 5756//3365 5757//3363
f 5756//3365 5755//3366 5758//3367
f 5759//3368 5760//3365 5761//3369
f 5761//3369 5762//3351 5759//3368
f 5763//3370 5764//3369 5765//3366
f 5764//3369 5763//3370 5766//3371
f 5767//3372 5768//3371 5769//3370
f 5768//3371 5767//3372 5770//3373
f 5771//3358 5772//3371 5773//3373
f 5773//3373 5774//3361 5771//3358
f 5775//3374 5776//3375 5777//3004
f 5776//3375 5775//3374 5778//3376
f 5779//3377 5780//3378 5781//3379
f 5780//3378 5779//3377 5782//3380
f 5783//3363 5784//3378 5785//3380
f 5785//3380 5786//3366 5783//3363
f 5787//3381 5788//3380 5789//3382
f 5788//3380 5787//3381 5790//3383
f 5791//3384 5792//3385 5793//3381
f 5792//3385 5791//3384 5794//3386
f 5795//3370 5796//3383 5797//3386
f 5797//3386 5798//3372 5795//3370
f 5799//3387 5800//3388 5801//3389
f 5800//3388 5799//3387 5802//3390
f 5803//353 5804//3388 5805//3390
f 5804//3388 5803//353 5806//3391
f 5807//3379 5808//3388 5809//3391
f 5810//3392 5807//3379 5809//3391
f 5811//355 5812//3393 5813//353
f 5812//3393 5811//355 5814//3394
f 5815//3395 5816//3394 5817//355
f 5816//3394 5815//3395 5818//3396
f 5819//3381 5820//3394 5821//3397
f 5821//3397 5822//3384 5819//3381
f 5823//2983 5824//2996 5825//2997
f 5824//2996 5823//2983 5826//3398
f 5827//3399 5828//3400 5829//3401
f 5828//3400 5827//3399 5830//3402
f 5831//3403 5832//3404 5833//3399
f 5831//3403 5834//3405 5832//3404
f 5835//2330 5836//2309 5837//2331
f 5836//2309 5835//2330 5838//3406
f 5839//3407 5840//3408 5841//3409
f 5840//3408 5839//3407 5842//2083
f 5843//3410 5844//3411 5845//2083
f 5844//3411 5843//3410 5846//352
f 5847//3412 5848//2072 5849//2069
f 5850//354 5847//3412 5849//2069
f 5851//3413 5852//3414 5853//3402
f 5851//3413 5853//3402 5854//2072
f 5855//3415 5856//3416 5857//3417
f 5858//3418 5856//3416 5855//3415
f 5859//2978 5860//2984 5861//3419
f 5860//2984 5859//2978 5862//2977
f 5863//3420 5864//3417 5865//3421
f 5864//3417 5863//3420 5866//3422
f 5867//3423 5868//3416 5869//2980
f 5868//3416 5867//3423 5870//3420
f 5871//3424 5872//2975 5873//3425
f 5871//3424 5874//3420 5872//2975
f 5875//917 5876//2970 5877//915
f 5876//2970 5875//917 5878//2969
f 5879//2071 5880//2070 5881//3426
f 5879//2071 5881//3426 5882//3427
f 5883//3402 5884//3428 5885//3415
f 5886//3399 5884//3428 5883//3402
f 5887//2094 5888//3407 5889//3429
f 5888//3407 5887//2094 5890//333
f 5891//3409 5892//2069 5893//2094
f 5892//2069 5891//3409 5894//354
f 5895//3430 5896//3431 5897//337
f 5895//3430 5898//3432 5896//3431
f 5899//3432 5900//3433 5901//3426
f 5900//3433 5899//3432 5902//3434
f 5903//3426 5904//3422 5905//3432
f 5903//3426 5906//3417 5904//3422
f 5907//335 5908//3435 5909//2128
f 5907//335 5910//334 5908//3435
f 5911//2332 5912//2314 5913//3436
f 5914//3437 5913//3436 5912//2314
f 5915//3425 5916//921 5917//3424
f 5916//921 5915//3425 5918//919
f 5919//2126 5920//3438 5921//3439
f 5919//2126 5922//3440 5920//3438
f 5923//3440 5924//2128 5925//3435
f 5924//2128 5923//3440 5926//2126
f 5927//3435 5928//3434 5929//3440
f 5927//3435 5930//3427 5928//3434
f 5931//337 5932//3441 5933//338
f 5932//3441 5931//337 5934//3431
f 5935//3442 5936//373 5937//3443
f 5938//3444 5939//3445 5940//373
f 5941//3446 5942//3447 5943//373
f 5944//373 5945//3448 5946//3449
f 5947//2893 5948//1266 5949//3450
f 5948//1266 5947//2893 5950//3451
f 5951//3452 5952//3453 5953//373
f 5954//3454 5955//3455 5956//3456
f 5957//3457 5958//3458 5959//373
f 5960//3459 5961//3460 5962//387
f 5963//3456 5964//3461 5965//3462
f 5966//3463 5967//3464 5968//3465
f 5967//3464 5966//3463 5969//3466
f 5970//3467 5971//703 5972//3468
f 5971//703 5970//3467 5973//3469
f 5974//3470 5975//3471 5976//3472
f 5975//3471 5974//3470 5977//3473
f 5978//3474 5979//3475 5980//3476
f 5981//3477 5978//3474 5980//3476
f 5982//3478 5983//3479 5984//3480
f 5983//3479 5982//3478 5985//3481
f 5986//3482 5987//3483 5988//3484
f 5987//3483 5986//3482 5989//3485
f 5990//3486 5991//3487 5992//3488
f 5992//3488 5993//3489 5990//3486
f 5994//373 5995//3490 5996//3491
f 5997//3492 5998//3493 5999//3494
f 6000//3495 5997//3492 5999//3494
f 6001//3496 6002//3497 6003//3498
f 6002//3497 6001//3496 6004//3499
f 6005//3500 6006//3501 6007//3502
f 6006//3501 6005//3500 6008//3503
f 6009//3504 6010//3505 6011//3506
f 6010//3505 6009//3504 6012//3507
f 6013//3508 6014//3509 6015//373
f 6016//3510 6017//387 6018//3511
f 6019//3456 6020//3512 6021//3513
f 6022//3514 6023//3515 6024//3516
f 6023//3515 6022//3514 6025//3517
f 6026//3518 6027//3519 6028//3520
f 6027//3519 6026//3518 6029//3521
f 6030//3522 6031//3523 6032//3524
f 6030//3522 6033//3525 6031//3523
f 6034//3526 6035//3527 6036//3528
f 6035//3527 6034//3526 6037//3529
f 6038//3530 6039//3531 6040//3532
f 6039//3531 6038//3530 6041//3533
f 6042//3534 6043//3535 6044//3536
f 6043//3535 6042//3534 6045//3537
f 6046//3538 6047//3539 6048//3540
f 6049//3541 6047//3539 6046//3538
f 6050//702 6051//3542 6052//3543
f 6051//3542 6050//702 6053//3544
f 6054//381 6055//383 6056//373
f 6057//3545 6058//3546 6059//3547
f 6060//3548 6059//3547 6058//3546
f 6061//3549 6062//3550 6063//3551
f 6061//3549 6064//3552 6062//3550
f 6065//3553 6066//3554 6067//3554
f 6066//3554 6065//3553 6068//3555
f 6069//3556 6070//3557 6071//3558
f 6070//3557 6069//3556 6072//3559
f 6073//3560 6074//3561 6075//3562
f 6074//3561 6073//3560 6076//3563
f 6077//737 6078//3564 6079//734
f 6078//3564 6077//737 6080//3565
f 6081//3566 6082//387 6083//3567
f 6084//373 6085//3568 6086//3569
f 6087//3570 6088//3571 6089//373
f 6090//3572 6091//373 6092//3573
f 6093//3574 6094//373 6095//3575
s 0
f 6096//296 6097//296 6098//296
s 1
f 6099//3576 6100//3577 6101//3578
f 6100//3577 6099//3576 6102//3579
f 6103//3580 6104//3581 6105//3582
f 6103//3580 6106//3583 6104//3581
f 6107//3584 6108//3585 6109//3586
f 6108//3585 6107//3584 6110//3587
f 6111//3588 6112//3589 6113//3590
f 6112//3589 6111//3588 6114//3591
f 6115//3592 6116//3593 6117//3594
f 6116//3593 6115//3592 6118//3595
f 6119//3596 6120//3597 6121//3598
f 6120//3597 6119//3596 6122//3599
f 6123//3600 6124//3601 6125//3602
f 6124//3601 6123//3600 6126//3603
f 6127//3604 6128//3605 6129//3606
f 6128//3605 6127//3604 6130//3607
f 6131//3608 6132//3603 6133//3600
f 6132//3603 6131//3608 6134//3609
f 6135//3610 6136//3611 6137//3612
f 6136//3611 6135//3610 6138//3613
f 6139//3614 6140//3615 6141//3616
f 6140//3615 6139//3614 6142//3617
f 6143//3618 6144//3619 6145//3620
f 6144//3619 6143//3618 6146//3621
f 6147//3622 6148//3623 6149//3624
f 6148//3623 6147//3622 6150//3625
f 6151//3626 6152//3627 6153//3628
f 6152//3627 6151//3626 6154//3629
f 6155//3630 6156//3631 6157//3632
f 6158//3622 6156//3631 6155//3630
f 6159//3633 6160//3634 6161//3635
f 6160//3634 6159//3633 6162//3636
f 6163//3637 6164//3638 6165//3639
f 6164//3638 6163//3637 6166//3640
f 6167//3641 6168//3642 6169//3643
f 6168//3642 6167//3641 6170//3644
f 6171//3645 6172//3646 6173//3647
f 6172//3646 6171//3645 6174//3648
f 6175//3649 6176//3650 6177//3651
f 6175//3649 6178//3652 6176//3650
f 6179//3653 6180//3654 6181//3655
f 6180//3654 6179//3653 6182//3656
f 6183//3651 6184//3657 6185//3658
f 6184//3657 6183//3651 6186//3650
f 6187//3659 6188//3660 6189//3661
f 6188//3660 6187//3659 6190//3662
f 6191//3663 6192//3664 6193//3665
f 6192//3664 6191//3663 6194//3666
f 6195//3667 6196//3668 6197//3669
f 6196//3668 6195//3667 6198//3670
f 6199//3671 6200//3672 6201//3673
f 6200//3672 6199//3671 6202//3674
f 6203//3675 6204//3676 6205//3677
f 6206//3678 6205//3677 6204//3676
f 6207//3679 6208//3680 6209//3681
f 6208//3680 6207//3679 6210//3682
f 6211//3683 6212//3684 6213//3685
f 6212//3684 6211//3683 6214//3686
f 6215//3681 6216//3687 6217//3688
f 6218//3689 6215//3681 6217//3688
f 6219//3690 6220//3690 6221//3691
f 6221//3691 6222//3691 6219//3690
f 6223//3692 6224//3693 6225//3694
f 6224//3693 6223//3692 6226//3695
f 6227//3690 6228//3696 6229//3697
f 6228//3696 6227//3690 6230//3690
f 6231//3698 6232//3699 6233//3700
f 6232//3699 6231//3698 6234//3701
f 6235//3702 6236//3703 6237//3704
f 6236//3703 6235//3702 6238//3705
f 6239//3706 6240//3707 6241//3708
f 6240//3707 6239//3706 6242//3709
f 6243//3710 6244//3711 6245//3712
f 6244//3711 6243//3710 6246//3713
f 6247//3714 6248//3715 6249//3716
f 6248//3715 6247//3714 6250//3717
f 6251//3718 6252//3719 6253//3720
f 6252//3719 6251//3718 6254//3721
f 6255//3722 6256//3723 6257//3724
f 6256//3723 6255//3722 6258//3725
f 6259//3726 6260//3727 6261//3728
f 6260//3727 6259//3726 6262//3727
f 6263//3729 6264//3730 6265//3731
f 6264//3730 6263//3729 6266//3732
f 6267//3731 6268//3733 6269//3729
f 6270//3734 6268//3733 6267//3731
f 6271//3735 6272//3736 6273//3737
f 6272//3736 6271//3735 6274//3738
f 6275//3739 6276//3740 6277//3740
f 6276//3740 6275//3739 6278//3741
f 6279//3742 6280//3728 6281//3743
f 6280//3728 6279//3742 6282//3726
f 6283//3744 6284//3745 6285//3746
f 6284//3745 6283//3744 6286//3747
f 6287//3748 6288//3742 6289//3743
f 6288//3742 6287//3748 6290//3749
f 6291//3750 6292//3751 6293//3752
f 6292//3751 6291//3750 6294//3753
f 6295//3754 6296//3755 6297//3756
f 6296//3755 6295//3754 6298//3757
f 6299//3758 6300//3759 6301//3760
f 6300//3759 6299//3758 6302//3761
f 6303//3762 6304//3763 6305//3764
f 6304//3763 6303//3762 6306//3765
f 6307//3766 6308//3767 6309//3768
f 6310//3769 6307//3766 6309//3768
f 6311//3770 6312//3771 6313//3772
f 6312//3771 6311//3770 6314//3773
f 6315//3774 6316//3775 6317//3776
f 6316//3775 6315//3774 6318//3777
f 6319//3778 6320//3779 6321//3780
f 6320//3779 6319//3778 6322//3781
f 6323//3782 6324//3783 6325//3784
f 6324//3783 6323//3782 6326//3776
f 6327//3785 6328//3786 6329//3787
f 6329//3787 6330//3788 6327//3785
f 6331//3789 6332//3790 6333//3791
f 6332//3790 6331//3789 6334//3792
f 6335//3793 6336//3794 6337//3795
f 6337//3795 6338//3796 6335//3793
f 6339//3797 6340//3798 6341//3799
f 6340//3798 6339//3797 6342//3800
f 6343//3801 6344//3802 6345//3803
f 6344//3802 6343//3801 6346//3804
f 6347//3805 6348//3806 6349//3807
f 6347//3805 6349//3807 6350//3808
f 6351//3809 6352//3810 6353//3811
f 6352//3810 6351//3809 6354//3812
f 6355//3813 6356//3814 6357//3815
f 6356//3814 6355//3813 6358//3816
f 6359//3817 6360//3818 6361//3819
f 6360//3818 6359//3817 6362//3820
f 6363//3821 6364//3822 6365//3823
f 6364//3822 6363//3821 6366//3824
f 6367//3825 6368//3826 6369//3827
f 6368//3826 6367//3825 6370//3828
f 6371//3829 6372//3830 6373//3831
f 6372//3830 6371//3829 6374//3832
f 6375//3833 6376//3834 6377//3835
f 6376//3834 6375//3833 6378//3836
f 6379//3837 6380//3838 6381//3839
f 6380//3838 6379//3837 6382//3840
f 6383//3841 6384//3842 6385//3833
f 6386//3843 6384//3842 6383//3841
f 6387//3844 6388//3845 6389//3846
f 6388//3845 6387//3844 6390//3847
f 6391//3848 6392//3849 6393//3850
f 6392//3849 6391//3848 6394//3851
f 6395//3852 6396//3853 6397//3854
f 6395//3852 6397//3854 6398//3855
f 6399//3856 6400//3857 6401//3858
f 6400//3857 6399//3856 6402//731
f 6403//3859 6404//3855 6405//3860
f 6404//3855 6403//3859 6406//3861
f 6407//3862 6408//3863 6409//3864
f 6409//3864 6410//3865 6407//3862
f 6411//3866 6412//3867 6413//3868
f 6412//3867 6411//3866 6414//3869
f 6415//3870 6416//3871 6417//3872
f 6416//3871 6415//3870 6418//3873
f 6419//3874 6420//3875 6421//3876
f 6420//3875 6419//3874 6422//682
f 6423//3877 6424//3878 6425//3879
f 6424//3878 6423//3877 6426//3880
f 6427//3881 6428//3882 6429//3883
f 6430//2197 6428//3882 6427//3881
f 6431//3884 6432//3885 6433//3886
f 6432//3885 6431//3884 6434//3887
f 6432//3885 6434//3887 6435//3888
f 6432//3885 6435//3888 6436//556
f 6437//3889 6438//412 6439//3890
f 6440//3891 6438//412 6441//559
f 6439//3890 6438//412 6440//3891
f 6442//3892 6443//3893 6444//3894
s 0
f 6445//560 6446//560 6447//560
f 6448//560 6449//560 6450//560
s 1
f 6451//441 6452//416 6453//3895
f 6454//3896 6455//3897 6456//3898
f 6457//3899 6454//3896 6456//3898
f 6458//3900 6459//3901 6460//3902
f 6458//3900 6460//3902 6461//3903
s 0
f 6462//3904 6463//3904 6464//3904
s 1
f 6465//3905 6466//3905 6467//3906
f 6468//3907 6469//531 6470//3907
f 6471//3908 6472//3909 6473//3902
f 6472//3909 6471//3908 6474//3910
f 6475//3911 6476//3912 6477//3913
f 6476//3912 6475//3911 6478//3914
f 6479//3915 6480//3916 6481//3917
f 6482//3918 6479//3915 6481//3917
s 0
f 6483//3907 6484//3907 6485//3907
f 6486//3919 6487//3919 6488//3919
s 1
f 6489//3920 6490//3921 6491//3922
f 6490//3921 6489//3920 6492//3923
f 6493//3924 6494//3925 6495//3924
s 0
f 6496//2333 6497//2333 6498//2333
s 1
f 6499//3926 6500//3927 6501//3928
f 6500//3927 6499//3926 6502//3929
s 0
f 6503//2334 6504//2334 6505//2334
s 1
f 6506//3930 6507//3931 6508//3890
f 6509//3932 6510//3933 6511//3933
f 6512//3934 6513//3935 6514//3936
f 6513//3935 6512//3934 6515//3937
f 6516//3938 6517//3939 6518//3940
f 6517//3939 6516//3938 6519//3941
f 6520//3942 6521//3943 6522//3944
f 6521//3943 6520//3942 6523//3945
f 6524//3946 6525//3947 6526//3948
f 6525//3947 6524//3946 6527//3949
f 6528//3950 6529//3951 6530//3952
f 6529//3951 6528//3950 6531//3953
f 6532//3954 6533//3955 6534//3956
f 6533//3955 6532//3954 6535//3957
f 6536//3958 6537//3959 6538//3960
f 6537//3959 6536//3958 6539//3961
f 6540//3962 6541//3963 6542//3964
f 6541//3963 6540//3962 6543//3965
f 6544//3964 6545//3966 6546//3962
f 6547//3967 6545//3966 6544//3964
f 6548//3968 6549//3969 6550//3970
f 6549//3969 6548//3968 6551//3971
f 6552//3972 6553//3973 6554//3974
f 6553//3973 6552//3972 6555//3975
f 6556//3976 6557//3977 6558//3978
f 6557//3977 6556//3976 6559//3979
f 6560//3980 6561//3981 6562//3982
f 6561//3981 6560//3980 6563//3983
f 6564//3984 6565//3985 6566//3986
f 6565//3985 6564//3984 6567//3987
f 6568//3986 6569//3988 6570//3988
f 6571//3989 6568//3986 6570//3988
f 6572//3990 6573//3991 6574//3992
f 6575//3993 6572//3990 6574//3992
f 6576//3994 6577//3995 6578//3996
f 6577//3995 6576//3994 6579//3997
f 6580//3998 6581//3999 6582//4000
f 6581//3999 6580//3998 6583//4001
f 6584//4002 6585//4003 6586//4004
f 6585//4003 6584//4002 6587//4005
f 6588//4006 6589//4007 6590//4008
f 6589//4007 6588//4006 6591//4009
f 6592//4010 6593//4011 6594//4012
f 6593//4011 6592//4010 6595//4013
f 6596//4014 6597//4015 6598//4016
f 6597//4015 6596//4014 6599//4017
f 6600//4018 6601//4019 6602//4020
f 6601//4019 6600//4018 6603//4021
f 6604//4022 6605//4023 6606//4024
f 6605//4023 6604//4022 6607//4025
f 6608//4026 6609//4027 6610//4028
f 6609//4027 6608//4026 6611//4029
f 6612//4030 6613//3931 6614//4031
s 0
f 6615//535 6616//573 6617//573
s 1
f 6618//531 6619//537 6620//531
f 6621//373 6622//3513 6623//3568
f 6624//447 6625//4032 6626//4033
f 6625//4032 6624//447 6627//4034
f 6628//4035 6629//4036 6630//4035
s 0
f 6631//4037 6632//4037 6633//4037
s 1
f 6634//567 6635//567 6636//567
f 6637//4038 6638//1162 6639//1157
f 6638//1162 6637//4038 6640//4039
f 6641//4040 6642//4039 6643//4041
f 6642//4039 6641//4040 6644//1162
f 6645//4042 6646//684 6647//4043
f 6646//684 6645//4042 6648//685
f 6649//4044 6650//4045 6651//4046
f 6652//4044 6653//4047 6654//4048
f 6655//4049 6656//4050 6657//4051
f 6656//4050 6655//4049 6658//4052
f 6659//4053 6660//431 6661//4054
f 6662//4055 6663//668 6664//668
f 6665//3886 6666//4056 6667//4057
f 6668//408 6667//4057 6666//4056
f 6669//4058 6670//4059 6671//4058
f 6672//4060 6673//751 6674//4061
f 6673//751 6672//4060 6675//749
f 6676//698 6677//753 6678//753
f 6677//753 6676//698 6679//697
f 6680//754 6681//4062 6682//4063
f 6681//4062 6680//754 6683//754
f 6684//4064 6685//4065 6686//4066
f 6685//4065 6684//4064 6687//4067
f 6688//4066 6689//763 6690//762
f 6689//763 6688//4066 6691//4065
f 6692//4068 6693//767 6694//766
f 6693//767 6692//4068 6695//764
f 6696//768 6697//772 6698//769
f 6699//765 6697//772 6696//768
f 6700//771 6701//4069 6702//4070
f 6703//770 6701//4069 6700//771
f 6704//774 6705//4070 6706//4069
f 6705//4070 6704//774 6707//4071
f 6708//775 6709//778 6710//780
f 6710//780 6711//773 6708//775
f 6712//4072 6713//779 6714//781
f 6712//4072 6715//777 6713//779
f 6716//787 6717//782 6718//784
f 6717//782 6716//787 6719//786
f 6720//789 6721//788 6722//4073
f 6721//788 6720//789 6723//4074
f 6724//4075 6725//792 6726//793
f 6724//4075 6727//790 6725//792
f 6728//4076 6729//798 6730//4077
f 6729//798 6728//4076 6731//796
f 6732//799 6733//801 6734//797
f 6733//801 6732//799 6735//801
f 6736//802 6737//805 6738//800
f 6737//805 6736//802 6739//803
f 6740//806 6741//4078 6742//804
f 6741//4078 6740//806 6743//808
f 6744//809 6745//811 6746//812
f 6744//809 6746//812 6747//807
f 6748//4079 6749//4080 6750//4081
f 6751//4082 6748//4079 6750//4081
f 6752//4082 6753//4083 6754//813
f 6752//4082 6755//4084 6753//4083
f 6756//814 6757//818 6758//820
f 6759//815 6756//814 6758//820
f 6760//819 6761//822 6762//824
f 6763//4085 6760//819 6762//824
f 6764//4086 6765//826 6766//828
f 6767//4087 6764//4086 6766//828
f 6768//827 6769//2315 6770//2317
f 6768//827 6770//2317 6771//825
f 6772//4088 6773//835 6774//4089
f 6775//833 6773//835 6772//4088
f 6776//842 6777//837 6778//4090
f 6777//837 6776//842 6779//839
f 6780//4091 6781//841 6782//840
f 6780//4091 6783//4092 6781//841
f 6784//4092 6785//846 6786//843
f 6785//846 6784//4092 6787//4093
f 6788//848 6789//853 6790//850
f 6789//853 6788//848 6791//847
f 6792//4094 6793//857 6794//4095
f 6793//857 6792//4094 6795//851
f 6796//861 6797//4096 6798//856
f 6796//861 6798//856 6799//855
f 6800//863 6801//4097 6802//860
f 6800//863 6802//860 6803//859
f 6804//4098 6805//4099 6806//4100
f 6805//4099 6804//4098 6807//736
f 6808//870 6809//875 6810//871
f 6811//4101 6809//875 6808//870
f 6812//4102 6813//879 6814//876
f 6815//872 6812//4102 6814//876
f 6816//4103 6817//880 6818//885
f 6819//884 6816//4103 6818//885
f 6820//886 6821//4104 6822//889
f 6822//889 6823//4105 6820//886
f 6824//890 6825//887 6826//948
f 6826//948 6827//947 6824//890
f 6828//892 6829//4106 6830//4107
f 6831//891 6829//4106 6828//892
f 6832//4107 6833//894 6834//896
f 6833//894 6832//4107 6835//4106
f 6836//895 6837//898 6838//893
f 6837//898 6836//895 6839//899
f 6840//900 6841//903 6842//897
f 6841//903 6840//900 6843//901
f 6844//4079 6845//4108 6846//696
f 6845//4108 6844//4079 6847//4079
f 6848//910 6849//4109 6850//907
f 6849//4109 6848//910 6851//4110
f 6852//913 6853//915 6854//911
f 6853//915 6852//913 6855//918
f 6856//922 6857//917 6858//916
f 6856//922 6859//919 6857//917
f 6860//4111 6861//921 6862//4112
f 6861//921 6860//4111 6863//4113
f 6864//4114 6865//928 6866//4115
f 6865//928 6864//4114 6867//926
f 6868//4116 6869//929 6870//340
f 6871//924 6870//340 6869//929
f 6872//949 6873//946 6874//933
f 6874//933 6875//930 6872//949
f 6876//937 6877//932 6878//931
f 6876//937 6879//934 6877//932
f 6880//936 6881//4117 6882//4118
f 6881//4117 6880//936 6883//4119
f 6884//941 6885//4117 6886//939
f 6885//4117 6884//941 6887//4118
f 6888//938 6889//940 6890//945
f 6891//943 6890//945 6889//940
f 6892//942 6893//4120 6894//4121
f 6895//4122 6894//4121 6893//4120
f 6896//4123 6897//4124 6898//4125
f 6897//4124 6896//4123 6899//746
f 6900//4126 6901//4127 6902//3583
f 6901//4127 6900//4126 6903//4128
f 6904//3582 6905//4129 6906//4130
f 6904//3582 6907//4131 6905//4129
f 6908//4132 6909//4133 6910//4134
f 6909//4133 6908//4132 6911//4135
f 6912//3591 6913//3598 6914//3597
f 6912//3591 6915//3588 6913//3598
f 6916//3587 6917//4136 6918//4137
f 6917//4136 6916//3587 6919//4138
f 6920//3599 6921//4139 6922//4140
f 6920//3599 6923//3596 6921//4139
f 6924//3595 6925//4141 6926//4142
f 6925//4141 6924//3595 6927//3602
f 6928//4143 6929//4144 6930//3607
f 6931//4145 6930//3607 6929//4144
f 6932//3609 6933//3608 6934//3616
f 6934//3616 6935//4146 6932//3609
f 6936//4147 6937//4148 6938//3613
f 6939//3604 6936//4147 6938//3613
f 6940//3617 6941//4149 6942//3620
f 6942//3620 6943//3619 6940//3617
f 6944//4150 6945//4151 6946//4152
f 6947//3610 6944//4150 6946//4152
f 6948//3618 6949//4153 6950//4154
f 6949//4153 6948//3618 6951//4155
f 6952//1175 6953//4156 6954//4157
f 6953//4156 6952//1175 6955//1177
f 6956//4158 6957//4155 6958//3626
f 6956//4158 6959//4159 6957//4155
f 6960//3630 6961//3632 6962//3639
f 6963//3638 6960//3630 6962//3639
f 6964//4160 6965//4161 6966//3634
f 6967//4162 6965//4161 6964//4160
f 6968//3640 6969//3637 6970//3647
f 6970//3647 6971//3646 6968//3640
f 6972//3635 6973//4163 6974//4164
f 6975//4165 6972//3635 6974//4164
f 6976//3648 6977//3645 6978//4166
f 6978//4166 6979//4167 6976//3648
f 6980//3643 6981//4168 6982//4169
f 6983//4170 6980//3643 6982//4169
f 6984//3655 6985//4171 6986//4172
f 6987//4167 6985//4171 6984//3655
f 6988//3658 6989//3666 6990//3663
f 6988//3658 6991//4173 6989//3666
f 6992//4174 6993//3661 6994//3654
f 6993//3661 6992//4174 6995//4175
f 6996//3665 6997//3674 6998//3671
f 6996//3665 6999//3664 6997//3674
f 7000//4176 7001//3669 7002//4177
f 7001//3669 7000//4176 7003//4178
f 7004//4179 7005//3672 7006//3676
f 7005//3672 7004//4179 7007//4180
f 7008//4181 7009//3678 7010//3668
f 7009//3678 7008//4181 7011//4182
f 7012//4183 7013//3682 7014//4184
f 7013//3682 7012//4183 7015//3680
f 7016//4184 7017//3686 7018//4185
f 7019//3684 7017//3686 7016//4184
f 7020//3693 7021//4186 7022//3694
f 7021//4186 7020//3693 7023//4187
f 7024//3685 7025//3691 7026//3683
f 7027//3691 7025//3691 7024//3685
f 7028//3695 7029//3700 7030//4188
f 7028//3695 7031//4189 7029//3700
f 7032//3697 7033//3705 7034//3702
f 7033//3705 7032//3697 7035//3696
f 7036//3701 7037//3709 7038//3706
f 7036//3701 7039//3698 7037//3709
f 7040//3704 7041//3713 7042//3710
f 7041//3713 7040//3704 7043//3703
f 7044//3708 7045//4190 7046//4191
f 7045//4190 7044//3708 7047//3707
f 7048//3712 7049//4192 7050//4193
f 7049//4192 7048//3712 7051//3711
f 7052//4191 7053//4194 7054//3717
f 7055//3715 7054//3717 7053//4194
f 7056//4193 7057//4195 7058//3721
f 7059//3719 7058//3721 7057//4195
f 7060//3714 7061//4196 7062//3725
f 7063//3723 7062//3725 7061//4196
f 7064//3718 7065//3720 7066//3727
f 7067//3727 7066//3727 7065//3720
f 7068//3722 7069//3724 7070//4197
f 7071//3730 7070//4197 7069//3724
f 7072//3733 7073//3738 7074//3735
f 7073//3738 7072//3733 7075//4198
f 7076//3737 7077//3741 7078//3739
f 7077//3741 7076//3737 7079//4199
f 7080//3740 7081//4200 7082//4200
f 7081//4200 7080//3740 7083//3740
f 7084//4201 7085//4202 7086//3747
f 7085//4202 7084//4201 7087//4200
f 7088//4203 7089//3756 7090//3755
f 7088//4203 7091//3748 7089//3756
f 7092//4204 7093//3752 7094//3744
f 7093//3752 7092//4204 7095//3750
f 7096//4205 7097//4206 7098//3763
f 7096//4205 7099//3754 7097//4206
f 7100//4207 7101//3760 7102//3751
f 7101//3760 7100//4207 7103//3758
f 7104//3765 7105//3766 7106//3769
f 7104//3765 7107//3762 7105//3766
f 7108//4208 7109//3767 7110//4209
f 7111//3768 7109//3767 7108//4208
f 7112//4210 7113//3773 7114//4211
f 7113//3773 7112//4210 7115//3771
f 7116//4211 7117//3775 7118//3777
f 7119//4210 7116//4211 7118//3777
f 7120//3772 7121//3781 7122//3770
f 7123//3779 7121//3781 7120//3772
f 7124//4212 7125//3792 7126//4213
f 7124//4212 7127//4214 7125//3792
f 7128//3780 7129//3787 7130//3778
f 7131//4215 7129//3787 7128//3780
f 7132//4216 7133//3800 7134//4217
f 7132//4216 7135//4218 7133//3800
f 7136//3786 7137//4219 7138//4220
f 7137//4219 7136//3786 7139//4221
f 7140//4222 7141//4223 7142//4224
f 7140//4222 7143//3798 7141//4223
f 7144//3803 7145//4225 7146//4226
f 7145//4225 7144//3803 7147//4227
f 7148//4228 7149//4229 7150//4230
f 7149//4229 7148//4228 7151//4223
f 7152//3811 7153//4231 7154//4232
f 7153//4231 7152//3811 7155//4233
f 7156//4234 7157//4235 7158//4236
f 7157//4235 7156//4234 7159//4237
f 7160//4238 7161//4239 7162//3821
f 7161//4239 7160//4238 7163//4240
f 7164//3813 7165//3815 7166//4241
f 7167//4242 7166//4241 7165//3815
f 7168//4243 7169//4244 7170//4245
f 7169//4244 7168//4243 7171//4246
f 7172//4247 7173//4248 7174//3828
f 7175//4249 7174//3828 7173//4248
f 7176//4250 7177//4245 7178//4251
f 7179//3830 7178//4251 7177//4245
f 7180//3825 7181//4252 7182//3836
f 7183//4253 7182//3836 7181//4252
f 7184//4254 7185//4255 7186//4256
f 7187//3838 7186//4256 7185//4255
f 7188//3842 7189//3851 7190//4257
f 7189//3851 7188//3842 7191//4258
f 7192//4259 7193//3839 7194//4260
f 7195//3845 7194//4260 7193//3839
f 7196//4261 7197//4262 7198//4263
f 7197//4262 7196//4261 7199//4264
f 7200//4265 7201//4266 7202//4267
f 7201//4266 7200//4265 7203//4268
f 7204//3861 7205//4269 7206//3867
f 7204//3861 7207//4270 7205//4269
f 7208//4271 7209//3865 7210//4272
f 7209//3865 7208//4271 7211//4273
f 7212//3869 7213//4274 7214//3875
f 7212//3869 7215//4275 7213//4274
f 7216//3862 7217//3872 7218//4276
f 7217//3872 7216//3862 7219//3870
s 0
f 7220//410 7221//435 7222//410
s 1
f 7223//3873 7224//3879 7225//3871
f 7224//3879 7223//3873 7226//4277
f 7227//4278 7228//4043 7229//3896
f 7228//4043 7227//4278 7230//4279
s 0
f 7231//295 7232//295 7233//295
s 1
f 7234//660 7235//4280 7236//4280
f 7237//4281 7238//536 7239//536
f 7240//4282 7241//4283 7242//4284
f 7240//4282 7243//4285 7241//4283
s 0
f 7244//4286 7245//4286 7246//4286
f 7247//567 7248//567 7249//567
f 7250//417 7251//417 7252//417
f 7253//420 7254//420 7255//420
s 1
f 7256//4287 7257//4288 7258//4285
f 7256//4287 7259//4289 7257//4288
f 7260//4290 7261//4291 7262//4292
f 7263//417 7264//428 7265//428
s 0
f 7266//4293 7267//4293 7268//4293
f 7269//410 7270//410 7271//410
f 7272//426 7273//426 7274//426
s 1
f 7275//417 7276//3889 7277//417
f 7278//3889 7279//4294 7280//4295
s 0
f 7281//424 7282//424 7283//424
f 7284//424 7285//424 7286//424
f 7287//417 7288//417 7289//417
f 7290//567 7291//567 7292//567
f 7293//567 7294//567 7295//567
f 7296//4037 7297//4037 7298//4037
f 7299//4037 7300//4037 7301//4037
s 1
f 7302//4296 7303//4297 7304//3878
f 7305//3898 7303//4297 7302//4296
s 0
f 7306//4298 7307//4298 7308//4299
s 1
f 7309//3924 7310//545 7311//4300
f 7312//3901 7313//4301 7314//4124
f 7313//4301 7312//3901 7315//4302
s 0
f 7316//4303 7317//4303 7318//4303
s 1
f 7319//3907 7320//4304 7321//3907
f 7322//4305 7323//3914 7324//4306
f 7325//3908 7323//3914 7322//4305
s 0
f 7326//3924 7327//3924 7328//3924
f 7329//3924 7330//3924 7331//3924
s 1
f 7332//3913 7333//4307 7334//4308
f 7333//4307 7332//3913 7335//3912
f 7336//4309 7337//3918 7338//4310
f 7337//3918 7336//4309 7339//4307
f 7340//3916 7341//3920 7342//3922
f 7341//3920 7340//3916 7343//4311
f 7344//4312 7345//4313 7346//4304
f 7347//3923 7348//3928 7349//3921
f 7348//3928 7347//3923 7350//3926
s 0
f 7351//4304 7352//4304 7353//4304
s 1
f 7354//4030 7355//4299 7356//3919
f 7357//3930 7358//3930 7359//3930
s 0
f 7360//4035 7361//4314 7362//4035
s 1
f 7363//4315 7364//365 7365//365
s 0
f 7366//3890 7367//3890 7368//3890
f 7369//3930 7370//3930 7371//3930
f 7372//3933 7373//3933 7374//3933
s 1
f 7375//3929 7376//3936 7377//3927
f 7376//3936 7375//3929 7378//3934
f 7379//3940 7380//3937 7381//3938
f 7380//3937 7379//3940 7382//3935
f 7383//3945 7384//4316 7385//4317
f 7383//3945 7386//3939 7384//4316
f 7387//3944 7388//3947 7389//3949
f 7390//4318 7387//3944 7389//3949
f 7391//3948 7392//4319 7393//3953
f 7394//4320 7391//3948 7393//3953
f 7395//3950 7396//3952 7397//3957
f 7398//3955 7397//3957 7396//3952
f 7399//3954 7400//4321 7401//3961
f 7402//3959 7401//3961 7400//4321
f 7403//3960 7404//3965 7405//3958
f 7406//3963 7404//3965 7403//3960
f 7407//4322 7408//3970 7409//3966
f 7408//3970 7407//4322 7410//4323
f 7411//3971 7412//3974 7413//3969
f 7412//3974 7411//3971 7414//3972
f 7415//3975 7416//4324 7417//3973
f 7416//4324 7415//3975 7418//3976
f 7419//3979 7420//4325 7421//4326
f 7420//4325 7419//3979 7422//4327
f 7423//3982 7424//4327 7425//3980
f 7424//4327 7423//3982 7426//4328
f 7427//4329 7428//3983 7429//4330
f 7430//3981 7428//3983 7427//4329
f 7431//3993 7432//4331 7433//4332
f 7432//4331 7431//3993 7434//3988
f 7435//3992 7436//3997 7437//4333
f 7435//3992 7438//3991 7436//3997
f 7439//4334 7440//4001 7441//4335
f 7440//4001 7439//4334 7442//4336
f 7443//4337 7444//4005 7445//4002
f 7444//4005 7443//4337 7446//3999
f 7447//4338 7448//4009 7449//4006
f 7448//4009 7447//4338 7450//4339
f 7451//4008 7452//4013 7453//4010
f 7452//4013 7451//4008 7454//4007
f 7455//4340 7456//4014 7457//4012
f 7455//4340 7457//4012 7458//4341
f 7459//4021 7460//4018 7461//4016
f 7459//4021 7461//4016 7462//4015
f 7463//4020 7464//4019 7465//4024
f 7465//4024 7466//4023 7463//4020
f 7467//4025 7468//4022 7469//4028
f 7469//4028 7470//4027 7467//4025
f 7471//4029 7472//4026 7473//748
f 7474//745 7471//4029 7473//748
f 7475//4342 7476//3924 7477//4342
f 7478//4343 7479//4344 7480//573
f 7481//4345 7482//574 7483//4345
s 0
f 7484//4346 7485//4346 7486//4346
f 7487//4293 7488//4293 7489//4293
s 1
f 7490//4347 7491//4348 7492//4347
f 7493//4035 7494//4035 7495//4349
s 0
f 7496//567 7497//567 7498//567
s 1
f 7499//4350 7500//4351 7501//4352
f 7499//4350 7501//4352 7502//4353
f 7503//721 7504//4354 7505//4355
f 7503//721 7506//4356 7504//4354
f 7507//4357 7508//1171 7509//4358
f 7510//4038 7507//4357 7509//4358
s 0
f 7511//4359 7512//4359 7513//4359
s 1
f 7514//661 7515//661 7516//661
s 0
f 7517//4360 7518//4360 7519//4361
s 1
f 7520//4362 7521//662 7522//4363
f 7523//4364 7524//4365 7525//4366
f 7524//4365 7523//4364 7526//612
f 7527//4367 7528//4368 7529//714
f 7530//729 7529//714 7528//4368
s 0
f 7531//4369 7532//4369 7533//4369
s 1
f 7534//4370 7535//4371 7536//4372
s 0
f 7537//4373 7538//4373 7539//4373
s 1
f 7540//4054 7541//4054 7542//4374
s 0
f 7543//4375 7544//4375 7545//4375
f 7546//661 7547//661 7548//661
f 7549//4376 7550//4376 7551//4376
s 1
f 7552//4377 7553//425 7554//425
s 0
f 7555//4378 7556//4378 7557//4378
s 1
f 7558//4379 7559//4380 7560//4380
s 0
f 7561//4381 7562//4381 7563//4381
s 1
f 7564//414 7565//4382 7566//4383
f 7564//414 7566//4383 7567//4359
f 7568//549 7569//4280 7570//415
s 0
f 7571//4384 7572//4384 7573//4384
s 1
f 7574//415 7575//554 7576//415
s 0
f 7577//4385 7578//4386 7579//4385
s 1
f 7580//4387 7581//4280 7582//4385
f 7583//4388 7584//4386 7585//4386
s 0
f 7586//661 7587//661 7588//661
s 1
f 7589//951 7590//977 7591//952
f 7590//977 7589//951 7592//1449
f 7593//4389 7594//963 7595//967
f 7594//963 7593//4389 7596//1190
f 7597//975 7598//1420 7599//971
f 7598//1420 7597//975 7600//1419
f 7601//967 7602//980 7603//982
f 7601//967 7603//982 7604//1191
f 7605//986 7606//972 7607//984
f 7606//972 7605//986 7608//970
f 7609//1020 7610//990 7611//995
f 7610//990 7609//1020 7612//991
f 7613//997 7614//1004 7615//994
f 7616//1012 7613//997 7615//994
f 7617//992 7618//1006 7619//989
f 7618//1006 7617//992 7620//4390
f 7621//2875 7622//1014 7623//1019
f 7622//1014 7621//2875 7624//4391
f 7625//904 7626//1044 7627//4392
f 7628//339 7627//4392 7626//1044
f 7629//1026 7630//1009 7631//4393
f 7630//1009 7629//1026 7632//1010
f 7633//1016 7634//1034 7635//1013
f 7634//1034 7633//1016 7636//1032
f 7637//4394 7638//1036 7639//1005
f 7638//1036 7637//4394 7640//1037
f 7641//1000 7642//1069 7643//998
f 7642//1069 7641//1000 7644//4395
f 7645//1049 7646//1062 7647//4396
f 7646//1062 7645//1049 7648//1040
f 7649//1024 7650//4397 7651//4398
f 7649//1024 7651//4398 7652//1025
f 7653//1081 7654//1056 7655//1061
f 7654//1056 7653//1081 7656//1057
f 7657//4399 7658//4400 7659//1064
f 7657//4399 7659//1064 7660//1048
f 7661//4401 7662//4402 7663//1058
f 7663//1058 7664//4403 7661//4401
f 7665//4404 7666//1085 7667//1088
f 7667//1088 7668//4405 7665//4404
f 7669//1033 7670//1072 7671//1030
f 7670//1072 7669//1033 7672//4406
f 7673//1062 7674//1077 7675//1061
f 7674//1077 7673//1062 7676//1035
f 7677//1084 7678//1057 7679//1081
f 7678//1057 7677//1084 7680//1089
f 7681//1094 7682//1083 7683//1084
f 7684//1081 7681//1094 7683//1084
f 7685//1098 7686//1081 7687//1079
f 7686//1081 7685//1098 7688//4407
f 7689//1074 7690//1107 7691//1071
f 7690//1107 7689//1074 7692//4408
f 7693//1109 7694//1117 7695//1106
f 7694//1117 7693//1109 7696//4409
f 7697//4410 7698//1116 7699//1119
f 7698//1116 7697//4410 7700//1115
f 7701//1124 7702//1143 7703//1141
f 7702//1143 7701//1124 7704//1123
f 7705//1134 7706//1141 7707//1132
f 7706//1141 7705//1134 7708//1124
f 7709//4411 7710//4412 7711//4413
f 7710//4412 7709//4411 7712//1159
f 7713//1140 7714//1147 7715//1152
f 7714//1147 7713//1140 7716//1148
f 7717//1172 7718//4414 7719//4415
f 7718//4414 7717//1172 7720//1171
f 7721//1157 7722//1164 7723//1154
f 7722//1164 7721//1157 7724//1162
f 7725//1198 7726//1192 7727//1189
f 7726//1192 7725//1198 7728//1212
f 7729//1196 7730//981 7731//1194
f 7730//981 7729//1196 7732//982
f 7733//4416 7734//1210 7735//1199
f 7734//1210 7733//4416 7736//4417
f 7737//4418 7738//4419 7739//4420
f 7738//4419 7737//4418 7740//1209
f 7741//1238 7742//1217 7743//1220
f 7742//1217 7741//1238 7744//1215
f 7745//1225 7746//985 7747//1223
f 7746//985 7745//1225 7748//1226
f 7749//1230 7750//1385 7751//1358
f 7750//1385 7749//1230 7752//1387
f 7753//1235 7754//1243 7755//1233
f 7754//1243 7753//1235 7756//1242
f 7757//1240 7758//1238 7759//1211
f 7758//1238 7757//1240 7760//1239
f 7761//1247 7762//1224 7763//4421
f 7762//1224 7761//1247 7764//1222
f 7765//1252 7766//1246 7767//1250
f 7766//1246 7765//1252 7768//1244
f 7769//1256 7770//4422 7771//1254
f 7770//4422 7769//1256 7772//1227
f 7773//1259 7774//4423 7775//4424
f 7774//4423 7773//1259 7776//1258
f 7777//323 7778//4425 7779//1272
f 7778//4425 7777//323 7780//4426
f 7781//4427 7782//1306 7783//1305
f 7782//1306 7781//4427 7784//4428
f 7785//1287 7786//4424 7787//1285
f 7786//4424 7785//1287 7788//1259
f 7789//1294 7790//1335 7791//1292
f 7790//1335 7789//1294 7792//4429
f 7793//1304 7794//1300 7795//1303
f 7794//1300 7793//1304 7796//4430
f 7797//1308 7798//4430 7799//4431
f 7798//4430 7797//1308 7800//1300
f 7801//1319 7802//1307 7803//1317
f 7802//1307 7801//1319 7804//1310
f 7805//4432 7806//1326 7807//4433
f 7806//1326 7805//4432 7808//1327
f 7809//1339 7810//4434 7811//4435
f 7810//4434 7809//1339 7812//4436
f 7813//1328 7814//1347 7815//1325
f 7814//1347 7813//1328 7816//1348
f 7817//4437 7818//4438 7819//1346
f 7818//4438 7817//4437 7820//1358
f 7821//4439 7822//1373 7823//4440
f 7822//1373 7821//4439 7824//4441
f 7825//1370 7826//1376 7827//4442
f 7826//1376 7825//1370 7828//1377
f 7829//971 7830//4443 7831//1382
f 7829//971 7832//1420 7830//4443
f 7833//1359 7834//1389 7835//1356
f 7834//1389 7833//1359 7836//1390
f 7837//1400 7838//4440 7839//1398
f 7838//4440 7837//1400 7840//4444
f 7841//1409 7842//1391 7843//1407
f 7842//1391 7841//1409 7844//1388
f 7845//1448 7846//1416 7847//1421
f 7846//1416 7845//1448 7848//1417
f 7849//1423 7850//1420 7851//1418
f 7850//1420 7849//1423 7852//1383
f 7853//1431 7854//1410 7855//1428
f 7854//1410 7853//1431 7856//4445
f 7857//1439 7858//1415 7859//4446
f 7858//1415 7857//1439 7860//1422
f 7861//958 7862//1447 7863//956
f 7862//1447 7861//958 7864//1445
f 7865//1451 7866//1448 7867//1444
f 7866//1448 7865//1451 7868//1417
f 7869//4447 7870//1475 7871//1452
f 7870//1475 7869//4447 7872//1478
f 7873//4448 7874//1401 7875//4449
f 7874//1401 7873//4448 7876//1399
f 7877//4450 7878//4451 7879//4452
f 7878//4451 7877//4450 7880//4453
f 7881//4454 7882//4455 7883//1507
f 7882//4455 7881//4454 7884//4456
f 7885//4457 7886//4458 7887//4459
f 7886//4458 7885//4457 7888//1482
f 7889//4460 7890//4461 7891//1477
f 7890//4461 7889//4460 7892//1482
f 7893//1503 7894//1446 7895//4462
f 7894//1446 7893//1503 7896//1450
f 7897//1516 7898//1509 7899//4463
f 7898//1509 7897//1516 7900//1508
f 7901//964 7902//4464 7903//965
f 7902//4464 7901//964 7904//1515
f 7905//4465 7906//1522 7907//4466
f 7906//1522 7905//4465 7908//1519
f 7909//4467 7910//1535 7911//1534
f 7910//1535 7909//4467 7912//4468
f 7913//1562 7914//1540 7915//1515
f 7914//1540 7913//1562 7916//1561
f 7917//1546 7918//1773 7919//1537
f 7918//1773 7917//1546 7920//4469
f 7921//1576 7922//1564 7923//1563
f 7922//1564 7921//1576 7924//1575
f 7925//1567 7926//4470 7927//1560
f 7926//4470 7925//1567 7928//1544
f 7929//1574 7930//4471 7931//4472
f 7932//4473 7930//4471 7929//1574
f 7933//1584 7934//1566 7935//4474
f 7934//1566 7933//1584 7936//1565
f 7937//4475 7938//1605 7939//1595
f 7937//4475 7940//1580 7938//1605
f 7941//4476 7942//1603 7943//1207
f 7942//1603 7941//4476 7944//4477
f 7945//1181 7946//4478 7947//4038
f 7946//4478 7945//1181 7948//1178
f 7949//4479 7950//1612 7951//4480
f 7950//1612 7949//4479 7952//4476
f 7953//1630 7954//1660 7955//1623
f 7953//1630 7955//1623 7956//1625
f 7957//1606 7958//4481 7959//1609
f 7958//4481 7957//1606 7960//1633
f 7961//1645 7962//1597 7963//1666
f 7962//1597 7961//1645 7964//4482
f 7965//1653 7966//1700 7967//4483
f 7966//1700 7965//1653 7968//1586
f 7969//1658 7970//4484 7971//1656
f 7970//4484 7969//1658 7972//1632
f 7973//1668 7974//1673 7975//1674
f 7974//1673 7973//1668 7976//1665
f 7977//4485 7978//1659 7979//1669
f 7978//1659 7977//4485 7980//1657
f 7981//4486 7982//4487 7983//1682
f 7982//4487 7981//4486 7984//362
f 7985//1692 7986//1680 7987//1679
f 7986//1680 7985//1692 7988//1691
f 7989//4488 7990//4489 7991//4490
f 7990//4489 7989//4488 7992//1698
f 7993//2065 7994//1705 7995//1706
f 7994//1705 7993//2065 7996//4491
f 7997//4492 7998//1687 7999//1701
f 7998//1687 7997//4492 8000//1715
f 8001//4493 8002//1723 8003//1721
f 8002//1723 8001//4493 8004//1743
f 8005//4494 8006//1717 8007//1714
f 8006//1717 8005//4494 8008//1728
f 8009//1733 8010//4495 8011//4496
f 8010//4495 8009//1733 8012//1732
f 8013//1756 8014//1740 8015//1744
f 8014//1740 8013//1756 8016//1741
f 8017//1748 8018//1727 8019//1726
f 8018//1727 8017//1748 8020//1747
f 8021//1880 8022//1753 8023//4497
f 8022//1753 8021//1880 8024//1754
f 8025//4498 8026//1734 8027//4499
f 8026//1734 8025//4498 8028//4500
f 8029//1763 8030//4501 8031//4502
f 8030//4501 8029//1763 8032//4503
f 8033//4504 8034//1778 8035//4505
f 8034//1778 8033//4504 8036//4506
f 8037//1746 8038//1784 8039//1786
f 8038//1784 8037//1746 8040//1782
f 8041//1530 8042//1798 8043//1797
f 8042//1798 8041//1530 8044//4507
f 8045//4508 8046//4509 8047//1808
f 8046//4509 8045//4508 8048//4510
f 8049//1833 8050//1813 8051//4511
f 8050//1813 8049//1833 8052//1812
f 8053//1880 8054//1817 8055//4512
f 8054//1817 8053//1880 8056//1818
f 8057//1819 8058//1824 8059//1816
f 8058//1824 8057//1819 8060//1822
f 8061//1823 8062//1835 8063//4513
f 8062//1835 8061//1823 8064//4514
f 8065//4515 8066//1831 8067//4516
f 8066//1831 8065//4515 8068//4517
f 8069//1849 8070//1875 8071//1874
f 8070//1875 8069//1849 8072//4514
f 8073//1855 8074//4518 8075//4519
f 8074//4518 8073//1855 8076//4520
f 8077//1822 8078//1868 8079//1873
f 8078//1868 8077//1822 8080//1819
f 8081//4521 8082//4522 8083//1879
f 8082//4522 8081//4521 8084//1876
f 8085//4523 8086//4524 8087//1910
f 8085//4523 8087//1910 8088//4525
f 8089//4526 8090//4527 8091//1912
f 8090//4527 8089//4526 8092//4528
f 8093//4529 8094//1866 8095//1894
f 8094//1866 8093//4529 8096//1901
f 8097//4530 8098//1897 8099//1927
f 8098//1897 8097//4530 8100//1910
f 8101//1918 8102//1756 8103//1915
f 8102//1756 8101//1918 8104//4497
f 8105//4531 8106//1895 8107//4532
f 8106//1895 8105//4531 8108//4533
f 8109//1876 8110//1917 8111//4534
f 8109//1876 8111//4534 8112//1935
f 8113//4535 8114//1917 8115//4536
f 8114//1917 8113//4535 8116//4534
f 8117//1944 8118//4537 8119//1969
f 8118//4537 8117//1944 8120//1950
f 8121//1953 8122//1745 8123//1954
f 8122//1745 8121//1953 8124//4538
f 8125//1959 8126//4539 8127//1955
f 8126//4539 8125//1959 8128//4540
f 8129//1968 8130//4541 8131//1978
f 8130//4541 8129//1968 8132//1941
f 8133//1977 8134//2000 8135//1999
f 8134//2000 8133//1977 8136//1976
f 8137//1721 8138//4542 8139//1984
f 8138//4542 8137//1721 8140//1722
f 8141//1989 8142//1952 8143//4543
f 8142//1952 8141//1989 8144//1958
f 8145//4544 8146//4545 8147//1998
f 8148//4546 8147//1998 8146//4545
f 8149//4544 8150//2005 8151//4545
f 8150//2005 8149//4544 8152//4547
f 8153//2012 8154//2033 8155//4548
f 8154//2033 8153//2012 8156//1988
f 8157//2023 8158//4549 8159//4550
f 8158//4549 8157//2023 8160//1702
f 8161//2027 8162//1722 8163//2019
f 8162//1722 8161//2027 8164//4542
f 8165//2004 8166//2037 8167//2002
f 8166//2037 8165//2004 8168//2035
f 8169//4551 8170//4552 8171//2051
f 8171//2051 8172//4553 8169//4551
f 8173//4554 8174//304 8175//303
f 8174//304 8173//4554 8176//2055
f 8177//4550 8178//2065 8179//2063
f 8177//4550 8179//2063 8180//4555
f 8181//4556 8182//1706 8183//4557
f 8183//4557 8184//360 8181//4556
f 8185//4558 8186//307 8187//2060
f 8186//307 8185//4558 8188//305
f 8189//4559 8190//2068 8191//4560
f 8190//2068 8189//4559 8192//2060
f 8193//4561 8194//361 8195//358
f 8194//361 8193//4561 8196//2073
f 8197//4562 8198//362 8199//4563
f 8198//362 8197//4562 8200//4564
f 8201//359 8202//4555 8203//2063
f 8202//4555 8201//359 8204//310
f 8205//4565 8206//2089 8207//2079
f 8206//2089 8205//4565 8208//2081
f 8209//2085 8210//3410 8211//4566
f 8210//3410 8209//2085 8212//2088
f 8213//4567 8214//4568 8215//2098
f 8215//2098 8216//4569 8213//4567
f 8217//4553 8218//4570 8219//2092
f 8220//4571 8218//4570 8217//4553
f 8221//2112 8222//2103 8223//2109
f 8222//2103 8221//2112 8224//2104
f 8225//4572 8226//2084 8227//333
f 8226//2084 8225//4572 8228//2082
f 8229//2128 8230//2110 8231//335
f 8230//2110 8229//2128 8232//2111
f 8233//2118 8234//2112 8235//4573
f 8234//2112 8233//2118 8236//2104
f 8237//3439 8238//2127 8239//2126
f 8238//2127 8237//3439 8240//1043
f 8241//4574 8242//707 8243//704
f 8242//707 8241//4574 8244//709
f 8245//1266 8246//4575 8247//1269
f 8246//4575 8245//1266 8248//4576
f 8249//2159 8250//2140 8251//2119
f 8252//2142 8250//2140 8249//2159
f 8253//4577 8254//2144 8255//4567
f 8254//2144 8253//4577 8256//2145
f 8257//4578 8258//2114 8259//2150
f 8257//4578 8260//2119 8258//2114
f 8261//2136 8262//4579 8263//4580
f 8262//4579 8261//2136 8264//4581
f 8265//4582 8266//2159 8267//4583
f 8265//4582 8267//4583 8268//4584
f 8269//4585 8270//4586 8271//4587
f 8270//4586 8269//4585 8272//742
f 8273//4588 8274//4589 8275//4588
f 8274//4589 8273//4588 8276//4590
f 8277//4591 8278//2167 8279//2166
f 8277//4591 8280//2169 8278//2167
f 8281//4592 8282//4593 8283//2170
f 8282//4593 8281//4592 8284//4594
f 8285//4595 8286//2175 8287//4596
f 8286//2175 8285//4595 8288//2173
f 8289//2179 8290//4597 8291//4598
f 8289//2179 8292//2177 8290//4597
f 8293//2183 8294//2186 8295//4599
f 8293//2183 8296//2180 8294//2186
f 8297//2184 8298//2191 8299//4600
f 8298//2191 8297//2184 8300//4601
f 8301//4602 8302//4603 8303//2192
f 8302//4603 8301//4602 8304//4604
f 8305//2194 8306//4605 8307//4606
f 8306//4605 8305//2194 8308//2193
f 8309//4605 8310//4607 8311//4606
f 8310//4607 8309//4605 8312//4608
f 8313//4609 8314//1173 8315//1169
f 8315//1169 8316//1181 8313//4609
f 8317//4610 8318//4611 8319//2196
f 8318//4611 8317//4610 8320//4612
f 8321//4613 8322//2203 8323//2207
f 8324//4614 8322//2203 8321//4613
f 8325//2211 8326//4615 8327//4616
f 8326//4615 8325//2211 8328//4617
f 8329//4618 8330//2214 8331//4619
f 8329//4618 8331//4619 8332//4620
f 8333//4621 8334//4622 8335//4585
f 8335//4585 8336//4623 8333//4621
f 8337//2530 8338//2531 8339//2519
f 8338//2531 8337//2530 8340//4624
f 8341//2225 8342//2224 8343//2228
f 8344//2222 8343//2228 8342//2224
f 8345//4625 8346//2224 8347//2225
f 8345//4625 8347//2225 8348//2230
f 8349//4626 8350//2234 8351//2238
f 8352//2226 8350//2234 8349//4626
f 8353//4627 8354//2549 8355//4628
f 8354//2549 8353//4627 8356//2547
f 8357//4629 8358//4630 8359//2238
f 8357//4629 8359//2238 8360//2237
f 8361//2235 8362//4631 8363//2248
f 8364//2232 8362//4631 8361//2235
f 8365//2230 8366//4632 8367//4625
f 8366//4632 8365//2230 8368//4633
f 8369//2239 8370//2248 8371//2246
f 8369//2239 8372//2236 8370//2248
f 8373//2242 8374//2252 8375//2249
f 8376//2241 8374//2252 8373//2242
f 8377//2237 8378//4634 8379//4629
f 8378//4634 8377//2237 8380//2253
f 8381//2247 8382//2249 8383//2255
f 8382//2249 8381//2247 8384//2242
f 8385//4635 8386//2260 8387//2257
f 8388//2250 8386//2260 8385//4635
f 8389//4636 8390//2246 8391//4637
f 8389//4636 8392//2239 8390//2246
f 8393//2256 8394//2257 8395//2279
f 8394//2257 8393//2256 8396//2251
f 8397//2259 8398//2268 8399//4638
f 8400//2258 8398//2268 8397//2259
f 8401//4639 8402//4640 8403//2269
f 8402//4640 8401//4639 8404//2247
f 8405//2264 8406//2265 8407//2271
f 8406//2265 8405//2264 8408//2259
f 8409//2267 8410//2276 8411//2273
f 8412//2266 8410//2276 8409//2267
f 8413//2270 8414//2279 8415//2277
f 8414//2279 8413//2270 8416//2256
f 8417//2272 8418//2273 8419//2280
f 8418//2273 8417//2272 8420//2267
f 8421//2275 8422//4641 8423//2293
f 8422//4641 8421//2275 8424//2274
f 8425//4642 8426//2271 8427//2287
f 8426//2271 8425//4642 8428//2264
f 8429//2282 8430//2293 8431//2291
f 8430//2293 8429//2282 8432//2281
f 8433//2285 8434//2297 8435//4643
f 8434//2297 8433//2285 8436//4644
f 8437//2289 8438//2280 8439//2298
f 8438//2280 8437//2289 8440//2272
f 8441//2304 8442//4643 8443//2300
f 8442//4643 8441//2304 8444//4645
f 8445//4646 8446//4647 8447//4648
f 8446//4647 8445//4646 8448//2529
f 8449//2299 8450//2291 8451//2303
f 8450//2291 8449//2299 8452//2282
f 8453//4649 8454//4650 8455//2221
f 8454//4650 8453//4649 8456//4625
f 8457//2305 8458//2300 8459//2306
f 8458//2300 8457//2305 8460//2292
f 8461//4651 8462//2301 8463//2309
f 8462//2301 8461//4651 8464//2307
f 8465//3400 8466//3390 8467//3387
f 8466//3390 8465//3400 8468//3412
f 8469//4652 8470//831 8471//4088
f 8470//831 8469//4652 8472//829
f 8473//4653 8474//4654 8475//4655
f 8476//4656 8475//4655 8474//4654
f 8477//4657 8478//4658 8479//4659
f 8480//2352 8481//4660 8482//2355
f 8480//2352 8482//2355 8483//4661
f 8484//4662 8485//4663 8486//4664
f 8487//2353 8485//4663 8484//4662
f 8488//4664 8489//4665 8490//4666
f 8489//4665 8488//4664 8491//4667
f 8492//2362 8493//4668 8494//4669
f 8493//4668 8492//2362 8495//2361
f 8496//4669 8497//2367 8498//4670
f 8497//2367 8496//4669 8499//4671
f 8500//2366 8501//4672 8502//2370
f 8501//4672 8500//2366 8503//4673
f 8504//2063 8505//2064 8506//4674
f 8507//359 8504//2063 8506//4674
f 8508//2371 8509//2374 8510//2369
f 8509//2374 8508//2371 8511//2372
f 8512//4675 8513//2378 8514//4676
f 8513//2378 8512//4675 8515//2376
f 8516//2382 8517//4677 8518//2380
f 8517//4677 8516//2382 8519//2377
f 8520//2386 8521//2383 8522//2384
f 8521//2383 8520//2386 8523//4678
f 8524//4156 8525//2387 8526//4157
f 8524//4156 8527//4679 8525//2387
f 8528//4680 8529//4681 8530//1182
f 8529//4681 8528//4680 8531//4039
f 8532//1176 8533//2389 8534//2391
f 8534//2391 8535//1174 8532//1176
f 8536//2390 8537//2393 8538//2395
f 8539//4682 8536//2390 8538//2395
f 8540//2394 8541//2397 8542//2399
f 8543//2392 8540//2394 8542//2399
f 8544//2396 8545//4683 8546//4684
f 8545//4683 8544//2396 8547//2398
f 8548//2406 8549//2401 8550//2404
f 8549//2401 8548//2406 8551//4685
f 8552//2407 8553//2417 8554//2405
f 8553//2417 8552//2407 8555//4686
f 8556//4687 8557//2412 8558//2416
f 8557//2412 8556//4687 8559//2413
f 8560//2414 8561//4688 8562//2411
f 8561//4688 8560//2414 8563//4689
f 8564//3410 8565//355 8566//4690
f 8565//355 8564//3410 8567//3395
f 8568//4691 8569//4692 8570//2311
f 8571//4693 8569//4692 8568//4691
f 8572//2301 8573//2311 8574//4694
f 8573//2311 8572//2301 8575//4695
f 8576//2444 8577//2219 8578//2221
f 8577//2219 8576//2444 8579//2425
f 8580//4696 8581//4697 8582//4654
f 8581//4697 8580//4696 8583//2428
f 8584//2421 8585//2432 8586//2420
f 8585//2432 8584//2421 8587//4698
f 8588//2426 8589//4698 8590//2421
f 8591//2435 8589//4698 8588//2426
f 8592//2434 8593//4699 8594//4700
f 8592//2434 8595//4701 8593//4699
f 8596//2436 8597//2438 8598//2434
f 8599//2446 8597//2438 8596//2436
f 8600//4702 8601//4703 8602//2437
f 8600//4702 8603//4704 8601//4703
f 8604//4705 8605//4704 8606//2445
f 8607//2475 8605//4704 8604//4705
f 8608//2450 8609//2469 8610//2461
f 8611//4706 8608//2450 8610//2461
f 8612//2450 8613//2456 8614//4707
f 8615//2467 8614//4707 8613//2456
f 8616//2460 8617//4708 8618//2473
f 8618//2473 8619//2458 8616//2460
f 8620//2466 8621//2484 8622//2483
f 8623//2481 8622//2483 8621//2484
f 8624//2480 8625//4709 8626//4710
f 8626//4710 8627//4711 8624//2480
f 8628//2480 8629//2482 8630//4709
f 8631//2492 8630//4709 8629//2482
f 8632//4712 8633//2512 8634//4713
f 8634//4713 8635//2488 8632//4712
f 8636//2512 8637//2498 8638//2502
f 8637//2498 8636//2512 8639//4712
f 8640//2516 8641//2511 8642//2514
f 8641//2511 8640//2516 8643//2508
f 8644//2510 8645//4714 8646//2518
f 8646//2518 8647//2506 8644//2510
f 8648//2513 8649//2515 8650//2522
f 8651//2520 8650//2522 8649//2515
f 8652//2519 8653//2521 8654//2530
f 8655//2528 8654//2530 8653//2521
f 8656//2513 8657//2522 8658//2534
f 8658//2534 8659//4715 8656//2513
f 8660//2539 8661//2530 8662//2537
f 8661//2530 8660//2539 8663//4716
f 8664//368 8665//367 8666//4646
f 8667//4717 8668//2444 8669//4625
f 8667//4717 8669//4625 8670//4632
f 8671//2528 8672//2536 8673//4718
f 8672//2536 8671//2528 8674//2521
f 8675//403 8676//4628 8677//401
f 8676//4628 8675//403 8678//4627
f 8679//2320 8680//4648 8681//2318
f 8680//4648 8679//2320 8682//369
f 8683//4719 8684//4720 8685//4721
f 8684//4720 8683//4719 8686//4720
f 8687//2553 8688//4722 8689//2551
f 8690//4722 8688//4722 8687//2553
f 8691//4723 8692//4724 8693//2564
f 8694//2559 8692//4724 8691//4723
f 8695//4725 8696//4726 8697//4727
f 8698//4728 8696//4726 8695//4725
f 8699//4729 8700//4730 8701//4731
f 8702//4732 8700//4730 8699//4729
f 8703//2573 8704//4733 8705//4734
f 8704//4733 8703//2573 8706//2572
f 8707//2577 8708//2582 8709//2579
f 8708//2582 8707//2577 8710//2576
f 8711//2586 8712//2581 8713//2580
f 8714//4735 8712//2581 8711//2586
f 8715//4736 8716//2584 8717//4737
f 8718//4738 8715//4736 8717//4737
f 8719//4739 8720//2587 8721//2593
f 8722//2592 8719//4739 8721//2593
f 8723//2591 8724//4740 8725//4741
f 8724//4740 8723//2591 8726//4742
f 8727//4743 8728//2598 8729//4744
f 8728//2598 8727//4743 8730//4745
f 8731//4744 8732//2600 8733//2602
f 8733//2602 8734//4746 8731//4744
f 8735//2601 8736//2604 8737//2606
f 8737//2606 8738//4747 8735//2601
f 8739//2605 8740//2608 8741//2610
f 8742//2603 8739//2605 8741//2610
f 8743//2609 8744//4748 8745//2607
f 8746//4749 8744//4748 8743//2609
f 8747//4750 8748//2617 8749//4751
f 8750//2615 8748//2617 8747//4750
f 8751//2618 8752//4752 8753//4753
f 8752//4752 8751//2618 8754//4754
f 8755//4755 8756//4756 8757//2624
f 8755//4755 8757//2624 8758//2623
f 8759//4755 8760//2628 8761//4756
f 8760//2628 8759//4755 8762//4757
f 8763//2558 8764//4758 8765//4759
f 8763//2558 8765//4759 8766//4760
f 8767//2636 8768//3138 8769//4761
f 8768//3138 8767//2636 8770//2639
f 8771//4762 8772//4763 8773//4764
f 8772//4763 8771//4762 8774//2698
f 8775//4765 8776//2634 8777//4766
f 8776//2634 8775//4765 8778//2659
f 8779//2666 8780//2676 8781//4767
f 8780//2676 8779//2666 8782//4768
f 8783//2672 8784//3182 8785//2670
f 8784//3182 8783//2672 8786//2675
f 8787//2682 8788//2664 8789//4769
f 8788//2664 8787//2682 8790//4770
f 8791//2691 8792//2643 8793//4771
f 8792//2643 8791//2691 8794//2648
f 8795//2696 8796//2681 8797//2694
f 8796//2681 8795//2696 8798//2686
f 8799//2704 8800//2673 8801//2702
f 8800//2673 8799//2704 8802//2671
f 8803//2710 8804//2680 8805//2708
f 8804//2680 8803//2710 8806//2714
f 8807//4772 8808//2695 8809//2756
f 8808//2695 8807//4772 8810//2693
f 8811//4773 8812//2712 8813//2723
f 8812//2712 8811//4773 8814//4774
f 8815//2733 8816//2705 8817//2731
f 8816//2705 8815//2733 8818//2703
f 8819//2741 8820//2778 8821//2739
f 8820//2778 8819//2741 8822//2743
f 8823//4775 8824//2740 8825//2745
f 8824//2740 8823//4775 8826//2738
f 8827//4776 8828//4777 8829//2751
f 8828//4777 8827//4776 8830//2728
f 8831//2759 8832//4778 8833//4779
f 8832//4778 8831//2759 8834//4780
f 8835//2767 8836//4777 8837//4781
f 8836//4777 8835//2767 8838//2771
f 8839//2776 8840//2806 8841//2774
f 8840//2806 8839//2776 8842//2777
f 8843//2781 8844//4782 8845//4783
f 8844//4782 8843//2781 8846//2766
f 8847//2790 8848//2775 8849//2813
f 8848//2775 8847//2790 8850//2773
f 8851//2794 8852//4784 8853//4779
f 8854//4778 8851//2794 8853//4779
f 8855//2803 8856//2875 8857//2801
f 8856//2875 8855//2803 8858//2805
f 8859//4785 8860//2802 8861//2861
f 8860//2802 8859//4785 8862//2814
f 8863//4786 8864//2809 8865//2836
f 8864//2809 8863//4786 8866//4787
f 8867//2827 8868//4788 8869//2825
f 8868//4788 8867//2827 8870//2780
f 8871//2835 8872//2856 8873//2833
f 8872//2856 8871//2835 8874//2859
f 8875//2839 8876//4789 8877//2832
f 8876//4789 8875//2839 8878//2829
f 8879//2845 8880//4790 8881//2846
f 8880//4790 8879//2845 8882//2838
f 8883//2853 8884//2850 8885//2833
f 8885//2833 8886//2856 8883//2853
f 8887//2857 8888//2869 8889//2855
f 8888//2869 8887//2857 8890//2860
f 8891//2878 8892//4791 8893//2876
f 8892//4791 8891//2878 8894//2888
f 8895//2872 8896//1020 8897//2881
f 8896//1020 8895//2872 8898//1019
f 8899//2879 8900//1003 8901//4792
f 8900//1003 8899//2879 8902//995
f 8903//2888 8904//2884 8905//2883
f 8903//2888 8906//2878 8904//2884
f 8907//1002 8908//2891 8909//2877
f 8909//2877 8910//1003 8907//1002
f 8911//4793 8912//2153 8913//2136
f 8912//2153 8911//4793 8914//4794
f 8915//2852 8916//2851 8917//2887
f 8915//2852 8917//2887 8918//2895
f 8919//2847 8920//2905 8921//4795
f 8920//2905 8919//2847 8922//4796
f 8923//1070 8924//1068 8925//2906
f 8925//2906 8926//2889 8923//1070
f 8927//4797 8928//2885 8929//2882
f 8928//2885 8927//4797 8930//932
f 8931//2912 8932//2897 8933//2910
f 8932//2897 8931//2912 8934//2899
f 8935//2896 8936//4798 8937//2897
f 8936//4798 8935//2896 8938//4799
f 8939//2922 8940//2911 8941//2918
f 8940//2911 8939//2922 8942//2909
f 8943//2910 8944//4798 8945//941
f 8944//4798 8943//2910 8946//2897
f 8947//2928 8948//2919 8949//2926
f 8948//2919 8947//2928 8950//2917
f 8951//4800 8952//938 8953//2918
f 8954//945 8953//2918 8952//938
f 8955//693 8956//4801 8957//708
f 8956//4801 8955//693 8958//2925
f 8959//2933 8960//2945 8961//2926
f 8962//2919 8959//2933 8961//2926
f 8963//708 8964//2946 8965//1021
f 8964//2946 8963//708 8966//2927
f 8967//2940 8968//4574 8969//4802
f 8968//4574 8967//2940 8970//2941
f 8971//4802 8972//704 8973//2954
f 8972//704 8971//4802 8974//2936
f 8975//2963 8976//2950 8977//2952
f 8976//2950 8975//2963 8978//2949
f 8979//2956 8980//2963 8981//2952
f 8980//2963 8979//2956 8982//914
f 8983//2970 8984//4803 8985//2961
f 8984//4803 8983//2970 8986//2959
f 8987//2961 8988//4804 8989//915
f 8989//915 8990//2970 8987//2961
f 8991//2976 8992//2967 8993//2969
f 8992//2967 8991//2976 8994//2965
f 8995//2980 8996//4805 8997//3423
f 8996//4805 8995//2980 8998//2972
f 8999//2984 9000//2988 9001//3398
f 9000//2988 8999//2984 9002//4806
f 9003//3387 9004//3403 9005//3414
f 9006//3009 9004//3403 9003//3387
f 9007//2992 9008//3006 9009//2995
f 9008//3006 9007//2992 9010//2999
f 9011//3389 9012//3009 9013//3387
f 9014//3005 9012//3009 9011//3389
f 9015//3006 9016//3014 9017//2995
f 9016//3014 9015//3006 9018//3012
f 9019//3004 9020//3018 9021//3021
f 9020//3018 9019//3004 9022//3375
f 9023//3013 9024//3027 9025//3010
f 9024//3027 9023//3013 9026//3025
f 9027//3020 9028//4807 9029//3036
f 9028//4807 9027//3020 9030//4808
f 9031//4809 9032//3039 9033//3023
f 9032//3039 9031//4809 9034//3040
f 9035//3033 9036//4810 9037//3035
f 9036//4810 9035//3033 9038//3046
f 9039//4811 9040//3052 9041//3038
f 9040//3052 9039//4811 9042//3053
f 9043//4812 9044//4813 9045//3049
f 9044//4813 9043//4812 9046//4814
f 9047//4815 9048//3066 9049//3051
f 9048//3066 9047//4815 9050//3067
f 9051//4816 9052//4817 9053//3058
f 9052//4817 9051//4816 9054//3320
f 9055//3068 9056//3080 9057//3065
f 9056//3080 9055//3068 9058//3092
f 9059//4818 9060//3088 9061//3071
f 9060//3088 9059//4818 9062//4819
f 9063//4820 9064//3095 9065//4821
f 9064//3095 9063//4820 9066//3096
f 9067//4822 9068//4823 9069//4824
f 9068//4823 9067//4822 9070//3102
f 9071//3097 9072//3110 9073//3094
f 9072//3110 9071//3097 9074//3108
f 9075//3103 9076//3117 9077//3100
f 9076//3117 9075//3103 9078//4825
f 9079//3109 9080//3124 9081//3106
f 9080//3124 9079//3109 9082//3125
f 9083//3132 9084//4826 9085//3130
f 9084//4826 9083//3132 9086//3136
f 9087//3156 9088//3140 9089//3144
f 9088//3140 9087//3156 9090//3141
f 9091//3150 9092//3160 9093//3148
f 9092//3160 9091//3150 9094//3153
f 9095//3157 9096//3142 9097//3141
f 9096//3142 9095//3157 9098//3159
f 9099//3164 9100//3151 9101//3188
f 9100//3151 9099//3164 9102//3131
f 9103//3193 9104//4827 9105//3177
f 9106//4828 9103//3193 9105//3177
f 9107//2676 9108//3179 9109//2675
f 9108//3179 9107//2676 9110//4829
f 9111//4830 9112//3149 9113//3184
f 9112//3149 9111//4830 9114//3147
f 9115//3189 9116//3218 9117//3213
f 9116//3218 9115//3189 9118//4831
f 9119//3171 9120//3199 9121//3178
f 9120//3199 9119//3171 9122//3191
f 9123//3207 9124//3156 9125//3205
f 9124//3156 9123//3207 9126//3158
f 9127//3217 9128//3241 9129//3212
f 9128//3241 9127//3217 9130//4832
f 9131//4833 9132//3219 9133//3195
f 9132//3219 9131//4833 9134//4834
f 9135//3228 9136//3233 9137//3225
f 9136//3233 9135//3228 9138//3144
f 9139//4835 9140//4836 9141//4837
f 9140//4836 9139//4835 9142//3231
f 9143//4838 9144//3206 9145//3235
f 9144//3206 9143//4838 9146//3204
f 9147//3244 9148//3220 9149//4839
f 9148//3220 9147//3244 9150//3243
f 9151//3256 9152//3226 9153//3265
f 9152//3226 9151//3256 9154//3224
f 9155//3231 9156//3259 9157//3265
f 9158//3226 9155//3231 9157//3265
f 9159//3286 9160//3269 9161//4840
f 9160//3269 9159//3286 9162//3270
f 9163//3275 9164//4841 9165//4842
f 9164//4841 9163//3275 9166//3258
f 9167//3300 9168//3282 9169//4843
f 9168//3282 9167//3300 9170//3283
f 9171//3289 9172//4844 9173//3288
f 9172//4844 9171//3289 9174//4845
f 9175//4846 9176//3298 9177//3279
f 9176//3298 9175//4846 9178//4847
f 9179//4848 9180//3090 9181//3303
f 9180//3090 9179//4848 9182//3292
f 9183//4849 9184//4850 9185//3290
f 9184//4850 9183//4849 9186//3312
f 9187//4851 9188//4852 9189//3320
f 9188//4852 9187//4851 9190//3302
f 9191//3306 9192//3329 9193//4853
f 9192//3329 9191//3306 9194//3330
f 9195//3342 9196//3061 9197//4814
f 9196//3061 9195//3342 9198//3324
f 9199//4854 9200//4855 9201//3343
f 9200//4855 9199//4854 9202//3345
f 9203//3350 9204//4856 9205//4857
f 9204//4856 9203//3350 9206//3339
f 9207//3356 9208//4858 9209//3338
f 9208//4858 9207//3356 9210//3355
f 9211//3360 9212//4859 9213//3353
f 9212//4859 9211//3360 9214//3356
f 9215//4860 9216//4861 9217//4862
f 9216//4861 9215//4860 9218//3349
f 9219//3371 9220//3351 9221//3367
f 9220//3351 9219//3371 9222//3358
f 9223//3378 9224//3020 9225//3375
f 9224//3020 9223//3378 9226//3363
f 9227//3385 9228//3366 9229//3380
f 9228//3366 9227//3385 9230//4863
f 9231//3388 9232//3004 9233//3389
f 9232//3004 9231//3388 9234//3374
f 9235//4864 9236//3382 9237//4865
f 9236//3382 9235//4864 9238//3381
f 9239//3007 9240//3398 9241//4866
f 9242//2996 9240//3398 9239//3007
f 9243//3404 9244//4867 9245//2977
f 9246//2979 9243//3404 9245//2977
f 9247//3412 9248//4868 9249//3390
f 9248//4868 9247//3412 9250//354
f 9251//3409 9252//3411 9253//4690
f 9254//354 9251//3409 9253//4690
f 9255//3399 9256//4806 9257//2979
f 9255//3399 9257//2979 9258//4869
f 9259//2980 9260//3428 9261//4870
f 9260//3428 9259//2980 9262//3416
f 9263//3420 9264//4871 9265//3422
f 9264//4871 9263//3420 9266//4872
f 9267//2969 9268//917 9269//4873
f 9269//4873 9270//3425 9267//2969
f 9271//3417 9272//2070 9273//3415
f 9272//2070 9271//3417 9274//4874
f 9275//2072 9276//3402 9277//3415
f 9275//2072 9277//3415 9278//2070
f 9279//4871 9280//3432 9281//4875
f 9280//3432 9279//4871 9282//3431
f 9283//3427 9284//334 9285//2071
f 9284//334 9283//3427 9286//3435
f 9287//921 9288//4871 9289//3424
f 9288//4871 9287//921 9290//4113
f 9291//337 9292//3440 9293//4876
f 9292//3440 9291//337 9294//339
f 9295//4113 9296//3431 9297//4871
f 9296//3431 9295//4113 9298//4877
f 9299//4878 9300//3573 9301//373
f 9302//3574 9303//3443 9304//373
f 9305//373 9306//3445 9307//3452
f 9308//373 9309//4879 9310//4878
f 9311//373 9312//3449 9313//4880
f 9314//373 9315//4881 9316//3448
f 9317//4882 9318//3456 9319//4883
f 9320//373 9321//3455 9322//3512
f 9323//3566 9324//3459 9325//373
f 9326//4884 9327//3465 9328//4885
f 9327//3465 9326//4884 9329//4886
f 9330//3472 9331//3467 9332//4887
f 9330//3472 9333//4888 9331//3467
f 9334//3475 9335//3473 9336//4889
f 9335//3473 9334//3475 9337//3471
f 9338//4890 9339//4891 9340//4892
f 9339//4891 9338//4890 9341//4893
f 9342//4894 9343//3484 9344//3479
f 9343//3484 9342//4894 9345//3482
f 9346//3485 9347//3487 9348//3483
f 9347//3487 9346//3485 9349//4895
f 9350//3456 9351//4896 9352//4897
f 9353//373 9354//4898 9355//3511
f 9356//3489 9357//3493 9358//3486
f 9357//3493 9356//3489 9359//3494
f 9360//3498 9361//3552 9362//3496
f 9361//3552 9360//3498 9363//4899
f 9364//4900 9365//4901 9366//4902
f 9365//4901 9364//4900 9367//4903
f 9368//3506 9369//4904 9370//3515
f 9369//4904 9368//3506 9371//3505
f 9372//4905 9373//3456 9374//3462
f 9375//373 9376//3510 9377//3570
f 9378//3495 9379//4906 9380//3492
f 9379//4906 9378//3495 9381//3517
f 9382//3521 9383//4100 9384//3519
f 9383//4100 9382//3521 9385//4098
f 9386//3523 9387//4907 9388//4908
f 9387//4907 9386//3523 9389//4909
f 9390//4910 9391//4911 9392//4912
f 9391//4911 9390//4910 9393//3527
f 9394//4913 9395//3537 9396//4914
f 9395//3537 9394//4913 9397//4915
f 9398//4916 9399//3541 9400//4917
f 9399//3541 9398//4916 9401//3535
f 9402//3546 9403//4918 9404//3548
f 9405//3539 9404//3548 9403//4918
f 9406//2939 9407//694 9408//2941
f 9407//694 9406//2939 9409//692
f 9410//374 9411//373 9412//391
f 9413//3549 9414//3551 9415//3554
f 9416//4919 9413//3549 9415//3554
f 9417//3555 9418//3553 9419//4920
f 9420//4921 9417//3555 9419//4920
f 9421//4921 9422//4920 9423//3557
f 9424//4922 9421//4921 9423//3557
f 9425//3558 9426//4923 9427//3563
f 9427//3563 9428//3556 9425//3558
f 9429//3562 9430//3564 9431//3565
f 9432//4924 9429//3562 9431//3565
f 9433//4925 9434//373 9435//3569
f 9436//372 9437//4926 9438//4927
f 9439//387 9440//3571 9441//4928
f 9442//373 9443//376 9444//389
f 9445//4929 9446//3575 9447//387
f 9448//4930 9449//4931 9450//4932
f 9449//4931 9448//4930 9451//4931
f 9452//4933 9453//4934 9454//4935
f 9452//4933 9454//4935 9455//4936
f 9456//4937 9457//4938 9458//4939
f 9457//4938 9456//4937 9459//4940
f 9460//4941 9461//4942 9462//4943
f 9463//4944 9462//4943 9461//4942
f 9464//4935 9465//4945 9466//4946
f 9467//4935 9464//4935 9466//4946
f 9468//4947 9469//4948 9470//4949
f 9469//4948 9468//4947 9471//4950
f 9472//4951 9473//4952 9474//4953
f 9475//4954 9473//4952 9472//4951
f 9476//4955 9477//4956 9478//4957
f 9479//4958 9477//4956 9476//4955
f 9480//4959 9481//4960 9482//4961
f 9483//4955 9482//4961 9481//4960
f 9484//4962 9485//4963 9486//4964
f 9485//4963 9484//4962 9487//4965
f 9488//4966 9489//4967 9490//4968
f 9489//4967 9488//4966 9491//4969
f 9492//4970 9493//4971 9494//4972
f 9493//4971 9492//4970 9495//4973
f 9496//4974 9497//4975 9498//4976
f 9499//4977 9497//4975 9496//4974
f 9500//4978 9501//4979 9502//4980
f 9501//4979 9500//4978 9503//4981
f 9504//4980 9505//4982 9506//4983
f 9505//4982 9504//4980 9507//4984
f 9508//4985 9509//4986 9510//4987
f 9509//4986 9508//4985 9511//4988
f 9512//4989 9513//4990 9514//4991
f 9513//4990 9512//4989 9515//4992
f 9516//4993 9517//4994 9518//4994
f 9517//4994 9516//4993 9519//4995
f 9520//4996 9521//4997 9522//4998
f 9521//4997 9520//4996 9523//4999
f 9524//5000 9525//5001 9526//5002
f 9525//5001 9524//5000 9527//5003
f 9528//5004 9529//5005 9530//5006
f 9529//5005 9528//5004 9531//5007
f 9532//5008 9533//5006 9534//5009
f 9533//5006 9532//5008 9535//5010
f 9536//5004 9537//5011 9538//5012
f 9537//5011 9536//5004 9539//5013
f 9540//5004 9541//5014 9542//5007
f 9541//5014 9540//5004 9543//5012
f 9544//5015 9545//5016 9546//5017
f 9544//5015 9547//5018 9545//5016
f 9548//5015 9549//5019 9550//5018
f 9549//5019 9548//5015 9551//5020
f 9552//5021 9553//5018 9554//5022
f 9555//5023 9552//5021 9554//5022
f 9556//5024 9557//5016 9558//5018
f 9558//5018 9559//5025 9556//5024
f 9560//5026 9561//5027 9562//5028
f 9562//5028 9563//5029 9560//5026
f 9564//5030 9565//5028 9566//5031
f 9566//5031 9567//5007 9564//5030
f 9568//5007 9569//5022 9570//5029
f 9569//5022 9568//5007 9571//5014
f 9572//5026 9573//5022 9574//5032
f 9573//5022 9572//5026 9575//5030
f 9576//5033 9577//5034 9578//5035
f 9577//5034 9576//5033 9579//5036
f 9580//5037 9581//5024 9582//5021
f 9581//5024 9580//5037 9583//5038
f 9584//5014 9585//5035 9586//5021
f 9585//5035 9584//5014 9587//5012
f 9588//5011 9589//5033 9590//5035
f 9588//5011 9590//5035 9591//5012
f 9592//5039 9593//5040 9594//5041
f 9595//5042 9592//5039 9594//5041
f 9596//5006 9597//5042 9598//5009
f 9599//5041 9598//5009 9597//5042
f 9600//5028 9601//5042 9602//5006
f 9603//5005 9600//5028 9602//5006
f 9604//5027 9605//5043 9606//5042
f 9607//5028 9604//5027 9606//5042
f 9608//5044 9609//5045 9610//5046
f 9609//5045 9608//5044 9611//5047
f 9612//5048 9613//5016 9614//5047
f 9612//5048 9614//5047 9615//5044
f 9616//5034 9617//5049 9618//5024
f 9617//5049 9616//5034 9619//5047
f 9620//5036 9621//5047 9622//5050
f 9621//5047 9620//5036 9623//5051
f 9624//5052 9625//5053 9626//5054
f 9625//5053 9624//5052 9627//5055
f 9628//5040 9629//5039 9630//5056
f 9628//5040 9630//5056 9631//5053
f 9632//5054 9633//5027 9634//5057
f 9633//5027 9632//5054 9635//5039
f 9636//5054 9637//5058 9638//5052
f 9636//5054 9639//5057 9637//5058
f 9640//5059 9641//5060 9642//5061
f 9643//5062 9641//5060 9640//5059
f 9644//5061 9645//5060 9646//5058
f 9647//5057 9644//5061 9646//5058
f 9648//5026 9649//5061 9650//5057
f 9651//5027 9648//5026 9650//5057
f 9652//5026 9653//5063 9654//5061
f 9653//5063 9652//5026 9655//5064
f 9656//5065 9657//5066 9658//5067
f 9657//5066 9656//5065 9659//5068
f 9660//5015 9661//5066 9662//5020
f 9661//5066 9660//5015 9663//5067
f 9664//5069 9665//5015 9666//5048
f 9665//5015 9664//5069 9667//5067
f 9668//5070 9669//5071 9670//5069
f 9671//5072 9669//5071 9668//5070
f 9672//5073 9673//5074 9674//5068
f 9673//5074 9672//5073 9675//5075
f 9676//5076 9677//5077 9678//5078
f 9677//5077 9676//5076 9679//5073
f 9680//5059 9681//5078 9682//5062
f 9681//5078 9680//5059 9683//5076
f 9684//5066 9685//5063 9686//5079
f 9685//5063 9684//5066 9687//5076
f 9688//5080 9689//5081 9690//5082
f 9691//5083 9689//5081 9688//5080
f 9692//5082 9693//5084 9694//5085
f 9693//5084 9692//5082 9695//5081
f 9696//5086 9697//5082 9698//5052
f 9697//5082 9696//5086 9699//5087
f 9700//5062 9701//5082 9702//5060
f 9703//5080 9701//5082 9700//5062
f 9704//5088 9705//5089 9706//5090
f 9706//5090 9707//5091 9704//5088
f 9708//5092 9709//5090 9710//5070
f 9710//5070 9711//5093 9708//5092
f 9712//5091 9713//5017 9714//5094
f 9713//5017 9712//5091 9715//5093
f 9716//5046 9717//5088 9718//5091
f 9718//5091 9719//5044 9716//5046
f 9720//5095 9721//5096 9722//5097
f 9723//5098 9720//5095 9722//5097
f 9724//5098 9725//5083 9726//5080
f 9727//5097 9725//5083 9724//5098
f 9728//5099 9729//5098 9730//5100
f 9729//5098 9728//5099 9731//5078
f 9732//5077 9733//5098 9734//5101
f 9735//5095 9733//5098 9732//5077
f 9736//5102 9737//5103 9738//5104
f 9737//5103 9736//5102 9739//5105
f 9740//5104 9741//5068 9742//5106
f 9741//5068 9740//5104 9743//5107
f 9744//5090 9745//5065 9746//5070
f 9747//5104 9745//5065 9744//5090
f 9748//5108 9749//5102 9750//5109
f 9748//5108 9750//5109 9751//5090
f 9752//5110 9753//5111 9754//5107
f 9753//5111 9752//5110 9755//5112
f 9756//5112 9757//5113 9758//5111
f 9757//5113 9756//5112 9759//5114
f 9760//5111 9761//5077 9762//5115
f 9761//5077 9760//5111 9763//5095
f 9764//5116 9765//5068 9766//5107
f 9765//5068 9764//5116 9767//5073
f 9768//5117 9769//5118 9770//5119
f 9769//5118 9768//5117 9771//5120
f 9772//5121 9773//5122 9774//5123
f 9775//5124 9774//5123 9773//5122
f 9776//5125 9777//5126 9778//5127
f 9777//5126 9776//5125 9779//5128
f 9780//5126 9781//5129 9782//5127
f 9781//5129 9780//5126 9783//5130
f 9784//5131 9785//5132 9786//5133
f 9785//5132 9784//5131 9787//5134
f 9788//5135 9789//5128 9790//5125
f 9789//5128 9788//5135 9791//5136
f 9792//5137 9793//5138 9794//5139
f 9793//5138 9792//5137 9795//5140
f 9796//5131 9797//5141 9798//5142
f 9798//5142 9799//5134 9796//5131
f 9800//5143 9801//5144 9802//5145
f 9803//5146 9801//5144 9800//5143
f 9804//5144 9805//5147 9806//5145
f 9804//5144 9807//5138 9805//5147
f 9808//5148 9809//5149 9810//5150
f 9811//5151 9808//5148 9810//5150
f 9812//5152 9813//5151 9814//5150
f 9813//5151 9812//5152 9815//5143
f 9816//5153 9817//5154 9818//5155
f 9817//5154 9816//5153 9819//5156
f 9820//5149 9821//5154 9822//5157
f 9821//5154 9820//5149 9823//5148
f 9824//5158 9825//5159 9826//5160
f 9825//5159 9824//5158 9827//5161
f 9828//5160 9829//5155 9830//5158
f 9828//5160 9831//5162 9829//5155
f 9832//5163 9833//5164 9834//5165
f 9835//5166 9833//5164 9832//5163
f 9836//5167 9837//5161 9838//5168
f 9836//5167 9839//5169 9837//5161
f 9840//5170 9841//5171 9842//5172
f 9843//5173 9842//5172 9841//5171
f 9844//5174 9845//5175 9846//5172
f 9845//5175 9844//5174 9847//5176
f 9848//5177 9849//5178 9850//5179
f 9849//5178 9848//5177 9851//5180
f 9852//5171 9853//5181 9854//5173
f 9853//5181 9852//5171 9855//5177
f 9856//5182 9857//5183 9858//5184
f 9857//5183 9856//5182 9859//5180
f 9860//5185 9861//5186 9862//5187
f 9863//5188 9860//5185 9862//5187
f 9864//5188 9865//5187 9866//5189
f 9867//5140 9864//5188 9866//5189
f 9868//5190 9869//5188 9870//5140
f 9870//5140 9871//5191 9868//5190
f 9872//5192 9873//5185 9874//5188
f 9874//5188 9875//5190 9872//5192
f 9876//5193 9877//5194 9878//5195
f 9879//5196 9876//5193 9878//5195
f 9880//5196 9881//5195 9882//5186
f 9883//5185 9880//5196 9882//5186
f 9884//5197 9885//5196 9886//5185
f 9886//5185 9887//5192 9884//5197
f 9888//5198 9889//5193 9890//5196
f 9890//5196 9891//5197 9888//5198
f 9892//5199 9893//5200 9894//5201
f 9895//5202 9892//5199 9894//5201
f 9896//5203 9897//5201 9898//5204
f 9898//5204 9899//5205 9896//5203
f 9900//5193 9901//5203 9902//5205
f 9903//5206 9900//5193 9902//5205
f 9904//5207 9905//5121 9906//5203
f 9907//5199 9906//5203 9905//5121
f 9908//5208 9909//5209 9910//5176
f 9911//5210 9910//5176 9909//5209
f 9912//5208 9913//5211 9914//5212
f 9915//5161 9912//5208 9914//5212
f 9916//5201 9917//5208 9918//5213
f 9918//5213 9919//5204 9916//5201
f 9920//5200 9921//5209 9922//5208
f 9923//5201 9920//5200 9922//5208
f 9924//5214 9925//5215 9926//5216
f 9925//5215 9924//5214 9927//5217
f 9928//5216 9929//5218 9930//5171
f 9929//5218 9928//5216 9931//5215
f 9932//5219 9933//5220 9934//5221
f 9935//5222 9934//5221 9933//5220
f 9936//5223 9937//5214 9938//5224
f 9937//5214 9936//5223 9939//5200
f 9940//5190 9941//5221 9942//5192
f 9941//5221 9940//5190 9943//5219
f 9944//5225 9945//5226 9946//5219
f 9947//5220 9946//5219 9945//5226
f 9948//5227 9949//5228 9950//5229
f 9951//5230 9950//5229 9949//5228
f 9952//5220 9953//5227 9954//5222
f 9955//5231 9954//5222 9953//5227
f 9956//5226 9957//5232 9958//5233
f 9959//5227 9958//5233 9957//5232
f 9960//5234 9961//5235 9962//5227
f 9963//5228 9962//5227 9961//5235
f 9964//5119 9965//5236 9966//5237
f 9964//5119 9966//5237 9967//5238
f 9968//5239 9969//5240 9970//5241
f 9971//5242 9970//5241 9969//5240
f 9972//5215 9973//5239 9974//5218
f 9975//5241 9974//5218 9973//5239
f 9976//5217 9977//5243 9978//5215
f 9979//5239 9978//5215 9977//5243
f 9980//5244 9981//5245 9982//5239
f 9983//5246 9982//5239 9981//5245
f 9984//5247 9985//5127 9986//5248
f 9985//5127 9984//5247 9987//5249
f 9988//5250 9989//5251 9990//5252
f 9991//5253 9990//5252 9989//5251
f 9992//5254 9993//5255 9994//5256
f 9992//5254 9995//5257 9993//5255
f 9996//5250 9997//5258 9998//5259
f 9997//5258 9996//5250 9999//5245
f 10000//5260 10001//5261 10002//5262
f 10001//5261 10000//5260 10003//5263
f 10004//5264 10005//5265 10006//5261
f 10005//5265 10004//5264 10007//5266
f 10008//5267 10009//5268 10010//5142
f 10009//5268 10008//5267 10011//5269
f 10012//5269 10013//5262 10014//5134
f 10013//5262 10012//5269 10015//5270
f 10016//5271 10017//5272 10018//5144
f 10017//5272 10016//5271 10019//5273
f 10020//5273 10021//5142 10022//5138
f 10021//5142 10020//5273 10023//5267
f 10024//5274 10025//5275 10026//5276
f 10024//5274 10027//5277 10025//5275
f 10028//5276 10029//5146 10030//5278
f 10028//5276 10030//5278 10031//5279
f 10032//5279 10033//5149 10034//5280
f 10032//5279 10035//5150 10033//5149
f 10036//5280 10037//5149 10038//5281
f 10036//5280 10038//5281 10039//5282
f 10040//5153 10041//5283 10042//5284
f 10041//5283 10040//5153 10043//5285
f 10044//5286 10045//5156 10046//5153
f 10044//5286 10046//5153 10047//5287
f 10048//5288 10049//5289 10050//5290
f 10049//5289 10048//5288 10051//5291
f 10052//5292 10053//5293 10054//5283
f 10053//5293 10052//5292 10055//5169
f 10056//5174 10057//5294 10058//5295
f 10057//5294 10056//5174 10059//5172
f 10060//5164 10061//5296 10062//5289
f 10061//5296 10060//5164 10063//5174
f 10064//5173 10065//5297 10066//5172
f 10064//5173 10067//5298 10065//5297
f 10068//5299 10069//5300 10070//5298
f 10068//5299 10070//5298 10071//5173
f 10072//5301 10073//5302 10074//5300
f 10072//5301 10074//5300 10075//5299
f 10076//5256 10077//5302 10078//5301
f 10076//5256 10079//5303 10077//5302
f 10080//5253 10081//5304 10082//5305
f 10082//5305 10083//5254 10080//5253
f 10084//5306 10085//5307 10086//5308
f 10085//5307 10084//5306 10087//5252
f 10088//5309 10089//5216 10090//5310
f 10091//5311 10090//5310 10089//5216
f 10092//5312 10093//5313 10094//5122
f 10095//5314 10094//5122 10093//5313
f 10096//5191 10097//5219 10098//5315
f 10097//5219 10096//5191 10099//5225
f 10100//5197 10101//5316 10102//5121
f 10103//5122 10102//5121 10101//5316
f 10104//5221 10105//5222 10106//5312
f 10107//5313 10106//5312 10105//5222
f 10108//5124 10109//5217 10110//5214
f 10109//5217 10108//5124 10111//5317
f 10112//5192 10113//5316 10114//5197
f 10113//5316 10112//5192 10115//5221
f 10116//5123 10117//5124 10118//5318
f 10119//5319 10118//5318 10117//5124
f 10120//5122 10121//5314 10122//5124
f 10123//5317 10122//5124 10121//5314
f 10124//5320 10125//5321 10126//5322
f 10125//5321 10124//5320 10127//5323
f 10128//5244 10129//5322 10130//5324
f 10129//5322 10128//5244 10131//5325
f 10132//5217 10133//5320 10134//5244
f 10133//5320 10132//5217 10135//5317
f 10136//5317 10137//5323 10138//5325
f 10137//5323 10136//5317 10139//5314
f 10140//5326 10141//5230 10142//5327
f 10141//5230 10140//5326 10143//5231
f 10144//5323 10145//5327 10146//5328
f 10145//5327 10144//5323 10147//5329
f 10148//5314 10149//5329 10150//5323
f 10149//5329 10148//5314 10151//5313
f 10152//5313 10153//5231 10154//5330
f 10153//5231 10152//5313 10155//5222
f 10156//5331 10157//5332 10158//5328
f 10159//5333 10158//5328 10157//5332
f 10160//5236 10161//5119 10162//5331
f 10163//5334 10162//5331 10161//5119
f 10164//5118 10165//5335 10166//5336
f 10165//5335 10164//5118 10167//5120
f 10168//5337 10169//5338 10170//5339
f 10169//5338 10168//5337 10171//5251
f 10172//5340 10173//5341 10174//5245
f 10175//5338 10174//5245 10173//5341
f 10176//5328 10177//5333 10178//5342
f 10179//5341 10178//5342 10177//5333
f 10180//5304 10181//5343 10182//5337
f 10181//5343 10180//5304 10183//5344
f 10184//5345 10185//5346 10186//5347
f 10185//5346 10184//5345 10187//5248
f 10188//5265 10189//5266 10190//5348
f 10191//5347 10190//5348 10189//5266
f 10192//5349 10193//5336 10194//5335
f 10193//5336 10192//5349 10195//5350
f 10196//5351 10197//5350 10198//5352
f 10197//5350 10196//5351 10199//5338
f 10200//5353 10201//5119 10202//5354
f 10201//5119 10200//5353 10203//5117
f 10204//5355 10205//5356 10206//5248
f 10205//5356 10204//5355 10207//5357
f 10208//5358 10209//5359 10210//5360
f 10211//5361 10209//5359 10208//5358
f 10212//5362 10213//5363 10214//5364
f 10213//5363 10212//5362 10215//5365
f 10216//5366 10217//5367 10218//5368
f 10219//5369 10216//5366 10218//5368
f 10220//5370 10221//5371 10222//5372
f 10221//5371 10220//5370 10223//5373
f 10224//5372 10225//5374 10226//5375
f 10225//5374 10224//5372 10227//5376
f 10228//5377 10229//5378 10230//5379
f 10228//5377 10230//5379 10231//5380
f 10232//5381 10233//5382 10234//5377
f 10232//5381 10235//5383 10233//5382
f 10236//5384 10237//5385 10238//5386
f 10237//5385 10236//5384 10239//5387
f 10240//5388 10241//5389 10242//5373
f 10242//5373 10243//5390 10240//5388
f 10244//5391 10245//5392 10246//5393
f 10245//5392 10244//5391 10247//5394
f 10248//5395 10249//5396 10250//5397
f 10249//5396 10248//5395 10251//5398
f 10252//5399 10253//5398 10254//5400
f 10253//5398 10252//5399 10255//5401
f 10256//5373 10257//5401 10258//5399
f 10257//5401 10256//5373 10259//5402
f 10260//5403 10261//5404 10262//5405
f 10261//5404 10260//5403 10263//5370
f 10264//5393 10265//5406 10266//5407
f 10265//5406 10264//5393 10267//5408
f 10268//5409 10269//5410 10270//5411
f 10269//5410 10268//5409 10271//5412
f 10272//5412 10273//5413 10274//5414
f 10273//5413 10272//5412 10275//5415
f 10276//5416 10277//5417 10278//5418
f 10277//5417 10276//5416 10279//5419
f 10280//5420 10281//5419 10282//5421
f 10281//5419 10280//5420 10283//5422
f 10284//5389 10285//5402 10286//5373
f 10285//5402 10284//5389 10287//5423
f 10288//5424 10289//5425 10290//5426
f 10289//5425 10288//5424 10291//5427
f 10292//5428 10293//5429 10294//5430
f 10293//5429 10292//5428 10295//5431
f 10296//5432 10297//5433 10298//5434
f 10297//5433 10296//5432 10299//5435
f 10300//5436 10301//5435 10302//5437
f 10301//5435 10300//5436 10303//5412
f 10304//5438 10305//5439 10306//5440
f 10305//5439 10304//5438 10307//5409
f 10308//5441 10309//5442 10310//5443
f 10309//5442 10308//5441 10311//5420
f 10312//5431 10313//5444 10314//5445
f 10313//5444 10312//5431 10315//5446
f 10316//5447 10317//5448 10318//5449
f 10317//5448 10316//5447 10319//5450
f 10320//5450 10321//5451 10322//5448
f 10321//5451 10320//5450 10323//5452
f 10324//5453 10325//5454 10326//5455
f 10325//5454 10324//5453 10327//5456
f 10328//5456 10329//5449 10330//5457
f 10329//5449 10328//5456 10331//5458
f 10332//5459 10333//5460 10334//5431
f 10335//5461 10332//5459 10334//5431
f 10336//5462 10337//5463 10338//5464
f 10337//5463 10336//5462 10339//5465
f 10340//5466 10341//5467 10342//5468
f 10343//5469 10341//5467 10340//5466
f 10344//5470 10345//5471 10346//5472
f 10345//5471 10344//5470 10347//5473
f 10348//5474 10349//5475 10350//5476
f 10349//5475 10348//5474 10351//5477
f 10352//5464 10353//5478 10354//5476
f 10352//5464 10355//5479 10353//5478
f 10356//5480 10357//5481 10358//5482
f 10359//5483 10357//5481 10356//5480
f 10360//5484 10361//5485 10362//5385
f 10363//5486 10361//5485 10360//5484
f 10364//5487 10365//5369 10366//5488
f 10365//5369 10364//5487 10367//5489
f 10368//5380 10369//5489 10370//5377
f 10369//5489 10368//5380 10371//5490
f 10372//5491 10373//5492 10374//5493
f 10372//5491 10374//5493 10375//5494
f 10376//5491 10377//5495 10378//5496
f 10377//5495 10376//5491 10379//5485
f 10380//5492 10381//5497 10382//5498
f 10381//5497 10380//5492 10383//5499
f 10384//5500 10385//5501 10386//5502
f 10385//5501 10384//5500 10387//5492
f 10388//5503 10389//5504 10390//5505
f 10389//5504 10388//5503 10391//5506
f 10392//5507 10393//5508 10394//5509
f 10395//5505 10393//5508 10392//5507
f 10396//5510 10397//5507 10398//5511
f 10397//5507 10396//5510 10399//5470
f 10400//5512 10401//5513 10402//5507
f 10401//5513 10400//5512 10403//5360
f 10404//5458 10405//5514 10406//5515
f 10405//5514 10404//5458 10407//5516
f 10408//5517 10409//5469 10410//5518
f 10411//5358 10409//5469 10408//5517
f 10412//5519 10413//5520 10414//5464
f 10415//5521 10413//5520 10412//5519
f 10416//5522 10417//5523 10418//5524
f 10419//5525 10418//5524 10417//5523
f 10420//5494 10421//5524 10422//5526
f 10421//5524 10420//5494 10423//5527
f 10424//5528 10425//5529 10426//5494
f 10425//5529 10424//5528 10427//5530
f 10428//5531 10429//5532 10430//5533
f 10429//5532 10428//5531 10431//5534
f 10432//5535 10433//5536 10434//5537
f 10433//5536 10432//5535 10435//5538
f 10436//5539 10437//5533 10438//5538
f 10437//5533 10436//5539 10439//5531
f 10440//5540 10441//5541 10442//5542
f 10441//5541 10440//5540 10443//5543
f 10444//5542 10445//5544 10446//5545
f 10445//5544 10444//5542 10447//5546
f 10448//5547 10449//5548 10450//5545
f 10449//5548 10448//5547 10451//5549
f 10452//5550 10453//5551 10454//5552
f 10453//5551 10452//5550 10455//5553
f 10456//5554 10457//5555 10458//5556
f 10457//5555 10456//5554 10459//5557
f 10460//5556 10461//5558 10462//5559
f 10461//5558 10460//5556 10463//5560
f 10464//5531 10465//5561 10466//5562
f 10465//5561 10464//5531 10467//5556
f 10468//5539 10469//5563 10470//5531
f 10469//5563 10468//5539 10471//5554
f 10472//5557 10473//5554 10474//5564
f 10475//5565 10472//5557 10474//5564
f 10476//5539 10477//5566 10478//5564
f 10478//5564 10479//5554 10476//5539
f 10480//5567 10481//5566 10482//5568
f 10481//5566 10480//5567 10483//5569
f 10484//5570 10485//5571 10486//5572
f 10485//5571 10484//5570 10487//5573
f 10488//5574 10489//5571 10490//5575
f 10489//5571 10488//5574 10491//5572
f 10492//5576 10493//5577 10494//5578
f 10493//5577 10492//5576 10495//5579
f 10496//5580 10497//5579 10498//5581
f 10497//5579 10496//5580 10499//5570
f 10500//5582 10501//5583 10502//5584
f 10503//5585 10502//5584 10501//5583
f 10504//5586 10505//5568 10506//5566
f 10507//5587 10505//5568 10504//5586
f 10508//5539 10509//5588 10510//5566
f 10511//5586 10510//5566 10509//5588
f 10512//5588 10513//5589 10514//5582
f 10515//5583 10514//5582 10513//5589
f 10516//5590 10517//5591 10518//5592
f 10517//5591 10516//5590 10519//5593
f 10520//5592 10521//5573 10522//5570
f 10521//5573 10520//5592 10523//5594
f 10524//5567 10525//5595 10526//5580
f 10525//5595 10524//5567 10527//5592
f 10528//5596 10529//5597 10530//5567
f 10529//5597 10528//5596 10531//5598
f 10532//5599 10533//5600 10534//5601
f 10533//5600 10532//5599 10535//5602
f 10536//5599 10537//5573 10538//5603
f 10538//5603 10539//5602 10536//5599
f 10540//5604 10541//5605 10542//5606
f 10543//5607 10540//5604 10542//5606
f 10544//5608 10545//5609 10546//5610
f 10545//5609 10544//5608 10547//5611
f 10548//5612 10549//5613 10550//5590
f 10549//5613 10548//5612 10551//5611
f 10552//5614 10553//5615 10554//5616
f 10555//5617 10553//5615 10552//5614
f 10556//5618 10557//5614 10558//5619
f 10557//5614 10556//5618 10559//5617
f 10560//5620 10561//5621 10562//5622
f 10561//5621 10560//5620 10563//5623
f 10564//5623 10565//5624 10566//5625
f 10565//5624 10564//5623 10567//5543
f 10568//5624 10569//5626 10570//5627
f 10568//5624 10571//5628 10569//5626
f 10572//5627 10573//5629 10574//5630
f 10572//5627 10574//5630 10575//5631
f 10576//5623 10577//5632 10578//5633
f 10579//5620 10577//5632 10576//5623
f 10580//5634 10581//5635 10582//5636
f 10583//5632 10581//5635 10580//5634
f 10584//5583 10585//5636 10586//5585
f 10585//5636 10584//5583 10587//5634
f 10588//5589 10589//5634 10590//5583
f 10591//5637 10589//5634 10588//5589
f 10592//5638 10593//5639 10594//5640
f 10595//5641 10592//5638 10594//5640
f 10596//5642 10597//5611 10598//5643
f 10599//5606 10596//5642 10598//5643
f 10600//5644 10601//5645 10602//5646
f 10601//5645 10600//5644 10603//5647
f 10604//5648 10605//5649 10606//5645
f 10605//5649 10604//5648 10607//5608
f 10608//5650 10609//5619 10610//5651
f 10609//5619 10608//5650 10611//5652
f 10612//5646 10613//5653 10614//5654
f 10613//5653 10612//5646 10615//5650
f 10616//5632 10617//5655 10618//5635
f 10617//5655 10616//5632 10619//5656
f 10620//5657 10621//5620 10622//5658
f 10621//5620 10620//5657 10623//5632
f 10624//5659 10625//5656 10626//5660
f 10625//5656 10624//5659 10627//5655
f 10628//5661 10629//5643 10630//5662
f 10629//5643 10628//5661 10631//5663
f 10632//5664 10633//5665 10634//5666
f 10633//5665 10632//5664 10635//5667
f 10636//5668 10637//5669 10638//5670
f 10637//5669 10636//5668 10639//5671
f 10640//5672 10641//5646 10642//5673
f 10641//5646 10640//5672 10643//5644
f 10644//5674 10645//5654 10646//5675
f 10645//5654 10644//5674 10647//5646
f 10648//5676 10649//5675 10650//5677
f 10649//5675 10648//5676 10651//5674
f 10652//5678 10653//5679 10654//5680
f 10653//5679 10652//5678 10655//5681
f 10656//5679 10657//5622 10658//5682
f 10657//5622 10656//5679 10659//5683
f 10660//5684 10661//5685 10662//5686
f 10661//5685 10660//5684 10663//5687
f 10664//5678 10665//5688 10666//5689
f 10665//5688 10664//5678 10667//5680
f 10668//5679 10669//5690 10670//5691
f 10670//5691 10671//5692 10668//5679
f 10672//5692 10673//5691 10674//5693
f 10675//5694 10672//5692 10674//5693
f 10676//5658 10677//5692 10678//5694
f 10679//5695 10676//5658 10678//5694
f 10680//5620 10681//5679 10682//5692
f 10682//5692 10683//5658 10680//5620
f 10684//5666 10685//5663 10686//5661
f 10685//5663 10684//5666 10687//5696
f 10688//5697 10689//5698 10690//5664
f 10689//5698 10688//5697 10691//5699
f 10692//5700 10693//5701 10694//5702
f 10692//5700 10695//5703 10693//5701
f 10696//5704 10697//5703 10698//5705
f 10696//5704 10699//5670 10697//5703
f 10700//5706 10701//5707 10702//5708
f 10701//5707 10700//5706 10703//5676
f 10704//5706 10705//5709 10706//5710
f 10704//5706 10707//5694 10705//5709
f 10708//5711 10709//5699 10710//5697
f 10709//5699 10708//5711 10711//5712
f 10712//5713 10713//5714 10714//5715
f 10715//5716 10712//5713 10714//5715
f 10716//5717 10717//5718 10718//5719
f 10717//5718 10716//5717 10719//5720
f 10720//5702 10721//5720 10722//5721
f 10721//5720 10720//5702 10723//5701
f 10724//5722 10725//5723 10726//5724
f 10724//5722 10727//5693 10725//5723
f 10728//5725 10729//5723 10730//5726
f 10728//5725 10730//5726 10731//5727
f 10732//5728 10733//5729 10734//5730
f 10735//5731 10732//5728 10734//5730
f 10736//5732 10737//5733 10738//5726
f 10739//5734 10736//5732 10738//5726
f 10740//5691 10741//5735 10742//5736
f 10743//5737 10740//5691 10742//5736
f 10744//5738 10745//5728 10746//5731
f 10747//5691 10744//5738 10746//5731
f 10748//5739 10749//5740 10750//5716
f 10751//5712 10748//5739 10750//5716
f 10752//5741 10753//5721 10754//5742
f 10755//5715 10752//5741 10754//5742
f 10756//5743 10757//5744 10758//5745
f 10757//5744 10756//5743 10759//5746
f 10760//5719 10761//5744 10762//5747
f 10761//5744 10760//5719 10763//5718
f 10764//5748 10765//5749 10766//5726
f 10765//5749 10764//5748 10767//5750
f 10768//5748 10769//5751 10770//5750
f 10771//5752 10770//5750 10769//5751
f 10772//5753 10773//5719 10774//5754
f 10775//5742 10772//5753 10774//5754
f 10776//5755 10777//5756 10778//5757
f 10777//5756 10776//5755 10779//5758
f 10780//5759 10781//5760 10782//5761
f 10783//5762 10780//5759 10782//5761
f 10784//5762 10785//5761 10786//5729
f 10787//5763 10784//5762 10786//5729
f 10788//5690 10789//5764 10790//5728
f 10791//5762 10790//5728 10789//5764
f 10792//5764 10793//5765 10794//5762
f 10795//5759 10794//5762 10793//5765
f 10796//5766 10797//5767 10798//5768
f 10797//5767 10796//5766 10799//5769
f 10800//5770 10801//5745 10802//5771
f 10801//5745 10800//5770 10803//5743
f 10804//5751 10805//5772 10806//5752
f 10807//5773 10806//5752 10805//5772
f 10808//5774 10809//5775 10810//5773
f 10811//5776 10810//5773 10809//5775
f 10812//5760 10813//5777 10814//5778
f 10813//5777 10812//5760 10815//5759
f 10816//5779 10817//5765 10818//5780
f 10817//5765 10816//5779 10819//5759
f 10820//5781 10821//5780 10822//5782
f 10821//5780 10820//5781 10823//5779
f 10824//5783 10825//5784 10826//5785
f 10824//5783 10827//5786 10825//5784
f 10828//5787 10829//5788 10830//5765
f 10829//5788 10828//5787 10831//5789
f 10832//5678 10833//5764 10834//5738
f 10832//5678 10835//5790 10833//5764
f 10836//5791 10837//5792 10838//5793
f 10839//5783 10837//5792 10836//5791
f 10840//5794 10841//5795 10842//5796
f 10843//5797 10840//5794 10842//5796
f 10844//5798 10845//5796 10846//5765
f 10847//5799 10844//5798 10846//5765
f 10848//5800 10849//5798 10850//5801
f 10851//5802 10848//5800 10850//5801
f 10852//5803 10853//5804 10854//5805
f 10855//5806 10852//5803 10854//5805
f 10856//5807 10857//5746 10858//5755
f 10857//5746 10856//5807 10859//5808
f 10860//5809 10861//5810 10862//5811
f 10861//5810 10860//5809 10863//5756
f 10864//5812 10865//5813 10866//5814
f 10867//5815 10864//5812 10866//5814
f 10868//5814 10869//5768 10870//5815
f 10869//5768 10868//5814 10871//5766
f 10872//5816 10873//5817 10874//5776
f 10875//5818 10872//5816 10874//5776
f 10876//5819 10877//5820 10878//5817
f 10879//5821 10876//5819 10878//5817
f 10880//5822 10881//5823 10882//5824
f 10880//5822 10883//5825 10881//5823
f 10884//5825 10885//5826 10886//5782
f 10886//5782 10887//5780 10884//5825
f 10888//5827 10889//5825 10890//5780
f 10890//5780 10891//5765 10888//5827
f 10892//5795 10893//5823 10894//5825
f 10894//5825 10895//5827 10892//5795
f 10896//5828 10897//5829 10898//5830
f 10897//5829 10896//5828 10899//5831
f 10900//5832 10901//5833 10902//5834
f 10903//5835 10901//5833 10900//5832
f 10904//5836 10905//5837 10906//5838
f 10907//5839 10904//5836 10906//5838
f 10908//5839 10909//5840 10910//5813
f 10911//5812 10908//5839 10910//5813
f 10912//5841 10913//5842 10914//5820
f 10915//5819 10912//5841 10914//5820
f 10916//5843 10917//5844 10918//5845
f 10919//5841 10917//5844 10916//5843
f 10920//5846 10921//5814 10922//5847
f 10921//5814 10920//5846 10923//5848
f 10924//5849 10925//5850 10926//5833
f 10927//5851 10925//5850 10924//5849
f 10928//5852 10929//5853 10930//5854
f 10929//5853 10928//5852 10931//5855
f 10932//5856 10933//5857 10934//5858
f 10935//5836 10932//5856 10934//5858
f 10936//5859 10937//5860 10938//5861
f 10937//5860 10936//5859 10939//5845
f 10940//5862 10941//5861 10942//5863
f 10941//5861 10940//5862 10943//5864
f 10944//5865 10945//5866 10946//5850
f 10947//5867 10945//5866 10944//5865
f 10948//5868 10949//5869 10950//5870
f 10949//5869 10948//5868 10951//5871
f 10952//5872 10953//5873 10954//5874
f 10955//5875 10952//5872 10954//5874
f 10956//5875 10957//5874 10958//5876
f 10959//5877 10956//5875 10958//5876
f 10960//5823 10961//5875 10962//5877
f 10963//5824 10960//5823 10962//5877
f 10964//5795 10965//5872 10966//5875
f 10967//5823 10964//5795 10966//5875
f 10968//5878 10969//5879 10970//5880
f 10969//5879 10968//5878 10971//5881
f 10972//5882 10973//5883 10974//5853
f 10973//5883 10972//5882 10975//5878
f 10976//5863 10977//5884 10978//5862
f 10977//5884 10976//5863 10979//5885
f 10980//5886 10981//5881 10982//5884
f 10981//5881 10980//5886 10983//5887
f 10984//5888 10985//5874 10986//5889
f 10985//5874 10984//5888 10987//5876
f 10988//5874 10989//5873 10990//5890
f 10990//5890 10989//5873 10991//5891
f 10992//5891 10993//5892 10994//5890
f 10995//5888 10994//5890 10993//5892
f 10996//5867 10997//5868 10998//5893
f 10999//5894 10997//5868 10996//5867
f 11000//5870 11001//5895 11002//5896
f 11001//5895 11000//5870 11003//5869
f 11004//5897 11005//5898 11006//5899
f 11005//5898 11004//5897 11007//5900
f 11008//5901 11009//5899 11010//5902
f 11009//5899 11008//5901 11011//5897
f 11012//5892 11013//5903 11014//5881
f 11013//5903 11012//5892 11015//5904
f 11016//5904 11017//5905 11018//5906
f 11017//5905 11016//5904 11019//5907
f 11020//5896 11021//5908 11022//5909
f 11021//5908 11020//5896 11023//5910
f 11024//5911 11025//5912 11026//5913
f 11025//5912 11024//5911 11027//5914
f 11028//5915 11029//5916 11030//5917
f 11028//5915 11030//5917 11031//5918
f 11032//5919 11033//5916 11034//5915
f 11032//5919 11035//5920 11033//5916
f 11036//5920 11037//5892 11038//5891
f 11036//5920 11038//5891 11039//5916
f 11040//5873 11041//5916 11042//5891
f 11041//5916 11040//5873 11043//5921
f 11044//5915 11045//5922 11046//5919
f 11045//5922 11044//5915 11047//5923
f 11048//5924 11049//5925 11050//5926
f 11051//5915 11048//5924 11050//5926
f 11052//5927 11053//5928 11054//5926
f 11054//5926 11055//5925 11052//5927
f 11056//5929 11057//5930 11058//5931
f 11059//5932 11057//5930 11056//5929
f 11060//5933 11061//5934 11062//5935
f 11061//5934 11060//5933 11063//5930
f 11064//5907 11065//5936 11066//5905
f 11065//5936 11064//5907 11067//5922
f 11068//5937 11069//5936 11070//5922
f 11071//5938 11069//5936 11068//5937
f 11072//5939 11073//5940 11074//5911
f 11073//5940 11072//5939 11075//5908
f 11076//5934 11077//5941 11078//5913
f 11077//5941 11076//5934 11079//5942
f 11080//5943 11081//5944 11082//5945
f 11083//5946 11081//5944 11080//5943
f 11084//5945 11085//5932 11086//5929
f 11087//5944 11085//5932 11084//5945
f 11088//5937 11089//5947 11090//5938
f 11089//5947 11088//5937 11091//5948
f 11092//5948 11093//5949 11094//5950
f 11093//5949 11092//5948 11095//5951
f 11096//5952 11097//5953 11098//5941
f 11097//5953 11096//5952 11099//5954
f 11100//5955 11101//5956 11102//5957
f 11101//5956 11100//5955 11103//5958
f 11104//5959 11105//5960 11106//5961
f 11105//5960 11104//5959 11107//5962
f 11108//5962 11109//5943 11110//5960
f 11109//5943 11108//5962 11111//5946
f 11112//5951 11113//5963 11114//5943
f 11113//5963 11112//5951 11115//5964
f 11116//5965 11117//5964 11118//5966
f 11117//5964 11116//5965 11119//5963
f 11120//5967 11121//5957 11122//5953
f 11121//5957 11120//5967 11123//5955
f 11124//5968 11125//5958 11126//5969
f 11125//5958 11124//5968 11127//5970
f 11128//5364 11129//5968 11130//5969
f 11129//5968 11128//5364 11131//5971
f 11132//5972 11133//5973 11134//5362
f 11133//5973 11132//5972 11135//5974
f 11136//5975 11137//5976 11138//5977
f 11137//5976 11136//5975 11139//5965
f 11140//5978 11141//5975 11142//5979
f 11143//5977 11142//5979 11141//5975
f 11144//5980 11145//5981 11146//5982
f 11145//5981 11144//5980 11147//5983
f 11148//5984 11149//5961 11150//5981
f 11149//5961 11148//5984 11151//5959
f 11152//5985 11153//5986 11154//5987
f 11154//5987 11155//5988 11152//5985
f 11156//5988 11157//5987 11158//5989
f 11159//5990 11156//5988 11158//5989
f 11160//5991 11161//5992 11162//5993
f 11163//5994 11160//5991 11162//5993
f 11164//5995 11165//5985 11166//5996
f 11167//5991 11164//5995 11166//5996
f 11168//5997 11169//5998 11170//5872
f 11169//5998 11168//5997 11171//5999
f 11172//5997 11173//5872 11174//5795
f 11175//6000 11172//5997 11174//5795
f 11176//6001 11177//5997 11178//6000
f 11179//5803 11176//6001 11178//6000
f 11180//6002 11181//6003 11182//5997
f 11181//6003 11180//6002 11183//6004
f 11184//6005 11185//5987 11186//6006
f 11187//5989 11185//5987 11184//6005
f 11188//6006 11189//5986 11190//6007
f 11191//5987 11189//5986 11188//6006
f 11192//5925 11193//6007 11194//5927
f 11195//6006 11193//6007 11192//5925
f 11196//6008 11197//6006 11198//5925
f 11199//6009 11197//6006 11196//6008
f 11200//6010 11201//6008 11202//5921
f 11201//6008 11200//6010 11203//6011
f 11204//5999 11205//6012 11206//5998
f 11205//6012 11204//5999 11207//6013
f 11208//6014 11209//6013 11210//6003
f 11209//6013 11208//6014 11211//6015
f 11212//6016 11213//6017 11214//6018
f 11213//6017 11212//6016 11215//6019
f 11216//6020 11217//6021 11218//6022
f 11218//6022 11219//6023 11216//6020
f 11220//6024 11221//6005 11222//6025
f 11221//6005 11220//6024 11223//5989
f 11224//6026 11225//6008 11226//6011
f 11225//6008 11224//6026 11227//6005
f 11228//6027 11229//6028 11230//6029
f 11229//6028 11228//6027 11231//6023
f 11232//6030 11233//6031 11234//6032
f 11233//6031 11232//6030 11235//6033
f 11236//6034 11237//6035 11238//6031
f 11236//6034 11239//6036 11237//6035
f 11240//6037 11241//6038 11242//6032
f 11242//6032 11243//6039 11240//6037
f 11244//6040 11245//6041 11246//6042
f 11245//6041 11244//6040 11247//6043
f 11248//6042 11249//6044 11250//6045
f 11249//6044 11248//6042 11251//6046
f 11252//5834 11253//6044 11254//5846
f 11253//6044 11252//5834 11255//6045
f 11256//5833 11257//6045 11258//5847
f 11257//6045 11256//5833 11259//6047
f 11260//6048 11261//6049 11262//6050
f 11261//6049 11260//6048 11263//6051
f 11264//6052 11265//6053 11266//6048
f 11265//6053 11264//6052 11267//6054
f 11268//6048 11269//6055 11270//6056
f 11269//6055 11268//6048 11271//6053
f 11272//6056 11273//6051 11274//6048
f 11273//6051 11272//6056 11275//6057
f 11276//6058 11277//6049 11278//6049
f 11277//6049 11276//6058 11279//6059
f 11280//6060 11281//6061 11282//6059
f 11281//6061 11280//6060 11283//6062
f 11284//6059 11285//6054 11286//6050
f 11285//6054 11284//6059 11287//6061
f 11288//6050 11289//6049 11290//6059
f 11289//6049 11288//6050 11291//6049
f 11292//6063 11293//6064 11294//6065
f 11293//6064 11292//6063 11295//6066
f 11296//6066 11297//6067 11298//6068
f 11297//6067 11296//6066 11299//6063
f 11300//6060 11301//6068 11302//6069
f 11301//6068 11300//6060 11303//6070
f 11304//6066 11305//6049 11306//6064
f 11305//6049 11304//6066 11307//6058
f 11308//6071 11309//6072 11310//6044
f 11309//6072 11308//6071 11311//6073
f 11312//6074 11313//6075 11314//5757
f 11313//6075 11312//6074 11315//6076
f 11316//5830 11317//6072 11318//5828
f 11317//6072 11316//5830 11319//6044
f 11320//6077 11321//6078 11322//5850
f 11321//6078 11320//6077 11323//6079
f 11324//6079 11325//6080 11326//6078
f 11325//6080 11324//6079 11327//6081
f 11328//6078 11329//6041 11330//6047
f 11329//6041 11328//6078 11331//6080
f 11332//5850 11333//6047 11334//5833
f 11333//6047 11332//5850 11335//6078
f 11336//6082 11337//6083 11338//6084
f 11339//6085 11337//6083 11336//6082
f 11340//6084 11341//6049 11342//6051
f 11341//6049 11340//6084 11343//6083
f 11344//6086 11345//6051 11346//6057
f 11345//6051 11344//6086 11347//6084
f 11348//6081 11349//6087 11350//6080
f 11351//6082 11349//6087 11348//6081
f 11352//6088 11353//6089 11354//6090
f 11355//6091 11352//6088 11354//6090
f 11356//6091 11357//6090 11358//6081
f 11359//6079 11356//6091 11358//6081
f 11360//6092 11361//6091 11362//6093
f 11362//6093 11363//6077 11360//6092
f 11364//6094 11365//6088 11366//6091
f 11366//6091 11367//6092 11364//6094
f 11368//5755 11369//6095 11370//5754
f 11368//5755 11371//6096 11369//6095
f 11372//5809 11373//6096 11374//5755
f 11372//5809 11375//6073 11373//6096
f 11376//6053 11377//6075 11378//6071
f 11377//6075 11376//6053 11379//6096
f 11380//6096 11381//6054 11382//6095
f 11381//6054 11380//6096 11383//6053
f 11384//6054 11385//6097 11386//6098
f 11387//6095 11384//6054 11386//6098
f 11388//5742 11389//6097 11390//6099
f 11389//6097 11388//5742 11391//6098
f 11392//5742 11393//5807 11394//6098
f 11395//6095 11394//6098 11393//5807
f 11396//5911 11397//5913 11398//6100
f 11398//6100 11399//6101 11396//5911
f 11400//6102 11401//6100 11402//6089
f 11402//6089 11403//6103 11400//6102
f 11404//5896 11405//6101 11406//6088
f 11406//6088 11407//6104 11404//5896
f 11408//6105 11409//5911 11410//6101
f 11410//6101 11411//5896 11408//6105
f 11412//6106 11413//6107 11414//6108
f 11413//6107 11412//6106 11415//6109
f 11416//6049 11417//6108 11418//6107
f 11417//6108 11416//6049 11419//6049
f 11420//6083 11421//6049 11422//6049
f 11421//6049 11420//6083 11423//6108
f 11424//6085 11425//6108 11426//6083
f 11425//6108 11424//6085 11427//6106
f 11428//6110 11429//6111 11430//6112
f 11431//6113 11429//6111 11428//6110
f 11432//6112 11433//5715 11434//6097
f 11435//6111 11433//5715 11432//6112
f 11436//6114 11437//6097 11438//6115
f 11439//6112 11437//6097 11436//6114
f 11440//6062 11441//6112 11442//6116
f 11441//6112 11440//6062 11443//6110
f 11444//6068 11445//6117 11446//6118
f 11445//6117 11444//6068 11447//6119
f 11448//6120 11449//6121 11450//5699
f 11449//6121 11448//6120 11451//6117
f 11452//6110 11453//5699 11454//6113
f 11453//5699 11452//6110 11455//6118
f 11456//6069 11457//6118 11458//6110
f 11457//6118 11456//6069 11459//6068
f 11460//6067 11461//6122 11462//6123
f 11460//6067 11462//6123 11463//6117
f 11464//6124 11465//5665 11466//6123
f 11466//6123 11467//6122 11464//6124
f 11468//6117 11469//5696 11470//6125
f 11469//5696 11468//6117 11471//6123
f 11472//6126 11473//6065 11474//6127
f 11475//6128 11472//6126 11474//6127
f 11476//5643 11477//6129 11478//6130
f 11479//6127 11478//6130 11477//6129
f 11480//6122 11481//5643 11482//6124
f 11480//6122 11483//6128 11481//5643
f 11484//6067 11485//6063 11486//6128
f 11487//6131 11484//6067 11486//6128
f 11488//6132 11489//5941 11490//5953
f 11488//6132 11491//6133 11489//5941
f 11492//6134 11493//6106 11494//6133
f 11492//6134 11494//6133 11495//6132
f 11496//6106 11497//6089 11498//6100
f 11496//6106 11498//6100 11499//6133
f 11500//6133 11501//6100 11502//5913
f 11500//6133 11502//5913 11503//6135
f 11504//6109 11505//6136 11506//6137
f 11504//6109 11507//6132 11505//6136
f 11508//6138 11509//5957 11510//6136
f 11510//6136 11511//6139 11508//6138
f 11512//6140 11513//5957 11514//5970
f 11513//5957 11512//6140 11515//6136
f 11516//6141 11517//6142 11518//6143
f 11517//6142 11516//6141 11519//6144
f 11520//6144 11521//6064 11522//6142
f 11521//6064 11520//6144 11523//6145
f 11524//6142 11525//6049 11526//6107
f 11525//6049 11524//6142 11527//6064
f 11528//6143 11529//6107 11530//6109
f 11529//6107 11528//6143 11531//6142
f 11532//6146 11533//6147 11534//6127
f 11533//6147 11532//6146 11535//6148
f 11536//5603 11537//6147 11538//6149
f 11537//6147 11536//5603 11539//5640
f 11540//6150 11541//5640 11542//6130
f 11541//5640 11540//6150 11543//6147
f 11544//6144 11545//6141 11546//6151
f 11546//6151 11547//6152 11544//6144
f 11548//6152 11549//6151 11550//5974
f 11550//5974 11551//6153 11548//6152
f 11552//6148 11553//6154 11554//5602
f 11554//5602 11555//6155 11552//6148
f 11556//6065 11557//6144 11558//6152
f 11558//6152 11559//6148 11556//6065
f 11560//5968 11561//5363 11562//6156
f 11563//6157 11560//5968 11562//6156
f 11564//6156 11565//6158 11566//6157
f 11565//6158 11564//6156 11567//6141
f 11568//6137 11569//6157 11570//6159
f 11570//6159 11571//6109 11568//6137
f 11572//5970 11573//6160 11574//6161
f 11575//6162 11572//5970 11574//6161
f 11576//6163 11577//6156 11578//6164
f 11579//6151 11576//6163 11578//6164
f 11580//5971 11581//5973 11582//6165
f 11583//6156 11580//5971 11582//6165
f 11584//5365 11585//6151 11586//6164
f 11585//6151 11584//5365 11587//5600
f 11588//6166 11589//6167 11590//6168
f 11589//6167 11588//6166 11591//6169
f 11592//6170 11593//6171 11594//6172
f 11592//6170 11594//6172 11595//6173
f 11596//6174 11597//6175 11598//6176
f 11597//6175 11596//6174 11599//6177
f 11600//6178 11601//6179 11602//6180
f 11601//6179 11600//6178 11603//6181
f 11604//6182 11605//6183 11606//6184
f 11604//6182 11607//6175 11605//6183
f 11608//6182 11609//6185 11610//6186
f 11609//6185 11608//6182 11611//6187
f 11612//6188 11613//6175 11614//6189
f 11613//6175 11612//6188 11615//6176
f 11616//6190 11617//6191 11618//6186
f 11617//6191 11616//6190 11619//6192
f 11620//6193 11621//6194 11622//6190
f 11621//6194 11620//6193 11623//6185
f 11624//6171 11625//6195 11626//6196
f 11626//6196 11627//6167 11624//6171
f 11628//6197 11629//6196 11630//6198
f 11629//6196 11628//6197 11631//6172
f 11632//6199 11633//6200 11634//6201
f 11633//6200 11632//6199 11635//6202
f 11636//6203 11637//6204 11638//6205
f 11638//6205 11639//6196 11636//6203
f 11640//6206 11641//6207 11642//6202
f 11642//6202 11643//6205 11640//6206
f 11644//6208 11645//6209 11646//6198
f 11645//6209 11644//6208 11647//6205
f 11648//6210 11649//6211 11650//6212
f 11649//6211 11648//6210 11651//6213
f 11652//6211 11653//6207 11654//6214
f 11652//6211 11655//6202 11653//6207
f 11656//6212 11657//6215 11658//6216
f 11656//6212 11658//6216 11659//6217
f 11660//6202 11661//6213 11662//6218
f 11661//6213 11660//6202 11663//6215
f 11664//6219 11665//6220 11666//6221
f 11665//6220 11664//6219 11667//6222
f 11668//6212 11669//6223 11670//6224
f 11669//6223 11668//6212 11671//6225
f 11672//6226 11673//6227 11674//6221
f 11673//6227 11672//6226 11675//6228
f 11676//6212 11677//6229 11678//6230
f 11677//6229 11676//6212 11679//6224
f 11680//6231 11681//6232 11682//6219
f 11681//6232 11680//6231 11683//6233
f 11684//6234 11685//6235 11686//6233
f 11685//6235 11684//6234 11687//6227
f 11688//6235 11689//6236 11690//6233
f 11689//6236 11688//6235 11691//6237
f 11692//6238 11693//6239 11694//6232
f 11693//6239 11692//6238 11695//6240
f 11696//6241 11697//6242 11698//6243
f 11697//6242 11696//6241 11699//6244
f 11700//6245 11701//6246 11702//6236
f 11700//6245 11703//6247 11701//6246
f 11704//6247 11705//6248 11706//6246
f 11704//6247 11707//6249 11705//6248
f 11708//6250 11709//6241 11710//6246
f 11709//6241 11708//6250 11711//6251
f 11712//6252 11713//6253 11714//6251
f 11714//6251 11715//6254 11712//6252
f 11716//6249 11717//6255 11718//6256
f 11718//6256 11719//6248 11716//6249
f 11720//6257 11721//6252 11722//6258
f 11721//6252 11720//6257 11723//6259
f 11724//6253 11725//6260 11726//6261
f 11725//6260 11724//6253 11727//6262
f 11728//6263 11729//6264 11730//6265
f 11728//6263 11731//6266 11729//6264
f 11732//6267 11733//6259 11734//6257
f 11733//6259 11732//6267 11735//6268
f 11736//6269 11737//6270 11738//6267
f 11737//6270 11736//6269 11739//6271
f 11740//6272 11741//6273 11742//6274
f 11740//6272 11743//6275 11741//6273
f 11744//6276 11745//6277 11746//6278
f 11745//6277 11744//6276 11747//6279
f 11748//6280 11749//6264 11750//6281
f 11749//6264 11748//6280 11751//6277
f 11752//6277 11753//6282 11754//6278
f 11753//6282 11752//6277 11755//6283
f 11756//6284 11757//6285 11758//6286
f 11757//6285 11756//6284 11759//6265
f 11760//6287 11761//6288 11762//6289
f 11761//6288 11760//6287 11763//6290
f 11764//6291 11765//6292 11766//6293
f 11765//6292 11764//6291 11767//6294
f 11768//6292 11769//6295 11770//6288
f 11769//6295 11768//6292 11771//6296
f 11772//6290 11773//6278 11774//6293
f 11773//6278 11772//6290 11775//6297
f 11776//6298 11777//6299 11778//6300
f 11777//6299 11776//6298 11779//6301
f 11780//6296 11781//6302 11782//6301
f 11780//6296 11782//6301 11783//6303
f 11784//6304 11785//6301 11786//6302
f 11785//6301 11784//6304 11787//6305
f 11788//6306 11789//6301 11790//6298
f 11788//6306 11791//6307 11789//6301
f 11792//6308 11793//6309 11794//6310
f 11793//6309 11792//6308 11795//6311
f 11796//6312 11797//6305 11798//6304
f 11797//6305 11796//6312 11799//6309
f 11800//6313 11801//6309 11802//6312
f 11801//6309 11800//6313 11803//6314
f 11804//6315 11805//6316 11806//6317
f 11805//6316 11804//6315 11807//6318
f 11808//6176 11809//6319 11810//6320
f 11808//6176 11810//6320 11811//6321
f 11812//6322 11813//6323 11814//6324
f 11813//6323 11812//6322 11815//6325
f 11816//6326 11817//6176 11818//6188
f 11817//6176 11816//6326 11819//6319
f 11820//6327 11821//6257 11822//6328
f 11823//6329 11821//6257 11820//6327
f 11824//6249 11825//6328 11826//6330
f 11827//6257 11826//6330 11825//6328
f 11828//6331 11829//6332 11830//6333
f 11828//6331 11831//6328 11829//6332
f 11832//6334 11833//6328 11834//6335
f 11835//6327 11833//6328 11832//6334
f 11836//6336 11837//6337 11838//6338
f 11839//6283 11837//6337 11836//6336
f 11840//6338 11841//6329 11842//6327
f 11843//6337 11841//6329 11840//6338
f 11844//6339 11845//6327 11846//6340
f 11847//6338 11845//6327 11844//6339
f 11848//6341 11849//6338 11850//6342
f 11851//6336 11849//6338 11848//6341
f 11852//6343 11853//6344 11854//6345
f 11853//6344 11852//6343 11855//6346
f 11856//6345 11857//6292 11858//6347
f 11857//6292 11856//6345 11859//6348
f 11860//6283 11861//6345 11862//6282
f 11861//6345 11860//6283 11863//6336
f 11864//6336 11865//6343 11866//6345
f 11865//6343 11864//6336 11867//6349
f 11868//6350 11869//6304 11870//6351
f 11869//6304 11868//6350 11871//6312
f 11872//6351 11873//6352 11874//6296
f 11873//6352 11872//6351 11875//6353
f 11876//6344 11877//6296 11878//6354
f 11877//6296 11876//6344 11879//6351
f 11880//6346 11881//6351 11882//6344
f 11881//6351 11880//6346 11883//6350
f 11884//6355 11885//6356 11886//6357
f 11884//6355 11886//6357 11887//6358
f 11888//6315 11889//6356 11890//6355
f 11888//6315 11891//6359 11889//6356
f 11892//6356 11893//6312 11894//6350
f 11893//6312 11892//6356 11895//6359
f 11896//6357 11897//6350 11898//6346
f 11897//6350 11896//6357 11899//6356
f 11900//6360 11901//6361 11902//6362
f 11902//6362 11903//6363 11900//6360
f 11904//6363 11905//6362 11906//6364
f 11906//6364 11907//6320 11904//6363
f 11908//6365 11909//6355 11910//6363
f 11908//6365 11911//6315 11909//6355
f 11912//6358 11913//6360 11914//6363
f 11914//6363 11915//6355 11912//6358
f 11916//6366 11917//6194 11918//6185
f 11919//6367 11916//6366 11918//6185
f 11920//6367 11921//6368 11922//6184
f 11923//6177 11920//6367 11922//6184
f 11924//6362 11925//6367 11926//6177
f 11926//6177 11927//6364 11924//6362
f 11928//6361 11929//6366 11930//6367
f 11930//6367 11931//6362 11928//6361
f 11932//6369 11933//6237 11934//6370
f 11932//6369 11935//6371 11933//6237
f 11936//6372 11937//6371 11938//6369
f 11936//6372 11939//6373 11937//6371
f 11940//6331 11941//6371 11942//6374
f 11942//6374 11943//6334 11940//6331
f 11944//6371 11945//6333 11946//6245
f 11944//6371 11947//6331 11945//6333
f 11948//6204 11949//6375 11950//6376
f 11949//6375 11948//6204 11951//6195
f 11952//6171 11953//6377 11954//6203
f 11953//6377 11952//6171 11955//6378
f 11956//6379 11957//6376 11958//6380
f 11957//6376 11956//6379 11959//6381
f 11960//6382 11961//6383 11962//6384
f 11961//6383 11960//6382 11963//6361
f 11964//6384 11965//6381 11966//6378
f 11965//6381 11964//6384 11967//6383
f 11968//6385 11969//6378 11970//6171
f 11969//6378 11968//6385 11971//6384
f 11972//6386 11973//6387 11974//6170
f 11973//6387 11972//6386 11975//6366
f 11976//6228 11977//6388 11978//6389
f 11977//6388 11976//6228 11979//6390
f 11980//6390 11981//6391 11982//6388
f 11981//6391 11980//6390 11983//6392
f 11984//6388 11985//6372 11986//6369
f 11985//6372 11984//6388 11987//6391
f 11988//6389 11989//6393 11990//6394
f 11989//6393 11988//6389 11991//6395
f 11992//6396 11993//6397 11994//6398
f 11993//6397 11992//6396 11995//6207
f 11996//6207 11997//6376 11998//6399
f 11997//6376 11996//6207 11999//6206
f 12000//6397 12001//6400 12002//6401
f 12001//6400 12000//6397 12003//6376
f 12004//6402 12005//6403 12006//6404
f 12005//6403 12004//6402 12007//6399
f 12008//6228 12009//6405 12010//6406
f 12010//6406 12011//6390 12008//6228
f 12012//6398 12013//6407 12014//6408
f 12013//6407 12012//6398 12015//6406
f 12016//6392 12017//6390 12018//6406
f 12019//6398 12016//6392 12018//6406
f 12020//6181 12021//6182 12022//6186
f 12022//6186 12023//6191 12020//6181
f 12024//6409 12025//6410 12026//6309
f 12025//6410 12024//6409 12027//6300
f 12028//6411 12029//6412 12030//6413
f 12029//6412 12028//6411 12031//6414
f 12032//6192 12033//6415 12034//6173
f 12034//6173 12035//6166 12032//6192
f 12036//6319 12037//6318 12038//6315
f 12036//6319 12038//6315 12039//6416
f 12040//6190 12041//6170 12042//6169
f 12041//6170 12040//6190 12043//6194
f 12044//6417 12045//6339 12046//6418
f 12047//6341 12045//6339 12044//6417
f 12048//6419 12049//6340 12050//6420
f 12051//6342 12049//6340 12048//6419
f 12052//6421 12053//6373 12054//6372
f 12055//6419 12053//6373 12052//6421
f 12056//6422 12057//6423 12058//6421
f 12059//6424 12057//6423 12056//6422
f 12060//6425 12061//6357 12062//6426
f 12061//6357 12060//6425 12063//6358
f 12064//6426 12065//6427 12066//6343
f 12065//6427 12064//6426 12067//6357
f 12068//6341 12069//6426 12070//6343
f 12069//6426 12068//6341 12071//6417
f 12072//6417 12073//6425 12074//6426
f 12073//6425 12072//6417 12075//6422
f 12076//6428 12077//6381 12078//6383
f 12078//6383 12079//6429 12076//6428
f 12080//6430 12081//6383 12082//6361
f 12082//6361 12083//6360 12080//6430
f 12084//6431 12085//6429 12086//6360
f 12086//6360 12087//6358 12084//6431
f 12088//6429 12089//6431 12090//6432
f 12088//6429 12090//6432 12091//6433
f 12092//6403 12093//6428 12094//6434
f 12093//6428 12092//6403 12095//6435
f 12096//6436 12097//6432 12098//6437
f 12097//6432 12096//6436 12099//6433
f 12100//6391 12101//6437 12102//6438
f 12101//6437 12100//6391 12103//6434
f 12104//6439 12105//6434 12106//6391
f 12105//6434 12104//6439 12107//6403
